DEBUG - 2026-03-24 07:18:51 --> Session: Class initialized using 'CodeIgniter\Session\Handlers\FileHandler' driver.
DEBUG - 2026-03-24 07:19:10 --> Session: Class initialized using 'CodeIgniter\Session\Handlers\FileHandler' driver.
DEBUG - 2026-03-24 07:19:12 --> Session: Class initialized using 'CodeIgniter\Session\Handlers\FileHandler' driver.
DEBUG - 2026-03-24 07:41:07 --> Session: Class initialized using 'CodeIgniter\Session\Handlers\FileHandler' driver.
DEBUG - 2026-03-24 07:41:36 --> Session: Class initialized using 'CodeIgniter\Session\Handlers\FileHandler' driver.
DEBUG - 2026-03-24 07:41:36 --> Session: Class initialized using 'CodeIgniter\Session\Handlers\FileHandler' driver.
DEBUG - 2026-03-24 07:41:51 --> Session: Class initialized using 'CodeIgniter\Session\Handlers\FileHandler' driver.
DEBUG - 2026-03-24 07:44:30 --> Session: Class initialized using 'CodeIgniter\Session\Handlers\FileHandler' driver.
DEBUG - 2026-03-24 07:45:34 --> Session: Class initialized using 'CodeIgniter\Session\Handlers\FileHandler' driver.
DEBUG - 2026-03-24 07:45:35 --> Session: Class initialized using 'CodeIgniter\Session\Handlers\FileHandler' driver.
DEBUG - 2026-03-24 07:47:10 --> Session: Class initialized using 'CodeIgniter\Session\Handlers\FileHandler' driver.
DEBUG - 2026-03-24 07:47:20 --> Session: Class initialized using 'CodeIgniter\Session\Handlers\FileHandler' driver.
DEBUG - 2026-03-24 07:47:22 --> Session: Class initialized using 'CodeIgniter\Session\Handlers\FileHandler' driver.
DEBUG - 2026-03-24 07:47:26 --> Session: Class initialized using 'CodeIgniter\Session\Handlers\FileHandler' driver.
DEBUG - 2026-03-24 07:52:20 --> Session: Class initialized using 'CodeIgniter\Session\Handlers\FileHandler' driver.
DEBUG - 2026-03-24 07:52:26 --> Session: Class initialized using 'CodeIgniter\Session\Handlers\FileHandler' driver.
DEBUG - 2026-03-24 07:52:28 --> Excel import - Total rows: 26
DEBUG - 2026-03-24 07:52:28 --> Excel import - First 10 rows: Array
(
    [0] => Array
        (
            [0] => DSWD Logo
            [1] => 
            [2] => Republic of the Philippines
            [3] => 
            [4] => 
            [5] => 
            [6] => 
            [7] => 
            [8] => 
            [9] => 
            [10] => 
            [11] => 
            [12] => 
            [13] => THIS CARD IS NOT FOR SALE
            [14] => 
            [15] => 
        )

    [1] => Array
        (
            [0] => 
            [1] => 
            [2] => Department of Social Welfare and Development
            [3] => 
            [4] => 
            [5] => 
            [6] => 
            [7] => 
            [8] => 
            [9] => 
            [10] => 
            [11] => 
            [12] => 
            [13] => BENEFICIARY'S COPY
            [14] => 
            [15] => 
        )

    [2] => Array
        (
            [0] => 
            [1] => 
            [2] => FAMILY ASSISTANCE CARD IN EMERGENCIES AND DISASTERS (FACED)
            [3] => 
            [4] => 
            [5] => 
            [6] => 
            [7] => 
            [8] => 
            [9] => 
            [10] => 
            [11] => 
            [12] => 
            [13] => SERIAL NUMBER: 0001
            [14] => 
            [15] => 
        )

    [3] => Array
        (
            [0] => LOCATION OF THE AFFECTED FAMILY
            [1] => 
            [2] => 
            [3] => 
            [4] => 
            [5] => 
            [6] => 
            [7] => 
            [8] => 
            [9] => 
            [10] => 
            [11] => 
            [12] => 
            [13] => 
            [14] => 
            [15] => 
        )

    [4] => Array
        (
            [0] => 1. REGION
CAMIGUIN
            [1] => 
            [2] => 
            [3] => 2. PROVINCE
CAMIGUIN
            [4] => 
            [5] => 
            [6] => 3. DISTRICT

            [7] => 
            [8] => 
            [9] => 4. CITY/MUNICIPALITY
CATARMAN
            [10] => 
            [11] => 
            [12] => 5. BARANGAY
BONBON
            [13] => 
            [14] => 6. EVACUATION CENTER/SITE
BONBON
            [15] => 
        )

    [5] => Array
        (
            [0] => 
            [1] => 
            [2] => 
            [3] => 
            [4] => 
            [5] => 
            [6] => 
            [7] => 
            [8] => 
            [9] => 
            [10] => 
            [11] => 
            [12] => 
            [13] => 
            [14] => 
            [15] => 
        )

    [6] => Array
        (
            [0] => HEAD OF THE FAMILY
            [1] => 
            [2] => 
            [3] => 
            [4] => 
            [5] => 
            [6] => 
            [7] => 
            [8] => 
            [9] => 
            [10] => 
            [11] => 
            [12] => 
            [13] => 
            [14] => 
            [15] => 
        )

    [7] => Array
        (
            [0] => 7. LAST NAME
MICULOB
            [1] => 
            [2] => 
            [3] => 
            [4] => 15. CIVIL STATUS
SINGLE
            [5] => 
            [6] => 
            [7] => 
            [8] => 16. MOTHER'S MAIDEN NAME
            [9] => 
            [10] => 
            [11] => 
            [12] => 
            [13] => 
            [14] => 
            [15] => 
        )

    [8] => Array
        (
            [0] => 8. FIRST NAME
RICHARD
            [1] => 
            [2] => 
            [3] => 
            [4] => 17. RELIGION
CATHOLIC
            [5] => 
            [6] => 
            [7] => 
            [8] => 18. OCCUPATION
NONE
            [9] => 
            [10] => 
            [11] => 
            [12] => 
            [13] => 
            [14] => 
            [15] => 
        )

    [9] => Array
        (
            [0] => 9. MIDDLE NAME
VICTOR
            [1] => 
            [2] => 
            [3] => 
            [4] => 10. NAME EXT.
            [5] => 
            [6] => 
            [7] => 
            [8] => 11. BIRTHDATE
03-24-2026
            [9] => 
            [10] => 
            [11] => 
            [12] => 12. AGE
0
            [13] => 
            [14] => 
            [15] => 
        )

)

DEBUG - 2026-03-24 07:52:28 --> Checking row 0: Array
(
    [0] => DSWD Logo
    [1] => 
    [2] => Republic of the Philippines
    [3] => 
    [4] => 
    [5] => 
    [6] => 
    [7] => 
    [8] => 
    [9] => 
    [10] => 
    [11] => 
    [12] => 
    [13] => THIS CARD IS NOT FOR SALE
    [14] => 
    [15] => 
)

DEBUG - 2026-03-24 07:52:28 --> Checking row 1: Array
(
    [0] => 
    [1] => 
    [2] => Department of Social Welfare and Development
    [3] => 
    [4] => 
    [5] => 
    [6] => 
    [7] => 
    [8] => 
    [9] => 
    [10] => 
    [11] => 
    [12] => 
    [13] => BENEFICIARY'S COPY
    [14] => 
    [15] => 
)

DEBUG - 2026-03-24 07:52:28 --> Checking row 2: Array
(
    [0] => 
    [1] => 
    [2] => FAMILY ASSISTANCE CARD IN EMERGENCIES AND DISASTERS (FACED)
    [3] => 
    [4] => 
    [5] => 
    [6] => 
    [7] => 
    [8] => 
    [9] => 
    [10] => 
    [11] => 
    [12] => 
    [13] => SERIAL NUMBER: 0001
    [14] => 
    [15] => 
)

DEBUG - 2026-03-24 07:52:28 --> Checking row 3: Array
(
    [0] => LOCATION OF THE AFFECTED FAMILY
    [1] => 
    [2] => 
    [3] => 
    [4] => 
    [5] => 
    [6] => 
    [7] => 
    [8] => 
    [9] => 
    [10] => 
    [11] => 
    [12] => 
    [13] => 
    [14] => 
    [15] => 
)

DEBUG - 2026-03-24 07:52:28 --> Checking row 4: Array
(
    [0] => 1. REGION
CAMIGUIN
    [1] => 
    [2] => 
    [3] => 2. PROVINCE
CAMIGUIN
    [4] => 
    [5] => 
    [6] => 3. DISTRICT

    [7] => 
    [8] => 
    [9] => 4. CITY/MUNICIPALITY
CATARMAN
    [10] => 
    [11] => 
    [12] => 5. BARANGAY
BONBON
    [13] => 
    [14] => 6. EVACUATION CENTER/SITE
BONBON
    [15] => 
)

DEBUG - 2026-03-24 07:52:28 --> Checking row 5: Array
(
    [0] => 
    [1] => 
    [2] => 
    [3] => 
    [4] => 
    [5] => 
    [6] => 
    [7] => 
    [8] => 
    [9] => 
    [10] => 
    [11] => 
    [12] => 
    [13] => 
    [14] => 
    [15] => 
)

DEBUG - 2026-03-24 07:52:28 --> Checking row 6: Array
(
    [0] => HEAD OF THE FAMILY
    [1] => 
    [2] => 
    [3] => 
    [4] => 
    [5] => 
    [6] => 
    [7] => 
    [8] => 
    [9] => 
    [10] => 
    [11] => 
    [12] => 
    [13] => 
    [14] => 
    [15] => 
)

DEBUG - 2026-03-24 07:52:28 --> Found 'HEAD OF THE FAMILY' at row 6, column 0
DEBUG - 2026-03-24 07:52:28 --> parseFacedCard called with startRow: 6
DEBUG - 2026-03-24 07:52:28 --> Data start row: 7, Available rows: 19
DEBUG - 2026-03-24 07:52:28 --> Searching for FAMILY MEMBERS from row 15 to 25
DEBUG - 2026-03-24 07:52:28 --> Row 15: 'FAMILY MEMBERS
(Last Name, First Name)'
DEBUG - 2026-03-24 07:52:28 --> Row 16: 'RICHARD MICULOB'
DEBUG - 2026-03-24 07:52:28 --> Row 21: '26. VULNERABLE MEMBERS:
Older Persons: 0   Pregnan'
DEBUG - 2026-03-24 07:52:28 --> Row 23: 'Signature/Thumbmark of Family Head


RICHARD VICTO'
DEBUG - 2026-03-24 07:52:28 --> Row 25: '29. DATA PRIVACY DECLARATION – All data and info'
DEBUG - 2026-03-24 07:52:28 --> Found FAMILY MEMBERS headers at row 15, data starts at 16
DEBUG - 2026-03-24 07:52:28 --> Starting family member parsing from row 16
DEBUG - 2026-03-24 07:52:28 --> Checking family row 16: Name='RICHARD MICULOB'
DEBUG - 2026-03-24 07:52:28 --> Found family member: RICHARD MICULOB (Relation: )
DEBUG - 2026-03-24 07:52:28 --> Checking family row 17: Name=''
DEBUG - 2026-03-24 07:52:28 --> Checking family row 18: Name=''
DEBUG - 2026-03-24 07:52:28 --> Checking family row 19: Name=''
DEBUG - 2026-03-24 07:52:28 --> Checking family row 20: Name=''
DEBUG - 2026-03-24 07:52:28 --> Checking family row 21: Name='26. VULNERABLE MEMBERS:
Older Persons: 0   Pregnant: 0   Lactating: 0   PWD: 0'
DEBUG - 2026-03-24 07:52:28 --> Hit end of family section at row 21: 26. VULNERABLE MEMBERS:
Older Persons: 0   Pregnant: 0   Lactating: 0   PWD: 0
DEBUG - 2026-03-24 07:52:28 --> Found household_no from SERIAL NUMBER: 0001
DEBUG - 2026-03-24 07:52:28 --> Final parsed data - Name: RICHARD MICULOB, Family members: 1
DEBUG - 2026-03-24 07:52:28 --> Parsed resident data: Array
(
    [last_name] => MICULOB
    [civil_status] => SINGLE
    [mother_maiden_name] => 16. MOTHER'S MAIDEN NAME
    [first_name] => RICHARD
    [religion] => CATHOLIC
    [occupation] => NONE
    [middle_name] => VICTOR
    [name_extension] => 10. NAME EXT.
    [birthdate] => 2026-03-24
    [age] => 0
    [birthplace] => CAMIGUIN GENERAL HOSPITAL
    [sex] => MALE
    [monthly_income] => 0
    [id_card_presented] => 20. ID CARD PRESENTED
    [id_card_number] => 21. ID CARD NUMBER
    [contact_number] => 09273532291
    [permanent_address] => 123 PUROK 3A CAMIGUIN BONBON CATARMAN CAMIGUIN 9104
    [is_4ps_beneficiary] => 0
    [household_no] => 0001
    [vulnerable_older_persons] => 0
    [vulnerable_pregnant] => 0
    [vulnerable_lactating] => 0
    [vulnerable_pwd] => 0
    [data_privacy_consent] => 1
    [status] => active
    [family_members] => Array
        (
            [0] => Array
                (
                    [name] => RICHARD MICULOB
                    [relation] => 
                    [birthdate] => 
                    [age] => 
                    [sex] => 0
                    [education] => 
                    [occupation] => 
                    [remarks] => 
                )

        )

)

DEBUG - 2026-03-24 07:52:28 --> Updating existing resident with household_no: 0001
DEBUG - 2026-03-24 07:52:28 --> Import completed. Imported: 1, Errors: 0
DEBUG - 2026-03-24 07:52:28 --> Session: Class initialized using 'CodeIgniter\Session\Handlers\FileHandler' driver.
DEBUG - 2026-03-24 07:52:36 --> Session: Class initialized using 'CodeIgniter\Session\Handlers\FileHandler' driver.
DEBUG - 2026-03-24 07:52:36 --> Session: Class initialized using 'CodeIgniter\Session\Handlers\FileHandler' driver.
DEBUG - 2026-03-24 07:52:41 --> Session: Class initialized using 'CodeIgniter\Session\Handlers\FileHandler' driver.
DEBUG - 2026-03-24 07:52:45 --> Session: Class initialized using 'CodeIgniter\Session\Handlers\FileHandler' driver.
DEBUG - 2026-03-24 07:52:46 --> Excel import - Total rows: 26
DEBUG - 2026-03-24 07:52:46 --> Excel import - First 10 rows: Array
(
    [0] => Array
        (
            [0] => DSWD Logo
            [1] => 
            [2] => Republic of the Philippines
            [3] => 
            [4] => 
            [5] => 
            [6] => 
            [7] => 
            [8] => 
            [9] => 
            [10] => 
            [11] => 
            [12] => 
            [13] => THIS CARD IS NOT FOR SALE
            [14] => 
            [15] => 
        )

    [1] => Array
        (
            [0] => 
            [1] => 
            [2] => Department of Social Welfare and Development
            [3] => 
            [4] => 
            [5] => 
            [6] => 
            [7] => 
            [8] => 
            [9] => 
            [10] => 
            [11] => 
            [12] => 
            [13] => BENEFICIARY'S COPY
            [14] => 
            [15] => 
        )

    [2] => Array
        (
            [0] => 
            [1] => 
            [2] => FAMILY ASSISTANCE CARD IN EMERGENCIES AND DISASTERS (FACED)
            [3] => 
            [4] => 
            [5] => 
            [6] => 
            [7] => 
            [8] => 
            [9] => 
            [10] => 
            [11] => 
            [12] => 
            [13] => SERIAL NUMBER: 0001
            [14] => 
            [15] => 
        )

    [3] => Array
        (
            [0] => LOCATION OF THE AFFECTED FAMILY
            [1] => 
            [2] => 
            [3] => 
            [4] => 
            [5] => 
            [6] => 
            [7] => 
            [8] => 
            [9] => 
            [10] => 
            [11] => 
            [12] => 
            [13] => 
            [14] => 
            [15] => 
        )

    [4] => Array
        (
            [0] => 1. REGION
CAMIGUIN
            [1] => 
            [2] => 
            [3] => 2. PROVINCE
CAMIGUIN
            [4] => 
            [5] => 
            [6] => 3. DISTRICT

            [7] => 
            [8] => 
            [9] => 4. CITY/MUNICIPALITY
CATARMAN
            [10] => 
            [11] => 
            [12] => 5. BARANGAY
BONBON
            [13] => 
            [14] => 6. EVACUATION CENTER/SITE
BONBON
            [15] => 
        )

    [5] => Array
        (
            [0] => 
            [1] => 
            [2] => 
            [3] => 
            [4] => 
            [5] => 
            [6] => 
            [7] => 
            [8] => 
            [9] => 
            [10] => 
            [11] => 
            [12] => 
            [13] => 
            [14] => 
            [15] => 
        )

    [6] => Array
        (
            [0] => HEAD OF THE FAMILY
            [1] => 
            [2] => 
            [3] => 
            [4] => 
            [5] => 
            [6] => 
            [7] => 
            [8] => 
            [9] => 
            [10] => 
            [11] => 
            [12] => 
            [13] => 
            [14] => 
            [15] => 
        )

    [7] => Array
        (
            [0] => 7. LAST NAME
MICULOB
            [1] => 
            [2] => 
            [3] => 
            [4] => 15. CIVIL STATUS
SINGLE
            [5] => 
            [6] => 
            [7] => 
            [8] => 16. MOTHER'S MAIDEN NAME
            [9] => 
            [10] => 
            [11] => 
            [12] => 
            [13] => 
            [14] => 
            [15] => 
        )

    [8] => Array
        (
            [0] => 8. FIRST NAME
RICHARD
            [1] => 
            [2] => 
            [3] => 
            [4] => 17. RELIGION
CATHOLIC
            [5] => 
            [6] => 
            [7] => 
            [8] => 18. OCCUPATION
NONE
            [9] => 
            [10] => 
            [11] => 
            [12] => 
            [13] => 
            [14] => 
            [15] => 
        )

    [9] => Array
        (
            [0] => 9. MIDDLE NAME
VICTOR
            [1] => 
            [2] => 
            [3] => 
            [4] => 10. NAME EXT.
            [5] => 
            [6] => 
            [7] => 
            [8] => 11. BIRTHDATE
03-24-2026
            [9] => 
            [10] => 
            [11] => 
            [12] => 12. AGE
0
            [13] => 
            [14] => 
            [15] => 
        )

)

DEBUG - 2026-03-24 07:52:46 --> Checking row 0: Array
(
    [0] => DSWD Logo
    [1] => 
    [2] => Republic of the Philippines
    [3] => 
    [4] => 
    [5] => 
    [6] => 
    [7] => 
    [8] => 
    [9] => 
    [10] => 
    [11] => 
    [12] => 
    [13] => THIS CARD IS NOT FOR SALE
    [14] => 
    [15] => 
)

DEBUG - 2026-03-24 07:52:46 --> Checking row 1: Array
(
    [0] => 
    [1] => 
    [2] => Department of Social Welfare and Development
    [3] => 
    [4] => 
    [5] => 
    [6] => 
    [7] => 
    [8] => 
    [9] => 
    [10] => 
    [11] => 
    [12] => 
    [13] => BENEFICIARY'S COPY
    [14] => 
    [15] => 
)

DEBUG - 2026-03-24 07:52:46 --> Checking row 2: Array
(
    [0] => 
    [1] => 
    [2] => FAMILY ASSISTANCE CARD IN EMERGENCIES AND DISASTERS (FACED)
    [3] => 
    [4] => 
    [5] => 
    [6] => 
    [7] => 
    [8] => 
    [9] => 
    [10] => 
    [11] => 
    [12] => 
    [13] => SERIAL NUMBER: 0001
    [14] => 
    [15] => 
)

DEBUG - 2026-03-24 07:52:46 --> Checking row 3: Array
(
    [0] => LOCATION OF THE AFFECTED FAMILY
    [1] => 
    [2] => 
    [3] => 
    [4] => 
    [5] => 
    [6] => 
    [7] => 
    [8] => 
    [9] => 
    [10] => 
    [11] => 
    [12] => 
    [13] => 
    [14] => 
    [15] => 
)

DEBUG - 2026-03-24 07:52:46 --> Checking row 4: Array
(
    [0] => 1. REGION
CAMIGUIN
    [1] => 
    [2] => 
    [3] => 2. PROVINCE
CAMIGUIN
    [4] => 
    [5] => 
    [6] => 3. DISTRICT

    [7] => 
    [8] => 
    [9] => 4. CITY/MUNICIPALITY
CATARMAN
    [10] => 
    [11] => 
    [12] => 5. BARANGAY
BONBON
    [13] => 
    [14] => 6. EVACUATION CENTER/SITE
BONBON
    [15] => 
)

DEBUG - 2026-03-24 07:52:46 --> Checking row 5: Array
(
    [0] => 
    [1] => 
    [2] => 
    [3] => 
    [4] => 
    [5] => 
    [6] => 
    [7] => 
    [8] => 
    [9] => 
    [10] => 
    [11] => 
    [12] => 
    [13] => 
    [14] => 
    [15] => 
)

DEBUG - 2026-03-24 07:52:46 --> Checking row 6: Array
(
    [0] => HEAD OF THE FAMILY
    [1] => 
    [2] => 
    [3] => 
    [4] => 
    [5] => 
    [6] => 
    [7] => 
    [8] => 
    [9] => 
    [10] => 
    [11] => 
    [12] => 
    [13] => 
    [14] => 
    [15] => 
)

DEBUG - 2026-03-24 07:52:46 --> Found 'HEAD OF THE FAMILY' at row 6, column 0
DEBUG - 2026-03-24 07:52:46 --> parseFacedCard called with startRow: 6
DEBUG - 2026-03-24 07:52:46 --> Data start row: 7, Available rows: 19
DEBUG - 2026-03-24 07:52:46 --> Searching for FAMILY MEMBERS from row 15 to 25
DEBUG - 2026-03-24 07:52:46 --> Row 15: 'FAMILY MEMBERS
(Last Name, First Name)'
DEBUG - 2026-03-24 07:52:46 --> Row 16: 'RICHARD MICULOB'
DEBUG - 2026-03-24 07:52:46 --> Row 21: '26. VULNERABLE MEMBERS:
Older Persons: 0   Pregnan'
DEBUG - 2026-03-24 07:52:46 --> Row 23: 'Signature/Thumbmark of Family Head


RICHARD VICTO'
DEBUG - 2026-03-24 07:52:46 --> Row 25: '29. DATA PRIVACY DECLARATION – All data and info'
DEBUG - 2026-03-24 07:52:46 --> Found FAMILY MEMBERS headers at row 15, data starts at 16
DEBUG - 2026-03-24 07:52:46 --> Starting family member parsing from row 16
DEBUG - 2026-03-24 07:52:46 --> Checking family row 16: Name='RICHARD MICULOB'
DEBUG - 2026-03-24 07:52:46 --> Found family member: RICHARD MICULOB (Relation: )
DEBUG - 2026-03-24 07:52:46 --> Checking family row 17: Name=''
DEBUG - 2026-03-24 07:52:46 --> Checking family row 18: Name=''
DEBUG - 2026-03-24 07:52:46 --> Checking family row 19: Name=''
DEBUG - 2026-03-24 07:52:46 --> Checking family row 20: Name=''
DEBUG - 2026-03-24 07:52:46 --> Checking family row 21: Name='26. VULNERABLE MEMBERS:
Older Persons: 0   Pregnant: 0   Lactating: 0   PWD: 0'
DEBUG - 2026-03-24 07:52:46 --> Hit end of family section at row 21: 26. VULNERABLE MEMBERS:
Older Persons: 0   Pregnant: 0   Lactating: 0   PWD: 0
DEBUG - 2026-03-24 07:52:46 --> Found household_no from SERIAL NUMBER: 0001
DEBUG - 2026-03-24 07:52:46 --> Final parsed data - Name: RICHARD MICULOB, Family members: 1
DEBUG - 2026-03-24 07:52:46 --> Parsed resident data: Array
(
    [last_name] => MICULOB
    [civil_status] => SINGLE
    [mother_maiden_name] => 16. MOTHER'S MAIDEN NAME
    [first_name] => RICHARD
    [religion] => CATHOLIC
    [occupation] => NONE
    [middle_name] => VICTOR
    [name_extension] => 10. NAME EXT.
    [birthdate] => 2026-03-24
    [age] => 0
    [birthplace] => CAMIGUIN GENERAL HOSPITAL
    [sex] => MALE
    [monthly_income] => 0
    [id_card_presented] => 20. ID CARD PRESENTED
    [id_card_number] => 21. ID CARD NUMBER
    [contact_number] => 09273532291
    [permanent_address] => 123 PUROK 3A CAMIGUIN BONBON CATARMAN CAMIGUIN 9104
    [is_4ps_beneficiary] => 0
    [household_no] => 0001
    [vulnerable_older_persons] => 0
    [vulnerable_pregnant] => 0
    [vulnerable_lactating] => 0
    [vulnerable_pwd] => 0
    [data_privacy_consent] => 1
    [status] => active
    [family_members] => Array
        (
            [0] => Array
                (
                    [name] => RICHARD MICULOB
                    [relation] => 
                    [birthdate] => 
                    [age] => 
                    [sex] => 0
                    [education] => 
                    [occupation] => 
                    [remarks] => 
                )

        )

)

DEBUG - 2026-03-24 07:52:46 --> Inserted resident ID: 42, Name: RICHARD MICULOB
DEBUG - 2026-03-24 07:52:46 --> Inserted family member: RICHARD MICULOB
DEBUG - 2026-03-24 07:52:46 --> Import completed. Imported: 1, Errors: 0
DEBUG - 2026-03-24 07:52:46 --> Session: Class initialized using 'CodeIgniter\Session\Handlers\FileHandler' driver.
DEBUG - 2026-03-24 07:52:59 --> Session: Class initialized using 'CodeIgniter\Session\Handlers\FileHandler' driver.
DEBUG - 2026-03-24 07:52:59 --> Family members with file check: Array
(
    [0] => Array
        (
            [id] => 95
            [resident_id] => 42
            [member_id] => 0001-01
            [name] => RICHARD MICULOB
            [relation] => 
            [birthdate] => 0000-00-00
            [age] => 0
            [sex] => 0
            [education] => 
            [occupation] => 
            [remarks] => 
            [photo] => 
            [id_photo_front] => 
            [id_photo_back] => 
            [birth_certificate] => 
            [qr_code_token] => 5ceeb89c974086249df3168830123005
            [qr_code_id] => 
            [status] => active
            [created_at] => 2026-03-24 07:52:46
            [updated_at] => 2026-03-24 07:52:46
        )

)

DEBUG - 2026-03-24 08:02:18 --> Session: Class initialized using 'CodeIgniter\Session\Handlers\FileHandler' driver.
DEBUG - 2026-03-24 08:02:20 --> Session: Class initialized using 'CodeIgniter\Session\Handlers\FileHandler' driver.
DEBUG - 2026-03-24 08:02:20 --> Family members with file check: Array
(
    [0] => Array
        (
            [id] => 95
            [resident_id] => 42
            [member_id] => 0001-01
            [name] => RICHARD MICULOB
            [relation] => 
            [birthdate] => 0000-00-00
            [age] => 0
            [sex] => 0
            [education] => 
            [occupation] => 
            [remarks] => 
            [photo] => 
            [id_photo_front] => 
            [id_photo_back] => 
            [birth_certificate] => 
            [qr_code_token] => 5ceeb89c974086249df3168830123005
            [qr_code_id] => 
            [status] => active
            [created_at] => 2026-03-24 07:52:46
            [updated_at] => 2026-03-24 07:52:46
        )

)

DEBUG - 2026-03-24 08:02:22 --> Session: Class initialized using 'CodeIgniter\Session\Handlers\FileHandler' driver.
DEBUG - 2026-03-24 08:02:25 --> Session: Class initialized using 'CodeIgniter\Session\Handlers\FileHandler' driver.
DEBUG - 2026-03-24 08:02:26 --> Session: Class initialized using 'CodeIgniter\Session\Handlers\FileHandler' driver.
DEBUG - 2026-03-24 08:02:38 --> Session: Class initialized using 'CodeIgniter\Session\Handlers\FileHandler' driver.
DEBUG - 2026-03-24 08:03:31 --> Session: Class initialized using 'CodeIgniter\Session\Handlers\FileHandler' driver.
DEBUG - 2026-03-24 08:03:32 --> Session: Class initialized using 'CodeIgniter\Session\Handlers\FileHandler' driver.
DEBUG - 2026-03-24 08:03:36 --> Session: Class initialized using 'CodeIgniter\Session\Handlers\FileHandler' driver.
DEBUG - 2026-03-24 08:04:03 --> Session: Class initialized using 'CodeIgniter\Session\Handlers\FileHandler' driver.
DEBUG - 2026-03-24 08:04:03 --> Session: Class initialized using 'CodeIgniter\Session\Handlers\FileHandler' driver.
DEBUG - 2026-03-24 08:04:05 --> Session: Class initialized using 'CodeIgniter\Session\Handlers\FileHandler' driver.
DEBUG - 2026-03-24 08:04:11 --> Session: Class initialized using 'CodeIgniter\Session\Handlers\FileHandler' driver.
DEBUG - 2026-03-24 08:04:12 --> Excel import - Total rows: 26
DEBUG - 2026-03-24 08:04:12 --> Found HEAD OF THE FAMILY at row 6
DEBUG - 2026-03-24 08:04:12 --> Found 1 resident cards
DEBUG - 2026-03-24 08:04:12 --> parseFacedCard called with startRow: 6
DEBUG - 2026-03-24 08:04:12 --> Found household_no: 0001
DEBUG - 2026-03-24 08:04:12 --> Location parsed - Barangay: BONBON
DEBUG - 2026-03-24 08:04:12 --> Final parsed - Name: RICHARD MICULOB
DEBUG - 2026-03-24 08:04:12 --> Processed resident ID: 44, Name: RICHARD MICULOB
DEBUG - 2026-03-24 08:04:12 --> Import completed. Imported: 1, Errors: 0
DEBUG - 2026-03-24 08:04:12 --> Session: Class initialized using 'CodeIgniter\Session\Handlers\FileHandler' driver.
DEBUG - 2026-03-24 08:04:26 --> Session: Class initialized using 'CodeIgniter\Session\Handlers\FileHandler' driver.
DEBUG - 2026-03-24 08:04:29 --> Session: Class initialized using 'CodeIgniter\Session\Handlers\FileHandler' driver.
DEBUG - 2026-03-24 08:04:29 --> Session: Class initialized using 'CodeIgniter\Session\Handlers\FileHandler' driver.
DEBUG - 2026-03-24 08:04:45 --> Session: Class initialized using 'CodeIgniter\Session\Handlers\FileHandler' driver.
DEBUG - 2026-03-24 08:05:32 --> Session: Class initialized using 'CodeIgniter\Session\Handlers\FileHandler' driver.
DEBUG - 2026-03-24 08:05:32 --> Session: Class initialized using 'CodeIgniter\Session\Handlers\FileHandler' driver.
DEBUG - 2026-03-24 08:05:42 --> Session: Class initialized using 'CodeIgniter\Session\Handlers\FileHandler' driver.
DEBUG - 2026-03-24 08:06:50 --> Session: Class initialized using 'CodeIgniter\Session\Handlers\FileHandler' driver.
DEBUG - 2026-03-24 08:06:50 --> Family members with file check: Array
(
    [0] => Array
        (
            [id] => 97
            [resident_id] => 45
            [member_id] => 0001-01
            [name] => Richard Victor Miculob
            [relation] => son
            [birthdate] => 2026-03-24
            [age] => 0
            [sex] => Male
            [education] => 
            [occupation] => 
            [remarks] => 
            [photo] => 
            [id_photo_front] => 
            [id_photo_back] => 
            [birth_certificate] => 
            [qr_code_token] => d6520d11a02224060cd290f970ea789217f6d5079ab2fb5b7ba3db47b1bc81f4
            [qr_code_id] => 69c1d54c59c54_0
            [status] => active
            [created_at] => 2026-03-24 08:05:32
            [updated_at] => 2026-03-24 08:05:32
        )

)

DEBUG - 2026-03-24 08:13:44 --> Session: Class initialized using 'CodeIgniter\Session\Handlers\FileHandler' driver.
DEBUG - 2026-03-24 08:13:47 --> Session: Class initialized using 'CodeIgniter\Session\Handlers\FileHandler' driver.
DEBUG - 2026-03-24 08:13:48 --> Session: Class initialized using 'CodeIgniter\Session\Handlers\FileHandler' driver.
DEBUG - 2026-03-24 08:13:49 --> Session: Class initialized using 'CodeIgniter\Session\Handlers\FileHandler' driver.
DEBUG - 2026-03-24 08:13:54 --> Session: Class initialized using 'CodeIgniter\Session\Handlers\FileHandler' driver.
DEBUG - 2026-03-24 08:13:55 --> Excel import - Total rows: 26
DEBUG - 2026-03-24 08:13:55 --> Excel import - First 10 rows: Array
(
    [0] => Array
        (
            [0] => DSWD Logo
            [1] => 
            [2] => Republic of the Philippines
            [3] => 
            [4] => 
            [5] => 
            [6] => 
            [7] => 
            [8] => 
            [9] => 
            [10] => 
            [11] => 
            [12] => 
            [13] => THIS CARD IS NOT FOR SALE
            [14] => 
            [15] => 
        )

    [1] => Array
        (
            [0] => 
            [1] => 
            [2] => Department of Social Welfare and Development
            [3] => 
            [4] => 
            [5] => 
            [6] => 
            [7] => 
            [8] => 
            [9] => 
            [10] => 
            [11] => 
            [12] => 
            [13] => BENEFICIARY'S COPY
            [14] => 
            [15] => 
        )

    [2] => Array
        (
            [0] => 
            [1] => 
            [2] => FAMILY ASSISTANCE CARD IN EMERGENCIES AND DISASTERS (FACED)
            [3] => 
            [4] => 
            [5] => 
            [6] => 
            [7] => 
            [8] => 
            [9] => 
            [10] => 
            [11] => 
            [12] => 
            [13] => SERIAL NUMBER: 0001
            [14] => 
            [15] => 
        )

    [3] => Array
        (
            [0] => LOCATION OF THE AFFECTED FAMILY
            [1] => 
            [2] => 
            [3] => 
            [4] => 
            [5] => 
            [6] => 
            [7] => 
            [8] => 
            [9] => 
            [10] => 
            [11] => 
            [12] => 
            [13] => 
            [14] => 
            [15] => 
        )

    [4] => Array
        (
            [0] => 1. REGION
REGION 10
            [1] => 
            [2] => 
            [3] => 2. PROVINCE
CAMIGUIN
            [4] => 
            [5] => 
            [6] => 3. DISTRICT

            [7] => 
            [8] => 
            [9] => 4. CITY/MUNICIPALITY
CATARMAN
            [10] => 
            [11] => 
            [12] => 5. BARANGAY
BONBON
            [13] => 
            [14] => 6. EVACUATION CENTER/SITE
BONBON
            [15] => 
        )

    [5] => Array
        (
            [0] => 
            [1] => 
            [2] => 
            [3] => 
            [4] => 
            [5] => 
            [6] => 
            [7] => 
            [8] => 
            [9] => 
            [10] => 
            [11] => 
            [12] => 
            [13] => 
            [14] => 
            [15] => 
        )

    [6] => Array
        (
            [0] => HEAD OF THE FAMILY
            [1] => 
            [2] => 
            [3] => 
            [4] => 
            [5] => 
            [6] => 
            [7] => 
            [8] => 
            [9] => 
            [10] => 
            [11] => 
            [12] => 
            [13] => 
            [14] => 
            [15] => 
        )

    [7] => Array
        (
            [0] => 7. LAST NAME
MICULOB
            [1] => 
            [2] => 
            [3] => 
            [4] => 15. CIVIL STATUS
SINGLE
            [5] => 
            [6] => 
            [7] => 
            [8] => 16. MOTHER'S MAIDEN NAME
            [9] => 
            [10] => 
            [11] => 
            [12] => 
            [13] => 
            [14] => 
            [15] => 
        )

    [8] => Array
        (
            [0] => 8. FIRST NAME
RICHARD
            [1] => 
            [2] => 
            [3] => 
            [4] => 17. RELIGION
CATHOLIC
            [5] => 
            [6] => 
            [7] => 
            [8] => 18. OCCUPATION
NONE
            [9] => 
            [10] => 
            [11] => 
            [12] => 
            [13] => 
            [14] => 
            [15] => 
        )

    [9] => Array
        (
            [0] => 9. MIDDLE NAME
VICTOR
            [1] => 
            [2] => 
            [3] => 
            [4] => 10. NAME EXT.
            [5] => 
            [6] => 
            [7] => 
            [8] => 11. BIRTHDATE
03-23-2026
            [9] => 
            [10] => 
            [11] => 
            [12] => 12. AGE
0
            [13] => 
            [14] => 
            [15] => 
        )

)

DEBUG - 2026-03-24 08:13:55 --> Checking row 0: Array
(
    [0] => DSWD Logo
    [1] => 
    [2] => Republic of the Philippines
    [3] => 
    [4] => 
    [5] => 
    [6] => 
    [7] => 
    [8] => 
    [9] => 
    [10] => 
    [11] => 
    [12] => 
    [13] => THIS CARD IS NOT FOR SALE
    [14] => 
    [15] => 
)

DEBUG - 2026-03-24 08:13:55 --> Checking row 1: Array
(
    [0] => 
    [1] => 
    [2] => Department of Social Welfare and Development
    [3] => 
    [4] => 
    [5] => 
    [6] => 
    [7] => 
    [8] => 
    [9] => 
    [10] => 
    [11] => 
    [12] => 
    [13] => BENEFICIARY'S COPY
    [14] => 
    [15] => 
)

DEBUG - 2026-03-24 08:13:55 --> Checking row 2: Array
(
    [0] => 
    [1] => 
    [2] => FAMILY ASSISTANCE CARD IN EMERGENCIES AND DISASTERS (FACED)
    [3] => 
    [4] => 
    [5] => 
    [6] => 
    [7] => 
    [8] => 
    [9] => 
    [10] => 
    [11] => 
    [12] => 
    [13] => SERIAL NUMBER: 0001
    [14] => 
    [15] => 
)

DEBUG - 2026-03-24 08:13:55 --> Checking row 3: Array
(
    [0] => LOCATION OF THE AFFECTED FAMILY
    [1] => 
    [2] => 
    [3] => 
    [4] => 
    [5] => 
    [6] => 
    [7] => 
    [8] => 
    [9] => 
    [10] => 
    [11] => 
    [12] => 
    [13] => 
    [14] => 
    [15] => 
)

DEBUG - 2026-03-24 08:13:55 --> Checking row 4: Array
(
    [0] => 1. REGION
REGION 10
    [1] => 
    [2] => 
    [3] => 2. PROVINCE
CAMIGUIN
    [4] => 
    [5] => 
    [6] => 3. DISTRICT

    [7] => 
    [8] => 
    [9] => 4. CITY/MUNICIPALITY
CATARMAN
    [10] => 
    [11] => 
    [12] => 5. BARANGAY
BONBON
    [13] => 
    [14] => 6. EVACUATION CENTER/SITE
BONBON
    [15] => 
)

DEBUG - 2026-03-24 08:13:55 --> Checking row 5: Array
(
    [0] => 
    [1] => 
    [2] => 
    [3] => 
    [4] => 
    [5] => 
    [6] => 
    [7] => 
    [8] => 
    [9] => 
    [10] => 
    [11] => 
    [12] => 
    [13] => 
    [14] => 
    [15] => 
)

DEBUG - 2026-03-24 08:13:55 --> Checking row 6: Array
(
    [0] => HEAD OF THE FAMILY
    [1] => 
    [2] => 
    [3] => 
    [4] => 
    [5] => 
    [6] => 
    [7] => 
    [8] => 
    [9] => 
    [10] => 
    [11] => 
    [12] => 
    [13] => 
    [14] => 
    [15] => 
)

DEBUG - 2026-03-24 08:13:55 --> Found 'HEAD OF THE FAMILY' at row 6, column 0
DEBUG - 2026-03-24 08:13:55 --> parseFacedCard called with startRow: 6
DEBUG - 2026-03-24 08:13:55 --> Found household_no: 0001
DEBUG - 2026-03-24 08:13:55 --> Family members header at row 15 → data from 16
DEBUG - 2026-03-24 08:13:55 --> Family member: RICHARD VICTOR MICULOB
DEBUG - 2026-03-24 08:13:55 --> Parsed: RICHARD MICULOB | HH#: 0001 | Family members: 1
DEBUG - 2026-03-24 08:13:55 --> Parsed resident data: Array
(
    [household_no] => 0001
    [region] => REGION 10
    [province] => CAMIGUIN
    [district] => 
    [city_municipality] => CATARMAN
    [barangay] => BONBON
    [evacuation_center] => BONBON
    [last_name] => MICULOB
    [civil_status] => SINGLE
    [mother_maiden_name] => 
    [first_name] => RICHARD
    [religion] => CATHOLIC
    [occupation] => NONE
    [middle_name] => VICTOR
    [name_extension] => 
    [age] => 0
    [birthdate] => 2026-03-23
    [birthplace] => CAMIGUIN GENERAL HOSPITAL
    [sex] => MALE
    [monthly_income] => 0
    [id_card_presented] => 
    [id_card_number] => 
    [contact_number] => 09273532291
    [zip_code] => 9104
    [house_no] => 123 PUROK 3A CAMIGUIN BONBON CATARMAN CAMIGUIN
    [is_4ps_beneficiary] => 0
    [vulnerable_older_persons] => 0
    [vulnerable_pregnant] => 0
    [vulnerable_lactating] => 0
    [vulnerable_pwd] => 0
    [ownership_status] => Owner
    [shelter_damage] => No Damage
    [registration_date] => 2026-03-24
    [barangay_captain_name] => RICHARD MICULOB
    [lswdo_name] => RICHARD MICULOB
    [data_privacy_consent] => 1
    [family_members] => Array
        (
            [0] => Array
                (
                    [name] => RICHARD VICTOR MICULOB
                    [relation] => SON
                    [birthdate] => 2026-03-24
                    [age] => 0
                    [sex] => MALE
                    [education] => 
                    [occupation] => 
                    [remarks] => 
                    [status] => active
                )

        )

)

DEBUG - 2026-03-24 08:13:55 --> Inserted resident ID: 46, Name: RICHARD MICULOB
DEBUG - 2026-03-24 08:13:55 --> Inserted family member: RICHARD VICTOR MICULOB
DEBUG - 2026-03-24 08:13:55 --> Import completed. Imported: 1, Errors: 0
DEBUG - 2026-03-24 08:13:55 --> Session: Class initialized using 'CodeIgniter\Session\Handlers\FileHandler' driver.
DEBUG - 2026-03-24 08:14:00 --> Session: Class initialized using 'CodeIgniter\Session\Handlers\FileHandler' driver.
DEBUG - 2026-03-24 08:14:00 --> Family members with file check: Array
(
    [0] => Array
        (
            [id] => 98
            [resident_id] => 46
            [member_id] => 0001-01
            [name] => RICHARD VICTOR MICULOB
            [relation] => SON
            [birthdate] => 2026-03-24
            [age] => 0
            [sex] => MALE
            [education] => 
            [occupation] => 
            [remarks] => 
            [photo] => 
            [id_photo_front] => 
            [id_photo_back] => 
            [birth_certificate] => 
            [qr_code_token] => 1d1b95608beed224d7b757cc285c77ed
            [qr_code_id] => 
            [status] => active
            [created_at] => 2026-03-24 08:13:55
            [updated_at] => 2026-03-24 08:13:55
        )

)

DEBUG - 2026-03-24 08:14:21 --> Session: Class initialized using 'CodeIgniter\Session\Handlers\FileHandler' driver.
DEBUG - 2026-03-24 08:19:31 --> Session: Class initialized using 'CodeIgniter\Session\Handlers\FileHandler' driver.
DEBUG - 2026-03-24 08:19:31 --> Family members with file check: Array
(
    [0] => Array
        (
            [id] => 98
            [resident_id] => 46
            [member_id] => 0001-01
            [name] => RICHARD VICTOR MICULOB
            [relation] => SON
            [birthdate] => 2026-03-24
            [age] => 0
            [sex] => MALE
            [education] => 
            [occupation] => 
            [remarks] => 
            [photo] => 
            [id_photo_front] => 
            [id_photo_back] => 
            [birth_certificate] => 
            [qr_code_token] => 1d1b95608beed224d7b757cc285c77ed
            [qr_code_id] => 
            [status] => active
            [created_at] => 2026-03-24 08:13:55
            [updated_at] => 2026-03-24 08:13:55
        )

)

DEBUG - 2026-03-24 09:39:18 --> Session: Class initialized using 'CodeIgniter\Session\Handlers\FileHandler' driver.
DEBUG - 2026-03-24 09:39:21 --> Session: Class initialized using 'CodeIgniter\Session\Handlers\FileHandler' driver.
DEBUG - 2026-03-24 09:39:37 --> Session: Class initialized using 'CodeIgniter\Session\Handlers\FileHandler' driver.
DEBUG - 2026-03-24 09:39:38 --> Session: Class initialized using 'CodeIgniter\Session\Handlers\FileHandler' driver.
DEBUG - 2026-03-24 09:39:39 --> Session: Class initialized using 'CodeIgniter\Session\Handlers\FileHandler' driver.
DEBUG - 2026-03-24 09:39:42 --> Session: Class initialized using 'CodeIgniter\Session\Handlers\FileHandler' driver.
DEBUG - 2026-03-24 09:39:54 --> Session: Class initialized using 'CodeIgniter\Session\Handlers\FileHandler' driver.
DEBUG - 2026-03-24 09:41:30 --> Session: Class initialized using 'CodeIgniter\Session\Handlers\FileHandler' driver.
DEBUG - 2026-03-24 09:41:31 --> Session: Class initialized using 'CodeIgniter\Session\Handlers\FileHandler' driver.
DEBUG - 2026-03-24 09:41:37 --> Session: Class initialized using 'CodeIgniter\Session\Handlers\FileHandler' driver.
DEBUG - 2026-03-24 09:41:43 --> Session: Class initialized using 'CodeIgniter\Session\Handlers\FileHandler' driver.
DEBUG - 2026-03-24 09:42:19 --> Session: Class initialized using 'CodeIgniter\Session\Handlers\FileHandler' driver.
DEBUG - 2026-03-24 09:42:20 --> Session: Class initialized using 'CodeIgniter\Session\Handlers\FileHandler' driver.
DEBUG - 2026-03-24 09:42:22 --> Session: Class initialized using 'CodeIgniter\Session\Handlers\FileHandler' driver.
DEBUG - 2026-03-24 09:42:33 --> Session: Class initialized using 'CodeIgniter\Session\Handlers\FileHandler' driver.
DEBUG - 2026-03-24 09:42:34 --> Excel import - Total rows: 26
DEBUG - 2026-03-24 09:42:34 --> Excel import - First 10 rows: Array
(
    [0] => Array
        (
            [0] => DSWD Logo
            [1] => 
            [2] => Republic of the Philippines
            [3] => 
            [4] => 
            [5] => 
            [6] => 
            [7] => 
            [8] => 
            [9] => 
            [10] => 
            [11] => 
            [12] => 
            [13] => THIS CARD IS NOT FOR SALE
            [14] => 
            [15] => 
        )

    [1] => Array
        (
            [0] => 
            [1] => 
            [2] => Department of Social Welfare and Development
            [3] => 
            [4] => 
            [5] => 
            [6] => 
            [7] => 
            [8] => 
            [9] => 
            [10] => 
            [11] => 
            [12] => 
            [13] => BENEFICIARY'S COPY
            [14] => 
            [15] => 
        )

    [2] => Array
        (
            [0] => 
            [1] => 
            [2] => FAMILY ASSISTANCE CARD IN EMERGENCIES AND DISASTERS (FACED)
            [3] => 
            [4] => 
            [5] => 
            [6] => 
            [7] => 
            [8] => 
            [9] => 
            [10] => 
            [11] => 
            [12] => 
            [13] => SERIAL NUMBER: 0001
            [14] => 
            [15] => 
        )

    [3] => Array
        (
            [0] => LOCATION OF THE AFFECTED FAMILY
            [1] => 
            [2] => 
            [3] => 
            [4] => 
            [5] => 
            [6] => 
            [7] => 
            [8] => 
            [9] => 
            [10] => 
            [11] => 
            [12] => 
            [13] => 
            [14] => 
            [15] => 
        )

    [4] => Array
        (
            [0] => 1. REGION
REGION 10
            [1] => 
            [2] => 
            [3] => 2. PROVINCE
CAMIGUIN
            [4] => 
            [5] => 
            [6] => 3. DISTRICT

            [7] => 
            [8] => 
            [9] => 4. CITY/MUNICIPALITY
CATARMAN
            [10] => 
            [11] => 
            [12] => 5. BARANGAY
BONBON
            [13] => 
            [14] => 6. EVACUATION CENTER/SITE
BONBON
            [15] => 
        )

    [5] => Array
        (
            [0] => 
            [1] => 
            [2] => 
            [3] => 
            [4] => 
            [5] => 
            [6] => 
            [7] => 
            [8] => 
            [9] => 
            [10] => 
            [11] => 
            [12] => 
            [13] => 
            [14] => 
            [15] => 
        )

    [6] => Array
        (
            [0] => HEAD OF THE FAMILY
            [1] => 
            [2] => 
            [3] => 
            [4] => 
            [5] => 
            [6] => 
            [7] => 
            [8] => 
            [9] => 
            [10] => 
            [11] => 
            [12] => 
            [13] => 
            [14] => 
            [15] => 
        )

    [7] => Array
        (
            [0] => 7. LAST NAME
MICULOB
            [1] => 
            [2] => 
            [3] => 
            [4] => 15. CIVIL STATUS
SINGLE
            [5] => 
            [6] => 
            [7] => 
            [8] => 16. MOTHER'S MAIDEN NAME
ROSALIA LUZANO
            [9] => 
            [10] => 
            [11] => 
            [12] => 
            [13] => 
            [14] => 
            [15] => 
        )

    [8] => Array
        (
            [0] => 8. FIRST NAME
RICHARD
            [1] => 
            [2] => 
            [3] => 
            [4] => 17. RELIGION
CATHOLIC
            [5] => 
            [6] => 
            [7] => 
            [8] => 18. OCCUPATION
NONE
            [9] => 
            [10] => 
            [11] => 
            [12] => 
            [13] => 
            [14] => 
            [15] => 
        )

    [9] => Array
        (
            [0] => 9. MIDDLE NAME
VICTOR
            [1] => 
            [2] => 
            [3] => 
            [4] => 10. NAME EXT.
            [5] => 
            [6] => 
            [7] => 
            [8] => 11. BIRTHDATE
03-24-2026
            [9] => 
            [10] => 
            [11] => 
            [12] => 12. AGE
0
            [13] => 
            [14] => 
            [15] => 
        )

)

DEBUG - 2026-03-24 09:42:34 --> Checking row 0: Array
(
    [0] => DSWD Logo
    [1] => 
    [2] => Republic of the Philippines
    [3] => 
    [4] => 
    [5] => 
    [6] => 
    [7] => 
    [8] => 
    [9] => 
    [10] => 
    [11] => 
    [12] => 
    [13] => THIS CARD IS NOT FOR SALE
    [14] => 
    [15] => 
)

DEBUG - 2026-03-24 09:42:34 --> Checking row 1: Array
(
    [0] => 
    [1] => 
    [2] => Department of Social Welfare and Development
    [3] => 
    [4] => 
    [5] => 
    [6] => 
    [7] => 
    [8] => 
    [9] => 
    [10] => 
    [11] => 
    [12] => 
    [13] => BENEFICIARY'S COPY
    [14] => 
    [15] => 
)

DEBUG - 2026-03-24 09:42:34 --> Checking row 2: Array
(
    [0] => 
    [1] => 
    [2] => FAMILY ASSISTANCE CARD IN EMERGENCIES AND DISASTERS (FACED)
    [3] => 
    [4] => 
    [5] => 
    [6] => 
    [7] => 
    [8] => 
    [9] => 
    [10] => 
    [11] => 
    [12] => 
    [13] => SERIAL NUMBER: 0001
    [14] => 
    [15] => 
)

DEBUG - 2026-03-24 09:42:34 --> Checking row 3: Array
(
    [0] => LOCATION OF THE AFFECTED FAMILY
    [1] => 
    [2] => 
    [3] => 
    [4] => 
    [5] => 
    [6] => 
    [7] => 
    [8] => 
    [9] => 
    [10] => 
    [11] => 
    [12] => 
    [13] => 
    [14] => 
    [15] => 
)

DEBUG - 2026-03-24 09:42:34 --> Checking row 4: Array
(
    [0] => 1. REGION
REGION 10
    [1] => 
    [2] => 
    [3] => 2. PROVINCE
CAMIGUIN
    [4] => 
    [5] => 
    [6] => 3. DISTRICT

    [7] => 
    [8] => 
    [9] => 4. CITY/MUNICIPALITY
CATARMAN
    [10] => 
    [11] => 
    [12] => 5. BARANGAY
BONBON
    [13] => 
    [14] => 6. EVACUATION CENTER/SITE
BONBON
    [15] => 
)

DEBUG - 2026-03-24 09:42:34 --> Checking row 5: Array
(
    [0] => 
    [1] => 
    [2] => 
    [3] => 
    [4] => 
    [5] => 
    [6] => 
    [7] => 
    [8] => 
    [9] => 
    [10] => 
    [11] => 
    [12] => 
    [13] => 
    [14] => 
    [15] => 
)

DEBUG - 2026-03-24 09:42:34 --> Checking row 6: Array
(
    [0] => HEAD OF THE FAMILY
    [1] => 
    [2] => 
    [3] => 
    [4] => 
    [5] => 
    [6] => 
    [7] => 
    [8] => 
    [9] => 
    [10] => 
    [11] => 
    [12] => 
    [13] => 
    [14] => 
    [15] => 
)

DEBUG - 2026-03-24 09:42:34 --> Found 'HEAD OF THE FAMILY' at row 6, column 0
DEBUG - 2026-03-24 09:42:34 --> parseFacedCard called with startRow: 6
DEBUG - 2026-03-24 09:42:34 --> Found household_no: 0001
DEBUG - 2026-03-24 09:42:34 --> Family header at row 15 → data from 16
DEBUG - 2026-03-24 09:42:34 --> Family member: RICHARD MICULOB
DEBUG - 2026-03-24 09:42:34 --> Parsed: RICHARD MICULOB | HH#: 0001 | Members: 1
DEBUG - 2026-03-24 09:42:34 --> Parsed resident data: Array
(
    [household_no] => 0001
    [region] => REGION 10
    [province] => CAMIGUIN
    [district] => 
    [city_municipality] => CATARMAN
    [barangay] => BONBON
    [evacuation_center] => BONBON
    [last_name] => MICULOB
    [civil_status] => Single
    [mother_maiden_name] => ROSALIA LUZANO
    [first_name] => RICHARD
    [religion] => Catholic
    [occupation] => None
    [middle_name] => VICTOR
    [name_extension] => 
    [age] => 0
    [birthdate] => 2026-03-24
    [birthplace] => CAMIGUIN GENERAL HOSPITAL
    [sex] => Male
    [monthly_income] => 0
    [id_card_presented] => 12345678
    [id_card_number] => 12345678
    [contact_number] => 09273532291
    [alternate_number] => 09273532291
    [house_no] => 123
    [street] => Purok 3a Camiguin
    [subdivision] => 
    [permanent_barangay] => Bonbon
    [permanent_city] => Catarman
    [permanent_province] => Camiguin
    [zip_code] => 9104
    [is_4ps_beneficiary] => 1
    [vulnerable_older_persons] => 1
    [vulnerable_pregnant] => 1
    [vulnerable_lactating] => 1
    [vulnerable_pwd] => 1
    [ownership_status] => Owner
    [shelter_damage] => No Damage
    [registration_date] => 2026-03-24
    [barangay_captain_name] => RICHARD MICULOB
    [lswdo_name] => RICHARD MICULOB
    [data_privacy_consent] => 1
    [family_members] => Array
        (
            [0] => Array
                (
                    [name] => RICHARD MICULOB
                    [relation] => Son
                    [birthdate] => 2026-03-24
                    [age] => 0
                    [sex] => Male
                    [education] => CPSC
                    [occupation] => None
                    [remarks] => 
                    [status] => active
                )

        )

)

DEBUG - 2026-03-24 09:42:34 --> Inserted resident ID: 48, Name: RICHARD MICULOB
DEBUG - 2026-03-24 09:42:34 --> Inserted family member: RICHARD MICULOB
DEBUG - 2026-03-24 09:42:34 --> Import completed. Imported: 1, Errors: 0
DEBUG - 2026-03-24 09:42:34 --> Session: Class initialized using 'CodeIgniter\Session\Handlers\FileHandler' driver.
DEBUG - 2026-03-24 09:42:37 --> Session: Class initialized using 'CodeIgniter\Session\Handlers\FileHandler' driver.
DEBUG - 2026-03-24 09:42:37 --> Family members with file check: Array
(
    [0] => Array
        (
            [id] => 100
            [resident_id] => 48
            [member_id] => 0001-01
            [name] => RICHARD MICULOB
            [relation] => Son
            [birthdate] => 2026-03-24
            [age] => 0
            [sex] => Male
            [education] => CPSC
            [occupation] => None
            [remarks] => 
            [photo] => 
            [id_photo_front] => 
            [id_photo_back] => 
            [birth_certificate] => 
            [qr_code_token] => 0e90b75eaac666ec347c6c50b79ad6ff
            [qr_code_id] => 
            [status] => active
            [created_at] => 2026-03-24 09:42:34
            [updated_at] => 2026-03-24 09:42:34
        )

)

DEBUG - 2026-03-24 09:50:21 --> Session: Class initialized using 'CodeIgniter\Session\Handlers\FileHandler' driver.
DEBUG - 2026-03-24 09:50:24 --> Session: Class initialized using 'CodeIgniter\Session\Handlers\FileHandler' driver.
DEBUG - 2026-03-24 09:50:41 --> Session: Class initialized using 'CodeIgniter\Session\Handlers\FileHandler' driver.
DEBUG - 2026-03-24 09:50:44 --> Session: Class initialized using 'CodeIgniter\Session\Handlers\FileHandler' driver.
DEBUG - 2026-03-24 09:50:45 --> Session: Class initialized using 'CodeIgniter\Session\Handlers\FileHandler' driver.
DEBUG - 2026-03-24 09:50:45 --> Family members with file check: Array
(
    [0] => Array
        (
            [id] => 100
            [resident_id] => 48
            [member_id] => 0001-01
            [name] => RICHARD MICULOB
            [relation] => Son
            [birthdate] => 2026-03-24
            [age] => 0
            [sex] => Male
            [education] => CPSC
            [occupation] => None
            [remarks] => 
            [photo] => 
            [id_photo_front] => 
            [id_photo_back] => 
            [birth_certificate] => 
            [qr_code_token] => 0e90b75eaac666ec347c6c50b79ad6ff
            [qr_code_id] => 
            [status] => active
            [created_at] => 2026-03-24 09:42:34
            [updated_at] => 2026-03-24 09:42:34
        )

)

DEBUG - 2026-03-24 09:51:22 --> Session: Class initialized using 'CodeIgniter\Session\Handlers\FileHandler' driver.
DEBUG - 2026-03-24 09:51:24 --> Session: Class initialized using 'CodeIgniter\Session\Handlers\FileHandler' driver.
DEBUG - 2026-03-24 09:51:25 --> Session: Class initialized using 'CodeIgniter\Session\Handlers\FileHandler' driver.
DEBUG - 2026-03-24 09:51:45 --> Session: Class initialized using 'CodeIgniter\Session\Handlers\FileHandler' driver.
DEBUG - 2026-03-24 09:52:43 --> Session: Class initialized using 'CodeIgniter\Session\Handlers\FileHandler' driver.
DEBUG - 2026-03-24 09:52:44 --> Session: Class initialized using 'CodeIgniter\Session\Handlers\FileHandler' driver.
DEBUG - 2026-03-24 09:52:55 --> Session: Class initialized using 'CodeIgniter\Session\Handlers\FileHandler' driver.
DEBUG - 2026-03-24 09:52:59 --> Session: Class initialized using 'CodeIgniter\Session\Handlers\FileHandler' driver.
DEBUG - 2026-03-24 09:52:59 --> Session: Class initialized using 'CodeIgniter\Session\Handlers\FileHandler' driver.
DEBUG - 2026-03-24 09:53:00 --> Session: Class initialized using 'CodeIgniter\Session\Handlers\FileHandler' driver.
DEBUG - 2026-03-24 09:53:04 --> Session: Class initialized using 'CodeIgniter\Session\Handlers\FileHandler' driver.
DEBUG - 2026-03-24 09:53:04 --> Excel import - Total rows: 26
DEBUG - 2026-03-24 09:53:04 --> Excel import - First 10 rows: Array
(
    [0] => Array
        (
            [0] => DSWD Logo
            [1] => 
            [2] => Republic of the Philippines
            [3] => 
            [4] => 
            [5] => 
            [6] => 
            [7] => 
            [8] => 
            [9] => 
            [10] => 
            [11] => 
            [12] => 
            [13] => THIS CARD IS NOT FOR SALE
            [14] => 
            [15] => 
        )

    [1] => Array
        (
            [0] => 
            [1] => 
            [2] => Department of Social Welfare and Development
            [3] => 
            [4] => 
            [5] => 
            [6] => 
            [7] => 
            [8] => 
            [9] => 
            [10] => 
            [11] => 
            [12] => 
            [13] => BENEFICIARY'S COPY
            [14] => 
            [15] => 
        )

    [2] => Array
        (
            [0] => 
            [1] => 
            [2] => FAMILY ASSISTANCE CARD IN EMERGENCIES AND DISASTERS (FACED)
            [3] => 
            [4] => 
            [5] => 
            [6] => 
            [7] => 
            [8] => 
            [9] => 
            [10] => 
            [11] => 
            [12] => 
            [13] => SERIAL NUMBER: 0001
            [14] => 
            [15] => 
        )

    [3] => Array
        (
            [0] => LOCATION OF THE AFFECTED FAMILY
            [1] => 
            [2] => 
            [3] => 
            [4] => 
            [5] => 
            [6] => 
            [7] => 
            [8] => 
            [9] => 
            [10] => 
            [11] => 
            [12] => 
            [13] => 
            [14] => 
            [15] => 
        )

    [4] => Array
        (
            [0] => 1. REGION
REGION 10
            [1] => 
            [2] => 
            [3] => 2. PROVINCE
CAMIGUIN
            [4] => 
            [5] => 
            [6] => 3. DISTRICT

            [7] => 
            [8] => 
            [9] => 4. CITY/MUNICIPALITY
CATARMAN
            [10] => 
            [11] => 
            [12] => 5. BARANGAY
BONBON
            [13] => 
            [14] => 6. EVACUATION CENTER/SITE
BONBON
            [15] => 
        )

    [5] => Array
        (
            [0] => 
            [1] => 
            [2] => 
            [3] => 
            [4] => 
            [5] => 
            [6] => 
            [7] => 
            [8] => 
            [9] => 
            [10] => 
            [11] => 
            [12] => 
            [13] => 
            [14] => 
            [15] => 
        )

    [6] => Array
        (
            [0] => HEAD OF THE FAMILY
            [1] => 
            [2] => 
            [3] => 
            [4] => 
            [5] => 
            [6] => 
            [7] => 
            [8] => 
            [9] => 
            [10] => 
            [11] => 
            [12] => 
            [13] => 
            [14] => 
            [15] => 
        )

    [7] => Array
        (
            [0] => 7. LAST NAME
MICULOB
            [1] => 
            [2] => 
            [3] => 
            [4] => 15. CIVIL STATUS
SINGLE
            [5] => 
            [6] => 
            [7] => 
            [8] => 16. MOTHER'S MAIDEN NAME
ROSALIA LUZANO
            [9] => 
            [10] => 
            [11] => 
            [12] => 
            [13] => 
            [14] => 
            [15] => 
        )

    [8] => Array
        (
            [0] => 8. FIRST NAME
RICHARD
            [1] => 
            [2] => 
            [3] => 
            [4] => 17. RELIGION
CATHOLIC
            [5] => 
            [6] => 
            [7] => 
            [8] => 18. OCCUPATION
NONE
            [9] => 
            [10] => 
            [11] => 
            [12] => 
            [13] => 
            [14] => 
            [15] => 
        )

    [9] => Array
        (
            [0] => 9. MIDDLE NAME
VICTOR
            [1] => 
            [2] => 
            [3] => 
            [4] => 10. NAME EXT.
            [5] => 
            [6] => 
            [7] => 
            [8] => 11. BIRTHDATE
03-24-2026
            [9] => 
            [10] => 
            [11] => 
            [12] => 12. AGE
0
            [13] => 
            [14] => 
            [15] => 
        )

)

DEBUG - 2026-03-24 09:53:04 --> Checking row 0: Array
(
    [0] => DSWD Logo
    [1] => 
    [2] => Republic of the Philippines
    [3] => 
    [4] => 
    [5] => 
    [6] => 
    [7] => 
    [8] => 
    [9] => 
    [10] => 
    [11] => 
    [12] => 
    [13] => THIS CARD IS NOT FOR SALE
    [14] => 
    [15] => 
)

DEBUG - 2026-03-24 09:53:04 --> Checking row 1: Array
(
    [0] => 
    [1] => 
    [2] => Department of Social Welfare and Development
    [3] => 
    [4] => 
    [5] => 
    [6] => 
    [7] => 
    [8] => 
    [9] => 
    [10] => 
    [11] => 
    [12] => 
    [13] => BENEFICIARY'S COPY
    [14] => 
    [15] => 
)

DEBUG - 2026-03-24 09:53:04 --> Checking row 2: Array
(
    [0] => 
    [1] => 
    [2] => FAMILY ASSISTANCE CARD IN EMERGENCIES AND DISASTERS (FACED)
    [3] => 
    [4] => 
    [5] => 
    [6] => 
    [7] => 
    [8] => 
    [9] => 
    [10] => 
    [11] => 
    [12] => 
    [13] => SERIAL NUMBER: 0001
    [14] => 
    [15] => 
)

DEBUG - 2026-03-24 09:53:04 --> Checking row 3: Array
(
    [0] => LOCATION OF THE AFFECTED FAMILY
    [1] => 
    [2] => 
    [3] => 
    [4] => 
    [5] => 
    [6] => 
    [7] => 
    [8] => 
    [9] => 
    [10] => 
    [11] => 
    [12] => 
    [13] => 
    [14] => 
    [15] => 
)

DEBUG - 2026-03-24 09:53:04 --> Checking row 4: Array
(
    [0] => 1. REGION
REGION 10
    [1] => 
    [2] => 
    [3] => 2. PROVINCE
CAMIGUIN
    [4] => 
    [5] => 
    [6] => 3. DISTRICT

    [7] => 
    [8] => 
    [9] => 4. CITY/MUNICIPALITY
CATARMAN
    [10] => 
    [11] => 
    [12] => 5. BARANGAY
BONBON
    [13] => 
    [14] => 6. EVACUATION CENTER/SITE
BONBON
    [15] => 
)

DEBUG - 2026-03-24 09:53:04 --> Checking row 5: Array
(
    [0] => 
    [1] => 
    [2] => 
    [3] => 
    [4] => 
    [5] => 
    [6] => 
    [7] => 
    [8] => 
    [9] => 
    [10] => 
    [11] => 
    [12] => 
    [13] => 
    [14] => 
    [15] => 
)

DEBUG - 2026-03-24 09:53:04 --> Checking row 6: Array
(
    [0] => HEAD OF THE FAMILY
    [1] => 
    [2] => 
    [3] => 
    [4] => 
    [5] => 
    [6] => 
    [7] => 
    [8] => 
    [9] => 
    [10] => 
    [11] => 
    [12] => 
    [13] => 
    [14] => 
    [15] => 
)

DEBUG - 2026-03-24 09:53:04 --> Found 'HEAD OF THE FAMILY' at row 6, column 0
DEBUG - 2026-03-24 09:53:04 --> parseFacedCard called with startRow: 6
DEBUG - 2026-03-24 09:53:04 --> Found household_no: 0001
DEBUG - 2026-03-24 09:53:04 --> Family header at row 15 → data from 16
DEBUG - 2026-03-24 09:53:04 --> Family member: RICHARD MICULOB
DEBUG - 2026-03-24 09:53:04 --> Parsed: RICHARD MICULOB | HH#: 0001 | Members: 1
DEBUG - 2026-03-24 09:53:04 --> Parsed resident data: Array
(
    [household_no] => 0001
    [region] => REGION 10
    [province] => CAMIGUIN
    [district] => 
    [city_municipality] => CATARMAN
    [barangay] => BONBON
    [evacuation_center] => BONBON
    [last_name] => MICULOB
    [civil_status] => Single
    [mother_maiden_name] => ROSALIA LUZANO
    [first_name] => RICHARD
    [religion] => Catholic
    [occupation] => None
    [middle_name] => VICTOR
    [name_extension] => 
    [age] => 0
    [birthdate] => 2026-03-24
    [birthplace] => CAMIGUIN GENERAL HOSPITAL
    [sex] => Male
    [monthly_income] => 0
    [id_card_presented] => 12345678
    [id_card_number] => 12345678
    [contact_number] => 09273532291
    [alternate_number] => 09273532291
    [house_no] => 123
    [street] => Purok 3a Camiguin
    [subdivision] => 
    [permanent_barangay] => Bonbon
    [permanent_city] => Catarman
    [permanent_province] => Camiguin
    [zip_code] => 9104
    [is_4ps_beneficiary] => 1
    [vulnerable_older_persons] => 1
    [vulnerable_pregnant] => 1
    [vulnerable_lactating] => 1
    [vulnerable_pwd] => 1
    [ownership_status] => Owner
    [shelter_damage] => No Damage
    [registration_date] => 2026-03-24
    [barangay_captain_name] => RICHARD MICULOB
    [lswdo_name] => RICHARD MICULOB
    [data_privacy_consent] => 1
    [family_members] => Array
        (
            [0] => Array
                (
                    [name] => RICHARD MICULOB
                    [relation] => Son
                    [birthdate] => 2026-03-24
                    [age] => 0
                    [sex] => Male
                    [education] => CPSC
                    [occupation] => None
                    [remarks] => 
                    [status] => active
                )

        )

)

DEBUG - 2026-03-24 09:53:04 --> Inserted resident ID: 50, Name: RICHARD MICULOB
DEBUG - 2026-03-24 09:53:04 --> Inserted family member: RICHARD MICULOB
DEBUG - 2026-03-24 09:53:04 --> Import completed. Imported: 1, Errors: 0
DEBUG - 2026-03-24 09:53:04 --> Session: Class initialized using 'CodeIgniter\Session\Handlers\FileHandler' driver.
DEBUG - 2026-03-24 09:53:10 --> Session: Class initialized using 'CodeIgniter\Session\Handlers\FileHandler' driver.
DEBUG - 2026-03-24 09:53:10 --> Family members with file check: Array
(
    [0] => Array
        (
            [id] => 102
            [resident_id] => 50
            [member_id] => 0001-01
            [name] => RICHARD MICULOB
            [relation] => Son
            [birthdate] => 2026-03-24
            [age] => 0
            [sex] => Male
            [education] => CPSC
            [occupation] => None
            [remarks] => 
            [photo] => 
            [id_photo_front] => 
            [id_photo_back] => 
            [birth_certificate] => 
            [qr_code_token] => 1e71ba7a05fd9ba9cd5fd01646ddf61e
            [qr_code_id] => 
            [status] => active
            [created_at] => 2026-03-24 09:53:04
            [updated_at] => 2026-03-24 09:53:04
        )

)

DEBUG - 2026-03-24 09:53:31 --> Session: Class initialized using 'CodeIgniter\Session\Handlers\FileHandler' driver.
DEBUG - 2026-03-24 09:53:40 --> Session: Class initialized using 'CodeIgniter\Session\Handlers\FileHandler' driver.
DEBUG - 2026-03-24 09:53:40 --> Session: Class initialized using 'CodeIgniter\Session\Handlers\FileHandler' driver.
DEBUG - 2026-03-24 09:53:47 --> Session: Class initialized using 'CodeIgniter\Session\Handlers\FileHandler' driver.
DEBUG - 2026-03-24 09:55:48 --> Session: Class initialized using 'CodeIgniter\Session\Handlers\FileHandler' driver.
DEBUG - 2026-03-24 09:55:48 --> Session: Class initialized using 'CodeIgniter\Session\Handlers\FileHandler' driver.
DEBUG - 2026-03-24 09:55:53 --> Session: Class initialized using 'CodeIgniter\Session\Handlers\FileHandler' driver.
DEBUG - 2026-03-24 09:55:55 --> Session: Class initialized using 'CodeIgniter\Session\Handlers\FileHandler' driver.
DEBUG - 2026-03-24 09:56:00 --> Session: Class initialized using 'CodeIgniter\Session\Handlers\FileHandler' driver.
DEBUG - 2026-03-24 09:56:01 --> Session: Class initialized using 'CodeIgniter\Session\Handlers\FileHandler' driver.
DEBUG - 2026-03-24 09:56:02 --> Session: Class initialized using 'CodeIgniter\Session\Handlers\FileHandler' driver.
DEBUG - 2026-03-24 09:56:05 --> Session: Class initialized using 'CodeIgniter\Session\Handlers\FileHandler' driver.
DEBUG - 2026-03-24 09:56:05 --> Excel import - Total rows: 26
DEBUG - 2026-03-24 09:56:05 --> Excel import - First 10 rows: Array
(
    [0] => Array
        (
            [0] => DSWD Logo
            [1] => 
            [2] => Republic of the Philippines
            [3] => 
            [4] => 
            [5] => 
            [6] => 
            [7] => 
            [8] => 
            [9] => 
            [10] => 
            [11] => 
            [12] => 
            [13] => THIS CARD IS NOT FOR SALE
            [14] => 
            [15] => 
        )

    [1] => Array
        (
            [0] => 
            [1] => 
            [2] => Department of Social Welfare and Development
            [3] => 
            [4] => 
            [5] => 
            [6] => 
            [7] => 
            [8] => 
            [9] => 
            [10] => 
            [11] => 
            [12] => 
            [13] => BENEFICIARY'S COPY
            [14] => 
            [15] => 
        )

    [2] => Array
        (
            [0] => 
            [1] => 
            [2] => FAMILY ASSISTANCE CARD IN EMERGENCIES AND DISASTERS (FACED)
            [3] => 
            [4] => 
            [5] => 
            [6] => 
            [7] => 
            [8] => 
            [9] => 
            [10] => 
            [11] => 
            [12] => 
            [13] => SERIAL NUMBER: 0001
            [14] => 
            [15] => 
        )

    [3] => Array
        (
            [0] => LOCATION OF THE AFFECTED FAMILY
            [1] => 
            [2] => 
            [3] => 
            [4] => 
            [5] => 
            [6] => 
            [7] => 
            [8] => 
            [9] => 
            [10] => 
            [11] => 
            [12] => 
            [13] => 
            [14] => 
            [15] => 
        )

    [4] => Array
        (
            [0] => 1. REGION
REGION 10
            [1] => 
            [2] => 
            [3] => 2. PROVINCE
CAMIGUIN
            [4] => 
            [5] => 
            [6] => 3. DISTRICT

            [7] => 
            [8] => 
            [9] => 4. CITY/MUNICIPALITY
CATARMAN
            [10] => 
            [11] => 
            [12] => 5. BARANGAY
BONBON
            [13] => 
            [14] => 6. EVACUATION CENTER/SITE
BONBON
            [15] => 
        )

    [5] => Array
        (
            [0] => 
            [1] => 
            [2] => 
            [3] => 
            [4] => 
            [5] => 
            [6] => 
            [7] => 
            [8] => 
            [9] => 
            [10] => 
            [11] => 
            [12] => 
            [13] => 
            [14] => 
            [15] => 
        )

    [6] => Array
        (
            [0] => HEAD OF THE FAMILY
            [1] => 
            [2] => 
            [3] => 
            [4] => 
            [5] => 
            [6] => 
            [7] => 
            [8] => 
            [9] => 
            [10] => 
            [11] => 
            [12] => 
            [13] => 
            [14] => 
            [15] => 
        )

    [7] => Array
        (
            [0] => 7. LAST NAME
MICULOB
            [1] => 
            [2] => 
            [3] => 
            [4] => 15. CIVIL STATUS
SINGLE
            [5] => 
            [6] => 
            [7] => 
            [8] => 16. MOTHER'S MAIDEN NAME
ROSALIA LUZANO
            [9] => 
            [10] => 
            [11] => 
            [12] => 
            [13] => 
            [14] => 
            [15] => 
        )

    [8] => Array
        (
            [0] => 8. FIRST NAME
RICHARD
            [1] => 
            [2] => 
            [3] => 
            [4] => 17. RELIGION
CATHOLIC
            [5] => 
            [6] => 
            [7] => 
            [8] => 18. OCCUPATION
NONE
            [9] => 
            [10] => 
            [11] => 
            [12] => 
            [13] => 
            [14] => 
            [15] => 
        )

    [9] => Array
        (
            [0] => 9. MIDDLE NAME
VICTOR
            [1] => 
            [2] => 
            [3] => 
            [4] => 10. NAME EXT.
            [5] => 
            [6] => 
            [7] => 
            [8] => 11. BIRTHDATE
03-24-2026
            [9] => 
            [10] => 
            [11] => 
            [12] => 12. AGE
0
            [13] => 
            [14] => 
            [15] => 
        )

)

DEBUG - 2026-03-24 09:56:05 --> Checking row 0: Array
(
    [0] => DSWD Logo
    [1] => 
    [2] => Republic of the Philippines
    [3] => 
    [4] => 
    [5] => 
    [6] => 
    [7] => 
    [8] => 
    [9] => 
    [10] => 
    [11] => 
    [12] => 
    [13] => THIS CARD IS NOT FOR SALE
    [14] => 
    [15] => 
)

DEBUG - 2026-03-24 09:56:05 --> Checking row 1: Array
(
    [0] => 
    [1] => 
    [2] => Department of Social Welfare and Development
    [3] => 
    [4] => 
    [5] => 
    [6] => 
    [7] => 
    [8] => 
    [9] => 
    [10] => 
    [11] => 
    [12] => 
    [13] => BENEFICIARY'S COPY
    [14] => 
    [15] => 
)

DEBUG - 2026-03-24 09:56:05 --> Checking row 2: Array
(
    [0] => 
    [1] => 
    [2] => FAMILY ASSISTANCE CARD IN EMERGENCIES AND DISASTERS (FACED)
    [3] => 
    [4] => 
    [5] => 
    [6] => 
    [7] => 
    [8] => 
    [9] => 
    [10] => 
    [11] => 
    [12] => 
    [13] => SERIAL NUMBER: 0001
    [14] => 
    [15] => 
)

DEBUG - 2026-03-24 09:56:05 --> Checking row 3: Array
(
    [0] => LOCATION OF THE AFFECTED FAMILY
    [1] => 
    [2] => 
    [3] => 
    [4] => 
    [5] => 
    [6] => 
    [7] => 
    [8] => 
    [9] => 
    [10] => 
    [11] => 
    [12] => 
    [13] => 
    [14] => 
    [15] => 
)

DEBUG - 2026-03-24 09:56:05 --> Checking row 4: Array
(
    [0] => 1. REGION
REGION 10
    [1] => 
    [2] => 
    [3] => 2. PROVINCE
CAMIGUIN
    [4] => 
    [5] => 
    [6] => 3. DISTRICT

    [7] => 
    [8] => 
    [9] => 4. CITY/MUNICIPALITY
CATARMAN
    [10] => 
    [11] => 
    [12] => 5. BARANGAY
BONBON
    [13] => 
    [14] => 6. EVACUATION CENTER/SITE
BONBON
    [15] => 
)

DEBUG - 2026-03-24 09:56:05 --> Checking row 5: Array
(
    [0] => 
    [1] => 
    [2] => 
    [3] => 
    [4] => 
    [5] => 
    [6] => 
    [7] => 
    [8] => 
    [9] => 
    [10] => 
    [11] => 
    [12] => 
    [13] => 
    [14] => 
    [15] => 
)

DEBUG - 2026-03-24 09:56:05 --> Checking row 6: Array
(
    [0] => HEAD OF THE FAMILY
    [1] => 
    [2] => 
    [3] => 
    [4] => 
    [5] => 
    [6] => 
    [7] => 
    [8] => 
    [9] => 
    [10] => 
    [11] => 
    [12] => 
    [13] => 
    [14] => 
    [15] => 
)

DEBUG - 2026-03-24 09:56:05 --> Found 'HEAD OF THE FAMILY' at row 6, column 0
DEBUG - 2026-03-24 09:56:05 --> parseFacedCard called with startRow: 6
DEBUG - 2026-03-24 09:56:05 --> Found household_no: 0001
DEBUG - 2026-03-24 09:56:05 --> Family header at row 15 → data from 16
DEBUG - 2026-03-24 09:56:05 --> Family member: RICHARD MICULOB
DEBUG - 2026-03-24 09:56:05 --> Parsed: RICHARD MICULOB | HH#: 0001 | Members: 1
DEBUG - 2026-03-24 09:56:05 --> Parsed resident data: Array
(
    [household_no] => 0001
    [region] => REGION 10
    [province] => CAMIGUIN
    [district] => 
    [city_municipality] => CATARMAN
    [barangay] => BONBON
    [evacuation_center] => BONBON
    [last_name] => MICULOB
    [civil_status] => Single
    [mother_maiden_name] => ROSALIA LUZANO
    [first_name] => RICHARD
    [religion] => Catholic
    [occupation] => None
    [middle_name] => VICTOR
    [name_extension] => 
    [age] => 0
    [birthdate] => 2026-03-24
    [birthplace] => CAMIGUIN GENERAL HOSPITAL
    [sex] => Male
    [monthly_income] => 0
    [id_card_presented] => 12345678
    [id_card_number] => 12345678
    [contact_number] => 09273532291
    [alternate_number] => 09273532291
    [house_no] => 123
    [street] => Purok 3a Camiguin
    [subdivision] => 
    [permanent_barangay] => Bonbon
    [permanent_city] => Catarman
    [permanent_province] => Camiguin
    [zip_code] => 9104
    [is_4ps_beneficiary] => 1
    [vulnerable_older_persons] => 1
    [vulnerable_pregnant] => 1
    [vulnerable_lactating] => 1
    [vulnerable_pwd] => 1
    [ownership_status] => Owner
    [shelter_damage] => No Damage
    [registration_date] => 2026-03-24
    [barangay_captain_name] => RICHARD MICULOB
    [lswdo_name] => RICHARD MICULOB
    [data_privacy_consent] => 1
    [family_members] => Array
        (
            [0] => Array
                (
                    [name] => RICHARD MICULOB
                    [relation] => Son
                    [birthdate] => 2026-03-24
                    [age] => 0
                    [sex] => Male
                    [education] => CPSC
                    [occupation] => None
                    [remarks] => 
                    [status] => active
                )

        )

)

DEBUG - 2026-03-24 09:56:05 --> Inserted resident ID: 52, Name: RICHARD MICULOB
DEBUG - 2026-03-24 09:56:05 --> Inserted family member: RICHARD MICULOB
DEBUG - 2026-03-24 09:56:05 --> Import completed. Imported: 1, Errors: 0
DEBUG - 2026-03-24 09:56:06 --> Session: Class initialized using 'CodeIgniter\Session\Handlers\FileHandler' driver.
DEBUG - 2026-03-24 09:56:08 --> Session: Class initialized using 'CodeIgniter\Session\Handlers\FileHandler' driver.
DEBUG - 2026-03-24 09:56:08 --> Family members with file check: Array
(
    [0] => Array
        (
            [id] => 104
            [resident_id] => 52
            [member_id] => 0001-01
            [name] => RICHARD MICULOB
            [relation] => Son
            [birthdate] => 2026-03-24
            [age] => 0
            [sex] => Male
            [education] => CPSC
            [occupation] => None
            [remarks] => 
            [photo] => 
            [id_photo_front] => 
            [id_photo_back] => 
            [birth_certificate] => 
            [qr_code_token] => 1e21a6ac8fa4c64a6a2636813da12281
            [qr_code_id] => 
            [status] => active
            [created_at] => 2026-03-24 09:56:05
            [updated_at] => 2026-03-24 09:56:05
        )

)

DEBUG - 2026-03-24 10:00:30 --> Session: Class initialized using 'CodeIgniter\Session\Handlers\FileHandler' driver.
DEBUG - 2026-03-24 10:00:35 --> Session: Class initialized using 'CodeIgniter\Session\Handlers\FileHandler' driver.
DEBUG - 2026-03-24 10:00:35 --> Session: Class initialized using 'CodeIgniter\Session\Handlers\FileHandler' driver.
DEBUG - 2026-03-24 10:00:47 --> Session: Class initialized using 'CodeIgniter\Session\Handlers\FileHandler' driver.
DEBUG - 2026-03-24 10:01:33 --> Session: Class initialized using 'CodeIgniter\Session\Handlers\FileHandler' driver.
DEBUG - 2026-03-24 10:01:34 --> Session: Class initialized using 'CodeIgniter\Session\Handlers\FileHandler' driver.
DEBUG - 2026-03-24 10:03:04 --> Session: Class initialized using 'CodeIgniter\Session\Handlers\FileHandler' driver.
DEBUG - 2026-03-24 10:03:04 --> Family members with file check: Array
(
    [0] => Array
        (
            [id] => 105
            [resident_id] => 53
            [member_id] => 0001-01
            [name] => richard miculob
            [relation] => son
            [birthdate] => 2026-03-24
            [age] => 0
            [sex] => Male
            [education] => 
            [occupation] => 
            [remarks] => 
            [photo] => 
            [id_photo_front] => 
            [id_photo_back] => 
            [birth_certificate] => 
            [qr_code_token] => 3465f83adbf1a06921b65d6b179493494129943f7c7349f420a63b439a0dc641
            [qr_code_id] => 69c1f07def028_0
            [status] => active
            [created_at] => 2026-03-24 10:01:33
            [updated_at] => 2026-03-24 10:01:33
        )

)

DEBUG - 2026-03-24 10:03:40 --> Session: Class initialized using 'CodeIgniter\Session\Handlers\FileHandler' driver.
DEBUG - 2026-03-24 10:03:43 --> Session: Class initialized using 'CodeIgniter\Session\Handlers\FileHandler' driver.
DEBUG - 2026-03-24 10:03:43 --> Session: Class initialized using 'CodeIgniter\Session\Handlers\FileHandler' driver.
DEBUG - 2026-03-24 10:03:48 --> Session: Class initialized using 'CodeIgniter\Session\Handlers\FileHandler' driver.
DEBUG - 2026-03-24 10:05:09 --> Session: Class initialized using 'CodeIgniter\Session\Handlers\FileHandler' driver.
DEBUG - 2026-03-24 10:05:09 --> Session: Class initialized using 'CodeIgniter\Session\Handlers\FileHandler' driver.
DEBUG - 2026-03-24 10:05:14 --> Session: Class initialized using 'CodeIgniter\Session\Handlers\FileHandler' driver.
DEBUG - 2026-03-24 10:05:14 --> Family members with file check: Array
(
    [0] => Array
        (
            [id] => 106
            [resident_id] => 54
            [member_id] => 0001-01
            [name] => richard miculob
            [relation] => son
            [birthdate] => 2026-03-24
            [age] => 0
            [sex] => Male
            [education] => CPSC
            [occupation] => None
            [remarks] => 
            [photo] => 
            [id_photo_front] => 
            [id_photo_back] => 
            [birth_certificate] => 
            [qr_code_token] => 8354990639c45428f0d1196259e042828428f7802d5d5570af311ec41bbe4de4
            [qr_code_id] => 69c1f155613f0_0
            [status] => active
            [created_at] => 2026-03-24 10:05:09
            [updated_at] => 2026-03-24 10:05:09
        )

)

DEBUG - 2026-03-24 10:05:18 --> Session: Class initialized using 'CodeIgniter\Session\Handlers\FileHandler' driver.
DEBUG - 2026-03-24 10:05:22 --> Session: Class initialized using 'CodeIgniter\Session\Handlers\FileHandler' driver.
DEBUG - 2026-03-24 10:05:30 --> Session: Class initialized using 'CodeIgniter\Session\Handlers\FileHandler' driver.
DEBUG - 2026-03-24 10:06:01 --> Session: Class initialized using 'CodeIgniter\Session\Handlers\FileHandler' driver.
DEBUG - 2026-03-24 10:06:01 --> Family members with file check: Array
(
    [0] => Array
        (
            [id] => 106
            [resident_id] => 54
            [member_id] => 0001-01
            [name] => richard miculob
            [relation] => son
            [birthdate] => 2026-03-24
            [age] => 0
            [sex] => Male
            [education] => CPSC
            [occupation] => None
            [remarks] => 
            [photo] => 
            [id_photo_front] => 
            [id_photo_back] => 
            [birth_certificate] => 
            [qr_code_token] => 8354990639c45428f0d1196259e042828428f7802d5d5570af311ec41bbe4de4
            [qr_code_id] => 69c1f155613f0_0
            [status] => active
            [created_at] => 2026-03-24 10:05:09
            [updated_at] => 2026-03-24 10:05:09
        )

)

DEBUG - 2026-03-24 10:06:05 --> Session: Class initialized using 'CodeIgniter\Session\Handlers\FileHandler' driver.
DEBUG - 2026-03-24 10:06:07 --> Session: Class initialized using 'CodeIgniter\Session\Handlers\FileHandler' driver.
DEBUG - 2026-03-24 10:06:08 --> Session: Class initialized using 'CodeIgniter\Session\Handlers\FileHandler' driver.
DEBUG - 2026-03-24 10:06:10 --> Session: Class initialized using 'CodeIgniter\Session\Handlers\FileHandler' driver.
DEBUG - 2026-03-24 10:06:14 --> Session: Class initialized using 'CodeIgniter\Session\Handlers\FileHandler' driver.
DEBUG - 2026-03-24 10:06:14 --> Excel import - Total rows: 26
DEBUG - 2026-03-24 10:06:14 --> Excel import - First 10 rows: Array
(
    [0] => Array
        (
            [0] => DSWD Logo
            [1] => 
            [2] => Republic of the Philippines
            [3] => 
            [4] => 
            [5] => 
            [6] => 
            [7] => 
            [8] => 
            [9] => 
            [10] => 
            [11] => 
            [12] => 
            [13] => THIS CARD IS NOT FOR SALE
            [14] => 
            [15] => 
        )

    [1] => Array
        (
            [0] => 
            [1] => 
            [2] => Department of Social Welfare and Development
            [3] => 
            [4] => 
            [5] => 
            [6] => 
            [7] => 
            [8] => 
            [9] => 
            [10] => 
            [11] => 
            [12] => 
            [13] => BENEFICIARY'S COPY
            [14] => 
            [15] => 
        )

    [2] => Array
        (
            [0] => 
            [1] => 
            [2] => FAMILY ASSISTANCE CARD IN EMERGENCIES AND DISASTERS (FACED)
            [3] => 
            [4] => 
            [5] => 
            [6] => 
            [7] => 
            [8] => 
            [9] => 
            [10] => 
            [11] => 
            [12] => 
            [13] => SERIAL NUMBER: 0001
            [14] => 
            [15] => 
        )

    [3] => Array
        (
            [0] => LOCATION OF THE AFFECTED FAMILY
            [1] => 
            [2] => 
            [3] => 
            [4] => 
            [5] => 
            [6] => 
            [7] => 
            [8] => 
            [9] => 
            [10] => 
            [11] => 
            [12] => 
            [13] => 
            [14] => 
            [15] => 
        )

    [4] => Array
        (
            [0] => 1. REGION
REGION 10
            [1] => 
            [2] => 
            [3] => 2. PROVINCE
CAMIGUIN
            [4] => 
            [5] => 
            [6] => 3. DISTRICT
CATARMAN
            [7] => 
            [8] => 
            [9] => 4. CITY/MUNICIPALITY
CATARMAN
            [10] => 
            [11] => 
            [12] => 5. BARANGAY
BONBON
            [13] => 
            [14] => 6. EVACUATION CENTER/SITE
BONBON
            [15] => 
        )

    [5] => Array
        (
            [0] => 
            [1] => 
            [2] => 
            [3] => 
            [4] => 
            [5] => 
            [6] => 
            [7] => 
            [8] => 
            [9] => 
            [10] => 
            [11] => 
            [12] => 
            [13] => 
            [14] => 
            [15] => 
        )

    [6] => Array
        (
            [0] => HEAD OF THE FAMILY
            [1] => 
            [2] => 
            [3] => 
            [4] => 
            [5] => 
            [6] => 
            [7] => 
            [8] => 
            [9] => 
            [10] => 
            [11] => 
            [12] => 
            [13] => 
            [14] => 
            [15] => 
        )

    [7] => Array
        (
            [0] => 7. LAST NAME
MICULOB
            [1] => 
            [2] => 
            [3] => 
            [4] => 15. CIVIL STATUS
SINGLE
            [5] => 
            [6] => 
            [7] => 
            [8] => 16. MOTHER'S MAIDEN NAME
ROSALIA LUZANO
            [9] => 
            [10] => 
            [11] => 
            [12] => 
            [13] => 
            [14] => 
            [15] => 
        )

    [8] => Array
        (
            [0] => 8. FIRST NAME
RICHARD
            [1] => 
            [2] => 
            [3] => 
            [4] => 17. RELIGION
CATHOLIC
            [5] => 
            [6] => 
            [7] => 
            [8] => 18. OCCUPATION
NONE
            [9] => 
            [10] => 
            [11] => 
            [12] => 
            [13] => 
            [14] => 
            [15] => 
        )

    [9] => Array
        (
            [0] => 9. MIDDLE NAME
VICTOR
            [1] => 
            [2] => 
            [3] => 
            [4] => 10. NAME EXT.
            [5] => 
            [6] => 
            [7] => 
            [8] => 11. BIRTHDATE
03-24-2026
            [9] => 
            [10] => 
            [11] => 
            [12] => 12. AGE
0
            [13] => 
            [14] => 
            [15] => 
        )

)

DEBUG - 2026-03-24 10:06:14 --> Checking row 0: Array
(
    [0] => DSWD Logo
    [1] => 
    [2] => Republic of the Philippines
    [3] => 
    [4] => 
    [5] => 
    [6] => 
    [7] => 
    [8] => 
    [9] => 
    [10] => 
    [11] => 
    [12] => 
    [13] => THIS CARD IS NOT FOR SALE
    [14] => 
    [15] => 
)

DEBUG - 2026-03-24 10:06:14 --> Checking row 1: Array
(
    [0] => 
    [1] => 
    [2] => Department of Social Welfare and Development
    [3] => 
    [4] => 
    [5] => 
    [6] => 
    [7] => 
    [8] => 
    [9] => 
    [10] => 
    [11] => 
    [12] => 
    [13] => BENEFICIARY'S COPY
    [14] => 
    [15] => 
)

DEBUG - 2026-03-24 10:06:14 --> Checking row 2: Array
(
    [0] => 
    [1] => 
    [2] => FAMILY ASSISTANCE CARD IN EMERGENCIES AND DISASTERS (FACED)
    [3] => 
    [4] => 
    [5] => 
    [6] => 
    [7] => 
    [8] => 
    [9] => 
    [10] => 
    [11] => 
    [12] => 
    [13] => SERIAL NUMBER: 0001
    [14] => 
    [15] => 
)

DEBUG - 2026-03-24 10:06:14 --> Checking row 3: Array
(
    [0] => LOCATION OF THE AFFECTED FAMILY
    [1] => 
    [2] => 
    [3] => 
    [4] => 
    [5] => 
    [6] => 
    [7] => 
    [8] => 
    [9] => 
    [10] => 
    [11] => 
    [12] => 
    [13] => 
    [14] => 
    [15] => 
)

DEBUG - 2026-03-24 10:06:14 --> Checking row 4: Array
(
    [0] => 1. REGION
REGION 10
    [1] => 
    [2] => 
    [3] => 2. PROVINCE
CAMIGUIN
    [4] => 
    [5] => 
    [6] => 3. DISTRICT
CATARMAN
    [7] => 
    [8] => 
    [9] => 4. CITY/MUNICIPALITY
CATARMAN
    [10] => 
    [11] => 
    [12] => 5. BARANGAY
BONBON
    [13] => 
    [14] => 6. EVACUATION CENTER/SITE
BONBON
    [15] => 
)

DEBUG - 2026-03-24 10:06:14 --> Checking row 5: Array
(
    [0] => 
    [1] => 
    [2] => 
    [3] => 
    [4] => 
    [5] => 
    [6] => 
    [7] => 
    [8] => 
    [9] => 
    [10] => 
    [11] => 
    [12] => 
    [13] => 
    [14] => 
    [15] => 
)

DEBUG - 2026-03-24 10:06:14 --> Checking row 6: Array
(
    [0] => HEAD OF THE FAMILY
    [1] => 
    [2] => 
    [3] => 
    [4] => 
    [5] => 
    [6] => 
    [7] => 
    [8] => 
    [9] => 
    [10] => 
    [11] => 
    [12] => 
    [13] => 
    [14] => 
    [15] => 
)

DEBUG - 2026-03-24 10:06:14 --> Found 'HEAD OF THE FAMILY' at row 6, column 0
DEBUG - 2026-03-24 10:06:14 --> parseFacedCard called with startRow: 6
DEBUG - 2026-03-24 10:06:14 --> Found household_no: 0001
DEBUG - 2026-03-24 10:06:14 --> Family header at row 15 → data from 16
DEBUG - 2026-03-24 10:06:14 --> Family member: RICHARD MICULOB
DEBUG - 2026-03-24 10:06:14 --> Parsed: RICHARD MICULOB | HH#: 0001 | Members: 1
DEBUG - 2026-03-24 10:06:14 --> Parsed resident data: Array
(
    [household_no] => 0001
    [region] => REGION 10
    [province] => CAMIGUIN
    [district] => CATARMAN
    [city_municipality] => CATARMAN
    [barangay] => BONBON
    [evacuation_center] => BONBON
    [last_name] => MICULOB
    [civil_status] => Single
    [mother_maiden_name] => ROSALIA LUZANO
    [first_name] => RICHARD
    [religion] => Catholic
    [occupation] => None
    [middle_name] => VICTOR
    [name_extension] => 
    [age] => 0
    [birthdate] => 2026-03-24
    [birthplace] => CAMIGUIN GENERAL HOSPITAL
    [sex] => Male
    [monthly_income] => 0
    [id_card_presented] => 12345678
    [id_card_number] => 12345678
    [contact_number] => 09273532291
    [alternate_number] => 09273532291
    [house_no] => 123
    [street] => Purok 3a Camiguin
    [subdivision] => 
    [permanent_barangay] => Bonbon
    [permanent_city] => Catarman
    [permanent_province] => Camiguin
    [zip_code] => 9104
    [is_4ps_beneficiary] => 1
    [vulnerable_older_persons] => 1
    [vulnerable_pregnant] => 1
    [vulnerable_lactating] => 1
    [vulnerable_pwd] => 1
    [ownership_status] => Owner
    [shelter_damage] => No Damage
    [registration_date] => 2026-03-24
    [barangay_captain_name] => RICHARD VICTOR MICULOB
    [lswdo_name] => RICHARD VICTOR MICULOB
    [data_privacy_consent] => 1
    [family_members] => Array
        (
            [0] => Array
                (
                    [name] => RICHARD MICULOB
                    [relation] => Son
                    [birthdate] => 2026-03-24
                    [age] => 0
                    [sex] => Male
                    [education] => CPSC
                    [occupation] => None
                    [remarks] => 
                    [status] => active
                )

        )

)

DEBUG - 2026-03-24 10:06:14 --> Inserted resident ID: 55, Name: RICHARD MICULOB
DEBUG - 2026-03-24 10:06:14 --> Inserted family member: RICHARD MICULOB
DEBUG - 2026-03-24 10:06:14 --> Import completed. Imported: 1, Errors: 0
DEBUG - 2026-03-24 10:06:15 --> Session: Class initialized using 'CodeIgniter\Session\Handlers\FileHandler' driver.
DEBUG - 2026-03-24 10:06:17 --> Session: Class initialized using 'CodeIgniter\Session\Handlers\FileHandler' driver.
DEBUG - 2026-03-24 10:06:17 --> Family members with file check: Array
(
    [0] => Array
        (
            [id] => 107
            [resident_id] => 55
            [member_id] => 0001-01
            [name] => RICHARD MICULOB
            [relation] => Son
            [birthdate] => 2026-03-24
            [age] => 0
            [sex] => Male
            [education] => CPSC
            [occupation] => None
            [remarks] => 
            [photo] => 
            [id_photo_front] => 
            [id_photo_back] => 
            [birth_certificate] => 
            [qr_code_token] => dae6b93ac8958edaecb16303b5e483f1
            [qr_code_id] => 
            [status] => active
            [created_at] => 2026-03-24 10:06:14
            [updated_at] => 2026-03-24 10:06:14
        )

)

DEBUG - 2026-03-24 10:10:56 --> Session: Class initialized using 'CodeIgniter\Session\Handlers\FileHandler' driver.
DEBUG - 2026-03-24 10:10:59 --> Session: Class initialized using 'CodeIgniter\Session\Handlers\FileHandler' driver.
DEBUG - 2026-03-24 10:10:59 --> Session: Class initialized using 'CodeIgniter\Session\Handlers\FileHandler' driver.
DEBUG - 2026-03-24 10:11:02 --> Session: Class initialized using 'CodeIgniter\Session\Handlers\FileHandler' driver.
DEBUG - 2026-03-24 10:11:05 --> Session: Class initialized using 'CodeIgniter\Session\Handlers\FileHandler' driver.
DEBUG - 2026-03-24 10:11:06 --> Session: Class initialized using 'CodeIgniter\Session\Handlers\FileHandler' driver.
DEBUG - 2026-03-24 10:11:10 --> Session: Class initialized using 'CodeIgniter\Session\Handlers\FileHandler' driver.
DEBUG - 2026-03-24 10:11:10 --> Excel import - Total rows: 26
DEBUG - 2026-03-24 10:11:10 --> Excel import - First 10 rows: Array
(
    [0] => Array
        (
            [0] => DSWD Logo
            [1] => 
            [2] => Republic of the Philippines
            [3] => 
            [4] => 
            [5] => 
            [6] => 
            [7] => 
            [8] => 
            [9] => 
            [10] => 
            [11] => 
            [12] => 
            [13] => THIS CARD IS NOT FOR SALE
            [14] => 
            [15] => 
        )

    [1] => Array
        (
            [0] => 
            [1] => 
            [2] => Department of Social Welfare and Development
            [3] => 
            [4] => 
            [5] => 
            [6] => 
            [7] => 
            [8] => 
            [9] => 
            [10] => 
            [11] => 
            [12] => 
            [13] => BENEFICIARY'S COPY
            [14] => 
            [15] => 
        )

    [2] => Array
        (
            [0] => 
            [1] => 
            [2] => FAMILY ASSISTANCE CARD IN EMERGENCIES AND DISASTERS (FACED)
            [3] => 
            [4] => 
            [5] => 
            [6] => 
            [7] => 
            [8] => 
            [9] => 
            [10] => 
            [11] => 
            [12] => 
            [13] => SERIAL NUMBER: 0001
            [14] => 
            [15] => 
        )

    [3] => Array
        (
            [0] => LOCATION OF THE AFFECTED FAMILY
            [1] => 
            [2] => 
            [3] => 
            [4] => 
            [5] => 
            [6] => 
            [7] => 
            [8] => 
            [9] => 
            [10] => 
            [11] => 
            [12] => 
            [13] => 
            [14] => 
            [15] => 
        )

    [4] => Array
        (
            [0] => 1. REGION
REGION 10
            [1] => 
            [2] => 
            [3] => 2. PROVINCE
CAMIGUIN
            [4] => 
            [5] => 
            [6] => 3. DISTRICT
CATARMAN
            [7] => 
            [8] => 
            [9] => 4. CITY/MUNICIPALITY
CATARMAN
            [10] => 
            [11] => 
            [12] => 5. BARANGAY
BONBON
            [13] => 
            [14] => 6. EVACUATION CENTER/SITE
BONBON
            [15] => 
        )

    [5] => Array
        (
            [0] => 
            [1] => 
            [2] => 
            [3] => 
            [4] => 
            [5] => 
            [6] => 
            [7] => 
            [8] => 
            [9] => 
            [10] => 
            [11] => 
            [12] => 
            [13] => 
            [14] => 
            [15] => 
        )

    [6] => Array
        (
            [0] => HEAD OF THE FAMILY
            [1] => 
            [2] => 
            [3] => 
            [4] => 
            [5] => 
            [6] => 
            [7] => 
            [8] => 
            [9] => 
            [10] => 
            [11] => 
            [12] => 
            [13] => 
            [14] => 
            [15] => 
        )

    [7] => Array
        (
            [0] => 7. LAST NAME
MICULOB
            [1] => 
            [2] => 
            [3] => 
            [4] => 15. CIVIL STATUS
SINGLE
            [5] => 
            [6] => 
            [7] => 
            [8] => 16. MOTHER'S MAIDEN NAME
ROSALIA LUZANO
            [9] => 
            [10] => 
            [11] => 
            [12] => 
            [13] => 
            [14] => 
            [15] => 
        )

    [8] => Array
        (
            [0] => 8. FIRST NAME
RICHARD
            [1] => 
            [2] => 
            [3] => 
            [4] => 17. RELIGION
CATHOLIC
            [5] => 
            [6] => 
            [7] => 
            [8] => 18. OCCUPATION
NONE
            [9] => 
            [10] => 
            [11] => 
            [12] => 
            [13] => 
            [14] => 
            [15] => 
        )

    [9] => Array
        (
            [0] => 9. MIDDLE NAME
VICTOR
            [1] => 
            [2] => 
            [3] => 
            [4] => 10. NAME EXT.
            [5] => 
            [6] => 
            [7] => 
            [8] => 11. BIRTHDATE
03-24-2026
            [9] => 
            [10] => 
            [11] => 
            [12] => 12. AGE
0
            [13] => 
            [14] => 
            [15] => 
        )

)

DEBUG - 2026-03-24 10:11:10 --> Checking row 0: Array
(
    [0] => DSWD Logo
    [1] => 
    [2] => Republic of the Philippines
    [3] => 
    [4] => 
    [5] => 
    [6] => 
    [7] => 
    [8] => 
    [9] => 
    [10] => 
    [11] => 
    [12] => 
    [13] => THIS CARD IS NOT FOR SALE
    [14] => 
    [15] => 
)

DEBUG - 2026-03-24 10:11:10 --> Checking row 1: Array
(
    [0] => 
    [1] => 
    [2] => Department of Social Welfare and Development
    [3] => 
    [4] => 
    [5] => 
    [6] => 
    [7] => 
    [8] => 
    [9] => 
    [10] => 
    [11] => 
    [12] => 
    [13] => BENEFICIARY'S COPY
    [14] => 
    [15] => 
)

DEBUG - 2026-03-24 10:11:10 --> Checking row 2: Array
(
    [0] => 
    [1] => 
    [2] => FAMILY ASSISTANCE CARD IN EMERGENCIES AND DISASTERS (FACED)
    [3] => 
    [4] => 
    [5] => 
    [6] => 
    [7] => 
    [8] => 
    [9] => 
    [10] => 
    [11] => 
    [12] => 
    [13] => SERIAL NUMBER: 0001
    [14] => 
    [15] => 
)

DEBUG - 2026-03-24 10:11:10 --> Checking row 3: Array
(
    [0] => LOCATION OF THE AFFECTED FAMILY
    [1] => 
    [2] => 
    [3] => 
    [4] => 
    [5] => 
    [6] => 
    [7] => 
    [8] => 
    [9] => 
    [10] => 
    [11] => 
    [12] => 
    [13] => 
    [14] => 
    [15] => 
)

DEBUG - 2026-03-24 10:11:10 --> Checking row 4: Array
(
    [0] => 1. REGION
REGION 10
    [1] => 
    [2] => 
    [3] => 2. PROVINCE
CAMIGUIN
    [4] => 
    [5] => 
    [6] => 3. DISTRICT
CATARMAN
    [7] => 
    [8] => 
    [9] => 4. CITY/MUNICIPALITY
CATARMAN
    [10] => 
    [11] => 
    [12] => 5. BARANGAY
BONBON
    [13] => 
    [14] => 6. EVACUATION CENTER/SITE
BONBON
    [15] => 
)

DEBUG - 2026-03-24 10:11:10 --> Checking row 5: Array
(
    [0] => 
    [1] => 
    [2] => 
    [3] => 
    [4] => 
    [5] => 
    [6] => 
    [7] => 
    [8] => 
    [9] => 
    [10] => 
    [11] => 
    [12] => 
    [13] => 
    [14] => 
    [15] => 
)

DEBUG - 2026-03-24 10:11:10 --> Checking row 6: Array
(
    [0] => HEAD OF THE FAMILY
    [1] => 
    [2] => 
    [3] => 
    [4] => 
    [5] => 
    [6] => 
    [7] => 
    [8] => 
    [9] => 
    [10] => 
    [11] => 
    [12] => 
    [13] => 
    [14] => 
    [15] => 
)

DEBUG - 2026-03-24 10:11:10 --> Found 'HEAD OF THE FAMILY' at row 6, column 0
DEBUG - 2026-03-24 10:11:10 --> parseFacedCard called with startRow: 6
DEBUG - 2026-03-24 10:11:10 --> Found household_no: 0001
DEBUG - 2026-03-24 10:11:10 --> Family header at row 15 → data from 16
DEBUG - 2026-03-24 10:11:10 --> Family member: RICHARD MICULOB
DEBUG - 2026-03-24 10:11:10 --> Parsed: RICHARD MICULOB | HH#: 0001 | Members: 1
DEBUG - 2026-03-24 10:11:10 --> Parsed resident data: Array
(
    [household_no] => 0001
    [region] => REGION 10
    [province] => CAMIGUIN
    [district] => CATARMAN
    [city_municipality] => CATARMAN
    [barangay] => BONBON
    [evacuation_center] => BONBON
    [last_name] => MICULOB
    [civil_status] => Single
    [mother_maiden_name] => ROSALIA LUZANO
    [first_name] => RICHARD
    [religion] => Catholic
    [occupation] => None
    [middle_name] => VICTOR
    [name_extension] => 
    [age] => 0
    [birthdate] => 2026-03-24
    [birthplace] => CAMIGUIN GENERAL HOSPITAL
    [sex] => Male
    [monthly_income] => 0
    [id_card_presented] => 12345678
    [id_card_number] => 12345678
    [contact_number] => 09273532291
    [alternate_number] => 09273532291
    [house_no] => 123
    [street] => Purok 3a
    [subdivision] => Camiguin
    [permanent_barangay] => Bonbon
    [permanent_city] => Catarman
    [permanent_province] => Camiguin
    [zip_code] => 9104
    [is_4ps_beneficiary] => 1
    [vulnerable_older_persons] => 1
    [vulnerable_pregnant] => 1
    [vulnerable_lactating] => 1
    [vulnerable_pwd] => 1
    [ownership_status] => Owner
    [shelter_damage] => No Damage
    [registration_date] => 2026-03-24
    [barangay_captain_name] => RICHARD VICTOR MICULOB
    [lswdo_name] => RICHARD VICTOR MICULOB
    [data_privacy_consent] => 1
    [family_members] => Array
        (
            [0] => Array
                (
                    [name] => RICHARD MICULOB
                    [relation] => Son
                    [birthdate] => 2026-03-24
                    [age] => 0
                    [sex] => Male
                    [education] => CPSC
                    [occupation] => None
                    [remarks] => 
                    [status] => active
                )

        )

)

DEBUG - 2026-03-24 10:11:10 --> Inserted resident ID: 56, Name: RICHARD MICULOB
DEBUG - 2026-03-24 10:11:10 --> Inserted family member: RICHARD MICULOB
DEBUG - 2026-03-24 10:11:10 --> Import completed. Imported: 1, Errors: 0
DEBUG - 2026-03-24 10:11:10 --> Session: Class initialized using 'CodeIgniter\Session\Handlers\FileHandler' driver.
DEBUG - 2026-03-24 10:11:12 --> Session: Class initialized using 'CodeIgniter\Session\Handlers\FileHandler' driver.
DEBUG - 2026-03-24 10:11:12 --> Family members with file check: Array
(
    [0] => Array
        (
            [id] => 108
            [resident_id] => 56
            [member_id] => 0001-01
            [name] => RICHARD MICULOB
            [relation] => Son
            [birthdate] => 2026-03-24
            [age] => 0
            [sex] => Male
            [education] => CPSC
            [occupation] => None
            [remarks] => 
            [photo] => 
            [id_photo_front] => 
            [id_photo_back] => 
            [birth_certificate] => 
            [qr_code_token] => 8b37b947235a09feaa04feff24d4b336
            [qr_code_id] => 
            [status] => active
            [created_at] => 2026-03-24 10:11:10
            [updated_at] => 2026-03-24 10:11:10
        )

)

DEBUG - 2026-03-24 10:14:53 --> Session: Class initialized using 'CodeIgniter\Session\Handlers\FileHandler' driver.
DEBUG - 2026-03-24 10:15:07 --> Session: Class initialized using 'CodeIgniter\Session\Handlers\FileHandler' driver.
DEBUG - 2026-03-24 10:15:07 --> Session: Class initialized using 'CodeIgniter\Session\Handlers\FileHandler' driver.
DEBUG - 2026-03-24 10:15:16 --> Session: Class initialized using 'CodeIgniter\Session\Handlers\FileHandler' driver.
DEBUG - 2026-03-24 10:16:10 --> Session: Class initialized using 'CodeIgniter\Session\Handlers\FileHandler' driver.
DEBUG - 2026-03-24 10:16:10 --> Session: Class initialized using 'CodeIgniter\Session\Handlers\FileHandler' driver.
DEBUG - 2026-03-24 10:17:21 --> Session: Class initialized using 'CodeIgniter\Session\Handlers\FileHandler' driver.
DEBUG - 2026-03-24 10:17:21 --> Session: Class initialized using 'CodeIgniter\Session\Handlers\FileHandler' driver.
DEBUG - 2026-03-24 10:17:23 --> Session: Class initialized using 'CodeIgniter\Session\Handlers\FileHandler' driver.
DEBUG - 2026-03-24 10:17:40 --> Session: Class initialized using 'CodeIgniter\Session\Handlers\FileHandler' driver.
DEBUG - 2026-03-24 10:17:53 --> Session: Class initialized using 'CodeIgniter\Session\Handlers\FileHandler' driver.
DEBUG - 2026-03-24 10:18:07 --> Session: Class initialized using 'CodeIgniter\Session\Handlers\FileHandler' driver.
DEBUG - 2026-03-24 10:18:08 --> Session: Class initialized using 'CodeIgniter\Session\Handlers\FileHandler' driver.
DEBUG - 2026-03-24 10:18:59 --> Session: Class initialized using 'CodeIgniter\Session\Handlers\FileHandler' driver.
DEBUG - 2026-03-24 10:19:00 --> Session: Class initialized using 'CodeIgniter\Session\Handlers\FileHandler' driver.
DEBUG - 2026-03-24 10:19:30 --> Session: Class initialized using 'CodeIgniter\Session\Handlers\FileHandler' driver.
DEBUG - 2026-03-24 10:19:35 --> Session: Class initialized using 'CodeIgniter\Session\Handlers\FileHandler' driver.
DEBUG - 2026-03-24 10:19:36 --> Session: Class initialized using 'CodeIgniter\Session\Handlers\FileHandler' driver.
DEBUG - 2026-03-24 10:19:36 --> Session: Class initialized using 'CodeIgniter\Session\Handlers\FileHandler' driver.
DEBUG - 2026-03-24 10:19:40 --> Session: Class initialized using 'CodeIgniter\Session\Handlers\FileHandler' driver.
DEBUG - 2026-03-24 10:19:41 --> Excel import - Total rows: 26
DEBUG - 2026-03-24 10:19:41 --> Excel import - First 10 rows: Array
(
    [0] => Array
        (
            [0] => DSWD Logo
            [1] => 
            [2] => Republic of the Philippines
            [3] => 
            [4] => 
            [5] => 
            [6] => 
            [7] => 
            [8] => 
            [9] => 
            [10] => 
            [11] => 
            [12] => 
            [13] => THIS CARD IS NOT FOR SALE
            [14] => 
            [15] => 
        )

    [1] => Array
        (
            [0] => 
            [1] => 
            [2] => Department of Social Welfare and Development
            [3] => 
            [4] => 
            [5] => 
            [6] => 
            [7] => 
            [8] => 
            [9] => 
            [10] => 
            [11] => 
            [12] => 
            [13] => BENEFICIARY'S COPY
            [14] => 
            [15] => 
        )

    [2] => Array
        (
            [0] => 
            [1] => 
            [2] => FAMILY ASSISTANCE CARD IN EMERGENCIES AND DISASTERS (FACED)
            [3] => 
            [4] => 
            [5] => 
            [6] => 
            [7] => 
            [8] => 
            [9] => 
            [10] => 
            [11] => 
            [12] => 
            [13] => SERIAL NUMBER: 0001
            [14] => 
            [15] => 
        )

    [3] => Array
        (
            [0] => LOCATION OF THE AFFECTED FAMILY
            [1] => 
            [2] => 
            [3] => 
            [4] => 
            [5] => 
            [6] => 
            [7] => 
            [8] => 
            [9] => 
            [10] => 
            [11] => 
            [12] => 
            [13] => 
            [14] => 
            [15] => 
        )

    [4] => Array
        (
            [0] => 1. REGION
REGION 10
            [1] => 
            [2] => 
            [3] => 2. PROVINCE
CAMIGUIN
            [4] => 
            [5] => 
            [6] => 3. DISTRICT

            [7] => 
            [8] => 
            [9] => 4. CITY/MUNICIPALITY
CATARMAN
            [10] => 
            [11] => 
            [12] => 5. BARANGAY
BONBON
            [13] => 
            [14] => 6. EVACUATION CENTER/SITE
BONBON
            [15] => 
        )

    [5] => Array
        (
            [0] => 
            [1] => 
            [2] => 
            [3] => 
            [4] => 
            [5] => 
            [6] => 
            [7] => 
            [8] => 
            [9] => 
            [10] => 
            [11] => 
            [12] => 
            [13] => 
            [14] => 
            [15] => 
        )

    [6] => Array
        (
            [0] => HEAD OF THE FAMILY
            [1] => 
            [2] => 
            [3] => 
            [4] => 
            [5] => 
            [6] => 
            [7] => 
            [8] => 
            [9] => 
            [10] => 
            [11] => 
            [12] => 
            [13] => 
            [14] => 
            [15] => 
        )

    [7] => Array
        (
            [0] => 7. LAST NAME
MICULOB
            [1] => 
            [2] => 
            [3] => 
            [4] => 15. CIVIL STATUS
SINGLE
            [5] => 
            [6] => 
            [7] => 
            [8] => 16. MOTHER'S MAIDEN NAME
ROSALIA LUZANO
            [9] => 
            [10] => 
            [11] => 
            [12] => 
            [13] => 
            [14] => 
            [15] => 
        )

    [8] => Array
        (
            [0] => 8. FIRST NAME
RICHARD
            [1] => 
            [2] => 
            [3] => 
            [4] => 17. RELIGION
CATHOLIC
            [5] => 
            [6] => 
            [7] => 
            [8] => 18. OCCUPATION
NONE
            [9] => 
            [10] => 
            [11] => 
            [12] => 
            [13] => 
            [14] => 
            [15] => 
        )

    [9] => Array
        (
            [0] => 9. MIDDLE NAME
VICTOR
            [1] => 
            [2] => 
            [3] => 
            [4] => 10. NAME EXT.
            [5] => 
            [6] => 
            [7] => 
            [8] => 11. BIRTHDATE
03-24-2026
            [9] => 
            [10] => 
            [11] => 
            [12] => 12. AGE
0
            [13] => 
            [14] => 
            [15] => 
        )

)

DEBUG - 2026-03-24 10:19:41 --> Checking row 0: Array
(
    [0] => DSWD Logo
    [1] => 
    [2] => Republic of the Philippines
    [3] => 
    [4] => 
    [5] => 
    [6] => 
    [7] => 
    [8] => 
    [9] => 
    [10] => 
    [11] => 
    [12] => 
    [13] => THIS CARD IS NOT FOR SALE
    [14] => 
    [15] => 
)

DEBUG - 2026-03-24 10:19:41 --> Checking row 1: Array
(
    [0] => 
    [1] => 
    [2] => Department of Social Welfare and Development
    [3] => 
    [4] => 
    [5] => 
    [6] => 
    [7] => 
    [8] => 
    [9] => 
    [10] => 
    [11] => 
    [12] => 
    [13] => BENEFICIARY'S COPY
    [14] => 
    [15] => 
)

DEBUG - 2026-03-24 10:19:41 --> Checking row 2: Array
(
    [0] => 
    [1] => 
    [2] => FAMILY ASSISTANCE CARD IN EMERGENCIES AND DISASTERS (FACED)
    [3] => 
    [4] => 
    [5] => 
    [6] => 
    [7] => 
    [8] => 
    [9] => 
    [10] => 
    [11] => 
    [12] => 
    [13] => SERIAL NUMBER: 0001
    [14] => 
    [15] => 
)

DEBUG - 2026-03-24 10:19:41 --> Checking row 3: Array
(
    [0] => LOCATION OF THE AFFECTED FAMILY
    [1] => 
    [2] => 
    [3] => 
    [4] => 
    [5] => 
    [6] => 
    [7] => 
    [8] => 
    [9] => 
    [10] => 
    [11] => 
    [12] => 
    [13] => 
    [14] => 
    [15] => 
)

DEBUG - 2026-03-24 10:19:41 --> Checking row 4: Array
(
    [0] => 1. REGION
REGION 10
    [1] => 
    [2] => 
    [3] => 2. PROVINCE
CAMIGUIN
    [4] => 
    [5] => 
    [6] => 3. DISTRICT

    [7] => 
    [8] => 
    [9] => 4. CITY/MUNICIPALITY
CATARMAN
    [10] => 
    [11] => 
    [12] => 5. BARANGAY
BONBON
    [13] => 
    [14] => 6. EVACUATION CENTER/SITE
BONBON
    [15] => 
)

DEBUG - 2026-03-24 10:19:41 --> Checking row 5: Array
(
    [0] => 
    [1] => 
    [2] => 
    [3] => 
    [4] => 
    [5] => 
    [6] => 
    [7] => 
    [8] => 
    [9] => 
    [10] => 
    [11] => 
    [12] => 
    [13] => 
    [14] => 
    [15] => 
)

DEBUG - 2026-03-24 10:19:41 --> Checking row 6: Array
(
    [0] => HEAD OF THE FAMILY
    [1] => 
    [2] => 
    [3] => 
    [4] => 
    [5] => 
    [6] => 
    [7] => 
    [8] => 
    [9] => 
    [10] => 
    [11] => 
    [12] => 
    [13] => 
    [14] => 
    [15] => 
)

DEBUG - 2026-03-24 10:19:41 --> Found 'HEAD OF THE FAMILY' at row 6, column 0
DEBUG - 2026-03-24 10:19:41 --> parseFacedCard called with startRow: 6
DEBUG - 2026-03-24 10:19:41 --> Found household_no: 0001
DEBUG - 2026-03-24 10:19:41 --> Family header at row 15 → data from 16
DEBUG - 2026-03-24 10:19:41 --> Family member: RICHARD MICULOB
DEBUG - 2026-03-24 10:19:41 --> Parsed: RICHARD MICULOB | HH#: 0001 | Members: 1
DEBUG - 2026-03-24 10:19:41 --> Parsed resident data: Array
(
    [household_no] => 0001
    [region] => REGION 10
    [province] => CAMIGUIN
    [district] => 
    [city_municipality] => CATARMAN
    [barangay] => BONBON
    [evacuation_center] => BONBON
    [last_name] => MICULOB
    [civil_status] => Single
    [mother_maiden_name] => ROSALIA LUZANO
    [first_name] => RICHARD
    [religion] => Catholic
    [occupation] => None
    [middle_name] => VICTOR
    [name_extension] => 
    [age] => 0
    [birthdate] => 2026-03-24
    [birthplace] => CAMIGUIN GENERAL HOSPITAL
    [sex] => Male
    [monthly_income] => 0
    [id_card_presented] => 12345678
    [id_card_number] => 12345678
    [contact_number] => 09273532291
    [alternate_number] => 09273532291
    [house_no] => 123
    [street] => Purok
    [subdivision] => 3a
    [permanent_barangay] => Bonbon
    [permanent_city] => Catarman
    [permanent_province] => Camiguin
    [zip_code] => 9104
    [is_4ps_beneficiary] => 1
    [vulnerable_older_persons] => 0
    [vulnerable_pregnant] => 0
    [vulnerable_lactating] => 0
    [vulnerable_pwd] => 0
    [ownership_status] => Owner
    [shelter_damage] => No Damage
    [registration_date] => 2026-03-24
    [barangay_captain_name] => RICHARD VICTOR MICULOB
    [lswdo_name] => RICHARD VICTOR MICULOB
    [data_privacy_consent] => 1
    [family_members] => Array
        (
            [0] => Array
                (
                    [name] => RICHARD MICULOB
                    [relation] => Son
                    [birthdate] => 2026-03-24
                    [age] => 0
                    [sex] => Male
                    [education] => 
                    [occupation] => 
                    [remarks] => 
                    [status] => active
                )

        )

)

DEBUG - 2026-03-24 10:19:41 --> Inserted resident ID: 59, Name: RICHARD MICULOB
DEBUG - 2026-03-24 10:19:41 --> Inserted family member: RICHARD MICULOB
DEBUG - 2026-03-24 10:19:41 --> Import completed. Imported: 1, Errors: 0
DEBUG - 2026-03-24 10:19:41 --> Session: Class initialized using 'CodeIgniter\Session\Handlers\FileHandler' driver.
DEBUG - 2026-03-24 10:20:15 --> Session: Class initialized using 'CodeIgniter\Session\Handlers\FileHandler' driver.
DEBUG - 2026-03-24 10:20:20 --> Session: Class initialized using 'CodeIgniter\Session\Handlers\FileHandler' driver.
DEBUG - 2026-03-24 10:20:21 --> Session: Class initialized using 'CodeIgniter\Session\Handlers\FileHandler' driver.
DEBUG - 2026-03-24 10:20:21 --> Session: Class initialized using 'CodeIgniter\Session\Handlers\FileHandler' driver.
DEBUG - 2026-03-24 10:20:22 --> Session: Class initialized using 'CodeIgniter\Session\Handlers\FileHandler' driver.
DEBUG - 2026-03-24 10:20:22 --> Session: Class initialized using 'CodeIgniter\Session\Handlers\FileHandler' driver.
DEBUG - 2026-03-24 10:20:30 --> Session: Class initialized using 'CodeIgniter\Session\Handlers\FileHandler' driver.
DEBUG - 2026-03-24 10:20:35 --> Session: Class initialized using 'CodeIgniter\Session\Handlers\FileHandler' driver.
DEBUG - 2026-03-24 10:20:48 --> Session: Class initialized using 'CodeIgniter\Session\Handlers\FileHandler' driver.
DEBUG - 2026-03-24 10:20:54 --> Session: Class initialized using 'CodeIgniter\Session\Handlers\FileHandler' driver.
DEBUG - 2026-03-24 10:20:54 --> Session: Class initialized using 'CodeIgniter\Session\Handlers\FileHandler' driver.
DEBUG - 2026-03-24 10:20:55 --> Session: Class initialized using 'CodeIgniter\Session\Handlers\FileHandler' driver.
DEBUG - 2026-03-24 13:09:54 --> Session: Class initialized using 'CodeIgniter\Session\Handlers\FileHandler' driver.
DEBUG - 2026-03-24 13:09:55 --> Session: Class initialized using 'CodeIgniter\Session\Handlers\FileHandler' driver.
DEBUG - 2026-03-24 13:10:43 --> Session: Class initialized using 'CodeIgniter\Session\Handlers\FileHandler' driver.
DEBUG - 2026-03-24 13:10:44 --> Session: Class initialized using 'CodeIgniter\Session\Handlers\FileHandler' driver.
DEBUG - 2026-03-24 13:10:59 --> Session: Class initialized using 'CodeIgniter\Session\Handlers\FileHandler' driver.
DEBUG - 2026-03-24 13:11:06 --> Session: Class initialized using 'CodeIgniter\Session\Handlers\FileHandler' driver.
DEBUG - 2026-03-24 13:11:07 --> Session: Class initialized using 'CodeIgniter\Session\Handlers\FileHandler' driver.
DEBUG - 2026-03-24 13:11:11 --> Session: Class initialized using 'CodeIgniter\Session\Handlers\FileHandler' driver.
DEBUG - 2026-03-24 13:23:21 --> Session: Class initialized using 'CodeIgniter\Session\Handlers\FileHandler' driver.
DEBUG - 2026-03-24 13:23:24 --> Session: Class initialized using 'CodeIgniter\Session\Handlers\FileHandler' driver.
DEBUG - 2026-03-24 13:23:29 --> Session: Class initialized using 'CodeIgniter\Session\Handlers\FileHandler' driver.
DEBUG - 2026-03-24 13:23:32 --> Session: Class initialized using 'CodeIgniter\Session\Handlers\FileHandler' driver.
DEBUG - 2026-03-24 13:23:36 --> Session: Class initialized using 'CodeIgniter\Session\Handlers\FileHandler' driver.
DEBUG - 2026-03-24 13:25:06 --> Session: Class initialized using 'CodeIgniter\Session\Handlers\FileHandler' driver.
DEBUG - 2026-03-24 13:25:07 --> Session: Class initialized using 'CodeIgniter\Session\Handlers\FileHandler' driver.
DEBUG - 2026-03-24 13:26:44 --> Session: Class initialized using 'CodeIgniter\Session\Handlers\FileHandler' driver.
DEBUG - 2026-03-24 13:32:38 --> Session: Class initialized using 'CodeIgniter\Session\Handlers\FileHandler' driver.
DEBUG - 2026-03-24 13:32:42 --> Session: Class initialized using 'CodeIgniter\Session\Handlers\FileHandler' driver.
DEBUG - 2026-03-24 13:32:42 --> Session: Class initialized using 'CodeIgniter\Session\Handlers\FileHandler' driver.
DEBUG - 2026-03-24 13:32:45 --> Session: Class initialized using 'CodeIgniter\Session\Handlers\FileHandler' driver.
DEBUG - 2026-03-24 13:32:54 --> Session: Class initialized using 'CodeIgniter\Session\Handlers\FileHandler' driver.
DEBUG - 2026-03-24 13:32:55 --> Excel import - Total rows: 56
DEBUG - 2026-03-24 13:32:55 --> Excel import - First 10 rows: Array
(
    [0] => Array
        (
            [0] => DSWD Logo
            [1] => 
            [2] => Republic of the Philippines
            [3] => 
            [4] => 
            [5] => 
            [6] => 
            [7] => 
            [8] => 
            [9] => 
            [10] => 
            [11] => 
            [12] => 
            [13] => THIS CARD IS NOT FOR SALE
            [14] => 
            [15] => 
        )

    [1] => Array
        (
            [0] => 
            [1] => 
            [2] => Department of Social Welfare and Development
            [3] => 
            [4] => 
            [5] => 
            [6] => 
            [7] => 
            [8] => 
            [9] => 
            [10] => 
            [11] => 
            [12] => 
            [13] => BENEFICIARY'S COPY
            [14] => 
            [15] => 
        )

    [2] => Array
        (
            [0] => 
            [1] => 
            [2] => FAMILY ASSISTANCE CARD IN EMERGENCIES AND DISASTERS (FACED)
            [3] => 
            [4] => 
            [5] => 
            [6] => 
            [7] => 
            [8] => 
            [9] => 
            [10] => 
            [11] => 
            [12] => 
            [13] => SERIAL NUMBER: 0001
            [14] => 
            [15] => 
        )

    [3] => Array
        (
            [0] => LOCATION OF THE AFFECTED FAMILY
            [1] => 
            [2] => 
            [3] => 
            [4] => 
            [5] => 
            [6] => 
            [7] => 
            [8] => 
            [9] => 
            [10] => 
            [11] => 
            [12] => 
            [13] => 
            [14] => 
            [15] => 
        )

    [4] => Array
        (
            [0] => 1. REGION
REGION 10
            [1] => 
            [2] => 
            [3] => 2. PROVINCE
CAMIGUIN
            [4] => 
            [5] => 
            [6] => 3. DISTRICT

            [7] => 
            [8] => 
            [9] => 4. CITY/MUNICIPALITY
CATARMAN
            [10] => 
            [11] => 
            [12] => 5. BARANGAY
BONBON
            [13] => 
            [14] => 6. EVACUATION CENTER/SITE
BONBON
            [15] => 
        )

    [5] => Array
        (
            [0] => 
            [1] => 
            [2] => 
            [3] => 
            [4] => 
            [5] => 
            [6] => 
            [7] => 
            [8] => 
            [9] => 
            [10] => 
            [11] => 
            [12] => 
            [13] => 
            [14] => 
            [15] => 
        )

    [6] => Array
        (
            [0] => HEAD OF THE FAMILY
            [1] => 
            [2] => 
            [3] => 
            [4] => 
            [5] => 
            [6] => 
            [7] => 
            [8] => 
            [9] => 
            [10] => 
            [11] => 
            [12] => 
            [13] => 
            [14] => 
            [15] => 
        )

    [7] => Array
        (
            [0] => 7. LAST NAME
MICULOB
            [1] => 
            [2] => 
            [3] => 
            [4] => 15. CIVIL STATUS
SINGLE
            [5] => 
            [6] => 
            [7] => 
            [8] => 16. MOTHER'S MAIDEN NAME
ROSALIA LUZANO
            [9] => 
            [10] => 
            [11] => 
            [12] => 
            [13] => 
            [14] => 
            [15] => 
        )

    [8] => Array
        (
            [0] => 8. FIRST NAME
RICHARD
            [1] => 
            [2] => 
            [3] => 
            [4] => 17. RELIGION
CATHOLIC
            [5] => 
            [6] => 
            [7] => 
            [8] => 18. OCCUPATION
NONE
            [9] => 
            [10] => 
            [11] => 
            [12] => 
            [13] => 
            [14] => 
            [15] => 
        )

    [9] => Array
        (
            [0] => 9. MIDDLE NAME
VICTOR
            [1] => 
            [2] => 
            [3] => 
            [4] => 10. NAME EXT.
            [5] => 
            [6] => 
            [7] => 
            [8] => 11. BIRTHDATE
03-24-2026
            [9] => 
            [10] => 
            [11] => 
            [12] => 12. AGE
0
            [13] => 
            [14] => 
            [15] => 
        )

)

DEBUG - 2026-03-24 13:32:55 --> Checking row 0: Array
(
    [0] => DSWD Logo
    [1] => 
    [2] => Republic of the Philippines
    [3] => 
    [4] => 
    [5] => 
    [6] => 
    [7] => 
    [8] => 
    [9] => 
    [10] => 
    [11] => 
    [12] => 
    [13] => THIS CARD IS NOT FOR SALE
    [14] => 
    [15] => 
)

DEBUG - 2026-03-24 13:32:55 --> Checking row 1: Array
(
    [0] => 
    [1] => 
    [2] => Department of Social Welfare and Development
    [3] => 
    [4] => 
    [5] => 
    [6] => 
    [7] => 
    [8] => 
    [9] => 
    [10] => 
    [11] => 
    [12] => 
    [13] => BENEFICIARY'S COPY
    [14] => 
    [15] => 
)

DEBUG - 2026-03-24 13:32:55 --> Checking row 2: Array
(
    [0] => 
    [1] => 
    [2] => FAMILY ASSISTANCE CARD IN EMERGENCIES AND DISASTERS (FACED)
    [3] => 
    [4] => 
    [5] => 
    [6] => 
    [7] => 
    [8] => 
    [9] => 
    [10] => 
    [11] => 
    [12] => 
    [13] => SERIAL NUMBER: 0001
    [14] => 
    [15] => 
)

DEBUG - 2026-03-24 13:32:55 --> Checking row 3: Array
(
    [0] => LOCATION OF THE AFFECTED FAMILY
    [1] => 
    [2] => 
    [3] => 
    [4] => 
    [5] => 
    [6] => 
    [7] => 
    [8] => 
    [9] => 
    [10] => 
    [11] => 
    [12] => 
    [13] => 
    [14] => 
    [15] => 
)

DEBUG - 2026-03-24 13:32:55 --> Checking row 4: Array
(
    [0] => 1. REGION
REGION 10
    [1] => 
    [2] => 
    [3] => 2. PROVINCE
CAMIGUIN
    [4] => 
    [5] => 
    [6] => 3. DISTRICT

    [7] => 
    [8] => 
    [9] => 4. CITY/MUNICIPALITY
CATARMAN
    [10] => 
    [11] => 
    [12] => 5. BARANGAY
BONBON
    [13] => 
    [14] => 6. EVACUATION CENTER/SITE
BONBON
    [15] => 
)

DEBUG - 2026-03-24 13:32:55 --> Checking row 5: Array
(
    [0] => 
    [1] => 
    [2] => 
    [3] => 
    [4] => 
    [5] => 
    [6] => 
    [7] => 
    [8] => 
    [9] => 
    [10] => 
    [11] => 
    [12] => 
    [13] => 
    [14] => 
    [15] => 
)

DEBUG - 2026-03-24 13:32:55 --> Checking row 6: Array
(
    [0] => HEAD OF THE FAMILY
    [1] => 
    [2] => 
    [3] => 
    [4] => 
    [5] => 
    [6] => 
    [7] => 
    [8] => 
    [9] => 
    [10] => 
    [11] => 
    [12] => 
    [13] => 
    [14] => 
    [15] => 
)

DEBUG - 2026-03-24 13:32:55 --> Found 'HEAD OF THE FAMILY' at row 6, column 0
DEBUG - 2026-03-24 13:32:55 --> parseFacedCard called with startRow: 6
DEBUG - 2026-03-24 13:32:55 --> Found household_no: 0001
DEBUG - 2026-03-24 13:32:55 --> Family header at row 15 → data from 16
DEBUG - 2026-03-24 13:32:55 --> Family member: RICHARD MICULOB
DEBUG - 2026-03-24 13:32:55 --> Parsed: RICHARD MICULOB | HH#: 0001 | Members: 1
DEBUG - 2026-03-24 13:32:55 --> Parsed resident data: Array
(
    [household_no] => 0001
    [region] => REGION 10
    [province] => CAMIGUIN
    [district] => 
    [city_municipality] => CATARMAN
    [barangay] => BONBON
    [evacuation_center] => BONBON
    [last_name] => MICULOB
    [civil_status] => Single
    [mother_maiden_name] => ROSALIA LUZANO
    [first_name] => RICHARD
    [religion] => Catholic
    [occupation] => None
    [middle_name] => VICTOR
    [name_extension] => 
    [age] => 0
    [birthdate] => 2026-03-24
    [birthplace] => CAMIGUIN GENERAL HOSPITAL
    [sex] => Male
    [monthly_income] => 0
    [id_card_presented] => 12345678
    [id_card_number] => 12345678
    [contact_number] => 09273532291
    [alternate_number] => 09273532291
    [house_no] => 123
    [street] => Purok
    [subdivision] => 3a
    [permanent_barangay] => Bonbon
    [permanent_city] => Catarman
    [permanent_province] => Camiguin
    [zip_code] => 9104
    [is_4ps_beneficiary] => 1
    [vulnerable_older_persons] => 0
    [vulnerable_pregnant] => 0
    [vulnerable_lactating] => 0
    [vulnerable_pwd] => 0
    [ownership_status] => Owner
    [shelter_damage] => No Damage
    [registration_date] => 2026-03-24
    [barangay_captain_name] => RICHARD VICTOR MICULOB
    [lswdo_name] => RICHARD VICTOR MICULOB
    [data_privacy_consent] => 1
    [family_members] => Array
        (
            [0] => Array
                (
                    [name] => RICHARD MICULOB
                    [relation] => Son
                    [birthdate] => 2026-03-24
                    [age] => 0
                    [sex] => Male
                    [education] => 
                    [occupation] => 
                    [remarks] => 
                    [status] => active
                )

        )

)

DEBUG - 2026-03-24 13:32:55 --> Updating existing resident with household_no: 0001
DEBUG - 2026-03-24 13:32:55 --> Checking row 31: Array
(
    [0] => 
    [1] => 
    [2] => Department of Social Welfare and Development
    [3] => 
    [4] => 
    [5] => 
    [6] => 
    [7] => 
    [8] => 
    [9] => 
    [10] => 
    [11] => 
    [12] => 
    [13] => BENEFICIARY'S COPY
    [14] => 
    [15] => 
)

DEBUG - 2026-03-24 13:32:55 --> Checking row 32: Array
(
    [0] => 
    [1] => 
    [2] => FAMILY ASSISTANCE CARD IN EMERGENCIES AND DISASTERS (FACED)
    [3] => 
    [4] => 
    [5] => 
    [6] => 
    [7] => 
    [8] => 
    [9] => 
    [10] => 
    [11] => 
    [12] => 
    [13] => SERIAL NUMBER: 0002
    [14] => 
    [15] => 
)

DEBUG - 2026-03-24 13:32:55 --> Checking row 33: Array
(
    [0] => LOCATION OF THE AFFECTED FAMILY
    [1] => 
    [2] => 
    [3] => 
    [4] => 
    [5] => 
    [6] => 
    [7] => 
    [8] => 
    [9] => 
    [10] => 
    [11] => 
    [12] => 
    [13] => 
    [14] => 
    [15] => 
)

DEBUG - 2026-03-24 13:32:55 --> Checking row 34: Array
(
    [0] => 1. REGION
REGION 10
    [1] => 
    [2] => 
    [3] => 2. PROVINCE
CAMIGUIN
    [4] => 
    [5] => 
    [6] => 3. DISTRICT

    [7] => 
    [8] => 
    [9] => 4. CITY/MUNICIPALITY
CATARMAN
    [10] => 
    [11] => 
    [12] => 5. BARANGAY
BONBON
    [13] => 
    [14] => 6. EVACUATION CENTER/SITE
BONBON
    [15] => 
)

DEBUG - 2026-03-24 13:32:55 --> Checking row 35: Array
(
    [0] => 
    [1] => 
    [2] => 
    [3] => 
    [4] => 
    [5] => 
    [6] => 
    [7] => 
    [8] => 
    [9] => 
    [10] => 
    [11] => 
    [12] => 
    [13] => 
    [14] => 
    [15] => 
)

DEBUG - 2026-03-24 13:32:55 --> Checking row 36: Array
(
    [0] => HEAD OF THE FAMILY
    [1] => 
    [2] => 
    [3] => 
    [4] => 
    [5] => 
    [6] => 
    [7] => 
    [8] => 
    [9] => 
    [10] => 
    [11] => 
    [12] => 
    [13] => 
    [14] => 
    [15] => 
)

DEBUG - 2026-03-24 13:32:55 --> Found 'HEAD OF THE FAMILY' at row 36, column 0
DEBUG - 2026-03-24 13:32:55 --> parseFacedCard called with startRow: 36
DEBUG - 2026-03-24 13:32:55 --> Found household_no: 0002
DEBUG - 2026-03-24 13:32:55 --> Family header at row 45 → data from 46
DEBUG - 2026-03-24 13:32:55 --> Family member: RICHARD MICULOB
DEBUG - 2026-03-24 13:32:55 --> Parsed: RICHARD MICULOB | HH#: 0002 | Members: 1
DEBUG - 2026-03-24 13:32:55 --> Parsed resident data: Array
(
    [household_no] => 0002
    [region] => REGION 10
    [province] => CAMIGUIN
    [district] => 
    [city_municipality] => CATARMAN
    [barangay] => BONBON
    [evacuation_center] => BONBON
    [last_name] => MICULOB
    [civil_status] => Single
    [mother_maiden_name] => ROSALIA LUZANO
    [first_name] => RICHARD
    [religion] => Catholic
    [occupation] => None
    [middle_name] => VICTOR
    [name_extension] => 
    [age] => 0
    [birthdate] => 2026-03-24
    [birthplace] => CAMIGUIN GENERAL HOSPITAL
    [sex] => Male
    [monthly_income] => 0
    [id_card_presented] => 
    [id_card_number] => 
    [contact_number] => 09273532291
    [house_no] => 123
    [street] => Purok 3a
    [subdivision] => Camiguin
    [permanent_barangay] => Bonbon
    [permanent_city] => Catarman
    [permanent_province] => Camiguin
    [zip_code] => 9104
    [is_4ps_beneficiary] => 1
    [vulnerable_older_persons] => 0
    [vulnerable_pregnant] => 0
    [vulnerable_lactating] => 0
    [vulnerable_pwd] => 0
    [ownership_status] => Owner
    [shelter_damage] => No Damage
    [registration_date] => 2026-03-24
    [barangay_captain_name] => RICHARD VICTOR MICULOB
    [lswdo_name] => RICHARD VICTOR MICULOB
    [data_privacy_consent] => 1
    [family_members] => Array
        (
            [0] => Array
                (
                    [name] => RICHARD MICULOB
                    [relation] => Son
                    [birthdate] => 2026-03-24
                    [age] => 0
                    [sex] => Male
                    [education] => 
                    [occupation] => 
                    [remarks] => 
                    [status] => active
                )

        )

)

DEBUG - 2026-03-24 13:32:55 --> Import completed. Imported: 2, Errors: 0
DEBUG - 2026-03-24 13:32:55 --> Session: Class initialized using 'CodeIgniter\Session\Handlers\FileHandler' driver.
DEBUG - 2026-03-24 13:33:54 --> Session: Class initialized using 'CodeIgniter\Session\Handlers\FileHandler' driver.
DEBUG - 2026-03-24 13:33:54 --> Session: Class initialized using 'CodeIgniter\Session\Handlers\FileHandler' driver.
DEBUG - 2026-03-24 13:34:03 --> Session: Class initialized using 'CodeIgniter\Session\Handlers\FileHandler' driver.
DEBUG - 2026-03-24 13:34:04 --> Session: Class initialized using 'CodeIgniter\Session\Handlers\FileHandler' driver.
DEBUG - 2026-03-24 13:34:04 --> Session: Class initialized using 'CodeIgniter\Session\Handlers\FileHandler' driver.
DEBUG - 2026-03-24 13:34:05 --> Session: Class initialized using 'CodeIgniter\Session\Handlers\FileHandler' driver.
DEBUG - 2026-03-24 13:34:05 --> Session: Class initialized using 'CodeIgniter\Session\Handlers\FileHandler' driver.
DEBUG - 2026-03-24 13:34:07 --> Session: Class initialized using 'CodeIgniter\Session\Handlers\FileHandler' driver.
DEBUG - 2026-03-24 13:34:12 --> Session: Class initialized using 'CodeIgniter\Session\Handlers\FileHandler' driver.
DEBUG - 2026-03-24 13:34:58 --> Session: Class initialized using 'CodeIgniter\Session\Handlers\FileHandler' driver.
DEBUG - 2026-03-24 13:35:08 --> Session: Class initialized using 'CodeIgniter\Session\Handlers\FileHandler' driver.
DEBUG - 2026-03-24 13:44:59 --> Session: Class initialized using 'CodeIgniter\Session\Handlers\FileHandler' driver.
DEBUG - 2026-03-24 13:45:06 --> Session: Class initialized using 'CodeIgniter\Session\Handlers\FileHandler' driver.
DEBUG - 2026-03-24 13:45:07 --> Session: Class initialized using 'CodeIgniter\Session\Handlers\FileHandler' driver.
DEBUG - 2026-03-24 13:45:12 --> Session: Class initialized using 'CodeIgniter\Session\Handlers\FileHandler' driver.
DEBUG - 2026-03-24 13:45:57 --> Session: Class initialized using 'CodeIgniter\Session\Handlers\FileHandler' driver.
DEBUG - 2026-03-24 13:45:57 --> Session: Class initialized using 'CodeIgniter\Session\Handlers\FileHandler' driver.
DEBUG - 2026-03-24 13:45:58 --> Session: Class initialized using 'CodeIgniter\Session\Handlers\FileHandler' driver.
DEBUG - 2026-03-24 13:46:04 --> Session: Class initialized using 'CodeIgniter\Session\Handlers\FileHandler' driver.
DEBUG - 2026-03-24 13:46:04 --> Session: Class initialized using 'CodeIgniter\Session\Handlers\FileHandler' driver.
DEBUG - 2026-03-24 13:46:53 --> Session: Class initialized using 'CodeIgniter\Session\Handlers\FileHandler' driver.
DEBUG - 2026-03-24 13:46:53 --> Session: Class initialized using 'CodeIgniter\Session\Handlers\FileHandler' driver.
DEBUG - 2026-03-24 13:46:55 --> Session: Class initialized using 'CodeIgniter\Session\Handlers\FileHandler' driver.
DEBUG - 2026-03-24 13:47:09 --> Session: Class initialized using 'CodeIgniter\Session\Handlers\FileHandler' driver.
DEBUG - 2026-03-24 13:47:11 --> Session: Class initialized using 'CodeIgniter\Session\Handlers\FileHandler' driver.
DEBUG - 2026-03-24 13:47:55 --> Session: Class initialized using 'CodeIgniter\Session\Handlers\FileHandler' driver.
DEBUG - 2026-03-24 13:47:55 --> Session: Class initialized using 'CodeIgniter\Session\Handlers\FileHandler' driver.
DEBUG - 2026-03-24 13:47:59 --> Session: Class initialized using 'CodeIgniter\Session\Handlers\FileHandler' driver.
DEBUG - 2026-03-24 13:48:20 --> Session: Class initialized using 'CodeIgniter\Session\Handlers\FileHandler' driver.
DEBUG - 2026-03-24 13:48:21 --> Session: Class initialized using 'CodeIgniter\Session\Handlers\FileHandler' driver.
DEBUG - 2026-03-24 13:48:23 --> Session: Class initialized using 'CodeIgniter\Session\Handlers\FileHandler' driver.
DEBUG - 2026-03-24 13:48:25 --> Session: Class initialized using 'CodeIgniter\Session\Handlers\FileHandler' driver.
DEBUG - 2026-03-24 13:48:27 --> Session: Class initialized using 'CodeIgniter\Session\Handlers\FileHandler' driver.
DEBUG - 2026-03-24 13:48:31 --> Session: Class initialized using 'CodeIgniter\Session\Handlers\FileHandler' driver.
DEBUG - 2026-03-24 13:48:31 --> Excel import - Total rows: 26
DEBUG - 2026-03-24 13:48:31 --> Excel import - First 10 rows: Array
(
    [0] => Array
        (
            [0] => DSWD Logo
            [1] => 
            [2] => Republic of the Philippines
            [3] => 
            [4] => 
            [5] => 
            [6] => 
            [7] => 
            [8] => 
            [9] => 
            [10] => 
            [11] => 
            [12] => 
            [13] => THIS CARD IS NOT FOR SALE
            [14] => 
            [15] => 
        )

    [1] => Array
        (
            [0] => 
            [1] => 
            [2] => Department of Social Welfare and Development
            [3] => 
            [4] => 
            [5] => 
            [6] => 
            [7] => 
            [8] => 
            [9] => 
            [10] => 
            [11] => 
            [12] => 
            [13] => BENEFICIARY'S COPY
            [14] => 
            [15] => 
        )

    [2] => Array
        (
            [0] => 
            [1] => 
            [2] => FAMILY ASSISTANCE CARD IN EMERGENCIES AND DISASTERS (FACED)
            [3] => 
            [4] => 
            [5] => 
            [6] => 
            [7] => 
            [8] => 
            [9] => 
            [10] => 
            [11] => 
            [12] => 
            [13] => SERIAL NUMBER: 0001
            [14] => 
            [15] => 
        )

    [3] => Array
        (
            [0] => LOCATION OF THE AFFECTED FAMILY
            [1] => 
            [2] => 
            [3] => 
            [4] => 
            [5] => 
            [6] => 
            [7] => 
            [8] => 
            [9] => 
            [10] => 
            [11] => 
            [12] => 
            [13] => 
            [14] => 
            [15] => 
        )

    [4] => Array
        (
            [0] => 1. REGION
REGION 10
            [1] => 
            [2] => 
            [3] => 2. PROVINCE
CAMIGUIN
            [4] => 
            [5] => 
            [6] => 3. DISTRICT
CATARMAN
            [7] => 
            [8] => 
            [9] => 4. CITY/MUNICIPALITY
CATARMAN
            [10] => 
            [11] => 
            [12] => 5. BARANGAY
BONBON
            [13] => 
            [14] => 6. EVACUATION CENTER/SITE
BONBON
            [15] => 
        )

    [5] => Array
        (
            [0] => 
            [1] => 
            [2] => 
            [3] => 
            [4] => 
            [5] => 
            [6] => 
            [7] => 
            [8] => 
            [9] => 
            [10] => 
            [11] => 
            [12] => 
            [13] => 
            [14] => 
            [15] => 
        )

    [6] => Array
        (
            [0] => HEAD OF THE FAMILY
            [1] => 
            [2] => 
            [3] => 
            [4] => 
            [5] => 
            [6] => 
            [7] => 
            [8] => 
            [9] => 
            [10] => 
            [11] => 
            [12] => 
            [13] => 
            [14] => 
            [15] => 
        )

    [7] => Array
        (
            [0] => 7. LAST NAME
MICULOB
            [1] => 
            [2] => 
            [3] => 
            [4] => 15. CIVIL STATUS
SINGLE
            [5] => 
            [6] => 
            [7] => 
            [8] => 16. MOTHER'S MAIDEN NAME
            [9] => 
            [10] => 
            [11] => 
            [12] => 
            [13] => 
            [14] => 
            [15] => 
        )

    [8] => Array
        (
            [0] => 8. FIRST NAME
RICHARD
            [1] => 
            [2] => 
            [3] => 
            [4] => 17. RELIGION
CATHOLIC
            [5] => 
            [6] => 
            [7] => 
            [8] => 18. OCCUPATION
            [9] => 
            [10] => 
            [11] => 
            [12] => 
            [13] => 
            [14] => 
            [15] => 
        )

    [9] => Array
        (
            [0] => 9. MIDDLE NAME
VICTOR
            [1] => 
            [2] => 
            [3] => 
            [4] => 10. NAME EXT.
            [5] => 
            [6] => 
            [7] => 
            [8] => 11. BIRTHDATE
03-24-2026
            [9] => 
            [10] => 
            [11] => 
            [12] => 12. AGE
0
            [13] => 
            [14] => 
            [15] => 
        )

)

DEBUG - 2026-03-24 13:48:31 --> Checking row 0: Array
(
    [0] => DSWD Logo
    [1] => 
    [2] => Republic of the Philippines
    [3] => 
    [4] => 
    [5] => 
    [6] => 
    [7] => 
    [8] => 
    [9] => 
    [10] => 
    [11] => 
    [12] => 
    [13] => THIS CARD IS NOT FOR SALE
    [14] => 
    [15] => 
)

DEBUG - 2026-03-24 13:48:31 --> Checking row 1: Array
(
    [0] => 
    [1] => 
    [2] => Department of Social Welfare and Development
    [3] => 
    [4] => 
    [5] => 
    [6] => 
    [7] => 
    [8] => 
    [9] => 
    [10] => 
    [11] => 
    [12] => 
    [13] => BENEFICIARY'S COPY
    [14] => 
    [15] => 
)

DEBUG - 2026-03-24 13:48:31 --> Checking row 2: Array
(
    [0] => 
    [1] => 
    [2] => FAMILY ASSISTANCE CARD IN EMERGENCIES AND DISASTERS (FACED)
    [3] => 
    [4] => 
    [5] => 
    [6] => 
    [7] => 
    [8] => 
    [9] => 
    [10] => 
    [11] => 
    [12] => 
    [13] => SERIAL NUMBER: 0001
    [14] => 
    [15] => 
)

DEBUG - 2026-03-24 13:48:31 --> Checking row 3: Array
(
    [0] => LOCATION OF THE AFFECTED FAMILY
    [1] => 
    [2] => 
    [3] => 
    [4] => 
    [5] => 
    [6] => 
    [7] => 
    [8] => 
    [9] => 
    [10] => 
    [11] => 
    [12] => 
    [13] => 
    [14] => 
    [15] => 
)

DEBUG - 2026-03-24 13:48:31 --> Checking row 4: Array
(
    [0] => 1. REGION
REGION 10
    [1] => 
    [2] => 
    [3] => 2. PROVINCE
CAMIGUIN
    [4] => 
    [5] => 
    [6] => 3. DISTRICT
CATARMAN
    [7] => 
    [8] => 
    [9] => 4. CITY/MUNICIPALITY
CATARMAN
    [10] => 
    [11] => 
    [12] => 5. BARANGAY
BONBON
    [13] => 
    [14] => 6. EVACUATION CENTER/SITE
BONBON
    [15] => 
)

DEBUG - 2026-03-24 13:48:31 --> Checking row 5: Array
(
    [0] => 
    [1] => 
    [2] => 
    [3] => 
    [4] => 
    [5] => 
    [6] => 
    [7] => 
    [8] => 
    [9] => 
    [10] => 
    [11] => 
    [12] => 
    [13] => 
    [14] => 
    [15] => 
)

DEBUG - 2026-03-24 13:48:31 --> Checking row 6: Array
(
    [0] => HEAD OF THE FAMILY
    [1] => 
    [2] => 
    [3] => 
    [4] => 
    [5] => 
    [6] => 
    [7] => 
    [8] => 
    [9] => 
    [10] => 
    [11] => 
    [12] => 
    [13] => 
    [14] => 
    [15] => 
)

DEBUG - 2026-03-24 13:48:32 --> Found 'HEAD OF THE FAMILY' at row 6, column 0
DEBUG - 2026-03-24 13:48:32 --> parseFacedCard called with startRow: 6
DEBUG - 2026-03-24 13:48:32 --> Found household_no: 0001
DEBUG - 2026-03-24 13:48:32 --> Family header at row 15 → data from 16
DEBUG - 2026-03-24 13:48:32 --> Family member: RICHARD MICULOB
DEBUG - 2026-03-24 13:48:32 --> Parsed: RICHARD MICULOB | HH#: 0001 | Members: 1
DEBUG - 2026-03-24 13:48:32 --> Parsed resident data: Array
(
    [household_no] => 0001
    [region] => REGION 10
    [province] => CAMIGUIN
    [district] => CATARMAN
    [city_municipality] => CATARMAN
    [barangay] => BONBON
    [evacuation_center] => BONBON
    [last_name] => MICULOB
    [civil_status] => Single
    [mother_maiden_name] => 
    [first_name] => RICHARD
    [religion] => Catholic
    [occupation] => 
    [middle_name] => VICTOR
    [name_extension] => 
    [age] => 0
    [birthdate] => 2026-03-24
    [birthplace] => CAMIGUIN GENERAL HOSPITAL
    [sex] => Male
    [monthly_income] => 0
    [id_card_presented] => 
    [id_card_number] => 
    [contact_number] => 09273532291
    [house_no] => 123
    [street] => Purok 3a
    [subdivision] => Camiguin
    [permanent_barangay] => Bonbon
    [permanent_city] => Catarman
    [permanent_province] => Camiguin
    [zip_code] => 9104
    [is_4ps_beneficiary] => 0
    [vulnerable_older_persons] => 0
    [vulnerable_pregnant] => 0
    [vulnerable_lactating] => 0
    [vulnerable_pwd] => 0
    [ownership_status] => Owner
    [shelter_damage] => No Damage
    [registration_date] => 2026-03-24
    [barangay_captain_name] => RICHARD VICTOR MICULOB
    [lswdo_name] => RICHARD VICTOR MICULOB
    [data_privacy_consent] => 1
    [family_members] => Array
        (
            [0] => Array
                (
                    [name] => RICHARD MICULOB
                    [relation] => Son
                    [birthdate] => 2026-03-24
                    [age] => 0
                    [sex] => Male
                    [education] => 
                    [occupation] => 
                    [remarks] => 
                    [status] => active
                )

        )

)

DEBUG - 2026-03-24 13:48:32 --> Inserted resident ID: 64, Name: RICHARD MICULOB
DEBUG - 2026-03-24 13:48:32 --> Inserted family member: RICHARD MICULOB
DEBUG - 2026-03-24 13:48:32 --> Import completed. Imported: 1, Errors: 0
DEBUG - 2026-03-24 13:48:32 --> Session: Class initialized using 'CodeIgniter\Session\Handlers\FileHandler' driver.
DEBUG - 2026-03-24 13:48:55 --> Session: Class initialized using 'CodeIgniter\Session\Handlers\FileHandler' driver.
DEBUG - 2026-03-24 13:48:56 --> Session: Class initialized using 'CodeIgniter\Session\Handlers\FileHandler' driver.
DEBUG - 2026-03-24 13:48:57 --> Session: Class initialized using 'CodeIgniter\Session\Handlers\FileHandler' driver.
DEBUG - 2026-03-24 13:49:00 --> Session: Class initialized using 'CodeIgniter\Session\Handlers\FileHandler' driver.
DEBUG - 2026-03-24 13:49:08 --> Session: Class initialized using 'CodeIgniter\Session\Handlers\FileHandler' driver.
DEBUG - 2026-03-24 13:49:09 --> Session: Class initialized using 'CodeIgniter\Session\Handlers\FileHandler' driver.
DEBUG - 2026-03-24 13:49:09 --> Session: Class initialized using 'CodeIgniter\Session\Handlers\FileHandler' driver.
DEBUG - 2026-03-24 14:03:42 --> Session: Class initialized using 'CodeIgniter\Session\Handlers\FileHandler' driver.
DEBUG - 2026-03-24 14:03:42 --> Session: Class initialized using 'CodeIgniter\Session\Handlers\FileHandler' driver.
DEBUG - 2026-03-24 14:03:45 --> Session: Class initialized using 'CodeIgniter\Session\Handlers\FileHandler' driver.
DEBUG - 2026-03-24 14:03:49 --> Session: Class initialized using 'CodeIgniter\Session\Handlers\FileHandler' driver.
DEBUG - 2026-03-24 14:03:49 --> Excel import - Total rows: 26
DEBUG - 2026-03-24 14:03:49 --> Excel import - First 10 rows: Array
(
    [0] => Array
        (
            [0] => DSWD Logo
            [1] => 
            [2] => Republic of the Philippines
            [3] => 
            [4] => 
            [5] => 
            [6] => 
            [7] => 
            [8] => 
            [9] => 
            [10] => 
            [11] => 
            [12] => 
            [13] => THIS CARD IS NOT FOR SALE
            [14] => 
            [15] => 
        )

    [1] => Array
        (
            [0] => 
            [1] => 
            [2] => Department of Social Welfare and Development
            [3] => 
            [4] => 
            [5] => 
            [6] => 
            [7] => 
            [8] => 
            [9] => 
            [10] => 
            [11] => 
            [12] => 
            [13] => BENEFICIARY'S COPY
            [14] => 
            [15] => 
        )

    [2] => Array
        (
            [0] => 
            [1] => 
            [2] => FAMILY ASSISTANCE CARD IN EMERGENCIES AND DISASTERS (FACED)
            [3] => 
            [4] => 
            [5] => 
            [6] => 
            [7] => 
            [8] => 
            [9] => 
            [10] => 
            [11] => 
            [12] => 
            [13] => SERIAL NUMBER: 0001
            [14] => 
            [15] => 
        )

    [3] => Array
        (
            [0] => LOCATION OF THE AFFECTED FAMILY
            [1] => 
            [2] => 
            [3] => 
            [4] => 
            [5] => 
            [6] => 
            [7] => 
            [8] => 
            [9] => 
            [10] => 
            [11] => 
            [12] => 
            [13] => 
            [14] => 
            [15] => 
        )

    [4] => Array
        (
            [0] => 1. REGION
REGION 10
            [1] => 
            [2] => 
            [3] => 2. PROVINCE
CAMIGUIN
            [4] => 
            [5] => 
            [6] => 3. DISTRICT
CATARMAN
            [7] => 
            [8] => 
            [9] => 4. CITY/MUNICIPALITY
CATARMAN
            [10] => 
            [11] => 
            [12] => 5. BARANGAY
BONBON
            [13] => 
            [14] => 6. EVACUATION CENTER/SITE
BONBON
            [15] => 
        )

    [5] => Array
        (
            [0] => 
            [1] => 
            [2] => 
            [3] => 
            [4] => 
            [5] => 
            [6] => 
            [7] => 
            [8] => 
            [9] => 
            [10] => 
            [11] => 
            [12] => 
            [13] => 
            [14] => 
            [15] => 
        )

    [6] => Array
        (
            [0] => HEAD OF THE FAMILY
            [1] => 
            [2] => 
            [3] => 
            [4] => 
            [5] => 
            [6] => 
            [7] => 
            [8] => 
            [9] => 
            [10] => 
            [11] => 
            [12] => 
            [13] => 
            [14] => 
            [15] => 
        )

    [7] => Array
        (
            [0] => 7. LAST NAME
MICULOB
            [1] => 
            [2] => 
            [3] => 
            [4] => 15. CIVIL STATUS
SINGLE
            [5] => 
            [6] => 
            [7] => 
            [8] => 16. MOTHER'S MAIDEN NAME
            [9] => 
            [10] => 
            [11] => 
            [12] => 
            [13] => 
            [14] => 
            [15] => 
        )

    [8] => Array
        (
            [0] => 8. FIRST NAME
RICHARD
            [1] => 
            [2] => 
            [3] => 
            [4] => 17. RELIGION
CATHOLIC
            [5] => 
            [6] => 
            [7] => 
            [8] => 18. OCCUPATION
            [9] => 
            [10] => 
            [11] => 
            [12] => 
            [13] => 
            [14] => 
            [15] => 
        )

    [9] => Array
        (
            [0] => 9. MIDDLE NAME
VICTOR
            [1] => 
            [2] => 
            [3] => 
            [4] => 10. NAME EXT.
            [5] => 
            [6] => 
            [7] => 
            [8] => 11. BIRTHDATE
03-24-2026
            [9] => 
            [10] => 
            [11] => 
            [12] => 12. AGE
0
            [13] => 
            [14] => 
            [15] => 
        )

)

DEBUG - 2026-03-24 14:03:49 --> Checking row 0: Array
(
    [0] => DSWD Logo
    [1] => 
    [2] => Republic of the Philippines
    [3] => 
    [4] => 
    [5] => 
    [6] => 
    [7] => 
    [8] => 
    [9] => 
    [10] => 
    [11] => 
    [12] => 
    [13] => THIS CARD IS NOT FOR SALE
    [14] => 
    [15] => 
)

DEBUG - 2026-03-24 14:03:49 --> Checking row 1: Array
(
    [0] => 
    [1] => 
    [2] => Department of Social Welfare and Development
    [3] => 
    [4] => 
    [5] => 
    [6] => 
    [7] => 
    [8] => 
    [9] => 
    [10] => 
    [11] => 
    [12] => 
    [13] => BENEFICIARY'S COPY
    [14] => 
    [15] => 
)

DEBUG - 2026-03-24 14:03:49 --> Checking row 2: Array
(
    [0] => 
    [1] => 
    [2] => FAMILY ASSISTANCE CARD IN EMERGENCIES AND DISASTERS (FACED)
    [3] => 
    [4] => 
    [5] => 
    [6] => 
    [7] => 
    [8] => 
    [9] => 
    [10] => 
    [11] => 
    [12] => 
    [13] => SERIAL NUMBER: 0001
    [14] => 
    [15] => 
)

DEBUG - 2026-03-24 14:03:49 --> Checking row 3: Array
(
    [0] => LOCATION OF THE AFFECTED FAMILY
    [1] => 
    [2] => 
    [3] => 
    [4] => 
    [5] => 
    [6] => 
    [7] => 
    [8] => 
    [9] => 
    [10] => 
    [11] => 
    [12] => 
    [13] => 
    [14] => 
    [15] => 
)

DEBUG - 2026-03-24 14:03:49 --> Checking row 4: Array
(
    [0] => 1. REGION
REGION 10
    [1] => 
    [2] => 
    [3] => 2. PROVINCE
CAMIGUIN
    [4] => 
    [5] => 
    [6] => 3. DISTRICT
CATARMAN
    [7] => 
    [8] => 
    [9] => 4. CITY/MUNICIPALITY
CATARMAN
    [10] => 
    [11] => 
    [12] => 5. BARANGAY
BONBON
    [13] => 
    [14] => 6. EVACUATION CENTER/SITE
BONBON
    [15] => 
)

DEBUG - 2026-03-24 14:03:49 --> Checking row 5: Array
(
    [0] => 
    [1] => 
    [2] => 
    [3] => 
    [4] => 
    [5] => 
    [6] => 
    [7] => 
    [8] => 
    [9] => 
    [10] => 
    [11] => 
    [12] => 
    [13] => 
    [14] => 
    [15] => 
)

DEBUG - 2026-03-24 14:03:49 --> Checking row 6: Array
(
    [0] => HEAD OF THE FAMILY
    [1] => 
    [2] => 
    [3] => 
    [4] => 
    [5] => 
    [6] => 
    [7] => 
    [8] => 
    [9] => 
    [10] => 
    [11] => 
    [12] => 
    [13] => 
    [14] => 
    [15] => 
)

DEBUG - 2026-03-24 14:03:49 --> Found 'HEAD OF THE FAMILY' at row 6, column 0
DEBUG - 2026-03-24 14:03:49 --> parseFacedCard called with startRow: 6
DEBUG - 2026-03-24 14:03:49 --> Found household_no: 0001
DEBUG - 2026-03-24 14:03:49 --> Family header at row 15 → data from 16
DEBUG - 2026-03-24 14:03:49 --> Family member: RICHARD MICULOB
DEBUG - 2026-03-24 14:03:49 --> Parsed: RICHARD MICULOB | HH#: 0001 | Members: 1
DEBUG - 2026-03-24 14:03:49 --> Parsed resident data: Array
(
    [household_no] => 0001
    [region] => REGION 10
    [province] => CAMIGUIN
    [district] => CATARMAN
    [city_municipality] => CATARMAN
    [barangay] => BONBON
    [evacuation_center] => BONBON
    [last_name] => MICULOB
    [civil_status] => Single
    [mother_maiden_name] => 
    [first_name] => RICHARD
    [religion] => Catholic
    [occupation] => 
    [middle_name] => VICTOR
    [name_extension] => 
    [age] => 0
    [birthdate] => 2026-03-24
    [birthplace] => CAMIGUIN GENERAL HOSPITAL
    [sex] => Male
    [monthly_income] => 0
    [id_card_presented] => 
    [id_card_number] => 
    [contact_number] => 09273532291
    [house_no] => 123
    [street] => Purok 3a
    [subdivision] => Camiguin
    [permanent_barangay] => Bonbon
    [permanent_city] => Catarman
    [permanent_province] => Camiguin
    [zip_code] => 9104
    [is_4ps_beneficiary] => 0
    [vulnerable_older_persons] => 0
    [vulnerable_pregnant] => 0
    [vulnerable_lactating] => 0
    [vulnerable_pwd] => 0
    [ownership_status] => Owner
    [shelter_damage] => No Damage
    [registration_date] => 2026-03-24
    [barangay_captain_name] => RICHARD VICTOR MICULOB
    [lswdo_name] => RICHARD VICTOR MICULOB
    [data_privacy_consent] => 1
    [family_members] => Array
        (
            [0] => Array
                (
                    [name] => RICHARD MICULOB
                    [relation] => Son
                    [birthdate] => 2026-03-24
                    [age] => 0
                    [sex] => Male
                    [education] => 
                    [occupation] => 
                    [remarks] => 
                    [status] => active
                )

        )

)

DEBUG - 2026-03-24 14:03:49 --> Inserted resident ID: 65, Name: RICHARD MICULOB
DEBUG - 2026-03-24 14:03:49 --> Inserted family member: RICHARD MICULOB
DEBUG - 2026-03-24 14:03:49 --> Import completed. Imported: 1, Errors: 0
DEBUG - 2026-03-24 14:03:49 --> Session: Class initialized using 'CodeIgniter\Session\Handlers\FileHandler' driver.
DEBUG - 2026-03-24 14:04:35 --> Session: Class initialized using 'CodeIgniter\Session\Handlers\FileHandler' driver.
DEBUG - 2026-03-24 14:04:42 --> Session: Class initialized using 'CodeIgniter\Session\Handlers\FileHandler' driver.
DEBUG - 2026-03-24 14:04:54 --> Session: Class initialized using 'CodeIgniter\Session\Handlers\FileHandler' driver.
DEBUG - 2026-03-24 14:05:17 --> Session: Class initialized using 'CodeIgniter\Session\Handlers\FileHandler' driver.
DEBUG - 2026-03-24 14:05:17 --> Session: Class initialized using 'CodeIgniter\Session\Handlers\FileHandler' driver.
DEBUG - 2026-03-24 14:05:30 --> Session: Class initialized using 'CodeIgniter\Session\Handlers\FileHandler' driver.
DEBUG - 2026-03-24 14:05:30 --> Session: Class initialized using 'CodeIgniter\Session\Handlers\FileHandler' driver.
DEBUG - 2026-03-24 14:05:30 --> Session: Class initialized using 'CodeIgniter\Session\Handlers\FileHandler' driver.
DEBUG - 2026-03-24 14:05:59 --> Session: Class initialized using 'CodeIgniter\Session\Handlers\FileHandler' driver.
DEBUG - 2026-03-24 14:06:13 --> Session: Class initialized using 'CodeIgniter\Session\Handlers\FileHandler' driver.
DEBUG - 2026-03-24 14:06:44 --> Session: Class initialized using 'CodeIgniter\Session\Handlers\FileHandler' driver.
DEBUG - 2026-03-24 14:06:47 --> Session: Class initialized using 'CodeIgniter\Session\Handlers\FileHandler' driver.
DEBUG - 2026-03-24 14:09:11 --> Session: Class initialized using 'CodeIgniter\Session\Handlers\FileHandler' driver.
DEBUG - 2026-03-24 14:13:39 --> Session: Class initialized using 'CodeIgniter\Session\Handlers\FileHandler' driver.
DEBUG - 2026-03-24 14:13:41 --> Session: Class initialized using 'CodeIgniter\Session\Handlers\FileHandler' driver.
DEBUG - 2026-03-24 14:13:43 --> Session: Class initialized using 'CodeIgniter\Session\Handlers\FileHandler' driver.
DEBUG - 2026-03-24 14:13:43 --> Session: Class initialized using 'CodeIgniter\Session\Handlers\FileHandler' driver.
DEBUG - 2026-03-24 14:13:59 --> Session: Class initialized using 'CodeIgniter\Session\Handlers\FileHandler' driver.
DEBUG - 2026-03-24 14:17:31 --> Session: Class initialized using 'CodeIgniter\Session\Handlers\FileHandler' driver.
DEBUG - 2026-03-24 14:17:33 --> Session: Class initialized using 'CodeIgniter\Session\Handlers\FileHandler' driver.
DEBUG - 2026-03-24 14:18:26 --> Session: Class initialized using 'CodeIgniter\Session\Handlers\FileHandler' driver.
DEBUG - 2026-03-24 14:18:27 --> Session: Class initialized using 'CodeIgniter\Session\Handlers\FileHandler' driver.
DEBUG - 2026-03-24 14:18:31 --> Session: Class initialized using 'CodeIgniter\Session\Handlers\FileHandler' driver.
DEBUG - 2026-03-24 14:18:51 --> Session: Class initialized using 'CodeIgniter\Session\Handlers\FileHandler' driver.
DEBUG - 2026-03-24 14:18:54 --> Session: Class initialized using 'CodeIgniter\Session\Handlers\FileHandler' driver.
DEBUG - 2026-03-24 14:18:55 --> Session: Class initialized using 'CodeIgniter\Session\Handlers\FileHandler' driver.
DEBUG - 2026-03-24 14:18:56 --> Session: Class initialized using 'CodeIgniter\Session\Handlers\FileHandler' driver.
DEBUG - 2026-03-24 14:19:03 --> Session: Class initialized using 'CodeIgniter\Session\Handlers\FileHandler' driver.
DEBUG - 2026-03-24 14:19:03 --> Excel import - Total rows: 26
DEBUG - 2026-03-24 14:19:03 --> Excel import - First 10 rows: Array
(
    [0] => Array
        (
            [0] => DSWD Logo
            [1] => 
            [2] => Republic of the Philippines
            [3] => 
            [4] => 
            [5] => 
            [6] => 
            [7] => 
            [8] => 
            [9] => 
            [10] => 
            [11] => 
            [12] => 
            [13] => THIS CARD IS NOT FOR SALE
            [14] => 
            [15] => 
        )

    [1] => Array
        (
            [0] => 
            [1] => 
            [2] => Department of Social Welfare and Development
            [3] => 
            [4] => 
            [5] => 
            [6] => 
            [7] => 
            [8] => 
            [9] => 
            [10] => 
            [11] => 
            [12] => 
            [13] => BENEFICIARY'S COPY
            [14] => 
            [15] => 
        )

    [2] => Array
        (
            [0] => 
            [1] => 
            [2] => FAMILY ASSISTANCE CARD IN EMERGENCIES AND DISASTERS (FACED)
            [3] => 
            [4] => 
            [5] => 
            [6] => 
            [7] => 
            [8] => 
            [9] => 
            [10] => 
            [11] => 
            [12] => 
            [13] => SERIAL NUMBER: 0001
            [14] => 
            [15] => 
        )

    [3] => Array
        (
            [0] => LOCATION OF THE AFFECTED FAMILY
            [1] => 
            [2] => 
            [3] => 
            [4] => 
            [5] => 
            [6] => 
            [7] => 
            [8] => 
            [9] => 
            [10] => 
            [11] => 
            [12] => 
            [13] => 
            [14] => 
            [15] => 
        )

    [4] => Array
        (
            [0] => 1. REGION
REGION 10
            [1] => 
            [2] => 
            [3] => 2. PROVINCE
CAMIGUIN
            [4] => 
            [5] => 
            [6] => 3. DISTRICT

            [7] => 
            [8] => 
            [9] => 4. CITY/MUNICIPALITY
CATARMAN
            [10] => 
            [11] => 
            [12] => 5. BARANGAY
BONBON
            [13] => 
            [14] => 6. EVACUATION CENTER/SITE
BONBON
            [15] => 
        )

    [5] => Array
        (
            [0] => 
            [1] => 
            [2] => 
            [3] => 
            [4] => 
            [5] => 
            [6] => 
            [7] => 
            [8] => 
            [9] => 
            [10] => 
            [11] => 
            [12] => 
            [13] => 
            [14] => 
            [15] => 
        )

    [6] => Array
        (
            [0] => HEAD OF THE FAMILY
            [1] => 
            [2] => 
            [3] => 
            [4] => 
            [5] => 
            [6] => 
            [7] => 
            [8] => 
            [9] => 
            [10] => 
            [11] => 
            [12] => 
            [13] => 
            [14] => 
            [15] => 
        )

    [7] => Array
        (
            [0] => 7. LAST NAME
MICULOB
            [1] => 
            [2] => 
            [3] => 
            [4] => 15. CIVIL STATUS
SINGLE
            [5] => 
            [6] => 
            [7] => 
            [8] => 16. MOTHER'S MAIDEN NAME
ROSALIA LUZANO
            [9] => 
            [10] => 
            [11] => 
            [12] => 
            [13] => 
            [14] => 
            [15] => 
        )

    [8] => Array
        (
            [0] => 8. FIRST NAME
RICHARD
            [1] => 
            [2] => 
            [3] => 
            [4] => 17. RELIGION
CATHOLIC
            [5] => 
            [6] => 
            [7] => 
            [8] => 18. OCCUPATION
NONE
            [9] => 
            [10] => 
            [11] => 
            [12] => 
            [13] => 
            [14] => 
            [15] => 
        )

    [9] => Array
        (
            [0] => 9. MIDDLE NAME
VICTOR
            [1] => 
            [2] => 
            [3] => 
            [4] => 10. NAME EXT.
            [5] => 
            [6] => 
            [7] => 
            [8] => 11. BIRTHDATE
03-24-2026
            [9] => 
            [10] => 
            [11] => 
            [12] => 12. AGE
0
            [13] => 
            [14] => 
            [15] => 
        )

)

DEBUG - 2026-03-24 14:19:03 --> Checking row 0: Array
(
    [0] => DSWD Logo
    [1] => 
    [2] => Republic of the Philippines
    [3] => 
    [4] => 
    [5] => 
    [6] => 
    [7] => 
    [8] => 
    [9] => 
    [10] => 
    [11] => 
    [12] => 
    [13] => THIS CARD IS NOT FOR SALE
    [14] => 
    [15] => 
)

DEBUG - 2026-03-24 14:19:03 --> Checking row 1: Array
(
    [0] => 
    [1] => 
    [2] => Department of Social Welfare and Development
    [3] => 
    [4] => 
    [5] => 
    [6] => 
    [7] => 
    [8] => 
    [9] => 
    [10] => 
    [11] => 
    [12] => 
    [13] => BENEFICIARY'S COPY
    [14] => 
    [15] => 
)

DEBUG - 2026-03-24 14:19:03 --> Checking row 2: Array
(
    [0] => 
    [1] => 
    [2] => FAMILY ASSISTANCE CARD IN EMERGENCIES AND DISASTERS (FACED)
    [3] => 
    [4] => 
    [5] => 
    [6] => 
    [7] => 
    [8] => 
    [9] => 
    [10] => 
    [11] => 
    [12] => 
    [13] => SERIAL NUMBER: 0001
    [14] => 
    [15] => 
)

DEBUG - 2026-03-24 14:19:03 --> Checking row 3: Array
(
    [0] => LOCATION OF THE AFFECTED FAMILY
    [1] => 
    [2] => 
    [3] => 
    [4] => 
    [5] => 
    [6] => 
    [7] => 
    [8] => 
    [9] => 
    [10] => 
    [11] => 
    [12] => 
    [13] => 
    [14] => 
    [15] => 
)

DEBUG - 2026-03-24 14:19:03 --> Checking row 4: Array
(
    [0] => 1. REGION
REGION 10
    [1] => 
    [2] => 
    [3] => 2. PROVINCE
CAMIGUIN
    [4] => 
    [5] => 
    [6] => 3. DISTRICT

    [7] => 
    [8] => 
    [9] => 4. CITY/MUNICIPALITY
CATARMAN
    [10] => 
    [11] => 
    [12] => 5. BARANGAY
BONBON
    [13] => 
    [14] => 6. EVACUATION CENTER/SITE
BONBON
    [15] => 
)

DEBUG - 2026-03-24 14:19:03 --> Checking row 5: Array
(
    [0] => 
    [1] => 
    [2] => 
    [3] => 
    [4] => 
    [5] => 
    [6] => 
    [7] => 
    [8] => 
    [9] => 
    [10] => 
    [11] => 
    [12] => 
    [13] => 
    [14] => 
    [15] => 
)

DEBUG - 2026-03-24 14:19:03 --> Checking row 6: Array
(
    [0] => HEAD OF THE FAMILY
    [1] => 
    [2] => 
    [3] => 
    [4] => 
    [5] => 
    [6] => 
    [7] => 
    [8] => 
    [9] => 
    [10] => 
    [11] => 
    [12] => 
    [13] => 
    [14] => 
    [15] => 
)

DEBUG - 2026-03-24 14:19:03 --> Found 'HEAD OF THE FAMILY' at row 6, column 0
DEBUG - 2026-03-24 14:19:03 --> parseFacedCard called with startRow: 6
DEBUG - 2026-03-24 14:19:03 --> Found household_no: 0001
DEBUG - 2026-03-24 14:19:03 --> Family header at row 15 → data from 16
DEBUG - 2026-03-24 14:19:03 --> Family member: RICHARD MICULOB
DEBUG - 2026-03-24 14:19:03 --> Parsed: RICHARD MICULOB | HH#: 0001 | Members: 1
DEBUG - 2026-03-24 14:19:03 --> Parsed resident data: Array
(
    [household_no] => 0001
    [region] => REGION 10
    [province] => CAMIGUIN
    [district] => 
    [city_municipality] => CATARMAN
    [barangay] => BONBON
    [evacuation_center] => BONBON
    [last_name] => MICULOB
    [civil_status] => Single
    [mother_maiden_name] => ROSALIA LUZANO
    [first_name] => RICHARD
    [religion] => Catholic
    [occupation] => None
    [middle_name] => VICTOR
    [name_extension] => 
    [age] => 0
    [birthdate] => 2026-03-24
    [birthplace] => CAMIGUIN GENERAL HOSPITAL
    [sex] => Male
    [monthly_income] => 0
    [id_card_presented] => 12345678
    [id_card_number] => 12345678
    [contact_number] => 09273532291
    [alternate_number] => 09273532291
    [house_no] => 123
    [street] => Purok 3a
    [subdivision] => Camiguin
    [permanent_barangay] => Bonbon
    [permanent_city] => Catarman
    [permanent_province] => Camiguin
    [zip_code] => 9104
    [is_4ps_beneficiary] => 0
    [vulnerable_older_persons] => 0
    [vulnerable_pregnant] => 0
    [vulnerable_lactating] => 0
    [vulnerable_pwd] => 0
    [ownership_status] => Owner
    [shelter_damage] => No Damage
    [registration_date] => 2026-03-24
    [barangay_captain_name] => RICHARD VICTOR MICULOB
    [lswdo_name] => RICHARD VICTOR MICULOB
    [data_privacy_consent] => 1
    [family_members] => Array
        (
            [0] => Array
                (
                    [name] => RICHARD MICULOB
                    [relation] => Son
                    [birthdate] => 2026-03-24
                    [age] => 0
                    [sex] => 
                    [education] => CPSC
                    [occupation] => None
                    [remarks] => 
                    [status] => active
                )

        )

)

DEBUG - 2026-03-24 14:19:03 --> Inserted resident ID: 67, Name: RICHARD MICULOB
DEBUG - 2026-03-24 14:19:03 --> Inserted family member: RICHARD MICULOB
DEBUG - 2026-03-24 14:19:03 --> Import completed. Imported: 1, Errors: 0
DEBUG - 2026-03-24 14:19:03 --> Session: Class initialized using 'CodeIgniter\Session\Handlers\FileHandler' driver.
DEBUG - 2026-03-24 14:19:23 --> Session: Class initialized using 'CodeIgniter\Session\Handlers\FileHandler' driver.
DEBUG - 2026-03-24 14:19:23 --> Session: Class initialized using 'CodeIgniter\Session\Handlers\FileHandler' driver.
DEBUG - 2026-03-24 14:19:25 --> Session: Class initialized using 'CodeIgniter\Session\Handlers\FileHandler' driver.
DEBUG - 2026-03-24 14:19:29 --> Session: Class initialized using 'CodeIgniter\Session\Handlers\FileHandler' driver.
DEBUG - 2026-03-24 14:19:29 --> Excel import - Total rows: 26
DEBUG - 2026-03-24 14:19:29 --> Excel import - First 10 rows: Array
(
    [0] => Array
        (
            [0] => DSWD Logo
            [1] => 
            [2] => Republic of the Philippines
            [3] => 
            [4] => 
            [5] => 
            [6] => 
            [7] => 
            [8] => 
            [9] => 
            [10] => 
            [11] => 
            [12] => 
            [13] => THIS CARD IS NOT FOR SALE
            [14] => 
            [15] => 
        )

    [1] => Array
        (
            [0] => 
            [1] => 
            [2] => Department of Social Welfare and Development
            [3] => 
            [4] => 
            [5] => 
            [6] => 
            [7] => 
            [8] => 
            [9] => 
            [10] => 
            [11] => 
            [12] => 
            [13] => BENEFICIARY'S COPY
            [14] => 
            [15] => 
        )

    [2] => Array
        (
            [0] => 
            [1] => 
            [2] => FAMILY ASSISTANCE CARD IN EMERGENCIES AND DISASTERS (FACED)
            [3] => 
            [4] => 
            [5] => 
            [6] => 
            [7] => 
            [8] => 
            [9] => 
            [10] => 
            [11] => 
            [12] => 
            [13] => SERIAL NUMBER: 0001
            [14] => 
            [15] => 
        )

    [3] => Array
        (
            [0] => LOCATION OF THE AFFECTED FAMILY
            [1] => 
            [2] => 
            [3] => 
            [4] => 
            [5] => 
            [6] => 
            [7] => 
            [8] => 
            [9] => 
            [10] => 
            [11] => 
            [12] => 
            [13] => 
            [14] => 
            [15] => 
        )

    [4] => Array
        (
            [0] => 1. REGION
REGION 10
            [1] => 
            [2] => 
            [3] => 2. PROVINCE
CAMIGUIN
            [4] => 
            [5] => 
            [6] => 3. DISTRICT

            [7] => 
            [8] => 
            [9] => 4. CITY/MUNICIPALITY
CATARMAN
            [10] => 
            [11] => 
            [12] => 5. BARANGAY
BONBON
            [13] => 
            [14] => 6. EVACUATION CENTER/SITE
BONBON
            [15] => 
        )

    [5] => Array
        (
            [0] => 
            [1] => 
            [2] => 
            [3] => 
            [4] => 
            [5] => 
            [6] => 
            [7] => 
            [8] => 
            [9] => 
            [10] => 
            [11] => 
            [12] => 
            [13] => 
            [14] => 
            [15] => 
        )

    [6] => Array
        (
            [0] => HEAD OF THE FAMILY
            [1] => 
            [2] => 
            [3] => 
            [4] => 
            [5] => 
            [6] => 
            [7] => 
            [8] => 
            [9] => 
            [10] => 
            [11] => 
            [12] => 
            [13] => 
            [14] => 
            [15] => 
        )

    [7] => Array
        (
            [0] => 7. LAST NAME
MICULOB
            [1] => 
            [2] => 
            [3] => 
            [4] => 15. CIVIL STATUS
SINGLE
            [5] => 
            [6] => 
            [7] => 
            [8] => 16. MOTHER'S MAIDEN NAME
ROSALIA LUZANO
            [9] => 
            [10] => 
            [11] => 
            [12] => 
            [13] => 
            [14] => 
            [15] => 
        )

    [8] => Array
        (
            [0] => 8. FIRST NAME
RICHARD
            [1] => 
            [2] => 
            [3] => 
            [4] => 17. RELIGION
CATHOLIC
            [5] => 
            [6] => 
            [7] => 
            [8] => 18. OCCUPATION
NONE
            [9] => 
            [10] => 
            [11] => 
            [12] => 
            [13] => 
            [14] => 
            [15] => 
        )

    [9] => Array
        (
            [0] => 9. MIDDLE NAME
VICTOR
            [1] => 
            [2] => 
            [3] => 
            [4] => 10. NAME EXT.
            [5] => 
            [6] => 
            [7] => 
            [8] => 11. BIRTHDATE
03-24-2026
            [9] => 
            [10] => 
            [11] => 
            [12] => 12. AGE
0
            [13] => 
            [14] => 
            [15] => 
        )

)

DEBUG - 2026-03-24 14:19:29 --> Checking row 0: Array
(
    [0] => DSWD Logo
    [1] => 
    [2] => Republic of the Philippines
    [3] => 
    [4] => 
    [5] => 
    [6] => 
    [7] => 
    [8] => 
    [9] => 
    [10] => 
    [11] => 
    [12] => 
    [13] => THIS CARD IS NOT FOR SALE
    [14] => 
    [15] => 
)

DEBUG - 2026-03-24 14:19:29 --> Checking row 1: Array
(
    [0] => 
    [1] => 
    [2] => Department of Social Welfare and Development
    [3] => 
    [4] => 
    [5] => 
    [6] => 
    [7] => 
    [8] => 
    [9] => 
    [10] => 
    [11] => 
    [12] => 
    [13] => BENEFICIARY'S COPY
    [14] => 
    [15] => 
)

DEBUG - 2026-03-24 14:19:29 --> Checking row 2: Array
(
    [0] => 
    [1] => 
    [2] => FAMILY ASSISTANCE CARD IN EMERGENCIES AND DISASTERS (FACED)
    [3] => 
    [4] => 
    [5] => 
    [6] => 
    [7] => 
    [8] => 
    [9] => 
    [10] => 
    [11] => 
    [12] => 
    [13] => SERIAL NUMBER: 0001
    [14] => 
    [15] => 
)

DEBUG - 2026-03-24 14:19:29 --> Checking row 3: Array
(
    [0] => LOCATION OF THE AFFECTED FAMILY
    [1] => 
    [2] => 
    [3] => 
    [4] => 
    [5] => 
    [6] => 
    [7] => 
    [8] => 
    [9] => 
    [10] => 
    [11] => 
    [12] => 
    [13] => 
    [14] => 
    [15] => 
)

DEBUG - 2026-03-24 14:19:29 --> Checking row 4: Array
(
    [0] => 1. REGION
REGION 10
    [1] => 
    [2] => 
    [3] => 2. PROVINCE
CAMIGUIN
    [4] => 
    [5] => 
    [6] => 3. DISTRICT

    [7] => 
    [8] => 
    [9] => 4. CITY/MUNICIPALITY
CATARMAN
    [10] => 
    [11] => 
    [12] => 5. BARANGAY
BONBON
    [13] => 
    [14] => 6. EVACUATION CENTER/SITE
BONBON
    [15] => 
)

DEBUG - 2026-03-24 14:19:29 --> Checking row 5: Array
(
    [0] => 
    [1] => 
    [2] => 
    [3] => 
    [4] => 
    [5] => 
    [6] => 
    [7] => 
    [8] => 
    [9] => 
    [10] => 
    [11] => 
    [12] => 
    [13] => 
    [14] => 
    [15] => 
)

DEBUG - 2026-03-24 14:19:29 --> Checking row 6: Array
(
    [0] => HEAD OF THE FAMILY
    [1] => 
    [2] => 
    [3] => 
    [4] => 
    [5] => 
    [6] => 
    [7] => 
    [8] => 
    [9] => 
    [10] => 
    [11] => 
    [12] => 
    [13] => 
    [14] => 
    [15] => 
)

DEBUG - 2026-03-24 14:19:29 --> Found 'HEAD OF THE FAMILY' at row 6, column 0
DEBUG - 2026-03-24 14:19:29 --> parseFacedCard called with startRow: 6
DEBUG - 2026-03-24 14:19:29 --> Found household_no: 0001
DEBUG - 2026-03-24 14:19:29 --> Family header at row 15 → data from 16
DEBUG - 2026-03-24 14:19:29 --> Family member: RICHARD MICULOB
DEBUG - 2026-03-24 14:19:29 --> Parsed: RICHARD MICULOB | HH#: 0001 | Members: 1
DEBUG - 2026-03-24 14:19:29 --> Parsed resident data: Array
(
    [household_no] => 0001
    [region] => REGION 10
    [province] => CAMIGUIN
    [district] => 
    [city_municipality] => CATARMAN
    [barangay] => BONBON
    [evacuation_center] => BONBON
    [last_name] => MICULOB
    [civil_status] => Single
    [mother_maiden_name] => ROSALIA LUZANO
    [first_name] => RICHARD
    [religion] => Catholic
    [occupation] => None
    [middle_name] => VICTOR
    [name_extension] => 
    [age] => 0
    [birthdate] => 2026-03-24
    [birthplace] => CAMIGUIN GENERAL HOSPITAL
    [sex] => Male
    [monthly_income] => 0
    [id_card_presented] => 12345678
    [id_card_number] => 12345678
    [contact_number] => 09273532291
    [alternate_number] => 09273532291
    [house_no] => 123
    [street] => Purok 3a
    [subdivision] => Camiguin
    [permanent_barangay] => Bonbon
    [permanent_city] => Catarman
    [permanent_province] => Camiguin
    [zip_code] => 9104
    [is_4ps_beneficiary] => 0
    [vulnerable_older_persons] => 0
    [vulnerable_pregnant] => 0
    [vulnerable_lactating] => 0
    [vulnerable_pwd] => 0
    [ownership_status] => Owner
    [shelter_damage] => No Damage
    [registration_date] => 2026-03-24
    [barangay_captain_name] => RICHARD VICTOR MICULOB
    [lswdo_name] => RICHARD VICTOR MICULOB
    [data_privacy_consent] => 1
    [family_members] => Array
        (
            [0] => Array
                (
                    [name] => RICHARD MICULOB
                    [relation] => Son
                    [birthdate] => 2026-03-24
                    [age] => 0
                    [sex] => 
                    [education] => CPSC
                    [occupation] => None
                    [remarks] => 
                    [status] => active
                )

        )

)

DEBUG - 2026-03-24 14:19:29 --> Inserted resident ID: 68, Name: RICHARD MICULOB
DEBUG - 2026-03-24 14:19:29 --> Inserted family member: RICHARD MICULOB
DEBUG - 2026-03-24 14:19:29 --> Import completed. Imported: 1, Errors: 0
DEBUG - 2026-03-24 14:19:29 --> Session: Class initialized using 'CodeIgniter\Session\Handlers\FileHandler' driver.
DEBUG - 2026-03-24 14:20:04 --> Session: Class initialized using 'CodeIgniter\Session\Handlers\FileHandler' driver.
DEBUG - 2026-03-24 14:20:05 --> Session: Class initialized using 'CodeIgniter\Session\Handlers\FileHandler' driver.
DEBUG - 2026-03-24 14:20:08 --> Session: Class initialized using 'CodeIgniter\Session\Handlers\FileHandler' driver.
DEBUG - 2026-03-24 14:20:12 --> Session: Class initialized using 'CodeIgniter\Session\Handlers\FileHandler' driver.
DEBUG - 2026-03-24 14:20:12 --> Excel import - Total rows: 26
DEBUG - 2026-03-24 14:20:12 --> Excel import - First 10 rows: Array
(
    [0] => Array
        (
            [0] => DSWD Logo
            [1] => 
            [2] => Republic of the Philippines
            [3] => 
            [4] => 
            [5] => 
            [6] => 
            [7] => 
            [8] => 
            [9] => 
            [10] => 
            [11] => 
            [12] => 
            [13] => THIS CARD IS NOT FOR SALE
            [14] => 
            [15] => 
        )

    [1] => Array
        (
            [0] => 
            [1] => 
            [2] => Department of Social Welfare and Development
            [3] => 
            [4] => 
            [5] => 
            [6] => 
            [7] => 
            [8] => 
            [9] => 
            [10] => 
            [11] => 
            [12] => 
            [13] => BENEFICIARY'S COPY
            [14] => 
            [15] => 
        )

    [2] => Array
        (
            [0] => 
            [1] => 
            [2] => FAMILY ASSISTANCE CARD IN EMERGENCIES AND DISASTERS (FACED)
            [3] => 
            [4] => 
            [5] => 
            [6] => 
            [7] => 
            [8] => 
            [9] => 
            [10] => 
            [11] => 
            [12] => 
            [13] => SERIAL NUMBER: 0001
            [14] => 
            [15] => 
        )

    [3] => Array
        (
            [0] => LOCATION OF THE AFFECTED FAMILY
            [1] => 
            [2] => 
            [3] => 
            [4] => 
            [5] => 
            [6] => 
            [7] => 
            [8] => 
            [9] => 
            [10] => 
            [11] => 
            [12] => 
            [13] => 
            [14] => 
            [15] => 
        )

    [4] => Array
        (
            [0] => 1. REGION
REGION 10
            [1] => 
            [2] => 
            [3] => 2. PROVINCE
CAMIGUIN
            [4] => 
            [5] => 
            [6] => 3. DISTRICT

            [7] => 
            [8] => 
            [9] => 4. CITY/MUNICIPALITY
CATARMAN
            [10] => 
            [11] => 
            [12] => 5. BARANGAY
BONBON
            [13] => 
            [14] => 6. EVACUATION CENTER/SITE
BONBON
            [15] => 
        )

    [5] => Array
        (
            [0] => 
            [1] => 
            [2] => 
            [3] => 
            [4] => 
            [5] => 
            [6] => 
            [7] => 
            [8] => 
            [9] => 
            [10] => 
            [11] => 
            [12] => 
            [13] => 
            [14] => 
            [15] => 
        )

    [6] => Array
        (
            [0] => HEAD OF THE FAMILY
            [1] => 
            [2] => 
            [3] => 
            [4] => 
            [5] => 
            [6] => 
            [7] => 
            [8] => 
            [9] => 
            [10] => 
            [11] => 
            [12] => 
            [13] => 
            [14] => 
            [15] => 
        )

    [7] => Array
        (
            [0] => 7. LAST NAME
MICULOB
            [1] => 
            [2] => 
            [3] => 
            [4] => 15. CIVIL STATUS
SINGLE
            [5] => 
            [6] => 
            [7] => 
            [8] => 16. MOTHER'S MAIDEN NAME
ROSALIA LUZANO
            [9] => 
            [10] => 
            [11] => 
            [12] => 
            [13] => 
            [14] => 
            [15] => 
        )

    [8] => Array
        (
            [0] => 8. FIRST NAME
RICHARD
            [1] => 
            [2] => 
            [3] => 
            [4] => 17. RELIGION
CATHOLIC
            [5] => 
            [6] => 
            [7] => 
            [8] => 18. OCCUPATION
NONE
            [9] => 
            [10] => 
            [11] => 
            [12] => 
            [13] => 
            [14] => 
            [15] => 
        )

    [9] => Array
        (
            [0] => 9. MIDDLE NAME
VICTOR
            [1] => 
            [2] => 
            [3] => 
            [4] => 10. NAME EXT.
            [5] => 
            [6] => 
            [7] => 
            [8] => 11. BIRTHDATE
03-24-2026
            [9] => 
            [10] => 
            [11] => 
            [12] => 12. AGE
0
            [13] => 
            [14] => 
            [15] => 
        )

)

DEBUG - 2026-03-24 14:20:12 --> Checking row 0: Array
(
    [0] => DSWD Logo
    [1] => 
    [2] => Republic of the Philippines
    [3] => 
    [4] => 
    [5] => 
    [6] => 
    [7] => 
    [8] => 
    [9] => 
    [10] => 
    [11] => 
    [12] => 
    [13] => THIS CARD IS NOT FOR SALE
    [14] => 
    [15] => 
)

DEBUG - 2026-03-24 14:20:12 --> Checking row 1: Array
(
    [0] => 
    [1] => 
    [2] => Department of Social Welfare and Development
    [3] => 
    [4] => 
    [5] => 
    [6] => 
    [7] => 
    [8] => 
    [9] => 
    [10] => 
    [11] => 
    [12] => 
    [13] => BENEFICIARY'S COPY
    [14] => 
    [15] => 
)

DEBUG - 2026-03-24 14:20:12 --> Checking row 2: Array
(
    [0] => 
    [1] => 
    [2] => FAMILY ASSISTANCE CARD IN EMERGENCIES AND DISASTERS (FACED)
    [3] => 
    [4] => 
    [5] => 
    [6] => 
    [7] => 
    [8] => 
    [9] => 
    [10] => 
    [11] => 
    [12] => 
    [13] => SERIAL NUMBER: 0001
    [14] => 
    [15] => 
)

DEBUG - 2026-03-24 14:20:12 --> Checking row 3: Array
(
    [0] => LOCATION OF THE AFFECTED FAMILY
    [1] => 
    [2] => 
    [3] => 
    [4] => 
    [5] => 
    [6] => 
    [7] => 
    [8] => 
    [9] => 
    [10] => 
    [11] => 
    [12] => 
    [13] => 
    [14] => 
    [15] => 
)

DEBUG - 2026-03-24 14:20:12 --> Checking row 4: Array
(
    [0] => 1. REGION
REGION 10
    [1] => 
    [2] => 
    [3] => 2. PROVINCE
CAMIGUIN
    [4] => 
    [5] => 
    [6] => 3. DISTRICT

    [7] => 
    [8] => 
    [9] => 4. CITY/MUNICIPALITY
CATARMAN
    [10] => 
    [11] => 
    [12] => 5. BARANGAY
BONBON
    [13] => 
    [14] => 6. EVACUATION CENTER/SITE
BONBON
    [15] => 
)

DEBUG - 2026-03-24 14:20:12 --> Checking row 5: Array
(
    [0] => 
    [1] => 
    [2] => 
    [3] => 
    [4] => 
    [5] => 
    [6] => 
    [7] => 
    [8] => 
    [9] => 
    [10] => 
    [11] => 
    [12] => 
    [13] => 
    [14] => 
    [15] => 
)

DEBUG - 2026-03-24 14:20:12 --> Checking row 6: Array
(
    [0] => HEAD OF THE FAMILY
    [1] => 
    [2] => 
    [3] => 
    [4] => 
    [5] => 
    [6] => 
    [7] => 
    [8] => 
    [9] => 
    [10] => 
    [11] => 
    [12] => 
    [13] => 
    [14] => 
    [15] => 
)

DEBUG - 2026-03-24 14:20:12 --> Found 'HEAD OF THE FAMILY' at row 6, column 0
DEBUG - 2026-03-24 14:20:12 --> parseFacedCard called with startRow: 6
DEBUG - 2026-03-24 14:20:12 --> Found household_no: 0001
DEBUG - 2026-03-24 14:20:12 --> Family header at row 15 → data from 16
DEBUG - 2026-03-24 14:20:12 --> Family member: RICHARD MICULOB
DEBUG - 2026-03-24 14:20:12 --> Parsed: RICHARD MICULOB | HH#: 0001 | Members: 1
DEBUG - 2026-03-24 14:20:12 --> Parsed resident data: Array
(
    [household_no] => 0001
    [region] => REGION 10
    [province] => CAMIGUIN
    [district] => 
    [city_municipality] => CATARMAN
    [barangay] => BONBON
    [evacuation_center] => BONBON
    [last_name] => MICULOB
    [civil_status] => Single
    [mother_maiden_name] => ROSALIA LUZANO
    [first_name] => RICHARD
    [religion] => Catholic
    [occupation] => None
    [middle_name] => VICTOR
    [name_extension] => 
    [age] => 0
    [birthdate] => 2026-03-24
    [birthplace] => CAMIGUIN GENERAL HOSPITAL
    [sex] => Male
    [monthly_income] => 0
    [id_card_presented] => 12345678
    [id_card_number] => 12345678
    [contact_number] => 09273532291
    [alternate_number] => 09273532291
    [house_no] => 123
    [street] => Purok 3a
    [subdivision] => Camiguin
    [permanent_barangay] => Bonbon
    [permanent_city] => Catarman
    [permanent_province] => Camiguin
    [zip_code] => 9104
    [is_4ps_beneficiary] => 0
    [vulnerable_older_persons] => 0
    [vulnerable_pregnant] => 0
    [vulnerable_lactating] => 0
    [vulnerable_pwd] => 0
    [ownership_status] => Owner
    [shelter_damage] => No Damage
    [registration_date] => 2026-03-24
    [barangay_captain_name] => RICHARD VICTOR MICULOB
    [lswdo_name] => RICHARD VICTOR MICULOB
    [data_privacy_consent] => 1
    [family_members] => Array
        (
            [0] => Array
                (
                    [name] => RICHARD MICULOB
                    [relation] => Son
                    [birthdate] => 2026-03-24
                    [age] => 0
                    [sex] => 
                    [education] => CPSC
                    [occupation] => None
                    [remarks] => 
                    [status] => active
                )

        )

)

DEBUG - 2026-03-24 14:20:12 --> Inserted resident ID: 69, Name: RICHARD MICULOB
DEBUG - 2026-03-24 14:20:12 --> Inserted family member: RICHARD MICULOB
DEBUG - 2026-03-24 14:20:12 --> Import completed. Imported: 1, Errors: 0
DEBUG - 2026-03-24 14:20:12 --> Session: Class initialized using 'CodeIgniter\Session\Handlers\FileHandler' driver.
DEBUG - 2026-03-24 14:21:14 --> Session: Class initialized using 'CodeIgniter\Session\Handlers\FileHandler' driver.
DEBUG - 2026-03-24 14:21:19 --> Session: Class initialized using 'CodeIgniter\Session\Handlers\FileHandler' driver.
DEBUG - 2026-03-24 14:21:19 --> Excel import - Total rows: 26
DEBUG - 2026-03-24 14:21:19 --> Excel import - First 10 rows: Array
(
    [0] => Array
        (
            [0] => DSWD Logo
            [1] => 
            [2] => Republic of the Philippines
            [3] => 
            [4] => 
            [5] => 
            [6] => 
            [7] => 
            [8] => 
            [9] => 
            [10] => 
            [11] => 
            [12] => 
            [13] => THIS CARD IS NOT FOR SALE
            [14] => 
            [15] => 
        )

    [1] => Array
        (
            [0] => 
            [1] => 
            [2] => Department of Social Welfare and Development
            [3] => 
            [4] => 
            [5] => 
            [6] => 
            [7] => 
            [8] => 
            [9] => 
            [10] => 
            [11] => 
            [12] => 
            [13] => BENEFICIARY'S COPY
            [14] => 
            [15] => 
        )

    [2] => Array
        (
            [0] => 
            [1] => 
            [2] => FAMILY ASSISTANCE CARD IN EMERGENCIES AND DISASTERS (FACED)
            [3] => 
            [4] => 
            [5] => 
            [6] => 
            [7] => 
            [8] => 
            [9] => 
            [10] => 
            [11] => 
            [12] => 
            [13] => SERIAL NUMBER: 0001
            [14] => 
            [15] => 
        )

    [3] => Array
        (
            [0] => LOCATION OF THE AFFECTED FAMILY
            [1] => 
            [2] => 
            [3] => 
            [4] => 
            [5] => 
            [6] => 
            [7] => 
            [8] => 
            [9] => 
            [10] => 
            [11] => 
            [12] => 
            [13] => 
            [14] => 
            [15] => 
        )

    [4] => Array
        (
            [0] => 1. REGION
REGION 10
            [1] => 
            [2] => 
            [3] => 2. PROVINCE
CAMIGUIN
            [4] => 
            [5] => 
            [6] => 3. DISTRICT

            [7] => 
            [8] => 
            [9] => 4. CITY/MUNICIPALITY
CATARMAN
            [10] => 
            [11] => 
            [12] => 5. BARANGAY
BONBON
            [13] => 
            [14] => 6. EVACUATION CENTER/SITE
BONBON
            [15] => 
        )

    [5] => Array
        (
            [0] => 
            [1] => 
            [2] => 
            [3] => 
            [4] => 
            [5] => 
            [6] => 
            [7] => 
            [8] => 
            [9] => 
            [10] => 
            [11] => 
            [12] => 
            [13] => 
            [14] => 
            [15] => 
        )

    [6] => Array
        (
            [0] => HEAD OF THE FAMILY
            [1] => 
            [2] => 
            [3] => 
            [4] => 
            [5] => 
            [6] => 
            [7] => 
            [8] => 
            [9] => 
            [10] => 
            [11] => 
            [12] => 
            [13] => 
            [14] => 
            [15] => 
        )

    [7] => Array
        (
            [0] => 7. LAST NAME
MICULOB
            [1] => 
            [2] => 
            [3] => 
            [4] => 15. CIVIL STATUS
SINGLE
            [5] => 
            [6] => 
            [7] => 
            [8] => 16. MOTHER'S MAIDEN NAME
ROSALIA LUZANO
            [9] => 
            [10] => 
            [11] => 
            [12] => 
            [13] => 
            [14] => 
            [15] => 
        )

    [8] => Array
        (
            [0] => 8. FIRST NAME
RICHARD
            [1] => 
            [2] => 
            [3] => 
            [4] => 17. RELIGION
CATHOLIC
            [5] => 
            [6] => 
            [7] => 
            [8] => 18. OCCUPATION
NONE
            [9] => 
            [10] => 
            [11] => 
            [12] => 
            [13] => 
            [14] => 
            [15] => 
        )

    [9] => Array
        (
            [0] => 9. MIDDLE NAME
VICTOR
            [1] => 
            [2] => 
            [3] => 
            [4] => 10. NAME EXT.
            [5] => 
            [6] => 
            [7] => 
            [8] => 11. BIRTHDATE
03-24-2026
            [9] => 
            [10] => 
            [11] => 
            [12] => 12. AGE
0
            [13] => 
            [14] => 
            [15] => 
        )

)

DEBUG - 2026-03-24 14:21:19 --> Checking row 0: Array
(
    [0] => DSWD Logo
    [1] => 
    [2] => Republic of the Philippines
    [3] => 
    [4] => 
    [5] => 
    [6] => 
    [7] => 
    [8] => 
    [9] => 
    [10] => 
    [11] => 
    [12] => 
    [13] => THIS CARD IS NOT FOR SALE
    [14] => 
    [15] => 
)

DEBUG - 2026-03-24 14:21:19 --> Checking row 1: Array
(
    [0] => 
    [1] => 
    [2] => Department of Social Welfare and Development
    [3] => 
    [4] => 
    [5] => 
    [6] => 
    [7] => 
    [8] => 
    [9] => 
    [10] => 
    [11] => 
    [12] => 
    [13] => BENEFICIARY'S COPY
    [14] => 
    [15] => 
)

DEBUG - 2026-03-24 14:21:19 --> Checking row 2: Array
(
    [0] => 
    [1] => 
    [2] => FAMILY ASSISTANCE CARD IN EMERGENCIES AND DISASTERS (FACED)
    [3] => 
    [4] => 
    [5] => 
    [6] => 
    [7] => 
    [8] => 
    [9] => 
    [10] => 
    [11] => 
    [12] => 
    [13] => SERIAL NUMBER: 0001
    [14] => 
    [15] => 
)

DEBUG - 2026-03-24 14:21:19 --> Checking row 3: Array
(
    [0] => LOCATION OF THE AFFECTED FAMILY
    [1] => 
    [2] => 
    [3] => 
    [4] => 
    [5] => 
    [6] => 
    [7] => 
    [8] => 
    [9] => 
    [10] => 
    [11] => 
    [12] => 
    [13] => 
    [14] => 
    [15] => 
)

DEBUG - 2026-03-24 14:21:19 --> Checking row 4: Array
(
    [0] => 1. REGION
REGION 10
    [1] => 
    [2] => 
    [3] => 2. PROVINCE
CAMIGUIN
    [4] => 
    [5] => 
    [6] => 3. DISTRICT

    [7] => 
    [8] => 
    [9] => 4. CITY/MUNICIPALITY
CATARMAN
    [10] => 
    [11] => 
    [12] => 5. BARANGAY
BONBON
    [13] => 
    [14] => 6. EVACUATION CENTER/SITE
BONBON
    [15] => 
)

DEBUG - 2026-03-24 14:21:19 --> Checking row 5: Array
(
    [0] => 
    [1] => 
    [2] => 
    [3] => 
    [4] => 
    [5] => 
    [6] => 
    [7] => 
    [8] => 
    [9] => 
    [10] => 
    [11] => 
    [12] => 
    [13] => 
    [14] => 
    [15] => 
)

DEBUG - 2026-03-24 14:21:19 --> Checking row 6: Array
(
    [0] => HEAD OF THE FAMILY
    [1] => 
    [2] => 
    [3] => 
    [4] => 
    [5] => 
    [6] => 
    [7] => 
    [8] => 
    [9] => 
    [10] => 
    [11] => 
    [12] => 
    [13] => 
    [14] => 
    [15] => 
)

DEBUG - 2026-03-24 14:21:19 --> Found 'HEAD OF THE FAMILY' at row 6, column 0
DEBUG - 2026-03-24 14:21:19 --> parseFacedCard called with startRow: 6
DEBUG - 2026-03-24 14:21:19 --> Found household_no: 0001
DEBUG - 2026-03-24 14:21:19 --> Family header at row 15 → data from 16
DEBUG - 2026-03-24 14:21:19 --> Family member: RICHARD MICULOB
DEBUG - 2026-03-24 14:21:19 --> Parsed: RICHARD MICULOB | HH#: 0001 | Members: 1
DEBUG - 2026-03-24 14:21:19 --> Parsed resident data: Array
(
    [household_no] => 0001
    [region] => REGION 10
    [province] => CAMIGUIN
    [district] => 
    [city_municipality] => CATARMAN
    [barangay] => BONBON
    [evacuation_center] => BONBON
    [last_name] => MICULOB
    [civil_status] => Single
    [mother_maiden_name] => ROSALIA LUZANO
    [first_name] => RICHARD
    [religion] => Catholic
    [occupation] => None
    [middle_name] => VICTOR
    [name_extension] => 
    [age] => 0
    [birthdate] => 2026-03-24
    [birthplace] => CAMIGUIN GENERAL HOSPITAL
    [sex] => Male
    [monthly_income] => 0
    [id_card_presented] => 12345678
    [id_card_number] => 12345678
    [contact_number] => 09273532291
    [alternate_number] => 09273532291
    [house_no] => 123
    [street] => Purok 3a
    [subdivision] => Camiguin
    [permanent_barangay] => Bonbon
    [permanent_city] => Catarman
    [permanent_province] => Camiguin
    [zip_code] => 9104
    [is_4ps_beneficiary] => 0
    [vulnerable_older_persons] => 0
    [vulnerable_pregnant] => 0
    [vulnerable_lactating] => 0
    [vulnerable_pwd] => 0
    [ownership_status] => Owner
    [shelter_damage] => No Damage
    [registration_date] => 2026-03-24
    [barangay_captain_name] => RICHARD VICTOR MICULOB
    [lswdo_name] => RICHARD VICTOR MICULOB
    [data_privacy_consent] => 1
    [family_members] => Array
        (
            [0] => Array
                (
                    [name] => RICHARD MICULOB
                    [relation] => Son
                    [birthdate] => 2026-03-24
                    [age] => 0
                    [sex] => 
                    [education] => CPSC
                    [occupation] => None
                    [remarks] => 
                    [status] => active
                )

        )

)

DEBUG - 2026-03-24 14:21:19 --> Found existing resident by household_no: 0001
DEBUG - 2026-03-24 14:21:19 --> Updating existing resident ID: 69
DEBUG - 2026-03-24 14:21:20 --> Updated existing family member: RICHARD MICULOB
DEBUG - 2026-03-24 14:21:20 --> Import completed. Imported: 1, Errors: 0
DEBUG - 2026-03-24 14:21:20 --> Session: Class initialized using 'CodeIgniter\Session\Handlers\FileHandler' driver.
DEBUG - 2026-03-24 14:21:32 --> Session: Class initialized using 'CodeIgniter\Session\Handlers\FileHandler' driver.
DEBUG - 2026-03-24 14:21:33 --> Session: Class initialized using 'CodeIgniter\Session\Handlers\FileHandler' driver.
DEBUG - 2026-03-24 14:21:33 --> Session: Class initialized using 'CodeIgniter\Session\Handlers\FileHandler' driver.
DEBUG - 2026-03-24 14:21:49 --> Session: Class initialized using 'CodeIgniter\Session\Handlers\FileHandler' driver.
DEBUG - 2026-03-24 14:21:50 --> Session: Class initialized using 'CodeIgniter\Session\Handlers\FileHandler' driver.
DEBUG - 2026-03-24 14:21:55 --> Session: Class initialized using 'CodeIgniter\Session\Handlers\FileHandler' driver.
DEBUG - 2026-03-24 14:21:58 --> Session: Class initialized using 'CodeIgniter\Session\Handlers\FileHandler' driver.
DEBUG - 2026-03-24 14:21:58 --> Excel import - Total rows: 26
DEBUG - 2026-03-24 14:21:58 --> Excel import - First 10 rows: Array
(
    [0] => Array
        (
            [0] => DSWD Logo
            [1] => 
            [2] => Republic of the Philippines
            [3] => 
            [4] => 
            [5] => 
            [6] => 
            [7] => 
            [8] => 
            [9] => 
            [10] => 
            [11] => 
            [12] => 
            [13] => THIS CARD IS NOT FOR SALE
            [14] => 
            [15] => 
        )

    [1] => Array
        (
            [0] => 
            [1] => 
            [2] => Department of Social Welfare and Development
            [3] => 
            [4] => 
            [5] => 
            [6] => 
            [7] => 
            [8] => 
            [9] => 
            [10] => 
            [11] => 
            [12] => 
            [13] => BENEFICIARY'S COPY
            [14] => 
            [15] => 
        )

    [2] => Array
        (
            [0] => 
            [1] => 
            [2] => FAMILY ASSISTANCE CARD IN EMERGENCIES AND DISASTERS (FACED)
            [3] => 
            [4] => 
            [5] => 
            [6] => 
            [7] => 
            [8] => 
            [9] => 
            [10] => 
            [11] => 
            [12] => 
            [13] => SERIAL NUMBER: 0001
            [14] => 
            [15] => 
        )

    [3] => Array
        (
            [0] => LOCATION OF THE AFFECTED FAMILY
            [1] => 
            [2] => 
            [3] => 
            [4] => 
            [5] => 
            [6] => 
            [7] => 
            [8] => 
            [9] => 
            [10] => 
            [11] => 
            [12] => 
            [13] => 
            [14] => 
            [15] => 
        )

    [4] => Array
        (
            [0] => 1. REGION
REGION 10
            [1] => 
            [2] => 
            [3] => 2. PROVINCE
CAMIGUIN
            [4] => 
            [5] => 
            [6] => 3. DISTRICT

            [7] => 
            [8] => 
            [9] => 4. CITY/MUNICIPALITY
CATARMAN
            [10] => 
            [11] => 
            [12] => 5. BARANGAY
BONBON
            [13] => 
            [14] => 6. EVACUATION CENTER/SITE
BONBON
            [15] => 
        )

    [5] => Array
        (
            [0] => 
            [1] => 
            [2] => 
            [3] => 
            [4] => 
            [5] => 
            [6] => 
            [7] => 
            [8] => 
            [9] => 
            [10] => 
            [11] => 
            [12] => 
            [13] => 
            [14] => 
            [15] => 
        )

    [6] => Array
        (
            [0] => HEAD OF THE FAMILY
            [1] => 
            [2] => 
            [3] => 
            [4] => 
            [5] => 
            [6] => 
            [7] => 
            [8] => 
            [9] => 
            [10] => 
            [11] => 
            [12] => 
            [13] => 
            [14] => 
            [15] => 
        )

    [7] => Array
        (
            [0] => 7. LAST NAME
MICULOB
            [1] => 
            [2] => 
            [3] => 
            [4] => 15. CIVIL STATUS
SINGLE
            [5] => 
            [6] => 
            [7] => 
            [8] => 16. MOTHER'S MAIDEN NAME
ROSALIA LUZANO
            [9] => 
            [10] => 
            [11] => 
            [12] => 
            [13] => 
            [14] => 
            [15] => 
        )

    [8] => Array
        (
            [0] => 8. FIRST NAME
RICHARD
            [1] => 
            [2] => 
            [3] => 
            [4] => 17. RELIGION
CATHOLIC
            [5] => 
            [6] => 
            [7] => 
            [8] => 18. OCCUPATION
NONE
            [9] => 
            [10] => 
            [11] => 
            [12] => 
            [13] => 
            [14] => 
            [15] => 
        )

    [9] => Array
        (
            [0] => 9. MIDDLE NAME
VICTOR
            [1] => 
            [2] => 
            [3] => 
            [4] => 10. NAME EXT.
            [5] => 
            [6] => 
            [7] => 
            [8] => 11. BIRTHDATE
03-24-2026
            [9] => 
            [10] => 
            [11] => 
            [12] => 12. AGE
0
            [13] => 
            [14] => 
            [15] => 
        )

)

DEBUG - 2026-03-24 14:21:58 --> Checking row 0: Array
(
    [0] => DSWD Logo
    [1] => 
    [2] => Republic of the Philippines
    [3] => 
    [4] => 
    [5] => 
    [6] => 
    [7] => 
    [8] => 
    [9] => 
    [10] => 
    [11] => 
    [12] => 
    [13] => THIS CARD IS NOT FOR SALE
    [14] => 
    [15] => 
)

DEBUG - 2026-03-24 14:21:58 --> Checking row 1: Array
(
    [0] => 
    [1] => 
    [2] => Department of Social Welfare and Development
    [3] => 
    [4] => 
    [5] => 
    [6] => 
    [7] => 
    [8] => 
    [9] => 
    [10] => 
    [11] => 
    [12] => 
    [13] => BENEFICIARY'S COPY
    [14] => 
    [15] => 
)

DEBUG - 2026-03-24 14:21:58 --> Checking row 2: Array
(
    [0] => 
    [1] => 
    [2] => FAMILY ASSISTANCE CARD IN EMERGENCIES AND DISASTERS (FACED)
    [3] => 
    [4] => 
    [5] => 
    [6] => 
    [7] => 
    [8] => 
    [9] => 
    [10] => 
    [11] => 
    [12] => 
    [13] => SERIAL NUMBER: 0001
    [14] => 
    [15] => 
)

DEBUG - 2026-03-24 14:21:58 --> Checking row 3: Array
(
    [0] => LOCATION OF THE AFFECTED FAMILY
    [1] => 
    [2] => 
    [3] => 
    [4] => 
    [5] => 
    [6] => 
    [7] => 
    [8] => 
    [9] => 
    [10] => 
    [11] => 
    [12] => 
    [13] => 
    [14] => 
    [15] => 
)

DEBUG - 2026-03-24 14:21:58 --> Checking row 4: Array
(
    [0] => 1. REGION
REGION 10
    [1] => 
    [2] => 
    [3] => 2. PROVINCE
CAMIGUIN
    [4] => 
    [5] => 
    [6] => 3. DISTRICT

    [7] => 
    [8] => 
    [9] => 4. CITY/MUNICIPALITY
CATARMAN
    [10] => 
    [11] => 
    [12] => 5. BARANGAY
BONBON
    [13] => 
    [14] => 6. EVACUATION CENTER/SITE
BONBON
    [15] => 
)

DEBUG - 2026-03-24 14:21:58 --> Checking row 5: Array
(
    [0] => 
    [1] => 
    [2] => 
    [3] => 
    [4] => 
    [5] => 
    [6] => 
    [7] => 
    [8] => 
    [9] => 
    [10] => 
    [11] => 
    [12] => 
    [13] => 
    [14] => 
    [15] => 
)

DEBUG - 2026-03-24 14:21:58 --> Checking row 6: Array
(
    [0] => HEAD OF THE FAMILY
    [1] => 
    [2] => 
    [3] => 
    [4] => 
    [5] => 
    [6] => 
    [7] => 
    [8] => 
    [9] => 
    [10] => 
    [11] => 
    [12] => 
    [13] => 
    [14] => 
    [15] => 
)

DEBUG - 2026-03-24 14:21:58 --> Found 'HEAD OF THE FAMILY' at row 6, column 0
DEBUG - 2026-03-24 14:21:58 --> parseFacedCard called with startRow: 6
DEBUG - 2026-03-24 14:21:58 --> Found household_no: 0001
DEBUG - 2026-03-24 14:21:58 --> Family header at row 15 → data from 16
DEBUG - 2026-03-24 14:21:58 --> Family member: RICHARD MICULOB
DEBUG - 2026-03-24 14:21:58 --> Parsed: RICHARD MICULOB | HH#: 0001 | Members: 1
DEBUG - 2026-03-24 14:21:58 --> Parsed resident data: Array
(
    [household_no] => 0001
    [region] => REGION 10
    [province] => CAMIGUIN
    [district] => 
    [city_municipality] => CATARMAN
    [barangay] => BONBON
    [evacuation_center] => BONBON
    [last_name] => MICULOB
    [civil_status] => Single
    [mother_maiden_name] => ROSALIA LUZANO
    [first_name] => RICHARD
    [religion] => Catholic
    [occupation] => None
    [middle_name] => VICTOR
    [name_extension] => 
    [age] => 0
    [birthdate] => 2026-03-24
    [birthplace] => CAMIGUIN GENERAL HOSPITAL
    [sex] => Male
    [monthly_income] => 0
    [id_card_presented] => 12345678
    [id_card_number] => 12345678
    [contact_number] => 09273532291
    [alternate_number] => 09273532291
    [house_no] => 123
    [street] => Purok 3a
    [subdivision] => Camiguin
    [permanent_barangay] => Bonbon
    [permanent_city] => Catarman
    [permanent_province] => Camiguin
    [zip_code] => 9104
    [is_4ps_beneficiary] => 0
    [vulnerable_older_persons] => 0
    [vulnerable_pregnant] => 0
    [vulnerable_lactating] => 0
    [vulnerable_pwd] => 0
    [ownership_status] => Owner
    [shelter_damage] => No Damage
    [registration_date] => 2026-03-24
    [barangay_captain_name] => RICHARD VICTOR MICULOB
    [lswdo_name] => RICHARD VICTOR MICULOB
    [data_privacy_consent] => 1
    [family_members] => Array
        (
            [0] => Array
                (
                    [name] => RICHARD MICULOB
                    [relation] => Son
                    [birthdate] => 2026-03-24
                    [age] => 0
                    [sex] => 
                    [education] => CPSC
                    [occupation] => None
                    [remarks] => 
                    [status] => active
                )

        )

)

DEBUG - 2026-03-24 14:21:58 --> Inserted resident ID: 70, Name: RICHARD MICULOB
DEBUG - 2026-03-24 14:21:58 --> Inserted family member: RICHARD MICULOB
DEBUG - 2026-03-24 14:21:58 --> Import completed. Imported: 1, Errors: 0
DEBUG - 2026-03-24 14:21:59 --> Session: Class initialized using 'CodeIgniter\Session\Handlers\FileHandler' driver.
DEBUG - 2026-03-24 14:22:26 --> Session: Class initialized using 'CodeIgniter\Session\Handlers\FileHandler' driver.
DEBUG - 2026-03-24 14:22:27 --> Session: Class initialized using 'CodeIgniter\Session\Handlers\FileHandler' driver.
DEBUG - 2026-03-24 14:22:27 --> Session: Class initialized using 'CodeIgniter\Session\Handlers\FileHandler' driver.
DEBUG - 2026-03-24 14:22:44 --> Session: Class initialized using 'CodeIgniter\Session\Handlers\FileHandler' driver.
DEBUG - 2026-03-24 14:23:03 --> Session: Class initialized using 'CodeIgniter\Session\Handlers\FileHandler' driver.
DEBUG - 2026-03-24 14:23:04 --> Session: Class initialized using 'CodeIgniter\Session\Handlers\FileHandler' driver.
DEBUG - 2026-03-24 14:23:08 --> Session: Class initialized using 'CodeIgniter\Session\Handlers\FileHandler' driver.
DEBUG - 2026-03-24 14:23:32 --> Session: Class initialized using 'CodeIgniter\Session\Handlers\FileHandler' driver.
DEBUG - 2026-03-24 14:23:32 --> Session: Class initialized using 'CodeIgniter\Session\Handlers\FileHandler' driver.
DEBUG - 2026-03-24 14:23:34 --> Session: Class initialized using 'CodeIgniter\Session\Handlers\FileHandler' driver.
DEBUG - 2026-03-24 14:23:38 --> Session: Class initialized using 'CodeIgniter\Session\Handlers\FileHandler' driver.
DEBUG - 2026-03-24 14:23:39 --> Excel import - Total rows: 56
DEBUG - 2026-03-24 14:23:39 --> Excel import - First 10 rows: Array
(
    [0] => Array
        (
            [0] => DSWD Logo
            [1] => 
            [2] => Republic of the Philippines
            [3] => 
            [4] => 
            [5] => 
            [6] => 
            [7] => 
            [8] => 
            [9] => 
            [10] => 
            [11] => 
            [12] => 
            [13] => THIS CARD IS NOT FOR SALE
            [14] => 
            [15] => 
        )

    [1] => Array
        (
            [0] => 
            [1] => 
            [2] => Department of Social Welfare and Development
            [3] => 
            [4] => 
            [5] => 
            [6] => 
            [7] => 
            [8] => 
            [9] => 
            [10] => 
            [11] => 
            [12] => 
            [13] => BENEFICIARY'S COPY
            [14] => 
            [15] => 
        )

    [2] => Array
        (
            [0] => 
            [1] => 
            [2] => FAMILY ASSISTANCE CARD IN EMERGENCIES AND DISASTERS (FACED)
            [3] => 
            [4] => 
            [5] => 
            [6] => 
            [7] => 
            [8] => 
            [9] => 
            [10] => 
            [11] => 
            [12] => 
            [13] => SERIAL NUMBER: 0001
            [14] => 
            [15] => 
        )

    [3] => Array
        (
            [0] => LOCATION OF THE AFFECTED FAMILY
            [1] => 
            [2] => 
            [3] => 
            [4] => 
            [5] => 
            [6] => 
            [7] => 
            [8] => 
            [9] => 
            [10] => 
            [11] => 
            [12] => 
            [13] => 
            [14] => 
            [15] => 
        )

    [4] => Array
        (
            [0] => 1. REGION
REGION 10
            [1] => 
            [2] => 
            [3] => 2. PROVINCE
CAMIGUIN
            [4] => 
            [5] => 
            [6] => 3. DISTRICT

            [7] => 
            [8] => 
            [9] => 4. CITY/MUNICIPALITY
CATARMAN
            [10] => 
            [11] => 
            [12] => 5. BARANGAY
BONBON
            [13] => 
            [14] => 6. EVACUATION CENTER/SITE
BONBON
            [15] => 
        )

    [5] => Array
        (
            [0] => 
            [1] => 
            [2] => 
            [3] => 
            [4] => 
            [5] => 
            [6] => 
            [7] => 
            [8] => 
            [9] => 
            [10] => 
            [11] => 
            [12] => 
            [13] => 
            [14] => 
            [15] => 
        )

    [6] => Array
        (
            [0] => HEAD OF THE FAMILY
            [1] => 
            [2] => 
            [3] => 
            [4] => 
            [5] => 
            [6] => 
            [7] => 
            [8] => 
            [9] => 
            [10] => 
            [11] => 
            [12] => 
            [13] => 
            [14] => 
            [15] => 
        )

    [7] => Array
        (
            [0] => 7. LAST NAME
MICULOB
            [1] => 
            [2] => 
            [3] => 
            [4] => 15. CIVIL STATUS
SINGLE
            [5] => 
            [6] => 
            [7] => 
            [8] => 16. MOTHER'S MAIDEN NAME
ROSALIA LUZANO
            [9] => 
            [10] => 
            [11] => 
            [12] => 
            [13] => 
            [14] => 
            [15] => 
        )

    [8] => Array
        (
            [0] => 8. FIRST NAME
RICHARD
            [1] => 
            [2] => 
            [3] => 
            [4] => 17. RELIGION
CATHOLIC
            [5] => 
            [6] => 
            [7] => 
            [8] => 18. OCCUPATION
NONE
            [9] => 
            [10] => 
            [11] => 
            [12] => 
            [13] => 
            [14] => 
            [15] => 
        )

    [9] => Array
        (
            [0] => 9. MIDDLE NAME
VICTOR
            [1] => 
            [2] => 
            [3] => 
            [4] => 10. NAME EXT.
            [5] => 
            [6] => 
            [7] => 
            [8] => 11. BIRTHDATE
03-24-2026
            [9] => 
            [10] => 
            [11] => 
            [12] => 12. AGE
0
            [13] => 
            [14] => 
            [15] => 
        )

)

DEBUG - 2026-03-24 14:23:39 --> Checking row 0: Array
(
    [0] => DSWD Logo
    [1] => 
    [2] => Republic of the Philippines
    [3] => 
    [4] => 
    [5] => 
    [6] => 
    [7] => 
    [8] => 
    [9] => 
    [10] => 
    [11] => 
    [12] => 
    [13] => THIS CARD IS NOT FOR SALE
    [14] => 
    [15] => 
)

DEBUG - 2026-03-24 14:23:39 --> Checking row 1: Array
(
    [0] => 
    [1] => 
    [2] => Department of Social Welfare and Development
    [3] => 
    [4] => 
    [5] => 
    [6] => 
    [7] => 
    [8] => 
    [9] => 
    [10] => 
    [11] => 
    [12] => 
    [13] => BENEFICIARY'S COPY
    [14] => 
    [15] => 
)

DEBUG - 2026-03-24 14:23:39 --> Checking row 2: Array
(
    [0] => 
    [1] => 
    [2] => FAMILY ASSISTANCE CARD IN EMERGENCIES AND DISASTERS (FACED)
    [3] => 
    [4] => 
    [5] => 
    [6] => 
    [7] => 
    [8] => 
    [9] => 
    [10] => 
    [11] => 
    [12] => 
    [13] => SERIAL NUMBER: 0001
    [14] => 
    [15] => 
)

DEBUG - 2026-03-24 14:23:39 --> Checking row 3: Array
(
    [0] => LOCATION OF THE AFFECTED FAMILY
    [1] => 
    [2] => 
    [3] => 
    [4] => 
    [5] => 
    [6] => 
    [7] => 
    [8] => 
    [9] => 
    [10] => 
    [11] => 
    [12] => 
    [13] => 
    [14] => 
    [15] => 
)

DEBUG - 2026-03-24 14:23:39 --> Checking row 4: Array
(
    [0] => 1. REGION
REGION 10
    [1] => 
    [2] => 
    [3] => 2. PROVINCE
CAMIGUIN
    [4] => 
    [5] => 
    [6] => 3. DISTRICT

    [7] => 
    [8] => 
    [9] => 4. CITY/MUNICIPALITY
CATARMAN
    [10] => 
    [11] => 
    [12] => 5. BARANGAY
BONBON
    [13] => 
    [14] => 6. EVACUATION CENTER/SITE
BONBON
    [15] => 
)

DEBUG - 2026-03-24 14:23:39 --> Checking row 5: Array
(
    [0] => 
    [1] => 
    [2] => 
    [3] => 
    [4] => 
    [5] => 
    [6] => 
    [7] => 
    [8] => 
    [9] => 
    [10] => 
    [11] => 
    [12] => 
    [13] => 
    [14] => 
    [15] => 
)

DEBUG - 2026-03-24 14:23:39 --> Checking row 6: Array
(
    [0] => HEAD OF THE FAMILY
    [1] => 
    [2] => 
    [3] => 
    [4] => 
    [5] => 
    [6] => 
    [7] => 
    [8] => 
    [9] => 
    [10] => 
    [11] => 
    [12] => 
    [13] => 
    [14] => 
    [15] => 
)

DEBUG - 2026-03-24 14:23:39 --> Found 'HEAD OF THE FAMILY' at row 6, column 0
DEBUG - 2026-03-24 14:23:39 --> parseFacedCard called with startRow: 6
DEBUG - 2026-03-24 14:23:39 --> Found household_no: 0001
DEBUG - 2026-03-24 14:23:39 --> Family header at row 15 → data from 16
DEBUG - 2026-03-24 14:23:39 --> Family member: RICHARD MICULOB
DEBUG - 2026-03-24 14:23:39 --> Parsed: RICHARD MICULOB | HH#: 0001 | Members: 1
DEBUG - 2026-03-24 14:23:39 --> Parsed resident data: Array
(
    [household_no] => 0001
    [region] => REGION 10
    [province] => CAMIGUIN
    [district] => 
    [city_municipality] => CATARMAN
    [barangay] => BONBON
    [evacuation_center] => BONBON
    [last_name] => MICULOB
    [civil_status] => Single
    [mother_maiden_name] => ROSALIA LUZANO
    [first_name] => RICHARD
    [religion] => Catholic
    [occupation] => None
    [middle_name] => VICTOR
    [name_extension] => 
    [age] => 0
    [birthdate] => 2026-03-24
    [birthplace] => CAMIGUIN GENERAL HOSPITAL
    [sex] => Male
    [monthly_income] => 0
    [id_card_presented] => 12345678
    [id_card_number] => 12345678
    [contact_number] => 09273532291
    [alternate_number] => 09273532291
    [house_no] => 123
    [street] => Purok 3a
    [subdivision] => Camiguin
    [permanent_barangay] => Bonbon
    [permanent_city] => Catarman
    [permanent_province] => Camiguin
    [zip_code] => 9104
    [is_4ps_beneficiary] => 0
    [vulnerable_older_persons] => 0
    [vulnerable_pregnant] => 0
    [vulnerable_lactating] => 0
    [vulnerable_pwd] => 0
    [ownership_status] => Owner
    [shelter_damage] => No Damage
    [registration_date] => 2026-03-24
    [barangay_captain_name] => RICHARD VICTOR MICULOB
    [lswdo_name] => RICHARD VICTOR MICULOB
    [data_privacy_consent] => 1
    [family_members] => Array
        (
            [0] => Array
                (
                    [name] => RICHARD MICULOB
                    [relation] => Son
                    [birthdate] => 2026-03-24
                    [age] => 0
                    [sex] => 
                    [education] => CPSC
                    [occupation] => None
                    [remarks] => 
                    [status] => active
                )

        )

)

DEBUG - 2026-03-24 14:23:39 --> Found existing resident by household_no: 0001
DEBUG - 2026-03-24 14:23:39 --> Updating existing resident ID: 70
DEBUG - 2026-03-24 14:23:39 --> Updated existing family member: RICHARD MICULOB
DEBUG - 2026-03-24 14:23:39 --> Checking row 31: Array
(
    [0] => 
    [1] => 
    [2] => Department of Social Welfare and Development
    [3] => 
    [4] => 
    [5] => 
    [6] => 
    [7] => 
    [8] => 
    [9] => 
    [10] => 
    [11] => 
    [12] => 
    [13] => BENEFICIARY'S COPY
    [14] => 
    [15] => 
)

DEBUG - 2026-03-24 14:23:39 --> Checking row 32: Array
(
    [0] => 
    [1] => 
    [2] => FAMILY ASSISTANCE CARD IN EMERGENCIES AND DISASTERS (FACED)
    [3] => 
    [4] => 
    [5] => 
    [6] => 
    [7] => 
    [8] => 
    [9] => 
    [10] => 
    [11] => 
    [12] => 
    [13] => SERIAL NUMBER: 0002
    [14] => 
    [15] => 
)

DEBUG - 2026-03-24 14:23:39 --> Checking row 33: Array
(
    [0] => LOCATION OF THE AFFECTED FAMILY
    [1] => 
    [2] => 
    [3] => 
    [4] => 
    [5] => 
    [6] => 
    [7] => 
    [8] => 
    [9] => 
    [10] => 
    [11] => 
    [12] => 
    [13] => 
    [14] => 
    [15] => 
)

DEBUG - 2026-03-24 14:23:39 --> Checking row 34: Array
(
    [0] => 1. REGION
REGION 10
    [1] => 
    [2] => 
    [3] => 2. PROVINCE
CAMIGUIN
    [4] => 
    [5] => 
    [6] => 3. DISTRICT
CATARMAN
    [7] => 
    [8] => 
    [9] => 4. CITY/MUNICIPALITY
CATARMAN
    [10] => 
    [11] => 
    [12] => 5. BARANGAY
BONBON
    [13] => 
    [14] => 6. EVACUATION CENTER/SITE
BONBON
    [15] => 
)

DEBUG - 2026-03-24 14:23:39 --> Checking row 35: Array
(
    [0] => 
    [1] => 
    [2] => 
    [3] => 
    [4] => 
    [5] => 
    [6] => 
    [7] => 
    [8] => 
    [9] => 
    [10] => 
    [11] => 
    [12] => 
    [13] => 
    [14] => 
    [15] => 
)

DEBUG - 2026-03-24 14:23:39 --> Checking row 36: Array
(
    [0] => HEAD OF THE FAMILY
    [1] => 
    [2] => 
    [3] => 
    [4] => 
    [5] => 
    [6] => 
    [7] => 
    [8] => 
    [9] => 
    [10] => 
    [11] => 
    [12] => 
    [13] => 
    [14] => 
    [15] => 
)

DEBUG - 2026-03-24 14:23:39 --> Found 'HEAD OF THE FAMILY' at row 36, column 0
DEBUG - 2026-03-24 14:23:39 --> parseFacedCard called with startRow: 36
DEBUG - 2026-03-24 14:23:39 --> Found household_no: 0002
DEBUG - 2026-03-24 14:23:39 --> Family header at row 45 → data from 46
DEBUG - 2026-03-24 14:23:39 --> Parsed: MJAY JURADO | HH#: 0002 | Members: 0
DEBUG - 2026-03-24 14:23:39 --> Parsed resident data: Array
(
    [household_no] => 0002
    [region] => REGION 10
    [province] => CAMIGUIN
    [district] => CATARMAN
    [city_municipality] => CATARMAN
    [barangay] => BONBON
    [evacuation_center] => BONBON
    [last_name] => JURADO
    [civil_status] => 
    [mother_maiden_name] => 
    [first_name] => MJAY
    [religion] => 
    [occupation] => 
    [middle_name] => R.
    [name_extension] => 
    [age] => 0
    [birthplace] => 
    [sex] => Male
    [monthly_income] => 0
    [id_card_presented] => 
    [id_card_number] => 
    [contact_number] => 09273532291
    [house_no] => 
    [street] => 
    [subdivision] => 
    [permanent_barangay] => 123
    [permanent_city] => Purok
    [permanent_province] => 3a
    [zip_code] => 
    [is_4ps_beneficiary] => 0
    [vulnerable_older_persons] => 0
    [vulnerable_pregnant] => 0
    [vulnerable_lactating] => 0
    [vulnerable_pwd] => 0
    [ownership_status] => Owner
    [shelter_damage] => No Damage
    [registration_date] => 2026-03-24
    [data_privacy_consent] => 1
    [family_members] => Array
        (
        )

)

DEBUG - 2026-03-24 14:23:39 --> Inserted resident ID: 72, Name: MJAY JURADO
DEBUG - 2026-03-24 14:23:39 --> Import completed. Imported: 2, Errors: 0
DEBUG - 2026-03-24 14:23:39 --> Session: Class initialized using 'CodeIgniter\Session\Handlers\FileHandler' driver.
DEBUG - 2026-03-24 14:23:43 --> Session: Class initialized using 'CodeIgniter\Session\Handlers\FileHandler' driver.
DEBUG - 2026-03-24 14:23:44 --> Session: Class initialized using 'CodeIgniter\Session\Handlers\FileHandler' driver.
DEBUG - 2026-03-24 14:23:46 --> Session: Class initialized using 'CodeIgniter\Session\Handlers\FileHandler' driver.
DEBUG - 2026-03-24 14:23:46 --> Session: Class initialized using 'CodeIgniter\Session\Handlers\FileHandler' driver.
DEBUG - 2026-03-24 14:23:47 --> Session: Class initialized using 'CodeIgniter\Session\Handlers\FileHandler' driver.
DEBUG - 2026-03-24 14:23:50 --> Session: Class initialized using 'CodeIgniter\Session\Handlers\FileHandler' driver.
DEBUG - 2026-03-24 14:23:51 --> Excel import - Total rows: 56
DEBUG - 2026-03-24 14:23:51 --> Excel import - First 10 rows: Array
(
    [0] => Array
        (
            [0] => DSWD Logo
            [1] => 
            [2] => Republic of the Philippines
            [3] => 
            [4] => 
            [5] => 
            [6] => 
            [7] => 
            [8] => 
            [9] => 
            [10] => 
            [11] => 
            [12] => 
            [13] => THIS CARD IS NOT FOR SALE
            [14] => 
            [15] => 
        )

    [1] => Array
        (
            [0] => 
            [1] => 
            [2] => Department of Social Welfare and Development
            [3] => 
            [4] => 
            [5] => 
            [6] => 
            [7] => 
            [8] => 
            [9] => 
            [10] => 
            [11] => 
            [12] => 
            [13] => BENEFICIARY'S COPY
            [14] => 
            [15] => 
        )

    [2] => Array
        (
            [0] => 
            [1] => 
            [2] => FAMILY ASSISTANCE CARD IN EMERGENCIES AND DISASTERS (FACED)
            [3] => 
            [4] => 
            [5] => 
            [6] => 
            [7] => 
            [8] => 
            [9] => 
            [10] => 
            [11] => 
            [12] => 
            [13] => SERIAL NUMBER: 0001
            [14] => 
            [15] => 
        )

    [3] => Array
        (
            [0] => LOCATION OF THE AFFECTED FAMILY
            [1] => 
            [2] => 
            [3] => 
            [4] => 
            [5] => 
            [6] => 
            [7] => 
            [8] => 
            [9] => 
            [10] => 
            [11] => 
            [12] => 
            [13] => 
            [14] => 
            [15] => 
        )

    [4] => Array
        (
            [0] => 1. REGION
REGION 10
            [1] => 
            [2] => 
            [3] => 2. PROVINCE
CAMIGUIN
            [4] => 
            [5] => 
            [6] => 3. DISTRICT

            [7] => 
            [8] => 
            [9] => 4. CITY/MUNICIPALITY
CATARMAN
            [10] => 
            [11] => 
            [12] => 5. BARANGAY
BONBON
            [13] => 
            [14] => 6. EVACUATION CENTER/SITE
BONBON
            [15] => 
        )

    [5] => Array
        (
            [0] => 
            [1] => 
            [2] => 
            [3] => 
            [4] => 
            [5] => 
            [6] => 
            [7] => 
            [8] => 
            [9] => 
            [10] => 
            [11] => 
            [12] => 
            [13] => 
            [14] => 
            [15] => 
        )

    [6] => Array
        (
            [0] => HEAD OF THE FAMILY
            [1] => 
            [2] => 
            [3] => 
            [4] => 
            [5] => 
            [6] => 
            [7] => 
            [8] => 
            [9] => 
            [10] => 
            [11] => 
            [12] => 
            [13] => 
            [14] => 
            [15] => 
        )

    [7] => Array
        (
            [0] => 7. LAST NAME
MICULOB
            [1] => 
            [2] => 
            [3] => 
            [4] => 15. CIVIL STATUS
SINGLE
            [5] => 
            [6] => 
            [7] => 
            [8] => 16. MOTHER'S MAIDEN NAME
ROSALIA LUZANO
            [9] => 
            [10] => 
            [11] => 
            [12] => 
            [13] => 
            [14] => 
            [15] => 
        )

    [8] => Array
        (
            [0] => 8. FIRST NAME
RICHARD
            [1] => 
            [2] => 
            [3] => 
            [4] => 17. RELIGION
CATHOLIC
            [5] => 
            [6] => 
            [7] => 
            [8] => 18. OCCUPATION
NONE
            [9] => 
            [10] => 
            [11] => 
            [12] => 
            [13] => 
            [14] => 
            [15] => 
        )

    [9] => Array
        (
            [0] => 9. MIDDLE NAME
VICTOR
            [1] => 
            [2] => 
            [3] => 
            [4] => 10. NAME EXT.
            [5] => 
            [6] => 
            [7] => 
            [8] => 11. BIRTHDATE
03-24-2026
            [9] => 
            [10] => 
            [11] => 
            [12] => 12. AGE
0
            [13] => 
            [14] => 
            [15] => 
        )

)

DEBUG - 2026-03-24 14:23:51 --> Checking row 0: Array
(
    [0] => DSWD Logo
    [1] => 
    [2] => Republic of the Philippines
    [3] => 
    [4] => 
    [5] => 
    [6] => 
    [7] => 
    [8] => 
    [9] => 
    [10] => 
    [11] => 
    [12] => 
    [13] => THIS CARD IS NOT FOR SALE
    [14] => 
    [15] => 
)

DEBUG - 2026-03-24 14:23:51 --> Checking row 1: Array
(
    [0] => 
    [1] => 
    [2] => Department of Social Welfare and Development
    [3] => 
    [4] => 
    [5] => 
    [6] => 
    [7] => 
    [8] => 
    [9] => 
    [10] => 
    [11] => 
    [12] => 
    [13] => BENEFICIARY'S COPY
    [14] => 
    [15] => 
)

DEBUG - 2026-03-24 14:23:51 --> Checking row 2: Array
(
    [0] => 
    [1] => 
    [2] => FAMILY ASSISTANCE CARD IN EMERGENCIES AND DISASTERS (FACED)
    [3] => 
    [4] => 
    [5] => 
    [6] => 
    [7] => 
    [8] => 
    [9] => 
    [10] => 
    [11] => 
    [12] => 
    [13] => SERIAL NUMBER: 0001
    [14] => 
    [15] => 
)

DEBUG - 2026-03-24 14:23:51 --> Checking row 3: Array
(
    [0] => LOCATION OF THE AFFECTED FAMILY
    [1] => 
    [2] => 
    [3] => 
    [4] => 
    [5] => 
    [6] => 
    [7] => 
    [8] => 
    [9] => 
    [10] => 
    [11] => 
    [12] => 
    [13] => 
    [14] => 
    [15] => 
)

DEBUG - 2026-03-24 14:23:51 --> Checking row 4: Array
(
    [0] => 1. REGION
REGION 10
    [1] => 
    [2] => 
    [3] => 2. PROVINCE
CAMIGUIN
    [4] => 
    [5] => 
    [6] => 3. DISTRICT

    [7] => 
    [8] => 
    [9] => 4. CITY/MUNICIPALITY
CATARMAN
    [10] => 
    [11] => 
    [12] => 5. BARANGAY
BONBON
    [13] => 
    [14] => 6. EVACUATION CENTER/SITE
BONBON
    [15] => 
)

DEBUG - 2026-03-24 14:23:51 --> Checking row 5: Array
(
    [0] => 
    [1] => 
    [2] => 
    [3] => 
    [4] => 
    [5] => 
    [6] => 
    [7] => 
    [8] => 
    [9] => 
    [10] => 
    [11] => 
    [12] => 
    [13] => 
    [14] => 
    [15] => 
)

DEBUG - 2026-03-24 14:23:51 --> Checking row 6: Array
(
    [0] => HEAD OF THE FAMILY
    [1] => 
    [2] => 
    [3] => 
    [4] => 
    [5] => 
    [6] => 
    [7] => 
    [8] => 
    [9] => 
    [10] => 
    [11] => 
    [12] => 
    [13] => 
    [14] => 
    [15] => 
)

DEBUG - 2026-03-24 14:23:51 --> Found 'HEAD OF THE FAMILY' at row 6, column 0
DEBUG - 2026-03-24 14:23:51 --> parseFacedCard called with startRow: 6
DEBUG - 2026-03-24 14:23:51 --> Found household_no: 0001
DEBUG - 2026-03-24 14:23:51 --> Family header at row 15 → data from 16
DEBUG - 2026-03-24 14:23:51 --> Family member: RICHARD MICULOB
DEBUG - 2026-03-24 14:23:51 --> Parsed: RICHARD MICULOB | HH#: 0001 | Members: 1
DEBUG - 2026-03-24 14:23:51 --> Parsed resident data: Array
(
    [household_no] => 0001
    [region] => REGION 10
    [province] => CAMIGUIN
    [district] => 
    [city_municipality] => CATARMAN
    [barangay] => BONBON
    [evacuation_center] => BONBON
    [last_name] => MICULOB
    [civil_status] => Single
    [mother_maiden_name] => ROSALIA LUZANO
    [first_name] => RICHARD
    [religion] => Catholic
    [occupation] => None
    [middle_name] => VICTOR
    [name_extension] => 
    [age] => 0
    [birthdate] => 2026-03-24
    [birthplace] => CAMIGUIN GENERAL HOSPITAL
    [sex] => Male
    [monthly_income] => 0
    [id_card_presented] => 12345678
    [id_card_number] => 12345678
    [contact_number] => 09273532291
    [alternate_number] => 09273532291
    [house_no] => 123
    [street] => Purok 3a
    [subdivision] => Camiguin
    [permanent_barangay] => Bonbon
    [permanent_city] => Catarman
    [permanent_province] => Camiguin
    [zip_code] => 9104
    [is_4ps_beneficiary] => 0
    [vulnerable_older_persons] => 0
    [vulnerable_pregnant] => 0
    [vulnerable_lactating] => 0
    [vulnerable_pwd] => 0
    [ownership_status] => Owner
    [shelter_damage] => No Damage
    [registration_date] => 2026-03-24
    [barangay_captain_name] => RICHARD VICTOR MICULOB
    [lswdo_name] => RICHARD VICTOR MICULOB
    [data_privacy_consent] => 1
    [family_members] => Array
        (
            [0] => Array
                (
                    [name] => RICHARD MICULOB
                    [relation] => Son
                    [birthdate] => 2026-03-24
                    [age] => 0
                    [sex] => 
                    [education] => CPSC
                    [occupation] => None
                    [remarks] => 
                    [status] => active
                )

        )

)

DEBUG - 2026-03-24 14:23:51 --> Inserted resident ID: 73, Name: RICHARD MICULOB
DEBUG - 2026-03-24 14:23:51 --> Inserted family member: RICHARD MICULOB
DEBUG - 2026-03-24 14:23:51 --> Checking row 31: Array
(
    [0] => 
    [1] => 
    [2] => Department of Social Welfare and Development
    [3] => 
    [4] => 
    [5] => 
    [6] => 
    [7] => 
    [8] => 
    [9] => 
    [10] => 
    [11] => 
    [12] => 
    [13] => BENEFICIARY'S COPY
    [14] => 
    [15] => 
)

DEBUG - 2026-03-24 14:23:51 --> Checking row 32: Array
(
    [0] => 
    [1] => 
    [2] => FAMILY ASSISTANCE CARD IN EMERGENCIES AND DISASTERS (FACED)
    [3] => 
    [4] => 
    [5] => 
    [6] => 
    [7] => 
    [8] => 
    [9] => 
    [10] => 
    [11] => 
    [12] => 
    [13] => SERIAL NUMBER: 0002
    [14] => 
    [15] => 
)

DEBUG - 2026-03-24 14:23:51 --> Checking row 33: Array
(
    [0] => LOCATION OF THE AFFECTED FAMILY
    [1] => 
    [2] => 
    [3] => 
    [4] => 
    [5] => 
    [6] => 
    [7] => 
    [8] => 
    [9] => 
    [10] => 
    [11] => 
    [12] => 
    [13] => 
    [14] => 
    [15] => 
)

DEBUG - 2026-03-24 14:23:51 --> Checking row 34: Array
(
    [0] => 1. REGION
REGION 10
    [1] => 
    [2] => 
    [3] => 2. PROVINCE
CAMIGUIN
    [4] => 
    [5] => 
    [6] => 3. DISTRICT
CATARMAN
    [7] => 
    [8] => 
    [9] => 4. CITY/MUNICIPALITY
CATARMAN
    [10] => 
    [11] => 
    [12] => 5. BARANGAY
BONBON
    [13] => 
    [14] => 6. EVACUATION CENTER/SITE
BONBON
    [15] => 
)

DEBUG - 2026-03-24 14:23:51 --> Checking row 35: Array
(
    [0] => 
    [1] => 
    [2] => 
    [3] => 
    [4] => 
    [5] => 
    [6] => 
    [7] => 
    [8] => 
    [9] => 
    [10] => 
    [11] => 
    [12] => 
    [13] => 
    [14] => 
    [15] => 
)

DEBUG - 2026-03-24 14:23:51 --> Checking row 36: Array
(
    [0] => HEAD OF THE FAMILY
    [1] => 
    [2] => 
    [3] => 
    [4] => 
    [5] => 
    [6] => 
    [7] => 
    [8] => 
    [9] => 
    [10] => 
    [11] => 
    [12] => 
    [13] => 
    [14] => 
    [15] => 
)

DEBUG - 2026-03-24 14:23:51 --> Found 'HEAD OF THE FAMILY' at row 36, column 0
DEBUG - 2026-03-24 14:23:51 --> parseFacedCard called with startRow: 36
DEBUG - 2026-03-24 14:23:51 --> Found household_no: 0002
DEBUG - 2026-03-24 14:23:51 --> Family header at row 45 → data from 46
DEBUG - 2026-03-24 14:23:51 --> Parsed: MJAY JURADO | HH#: 0002 | Members: 0
DEBUG - 2026-03-24 14:23:51 --> Parsed resident data: Array
(
    [household_no] => 0002
    [region] => REGION 10
    [province] => CAMIGUIN
    [district] => CATARMAN
    [city_municipality] => CATARMAN
    [barangay] => BONBON
    [evacuation_center] => BONBON
    [last_name] => JURADO
    [civil_status] => 
    [mother_maiden_name] => 
    [first_name] => MJAY
    [religion] => 
    [occupation] => 
    [middle_name] => R.
    [name_extension] => 
    [age] => 0
    [birthplace] => 
    [sex] => Male
    [monthly_income] => 0
    [id_card_presented] => 
    [id_card_number] => 
    [contact_number] => 09273532291
    [house_no] => 
    [street] => 
    [subdivision] => 
    [permanent_barangay] => 123
    [permanent_city] => Purok
    [permanent_province] => 3a
    [zip_code] => 
    [is_4ps_beneficiary] => 0
    [vulnerable_older_persons] => 0
    [vulnerable_pregnant] => 0
    [vulnerable_lactating] => 0
    [vulnerable_pwd] => 0
    [ownership_status] => Owner
    [shelter_damage] => No Damage
    [registration_date] => 2026-03-24
    [data_privacy_consent] => 1
    [family_members] => Array
        (
        )

)

DEBUG - 2026-03-24 14:23:51 --> Inserted resident ID: 74, Name: MJAY JURADO
DEBUG - 2026-03-24 14:23:51 --> Import completed. Imported: 2, Errors: 0
DEBUG - 2026-03-24 14:23:51 --> Session: Class initialized using 'CodeIgniter\Session\Handlers\FileHandler' driver.
DEBUG - 2026-03-24 14:24:19 --> Session: Class initialized using 'CodeIgniter\Session\Handlers\FileHandler' driver.
DEBUG - 2026-03-24 14:24:19 --> Family members with file check: Array
(
    [0] => Array
        (
            [id] => 123
            [resident_id] => 73
            [member_id] => 0001-01
            [name] => RICHARD MICULOB
            [relation] => Son
            [birthdate] => 2026-03-24
            [age] => 0
            [sex] => 
            [education] => CPSC
            [occupation] => None
            [remarks] => 
            [photo] => 
            [id_photo_front] => 
            [id_photo_back] => 
            [birth_certificate] => 
            [qr_code_token] => 0e50764037eb5d665e935694b350ae20
            [qr_code_id] => 
            [status] => active
            [created_at] => 2026-03-24 14:23:51
            [updated_at] => 2026-03-24 14:23:51
        )

)

DEBUG - 2026-03-24 14:24:23 --> Session: Class initialized using 'CodeIgniter\Session\Handlers\FileHandler' driver.
DEBUG - 2026-03-24 14:33:19 --> Session: Class initialized using 'CodeIgniter\Session\Handlers\FileHandler' driver.
DEBUG - 2026-03-24 14:33:22 --> Session: Class initialized using 'CodeIgniter\Session\Handlers\FileHandler' driver.
DEBUG - 2026-03-24 14:35:41 --> Session: Class initialized using 'CodeIgniter\Session\Handlers\FileHandler' driver.
DEBUG - 2026-03-24 14:36:08 --> Session: Class initialized using 'CodeIgniter\Session\Handlers\FileHandler' driver.
DEBUG - 2026-03-24 14:37:09 --> Session: Class initialized using 'CodeIgniter\Session\Handlers\FileHandler' driver.
DEBUG - 2026-03-24 14:37:14 --> Session: Class initialized using 'CodeIgniter\Session\Handlers\FileHandler' driver.
DEBUG - 2026-03-24 14:37:14 --> Session: Class initialized using 'CodeIgniter\Session\Handlers\FileHandler' driver.
DEBUG - 2026-03-24 14:37:17 --> Session: Class initialized using 'CodeIgniter\Session\Handlers\FileHandler' driver.
DEBUG - 2026-03-24 14:37:18 --> Session: Class initialized using 'CodeIgniter\Session\Handlers\FileHandler' driver.
DEBUG - 2026-03-24 14:37:20 --> Session: Class initialized using 'CodeIgniter\Session\Handlers\FileHandler' driver.
DEBUG - 2026-03-24 14:57:14 --> Session: Class initialized using 'CodeIgniter\Session\Handlers\FileHandler' driver.
DEBUG - 2026-03-24 14:57:14 --> Session: Class initialized using 'CodeIgniter\Session\Handlers\FileHandler' driver.
DEBUG - 2026-03-24 15:35:27 --> Session: Class initialized using 'CodeIgniter\Session\Handlers\FileHandler' driver.
DEBUG - 2026-03-24 15:38:17 --> Session: Class initialized using 'CodeIgniter\Session\Handlers\FileHandler' driver.
DEBUG - 2026-03-24 15:38:35 --> Session: Class initialized using 'CodeIgniter\Session\Handlers\FileHandler' driver.
DEBUG - 2026-03-24 15:38:38 --> Session: Class initialized using 'CodeIgniter\Session\Handlers\FileHandler' driver.
DEBUG - 2026-03-24 15:38:38 --> Family members with file check: Array
(
    [0] => Array
        (
            [id] => 124
            [resident_id] => 75
            [member_id] => 0001-01
            [name] => EDUARDO INTOD
            [relation] => HUSBAND
            [birthdate] => 1971-08-18
            [age] => 54
            [sex] => 
            [education] => ELEM
            [occupation] => CARPENTER
            [remarks] => 
            [photo] => 
            [id_photo_front] => 
            [id_photo_back] => 
            [birth_certificate] => 
            [qr_code_token] => 95787de605a321c6da46df5e7abd9aaa1436131cf6b9f3b748ad5cf7c3ab5f53
            [qr_code_id] => 69c235ca5d28e_0
            [status] => active
            [created_at] => 2026-03-24 14:57:14
            [updated_at] => 2026-03-24 14:57:14
        )

    [1] => Array
        (
            [id] => 125
            [resident_id] => 75
            [member_id] => 0001-02
            [name] => CASRE INTOD
            [relation] => DAUGHTER
            [birthdate] => 2002-12-11
            [age] => 23
            [sex] => 
            [education] => COLLEGE
            [occupation] => STUDENT
            [remarks] => 
            [photo] => 
            [id_photo_front] => 
            [id_photo_back] => 
            [birth_certificate] => 
            [qr_code_token] => 3044620418bd24bcc5af5f0bf81e0ef971d9ae377179c7386a29e5fbe5615362
            [qr_code_id] => 69c235ca5d29e_1
            [status] => active
            [created_at] => 2026-03-24 14:57:14
            [updated_at] => 2026-03-24 14:57:14
        )

    [2] => Array
        (
            [id] => 126
            [resident_id] => 75
            [member_id] => 0001-03
            [name] => RICHEL MAE INTOD
            [relation] => DAUGHTER
            [birthdate] => 2004-06-20
            [age] => 21
            [sex] => 
            [education] => COLLEGE
            [occupation] => STUDENT
            [remarks] => 
            [photo] => 
            [id_photo_front] => 
            [id_photo_back] => 
            [birth_certificate] => 
            [qr_code_token] => b912c5826a987e443de3f63f00eef40e7ea211e4adb718c3e26ddf73389345c7
            [qr_code_id] => 69c235ca5d2ab_2
            [status] => active
            [created_at] => 2026-03-24 14:57:14
            [updated_at] => 2026-03-24 14:57:14
        )

    [3] => Array
        (
            [id] => 127
            [resident_id] => 75
            [member_id] => 0001-04
            [name] => RALPH KENJAY INTOD
            [relation] => SON
            [birthdate] => 2013-03-03
            [age] => 13
            [sex] => 
            [education] => ELEM
            [occupation] => STUDENT
            [remarks] => 
            [photo] => 
            [id_photo_front] => 
            [id_photo_back] => 
            [birth_certificate] => 
            [qr_code_token] => edf9fc3c823ad389d6c2fd1517b0d068053c1fe588082d5c8c9ae94d64556563
            [qr_code_id] => 69c235ca5d2b3_3
            [status] => active
            [created_at] => 2026-03-24 14:57:14
            [updated_at] => 2026-03-24 14:57:14
        )

)

DEBUG - 2026-03-24 15:39:30 --> Session: Class initialized using 'CodeIgniter\Session\Handlers\FileHandler' driver.
DEBUG - 2026-03-24 15:39:30 --> Family members with file check: Array
(
    [0] => Array
        (
            [id] => 124
            [resident_id] => 75
            [member_id] => 0001-01
            [name] => EDUARDO INTOD
            [relation] => HUSBAND
            [birthdate] => 1971-08-18
            [age] => 54
            [sex] => 
            [education] => ELEM
            [occupation] => CARPENTER
            [remarks] => 
            [photo] => 
            [id_photo_front] => 
            [id_photo_back] => 
            [birth_certificate] => 
            [qr_code_token] => 95787de605a321c6da46df5e7abd9aaa1436131cf6b9f3b748ad5cf7c3ab5f53
            [qr_code_id] => 69c235ca5d28e_0
            [status] => active
            [created_at] => 2026-03-24 14:57:14
            [updated_at] => 2026-03-24 14:57:14
        )

    [1] => Array
        (
            [id] => 125
            [resident_id] => 75
            [member_id] => 0001-02
            [name] => CASRE INTOD
            [relation] => DAUGHTER
            [birthdate] => 2002-12-11
            [age] => 23
            [sex] => 
            [education] => COLLEGE
            [occupation] => STUDENT
            [remarks] => 
            [photo] => 
            [id_photo_front] => 
            [id_photo_back] => 
            [birth_certificate] => 
            [qr_code_token] => 3044620418bd24bcc5af5f0bf81e0ef971d9ae377179c7386a29e5fbe5615362
            [qr_code_id] => 69c235ca5d29e_1
            [status] => active
            [created_at] => 2026-03-24 14:57:14
            [updated_at] => 2026-03-24 14:57:14
        )

    [2] => Array
        (
            [id] => 126
            [resident_id] => 75
            [member_id] => 0001-03
            [name] => RICHEL MAE INTOD
            [relation] => DAUGHTER
            [birthdate] => 2004-06-20
            [age] => 21
            [sex] => 
            [education] => COLLEGE
            [occupation] => STUDENT
            [remarks] => 
            [photo] => 
            [id_photo_front] => 
            [id_photo_back] => 
            [birth_certificate] => 
            [qr_code_token] => b912c5826a987e443de3f63f00eef40e7ea211e4adb718c3e26ddf73389345c7
            [qr_code_id] => 69c235ca5d2ab_2
            [status] => active
            [created_at] => 2026-03-24 14:57:14
            [updated_at] => 2026-03-24 14:57:14
        )

    [3] => Array
        (
            [id] => 127
            [resident_id] => 75
            [member_id] => 0001-04
            [name] => RALPH KENJAY INTOD
            [relation] => SON
            [birthdate] => 2013-03-03
            [age] => 13
            [sex] => 
            [education] => ELEM
            [occupation] => STUDENT
            [remarks] => 
            [photo] => 
            [id_photo_front] => 
            [id_photo_back] => 
            [birth_certificate] => 
            [qr_code_token] => edf9fc3c823ad389d6c2fd1517b0d068053c1fe588082d5c8c9ae94d64556563
            [qr_code_id] => 69c235ca5d2b3_3
            [status] => active
            [created_at] => 2026-03-24 14:57:14
            [updated_at] => 2026-03-24 14:57:14
        )

)

DEBUG - 2026-03-24 15:39:31 --> Session: Class initialized using 'CodeIgniter\Session\Handlers\FileHandler' driver.
DEBUG - 2026-03-24 15:39:33 --> Session: Class initialized using 'CodeIgniter\Session\Handlers\FileHandler' driver.
DEBUG - 2026-03-24 15:41:52 --> Session: Class initialized using 'CodeIgniter\Session\Handlers\FileHandler' driver.
DEBUG - 2026-03-24 15:43:30 --> Session: Class initialized using 'CodeIgniter\Session\Handlers\FileHandler' driver.
DEBUG - 2026-03-24 15:43:51 --> Session: Class initialized using 'CodeIgniter\Session\Handlers\FileHandler' driver.
DEBUG - 2026-03-24 15:43:53 --> Session: Class initialized using 'CodeIgniter\Session\Handlers\FileHandler' driver.
DEBUG - 2026-03-24 15:43:53 --> Family members with file check: Array
(
    [0] => Array
        (
            [id] => 124
            [resident_id] => 75
            [member_id] => 0001-01
            [name] => EDUARDO INTOD
            [relation] => HUSBAND
            [birthdate] => 1971-08-18
            [age] => 54
            [sex] => 
            [education] => ELEM
            [occupation] => CARPENTER
            [remarks] => 
            [photo] => 
            [id_photo_front] => 
            [id_photo_back] => 
            [birth_certificate] => 
            [qr_code_token] => 95787de605a321c6da46df5e7abd9aaa1436131cf6b9f3b748ad5cf7c3ab5f53
            [qr_code_id] => 69c235ca5d28e_0
            [status] => active
            [created_at] => 2026-03-24 14:57:14
            [updated_at] => 2026-03-24 14:57:14
        )

    [1] => Array
        (
            [id] => 125
            [resident_id] => 75
            [member_id] => 0001-02
            [name] => CASRE INTOD
            [relation] => DAUGHTER
            [birthdate] => 2002-12-11
            [age] => 23
            [sex] => 
            [education] => COLLEGE
            [occupation] => STUDENT
            [remarks] => 
            [photo] => 
            [id_photo_front] => 
            [id_photo_back] => 
            [birth_certificate] => 
            [qr_code_token] => 3044620418bd24bcc5af5f0bf81e0ef971d9ae377179c7386a29e5fbe5615362
            [qr_code_id] => 69c235ca5d29e_1
            [status] => active
            [created_at] => 2026-03-24 14:57:14
            [updated_at] => 2026-03-24 14:57:14
        )

    [2] => Array
        (
            [id] => 126
            [resident_id] => 75
            [member_id] => 0001-03
            [name] => RICHEL MAE INTOD
            [relation] => DAUGHTER
            [birthdate] => 2004-06-20
            [age] => 21
            [sex] => 
            [education] => COLLEGE
            [occupation] => STUDENT
            [remarks] => 
            [photo] => 
            [id_photo_front] => 
            [id_photo_back] => 
            [birth_certificate] => 
            [qr_code_token] => b912c5826a987e443de3f63f00eef40e7ea211e4adb718c3e26ddf73389345c7
            [qr_code_id] => 69c235ca5d2ab_2
            [status] => active
            [created_at] => 2026-03-24 14:57:14
            [updated_at] => 2026-03-24 14:57:14
        )

    [3] => Array
        (
            [id] => 127
            [resident_id] => 75
            [member_id] => 0001-04
            [name] => RALPH KENJAY INTOD
            [relation] => SON
            [birthdate] => 2013-03-03
            [age] => 13
            [sex] => 
            [education] => ELEM
            [occupation] => STUDENT
            [remarks] => 
            [photo] => 
            [id_photo_front] => 
            [id_photo_back] => 
            [birth_certificate] => 
            [qr_code_token] => edf9fc3c823ad389d6c2fd1517b0d068053c1fe588082d5c8c9ae94d64556563
            [qr_code_id] => 69c235ca5d2b3_3
            [status] => active
            [created_at] => 2026-03-24 14:57:14
            [updated_at] => 2026-03-24 14:57:14
        )

)

DEBUG - 2026-03-24 15:49:25 --> Session: Class initialized using 'CodeIgniter\Session\Handlers\FileHandler' driver.
DEBUG - 2026-03-24 15:49:26 --> Family members with file check: Array
(
    [0] => Array
        (
            [id] => 124
            [resident_id] => 75
            [member_id] => 0001-01
            [name] => EDUARDO INTOD
            [relation] => HUSBAND
            [birthdate] => 1971-08-18
            [age] => 54
            [sex] => 
            [education] => ELEM
            [occupation] => CARPENTER
            [remarks] => 
            [photo] => 
            [id_photo_front] => 
            [id_photo_back] => 
            [birth_certificate] => 
            [qr_code_token] => 95787de605a321c6da46df5e7abd9aaa1436131cf6b9f3b748ad5cf7c3ab5f53
            [qr_code_id] => 69c235ca5d28e_0
            [status] => active
            [created_at] => 2026-03-24 14:57:14
            [updated_at] => 2026-03-24 14:57:14
        )

    [1] => Array
        (
            [id] => 125
            [resident_id] => 75
            [member_id] => 0001-02
            [name] => CASRE INTOD
            [relation] => DAUGHTER
            [birthdate] => 2002-12-11
            [age] => 23
            [sex] => 
            [education] => COLLEGE
            [occupation] => STUDENT
            [remarks] => 
            [photo] => 
            [id_photo_front] => 
            [id_photo_back] => 
            [birth_certificate] => 
            [qr_code_token] => 3044620418bd24bcc5af5f0bf81e0ef971d9ae377179c7386a29e5fbe5615362
            [qr_code_id] => 69c235ca5d29e_1
            [status] => active
            [created_at] => 2026-03-24 14:57:14
            [updated_at] => 2026-03-24 14:57:14
        )

    [2] => Array
        (
            [id] => 126
            [resident_id] => 75
            [member_id] => 0001-03
            [name] => RICHEL MAE INTOD
            [relation] => DAUGHTER
            [birthdate] => 2004-06-20
            [age] => 21
            [sex] => 
            [education] => COLLEGE
            [occupation] => STUDENT
            [remarks] => 
            [photo] => 
            [id_photo_front] => 
            [id_photo_back] => 
            [birth_certificate] => 
            [qr_code_token] => b912c5826a987e443de3f63f00eef40e7ea211e4adb718c3e26ddf73389345c7
            [qr_code_id] => 69c235ca5d2ab_2
            [status] => active
            [created_at] => 2026-03-24 14:57:14
            [updated_at] => 2026-03-24 14:57:14
        )

    [3] => Array
        (
            [id] => 127
            [resident_id] => 75
            [member_id] => 0001-04
            [name] => RALPH KENJAY INTOD
            [relation] => SON
            [birthdate] => 2013-03-03
            [age] => 13
            [sex] => 
            [education] => ELEM
            [occupation] => STUDENT
            [remarks] => 
            [photo] => 
            [id_photo_front] => 
            [id_photo_back] => 
            [birth_certificate] => 
            [qr_code_token] => edf9fc3c823ad389d6c2fd1517b0d068053c1fe588082d5c8c9ae94d64556563
            [qr_code_id] => 69c235ca5d2b3_3
            [status] => active
            [created_at] => 2026-03-24 14:57:14
            [updated_at] => 2026-03-24 14:57:14
        )

)

DEBUG - 2026-03-24 15:49:26 --> Session: Class initialized using 'CodeIgniter\Session\Handlers\FileHandler' driver.
DEBUG - 2026-03-24 15:49:27 --> Session: Class initialized using 'CodeIgniter\Session\Handlers\FileHandler' driver.
DEBUG - 2026-03-24 15:49:28 --> Session: Class initialized using 'CodeIgniter\Session\Handlers\FileHandler' driver.
DEBUG - 2026-03-24 15:50:10 --> Session: Class initialized using 'CodeIgniter\Session\Handlers\FileHandler' driver.
DEBUG - 2026-03-24 15:50:12 --> Session: Class initialized using 'CodeIgniter\Session\Handlers\FileHandler' driver.
DEBUG - 2026-03-24 15:50:12 --> Family members with file check: Array
(
    [0] => Array
        (
            [id] => 124
            [resident_id] => 75
            [member_id] => 0001-01
            [name] => EDUARDO INTOD
            [relation] => HUSBAND
            [birthdate] => 1971-08-18
            [age] => 54
            [sex] => 
            [education] => ELEM
            [occupation] => CARPENTER
            [remarks] => 
            [photo] => 
            [id_photo_front] => 
            [id_photo_back] => 
            [birth_certificate] => 
            [qr_code_token] => 95787de605a321c6da46df5e7abd9aaa1436131cf6b9f3b748ad5cf7c3ab5f53
            [qr_code_id] => 69c235ca5d28e_0
            [status] => active
            [created_at] => 2026-03-24 14:57:14
            [updated_at] => 2026-03-24 14:57:14
        )

    [1] => Array
        (
            [id] => 125
            [resident_id] => 75
            [member_id] => 0001-02
            [name] => CASRE INTOD
            [relation] => DAUGHTER
            [birthdate] => 2002-12-11
            [age] => 23
            [sex] => 
            [education] => COLLEGE
            [occupation] => STUDENT
            [remarks] => 
            [photo] => 
            [id_photo_front] => 
            [id_photo_back] => 
            [birth_certificate] => 
            [qr_code_token] => 3044620418bd24bcc5af5f0bf81e0ef971d9ae377179c7386a29e5fbe5615362
            [qr_code_id] => 69c235ca5d29e_1
            [status] => active
            [created_at] => 2026-03-24 14:57:14
            [updated_at] => 2026-03-24 14:57:14
        )

    [2] => Array
        (
            [id] => 126
            [resident_id] => 75
            [member_id] => 0001-03
            [name] => RICHEL MAE INTOD
            [relation] => DAUGHTER
            [birthdate] => 2004-06-20
            [age] => 21
            [sex] => 
            [education] => COLLEGE
            [occupation] => STUDENT
            [remarks] => 
            [photo] => 
            [id_photo_front] => 
            [id_photo_back] => 
            [birth_certificate] => 
            [qr_code_token] => b912c5826a987e443de3f63f00eef40e7ea211e4adb718c3e26ddf73389345c7
            [qr_code_id] => 69c235ca5d2ab_2
            [status] => active
            [created_at] => 2026-03-24 14:57:14
            [updated_at] => 2026-03-24 14:57:14
        )

    [3] => Array
        (
            [id] => 127
            [resident_id] => 75
            [member_id] => 0001-04
            [name] => RALPH KENJAY INTOD
            [relation] => SON
            [birthdate] => 2013-03-03
            [age] => 13
            [sex] => 
            [education] => ELEM
            [occupation] => STUDENT
            [remarks] => 
            [photo] => 
            [id_photo_front] => 
            [id_photo_back] => 
            [birth_certificate] => 
            [qr_code_token] => edf9fc3c823ad389d6c2fd1517b0d068053c1fe588082d5c8c9ae94d64556563
            [qr_code_id] => 69c235ca5d2b3_3
            [status] => active
            [created_at] => 2026-03-24 14:57:14
            [updated_at] => 2026-03-24 14:57:14
        )

)

DEBUG - 2026-03-24 15:50:25 --> Session: Class initialized using 'CodeIgniter\Session\Handlers\FileHandler' driver.
DEBUG - 2026-03-24 15:50:26 --> Session: Class initialized using 'CodeIgniter\Session\Handlers\FileHandler' driver.
DEBUG - 2026-03-24 15:50:28 --> Session: Class initialized using 'CodeIgniter\Session\Handlers\FileHandler' driver.
DEBUG - 2026-03-24 15:50:28 --> Family members with file check: Array
(
    [0] => Array
        (
            [id] => 128
            [resident_id] => 75
            [member_id] => 0001-01
            [name] => EDUARDO INTOD
            [relation] => HUSBAND
            [birthdate] => 1971-08-18
            [age] => 54
            [sex] => Male
            [education] => ELEM
            [occupation] => CARPENTER
            [remarks] => 
            [photo] => 
            [id_photo_front] => 
            [id_photo_back] => 
            [birth_certificate] => 
            [qr_code_token] => 95787de605a321c6da46df5e7abd9aaa1436131cf6b9f3b748ad5cf7c3ab5f53
            [qr_code_id] => 69c235ca5d28e_0
            [status] => active
            [created_at] => 2026-03-24 15:50:25
            [updated_at] => 2026-03-24 15:50:25
        )

    [1] => Array
        (
            [id] => 129
            [resident_id] => 75
            [member_id] => 0001-02
            [name] => CASRE INTOD
            [relation] => DAUGHTER
            [birthdate] => 2002-12-11
            [age] => 23
            [sex] => Female
            [education] => COLLEGE
            [occupation] => STUDENT
            [remarks] => 
            [photo] => 
            [id_photo_front] => 
            [id_photo_back] => 
            [birth_certificate] => 
            [qr_code_token] => 3044620418bd24bcc5af5f0bf81e0ef971d9ae377179c7386a29e5fbe5615362
            [qr_code_id] => 69c235ca5d29e_1
            [status] => active
            [created_at] => 2026-03-24 15:50:25
            [updated_at] => 2026-03-24 15:50:25
        )

    [2] => Array
        (
            [id] => 130
            [resident_id] => 75
            [member_id] => 0001-03
            [name] => RICHEL MAE INTOD
            [relation] => DAUGHTER
            [birthdate] => 2004-06-20
            [age] => 21
            [sex] => Female
            [education] => COLLEGE
            [occupation] => STUDENT
            [remarks] => 
            [photo] => 
            [id_photo_front] => 
            [id_photo_back] => 
            [birth_certificate] => 
            [qr_code_token] => b912c5826a987e443de3f63f00eef40e7ea211e4adb718c3e26ddf73389345c7
            [qr_code_id] => 69c235ca5d2ab_2
            [status] => active
            [created_at] => 2026-03-24 15:50:25
            [updated_at] => 2026-03-24 15:50:25
        )

    [3] => Array
        (
            [id] => 131
            [resident_id] => 75
            [member_id] => 0001-04
            [name] => RALPH KENJAY INTOD
            [relation] => SON
            [birthdate] => 2013-03-03
            [age] => 13
            [sex] => Male
            [education] => ELEM
            [occupation] => STUDENT
            [remarks] => 
            [photo] => 
            [id_photo_front] => 
            [id_photo_back] => 
            [birth_certificate] => 
            [qr_code_token] => edf9fc3c823ad389d6c2fd1517b0d068053c1fe588082d5c8c9ae94d64556563
            [qr_code_id] => 69c235ca5d2b3_3
            [status] => active
            [created_at] => 2026-03-24 15:50:25
            [updated_at] => 2026-03-24 15:50:25
        )

)

DEBUG - 2026-03-24 15:50:32 --> Session: Class initialized using 'CodeIgniter\Session\Handlers\FileHandler' driver.
DEBUG - 2026-03-24 15:57:50 --> Session: Class initialized using 'CodeIgniter\Session\Handlers\FileHandler' driver.
DEBUG - 2026-03-24 15:57:51 --> Session: Class initialized using 'CodeIgniter\Session\Handlers\FileHandler' driver.
DEBUG - 2026-03-24 15:57:55 --> Session: Class initialized using 'CodeIgniter\Session\Handlers\FileHandler' driver.
DEBUG - 2026-03-24 15:57:56 --> Session: Class initialized using 'CodeIgniter\Session\Handlers\FileHandler' driver.
DEBUG - 2026-03-24 15:57:59 --> Session: Class initialized using 'CodeIgniter\Session\Handlers\FileHandler' driver.
DEBUG - 2026-03-24 15:58:02 --> Session: Class initialized using 'CodeIgniter\Session\Handlers\FileHandler' driver.
DEBUG - 2026-03-24 15:58:07 --> Session: Class initialized using 'CodeIgniter\Session\Handlers\FileHandler' driver.
DEBUG - 2026-03-24 15:58:07 --> Session: Class initialized using 'CodeIgniter\Session\Handlers\FileHandler' driver.
DEBUG - 2026-03-24 15:58:12 --> Session: Class initialized using 'CodeIgniter\Session\Handlers\FileHandler' driver.
DEBUG - 2026-03-24 15:58:12 --> Session: Class initialized using 'CodeIgniter\Session\Handlers\FileHandler' driver.
DEBUG - 2026-03-24 15:58:16 --> Session: Class initialized using 'CodeIgniter\Session\Handlers\FileHandler' driver.
DEBUG - 2026-03-24 15:58:18 --> Session: Class initialized using 'CodeIgniter\Session\Handlers\FileHandler' driver.
DEBUG - 2026-03-24 15:58:19 --> Session: Class initialized using 'CodeIgniter\Session\Handlers\FileHandler' driver.
DEBUG - 2026-03-24 15:58:22 --> Session: Class initialized using 'CodeIgniter\Session\Handlers\FileHandler' driver.
DEBUG - 2026-03-24 15:58:48 --> Session: Class initialized using 'CodeIgniter\Session\Handlers\FileHandler' driver.
DEBUG - 2026-03-24 15:58:48 --> Session: Class initialized using 'CodeIgniter\Session\Handlers\FileHandler' driver.
DEBUG - 2026-03-24 15:58:55 --> Session: Class initialized using 'CodeIgniter\Session\Handlers\FileHandler' driver.
DEBUG - 2026-03-24 15:58:56 --> Session: Class initialized using 'CodeIgniter\Session\Handlers\FileHandler' driver.
DEBUG - 2026-03-24 15:58:58 --> Session: Class initialized using 'CodeIgniter\Session\Handlers\FileHandler' driver.
DEBUG - 2026-03-24 15:59:01 --> Session: Class initialized using 'CodeIgniter\Session\Handlers\FileHandler' driver.
DEBUG - 2026-03-24 16:30:09 --> Session: Class initialized using 'CodeIgniter\Session\Handlers\FileHandler' driver.
DEBUG - 2026-03-24 16:30:10 --> Session: Class initialized using 'CodeIgniter\Session\Handlers\FileHandler' driver.
