DEBUG - 2026-04-06 07:24:55 --> Session: Class initialized using 'CodeIgniter\Session\Handlers\FileHandler' driver.
DEBUG - 2026-04-06 07:25:54 --> Session: Class initialized using 'CodeIgniter\Session\Handlers\FileHandler' driver.
DEBUG - 2026-04-06 07:26:44 --> Session: Class initialized using 'CodeIgniter\Session\Handlers\FileHandler' driver.
DEBUG - 2026-04-06 07:26:45 --> Session: Class initialized using 'CodeIgniter\Session\Handlers\FileHandler' driver.
DEBUG - 2026-04-06 07:28:49 --> Session: Class initialized using 'CodeIgniter\Session\Handlers\FileHandler' driver.
DEBUG - 2026-04-06 09:26:12 --> Session: Class initialized using 'CodeIgniter\Session\Handlers\FileHandler' driver.
DEBUG - 2026-04-06 09:26:15 --> Session: Class initialized using 'CodeIgniter\Session\Handlers\FileHandler' driver.
DEBUG - 2026-04-06 10:35:54 --> Session: Class initialized using 'CodeIgniter\Session\Handlers\FileHandler' driver.
DEBUG - 2026-04-06 10:36:00 --> Session: Class initialized using 'CodeIgniter\Session\Handlers\FileHandler' driver.
DEBUG - 2026-04-06 10:36:01 --> Session: Class initialized using 'CodeIgniter\Session\Handlers\FileHandler' driver.
DEBUG - 2026-04-06 10:36:05 --> Session: Class initialized using 'CodeIgniter\Session\Handlers\FileHandler' driver.
DEBUG - 2026-04-06 10:36:08 --> Session: Class initialized using 'CodeIgniter\Session\Handlers\FileHandler' driver.
DEBUG - 2026-04-06 10:36:08 --> Session: Class initialized using 'CodeIgniter\Session\Handlers\FileHandler' driver.
DEBUG - 2026-04-06 10:36:10 --> Session: Class initialized using 'CodeIgniter\Session\Handlers\FileHandler' driver.
DEBUG - 2026-04-06 10:36:15 --> Session: Class initialized using 'CodeIgniter\Session\Handlers\FileHandler' driver.
DEBUG - 2026-04-06 10:36:24 --> Excel import - Total rows: 3672
DEBUG - 2026-04-06 10:36:24 --> Excel import - First 10 rows: Array
(
    [0] => Array
        (
            [0] => DSWD Logo
            [1] => 
            [2] => Republic of the Philippines
            [3] => 
            [4] => 
            [5] => 
            [6] => 
            [7] => 
            [8] => 
            [9] => 
            [10] => 
            [11] => 
            [12] => 
            [13] => THIS CARD IS NOT FOR SALE
            [14] => 
            [15] => 
        )

    [1] => Array
        (
            [0] => 
            [1] => 
            [2] => Department of Social Welfare and Development
            [3] => 
            [4] => 
            [5] => 
            [6] => 
            [7] => 
            [8] => 
            [9] => 
            [10] => 
            [11] => 
            [12] => 
            [13] => BENEFICIARY'S COPY
            [14] => 
            [15] => 
        )

    [2] => Array
        (
            [0] => 
            [1] => 
            [2] => FAMILY ASSISTANCE CARD IN EMERGENCIES AND DISASTERS (FACED)
            [3] => 
            [4] => 
            [5] => 
            [6] => 
            [7] => 
            [8] => 
            [9] => 
            [10] => 
            [11] => 
            [12] => 
            [13] => SERIAL NUMBER: 0001
            [14] => 
            [15] => 
        )

    [3] => Array
        (
            [0] => LOCATION OF THE AFFECTED FAMILY
            [1] => 
            [2] => 
            [3] => 
            [4] => 
            [5] => 
            [6] => 
            [7] => 
            [8] => 
            [9] => 
            [10] => 
            [11] => 
            [12] => 
            [13] => 
            [14] => 
            [15] => 
        )

    [4] => Array
        (
            [0] => 1. REGION
REGION 10
            [1] => 
            [2] => 
            [3] => 2. PROVINCE
CAMIGUIN
            [4] => 
            [5] => 
            [6] => 3. DISTRICT

            [7] => 
            [8] => 
            [9] => 4. CITY/MUNICIPALITY
MAMBAJAO
            [10] => 
            [11] => 
            [12] => 5. BARANGAY
TAPON
            [13] => 
            [14] => 6. EVACUATION CENTER/SITE

            [15] => 
        )

    [5] => Array
        (
            [0] => 
            [1] => 
            [2] => 
            [3] => 
            [4] => 
            [5] => 
            [6] => 
            [7] => 
            [8] => 
            [9] => 
            [10] => 
            [11] => 
            [12] => 
            [13] => 
            [14] => 
            [15] => 
        )

    [6] => Array
        (
            [0] => HEAD OF THE FAMILY
            [1] => 
            [2] => 
            [3] => 
            [4] => 
            [5] => 
            [6] => 
            [7] => 
            [8] => 
            [9] => 
            [10] => 
            [11] => 
            [12] => 
            [13] => 
            [14] => 
            [15] => 
        )

    [7] => Array
        (
            [0] => 7. LAST NAME
INTOD
            [1] => 
            [2] => 
            [3] => 
            [4] => 15. CIVIL STATUS
MARRIED
            [5] => 
            [6] => 
            [7] => 
            [8] => 16. MOTHER'S MAIDEN NAME
CARMEN
            [9] => 
            [10] => 
            [11] => 
            [12] => 
            [13] => 
            [14] => 
            [15] => 
        )

    [8] => Array
        (
            [0] => 8. FIRST NAME
RABEL
            [1] => 
            [2] => 
            [3] => 
            [4] => 17. RELIGION
CATHOLIC
            [5] => 
            [6] => 
            [7] => 
            [8] => 18. OCCUPATION
HOUSE KEEPER
            [9] => 
            [10] => 
            [11] => 
            [12] => 
            [13] => 
            [14] => 
            [15] => 
        )

    [9] => Array
        (
            [0] => 9. MIDDLE NAME
TIZON
            [1] => 
            [2] => 
            [3] => 
            [4] => 10. NAME EXT.
            [5] => 
            [6] => 
            [7] => 
            [8] => 11. BIRTHDATE
07-18-1973
            [9] => 
            [10] => 
            [11] => 
            [12] => 12. AGE
52
            [13] => 
            [14] => 
            [15] => 
        )

)

DEBUG - 2026-04-06 10:36:24 --> Checking row 0: Array
(
    [0] => DSWD Logo
    [1] => 
    [2] => Republic of the Philippines
    [3] => 
    [4] => 
    [5] => 
    [6] => 
    [7] => 
    [8] => 
    [9] => 
    [10] => 
    [11] => 
    [12] => 
    [13] => THIS CARD IS NOT FOR SALE
    [14] => 
    [15] => 
)

DEBUG - 2026-04-06 10:36:24 --> Checking row 1: Array
(
    [0] => 
    [1] => 
    [2] => Department of Social Welfare and Development
    [3] => 
    [4] => 
    [5] => 
    [6] => 
    [7] => 
    [8] => 
    [9] => 
    [10] => 
    [11] => 
    [12] => 
    [13] => BENEFICIARY'S COPY
    [14] => 
    [15] => 
)

DEBUG - 2026-04-06 10:36:24 --> Checking row 2: Array
(
    [0] => 
    [1] => 
    [2] => FAMILY ASSISTANCE CARD IN EMERGENCIES AND DISASTERS (FACED)
    [3] => 
    [4] => 
    [5] => 
    [6] => 
    [7] => 
    [8] => 
    [9] => 
    [10] => 
    [11] => 
    [12] => 
    [13] => SERIAL NUMBER: 0001
    [14] => 
    [15] => 
)

DEBUG - 2026-04-06 10:36:24 --> Checking row 3: Array
(
    [0] => LOCATION OF THE AFFECTED FAMILY
    [1] => 
    [2] => 
    [3] => 
    [4] => 
    [5] => 
    [6] => 
    [7] => 
    [8] => 
    [9] => 
    [10] => 
    [11] => 
    [12] => 
    [13] => 
    [14] => 
    [15] => 
)

DEBUG - 2026-04-06 10:36:24 --> Checking row 4: Array
(
    [0] => 1. REGION
REGION 10
    [1] => 
    [2] => 
    [3] => 2. PROVINCE
CAMIGUIN
    [4] => 
    [5] => 
    [6] => 3. DISTRICT

    [7] => 
    [8] => 
    [9] => 4. CITY/MUNICIPALITY
MAMBAJAO
    [10] => 
    [11] => 
    [12] => 5. BARANGAY
TAPON
    [13] => 
    [14] => 6. EVACUATION CENTER/SITE

    [15] => 
)

DEBUG - 2026-04-06 10:36:24 --> Checking row 5: Array
(
    [0] => 
    [1] => 
    [2] => 
    [3] => 
    [4] => 
    [5] => 
    [6] => 
    [7] => 
    [8] => 
    [9] => 
    [10] => 
    [11] => 
    [12] => 
    [13] => 
    [14] => 
    [15] => 
)

DEBUG - 2026-04-06 10:36:24 --> Checking row 6: Array
(
    [0] => HEAD OF THE FAMILY
    [1] => 
    [2] => 
    [3] => 
    [4] => 
    [5] => 
    [6] => 
    [7] => 
    [8] => 
    [9] => 
    [10] => 
    [11] => 
    [12] => 
    [13] => 
    [14] => 
    [15] => 
)

DEBUG - 2026-04-06 10:36:24 --> Found 'HEAD OF THE FAMILY' at row 6, column 0
DEBUG - 2026-04-06 10:36:24 --> parseFacedCard called with startRow: 6
DEBUG - 2026-04-06 10:36:24 --> Found household_no: 0001
DEBUG - 2026-04-06 10:36:24 --> Family header at row 15 → data from 16
DEBUG - 2026-04-06 10:36:24 --> Family member: EDUARDO INTOD
DEBUG - 2026-04-06 10:36:24 --> Family member: CASRE INTOD
DEBUG - 2026-04-06 10:36:24 --> Family member: RICHEL MAE INTOD
DEBUG - 2026-04-06 10:36:24 --> Family member: RALPH KENJAY INTOD
DEBUG - 2026-04-06 10:36:24 --> Parsed: RABEL INTOD | HH#: 0001 | Members: 4
DEBUG - 2026-04-06 10:36:24 --> Parsed resident data: Array
(
    [household_no] => 0001
    [region] => REGION 10
    [province] => CAMIGUIN
    [district] => 
    [city_municipality] => MAMBAJAO
    [barangay] => TAPON
    [evacuation_center] => 
    [last_name] => INTOD
    [civil_status] => Married
    [mother_maiden_name] => CARMEN
    [first_name] => RABEL
    [religion] => Catholic
    [occupation] => House Keeper
    [middle_name] => TIZON
    [name_extension] => 
    [age] => 52
    [birthdate] => 1973-07-18
    [birthplace] => TAPON, MAMBAJAO, CAMIGUIN
    [sex] => Female
    [monthly_income] => 5000
    [id_card_presented] => 
    [id_card_number] => 08-1239853-1
    [contact_number] => 09558837414
    [is_4ps_beneficiary] => 0
    [vulnerable_older_persons] => 0
    [vulnerable_pregnant] => 0
    [vulnerable_lactating] => 0
    [vulnerable_pwd] => 0
    [ownership_status] => Owner
    [shelter_damage] => No Damage
    [registration_date] => 2026-03-24
    [data_privacy_consent] => 1
    [family_members] => Array
        (
            [0] => Array
                (
                    [name] => EDUARDO INTOD
                    [relation] => Husband
                    [birthdate] => 1971-08-18
                    [age] => 54
                    [sex] => Male
                    [education] => ELEM
                    [occupation] => Carpenter
                    [remarks] => 
                    [status] => active
                )

            [1] => Array
                (
                    [name] => CASRE INTOD
                    [relation] => Daughter
                    [birthdate] => 2002-12-11
                    [age] => 23
                    [sex] => Female
                    [education] => COLLEGE
                    [occupation] => Student
                    [remarks] => 
                    [status] => active
                )

            [2] => Array
                (
                    [name] => RICHEL MAE INTOD
                    [relation] => Daughter
                    [birthdate] => 2004-06-20
                    [age] => 21
                    [sex] => Female
                    [education] => COLLEGE
                    [occupation] => Student
                    [remarks] => 
                    [status] => active
                )

            [3] => Array
                (
                    [name] => RALPH KENJAY INTOD
                    [relation] => Son
                    [birthdate] => 2013-03-03
                    [age] => 13
                    [sex] => Male
                    [education] => ELEM
                    [occupation] => Student
                    [remarks] => 
                    [status] => active
                )

        )

)

DEBUG - 2026-04-06 10:36:25 --> Inserted resident ID: 76, Name: RABEL INTOD
DEBUG - 2026-04-06 10:36:25 --> Inserted family member: EDUARDO INTOD
DEBUG - 2026-04-06 10:36:25 --> Inserted family member: CASRE INTOD
DEBUG - 2026-04-06 10:36:25 --> Inserted family member: RICHEL MAE INTOD
DEBUG - 2026-04-06 10:36:25 --> Inserted family member: RALPH KENJAY INTOD
DEBUG - 2026-04-06 10:36:25 --> Checking row 31: Array
(
    [0] => 
    [1] => 
    [2] => Department of Social Welfare and Development
    [3] => 
    [4] => 
    [5] => 
    [6] => 
    [7] => 
    [8] => 
    [9] => 
    [10] => 
    [11] => 
    [12] => 
    [13] => BENEFICIARY'S COPY
    [14] => 
    [15] => 
)

DEBUG - 2026-04-06 10:36:25 --> Checking row 32: Array
(
    [0] => 
    [1] => 
    [2] => FAMILY ASSISTANCE CARD IN EMERGENCIES AND DISASTERS (FACED)
    [3] => 
    [4] => 
    [5] => 
    [6] => 
    [7] => 
    [8] => 
    [9] => 
    [10] => 
    [11] => 
    [12] => 
    [13] => SERIAL NUMBER: 0002
    [14] => 
    [15] => 
)

DEBUG - 2026-04-06 10:36:25 --> Checking row 33: Array
(
    [0] => LOCATION OF THE AFFECTED FAMILY
    [1] => 
    [2] => 
    [3] => 
    [4] => 
    [5] => 
    [6] => 
    [7] => 
    [8] => 
    [9] => 
    [10] => 
    [11] => 
    [12] => 
    [13] => 
    [14] => 
    [15] => 
)

DEBUG - 2026-04-06 10:36:25 --> Checking row 34: Array
(
    [0] => 1. REGION

    [1] => 
    [2] => 
    [3] => 2. PROVINCE

    [4] => 
    [5] => 
    [6] => 3. DISTRICT

    [7] => 
    [8] => 
    [9] => 4. CITY/MUNICIPALITY

    [10] => 
    [11] => 
    [12] => 5. BARANGAY
BALBAGON
    [13] => 
    [14] => 6. EVACUATION CENTER/SITE

    [15] => 
)

DEBUG - 2026-04-06 10:36:25 --> Checking row 35: Array
(
    [0] => 
    [1] => 
    [2] => 
    [3] => 
    [4] => 
    [5] => 
    [6] => 
    [7] => 
    [8] => 
    [9] => 
    [10] => 
    [11] => 
    [12] => 
    [13] => 
    [14] => 
    [15] => 
)

DEBUG - 2026-04-06 10:36:25 --> Checking row 36: Array
(
    [0] => HEAD OF THE FAMILY
    [1] => 
    [2] => 
    [3] => 
    [4] => 
    [5] => 
    [6] => 
    [7] => 
    [8] => 
    [9] => 
    [10] => 
    [11] => 
    [12] => 
    [13] => 
    [14] => 
    [15] => 
)

DEBUG - 2026-04-06 10:36:25 --> Found 'HEAD OF THE FAMILY' at row 36, column 0
DEBUG - 2026-04-06 10:36:25 --> parseFacedCard called with startRow: 36
DEBUG - 2026-04-06 10:36:25 --> Found household_no: 0002
DEBUG - 2026-04-06 10:36:25 --> Family header at row 45 → data from 46
DEBUG - 2026-04-06 10:36:25 --> Family member: EDUARDO LAGRADA
DEBUG - 2026-04-06 10:36:25 --> Family member: REYNANTE TABOMDE
DEBUG - 2026-04-06 10:36:25 --> Family member: MICHAELA LAGRADA
DEBUG - 2026-04-06 10:36:25 --> Parsed: VIRGENIA LAGRADA | HH#: 0002 | Members: 3
DEBUG - 2026-04-06 10:36:25 --> Parsed resident data: Array
(
    [household_no] => 0002
    [region] => 
    [province] => 
    [district] => 
    [city_municipality] => 
    [barangay] => BALBAGON
    [evacuation_center] => 
    [last_name] => LAGRADA
    [civil_status] => Married
    [mother_maiden_name] => 
    [first_name] => VIRGENIA
    [religion] => Catholic
    [occupation] => Housewife
    [middle_name] => CAINING
    [name_extension] => 
    [age] => 63
    [birthdate] => 1962-07-09
    [birthplace] => BALBAGON
    [sex] => Female
    [monthly_income] => 6000
    [id_card_presented] => 
    [id_card_number] => 
    [house_no] => 
    [street] => 
    [subdivision] => 
    [permanent_barangay] => 
    [permanent_city] => 
    [permanent_province] => Balbagon
    [zip_code] => 
    [is_4ps_beneficiary] => 0
    [vulnerable_older_persons] => 0
    [vulnerable_pregnant] => 0
    [vulnerable_lactating] => 0
    [vulnerable_pwd] => 0
    [ownership_status] => Owner
    [shelter_damage] => No Damage
    [registration_date] => 2026-03-25
    [lswdo_name] => LYKA SHAYNE B. MONTANO, RSW
    [data_privacy_consent] => 1
    [contact_number] => 
    [family_members] => Array
        (
            [0] => Array
                (
                    [name] => EDUARDO LAGRADA
                    [relation] => Husband
                    [birthdate] => 
                    [age] => 0
                    [sex] => Male
                    [education] => 
                    [occupation] => 
                    [remarks] => 
                    [status] => active
                )

            [1] => Array
                (
                    [name] => REYNANTE TABOMDE
                    [relation] => Son
                    [birthdate] => 2005-12-09
                    [age] => 20
                    [sex] => Male
                    [education] => 
                    [occupation] => 
                    [remarks] => 
                    [status] => active
                )

            [2] => Array
                (
                    [name] => MICHAELA LAGRADA
                    [relation] => Daughter
                    [birthdate] => 2009-12-12
                    [age] => 16
                    [sex] => Female
                    [education] => 
                    [occupation] => 
                    [remarks] => 
                    [status] => active
                )

        )

)

DEBUG - 2026-04-06 10:36:25 --> Inserted resident ID: 77, Name: VIRGENIA LAGRADA
DEBUG - 2026-04-06 10:36:25 --> Inserted family member: EDUARDO LAGRADA
DEBUG - 2026-04-06 10:36:25 --> Inserted family member: REYNANTE TABOMDE
DEBUG - 2026-04-06 10:36:25 --> Inserted family member: MICHAELA LAGRADA
DEBUG - 2026-04-06 10:36:25 --> Checking row 61: Array
(
    [0] => 
    [1] => 
    [2] => Department of Social Welfare and Development
    [3] => 
    [4] => 
    [5] => 
    [6] => 
    [7] => 
    [8] => 
    [9] => 
    [10] => 
    [11] => 
    [12] => 
    [13] => BENEFICIARY'S COPY
    [14] => 
    [15] => 
)

DEBUG - 2026-04-06 10:36:25 --> Checking row 62: Array
(
    [0] => 
    [1] => 
    [2] => FAMILY ASSISTANCE CARD IN EMERGENCIES AND DISASTERS (FACED)
    [3] => 
    [4] => 
    [5] => 
    [6] => 
    [7] => 
    [8] => 
    [9] => 
    [10] => 
    [11] => 
    [12] => 
    [13] => SERIAL NUMBER: 0003
    [14] => 
    [15] => 
)

DEBUG - 2026-04-06 10:36:25 --> Checking row 63: Array
(
    [0] => LOCATION OF THE AFFECTED FAMILY
    [1] => 
    [2] => 
    [3] => 
    [4] => 
    [5] => 
    [6] => 
    [7] => 
    [8] => 
    [9] => 
    [10] => 
    [11] => 
    [12] => 
    [13] => 
    [14] => 
    [15] => 
)

DEBUG - 2026-04-06 10:36:25 --> Checking row 64: Array
(
    [0] => 1. REGION
REGION 10
    [1] => 
    [2] => 
    [3] => 2. PROVINCE
CAMIGUIN
    [4] => 
    [5] => 
    [6] => 3. DISTRICT

    [7] => 
    [8] => 
    [9] => 4. CITY/MUNICIPALITY
MAMBAJAO
    [10] => 
    [11] => 
    [12] => 5. BARANGAY
BALBAGON
    [13] => 
    [14] => 6. EVACUATION CENTER/SITE
CPSC
    [15] => 
)

DEBUG - 2026-04-06 10:36:25 --> Checking row 65: Array
(
    [0] => 
    [1] => 
    [2] => 
    [3] => 
    [4] => 
    [5] => 
    [6] => 
    [7] => 
    [8] => 
    [9] => 
    [10] => 
    [11] => 
    [12] => 
    [13] => 
    [14] => 
    [15] => 
)

DEBUG - 2026-04-06 10:36:25 --> Checking row 66: Array
(
    [0] => HEAD OF THE FAMILY
    [1] => 
    [2] => 
    [3] => 
    [4] => 
    [5] => 
    [6] => 
    [7] => 
    [8] => 
    [9] => 
    [10] => 
    [11] => 
    [12] => 
    [13] => 
    [14] => 
    [15] => 
)

DEBUG - 2026-04-06 10:36:25 --> Found 'HEAD OF THE FAMILY' at row 66, column 0
DEBUG - 2026-04-06 10:36:25 --> parseFacedCard called with startRow: 66
DEBUG - 2026-04-06 10:36:25 --> Found household_no: 0003
DEBUG - 2026-04-06 10:36:25 --> Family header at row 75 → data from 76
DEBUG - 2026-04-06 10:36:25 --> Family member: VINCENT SANAY
DEBUG - 2026-04-06 10:36:25 --> Family member: JEAN SHANE SANOY
DEBUG - 2026-04-06 10:36:25 --> Family member: SOFIN JANE SANOY
DEBUG - 2026-04-06 10:36:25 --> Family member: MATT EVAN SANOY
DEBUG - 2026-04-06 10:36:25 --> Parsed: JEANESS SAMOY | HH#: 0003 | Members: 4
DEBUG - 2026-04-06 10:36:25 --> Parsed resident data: Array
(
    [household_no] => 0003
    [region] => REGION 10
    [province] => CAMIGUIN
    [district] => 
    [city_municipality] => MAMBAJAO
    [barangay] => BALBAGON
    [evacuation_center] => CPSC
    [last_name] => SAMOY
    [civil_status] => Married
    [mother_maiden_name] => HOUSEWIFE
    [first_name] => JEANESS
    [religion] => Catholic
    [occupation] => 
    [middle_name] => LABITA
    [name_extension] => 
    [age] => 35
    [birthdate] => 1991-01-04
    [birthplace] => STA ENES TALISAYAN
    [sex] => Female
    [monthly_income] => 0
    [id_card_presented] => 
    [id_card_number] => 
    [house_no] => 
    [street] => Lower
    [subdivision] => Maslag
    [permanent_barangay] => Balbagon
    [permanent_city] => Mambajao
    [permanent_province] => Camiguin
    [zip_code] => 9100
    [is_4ps_beneficiary] => 0
    [vulnerable_older_persons] => 0
    [vulnerable_pregnant] => 0
    [vulnerable_lactating] => 0
    [vulnerable_pwd] => 0
    [ownership_status] => Owner
    [shelter_damage] => No Damage
    [registration_date] => 2026-03-25
    [barangay_captain_name] => RICHARD VICTOR MICULOB
    [lswdo_name] => RICHARD VICTOR MICULOB
    [data_privacy_consent] => 1
    [contact_number] => 
    [family_members] => Array
        (
            [0] => Array
                (
                    [name] => VINCENT SANAY
                    [relation] => Husband
                    [birthdate] => 1989-01-22
                    [age] => 37
                    [sex] => Male
                    [education] => HIGH SCHOOL GRAD
                    [occupation] => Driver
                    [remarks] => 
                    [status] => active
                )

            [1] => Array
                (
                    [name] => JEAN SHANE SANOY
                    [relation] => Daughter
                    [birthdate] => 2016-01-06
                    [age] => 10
                    [sex] => Female
                    [education] => ELEM
                    [occupation] => Student
                    [remarks] => 
                    [status] => active
                )

            [2] => Array
                (
                    [name] => SOFIN JANE SANOY
                    [relation] => Daughter
                    [birthdate] => 2017-08-31
                    [age] => 8
                    [sex] => Female
                    [education] => ELEM
                    [occupation] => Student
                    [remarks] => 
                    [status] => active
                )

            [3] => Array
                (
                    [name] => MATT EVAN SANOY
                    [relation] => Son
                    [birthdate] => 2023-04-21
                    [age] => 2
                    [sex] => Male
                    [education] => NONE
                    [occupation] => 
                    [remarks] => 
                    [status] => active
                )

        )

)

DEBUG - 2026-04-06 10:36:25 --> Inserted resident ID: 78, Name: JEANESS SAMOY
DEBUG - 2026-04-06 10:36:25 --> Inserted family member: VINCENT SANAY
DEBUG - 2026-04-06 10:36:25 --> Inserted family member: JEAN SHANE SANOY
DEBUG - 2026-04-06 10:36:25 --> Inserted family member: SOFIN JANE SANOY
DEBUG - 2026-04-06 10:36:25 --> Inserted family member: MATT EVAN SANOY
DEBUG - 2026-04-06 10:36:25 --> Checking row 91: Array
(
    [0] => 
    [1] => 
    [2] => Department of Social Welfare and Development
    [3] => 
    [4] => 
    [5] => 
    [6] => 
    [7] => 
    [8] => 
    [9] => 
    [10] => 
    [11] => 
    [12] => 
    [13] => BENEFICIARY'S COPY
    [14] => 
    [15] => 
)

DEBUG - 2026-04-06 10:36:25 --> Checking row 92: Array
(
    [0] => 
    [1] => 
    [2] => FAMILY ASSISTANCE CARD IN EMERGENCIES AND DISASTERS (FACED)
    [3] => 
    [4] => 
    [5] => 
    [6] => 
    [7] => 
    [8] => 
    [9] => 
    [10] => 
    [11] => 
    [12] => 
    [13] => SERIAL NUMBER: 0004
    [14] => 
    [15] => 
)

DEBUG - 2026-04-06 10:36:25 --> Checking row 93: Array
(
    [0] => LOCATION OF THE AFFECTED FAMILY
    [1] => 
    [2] => 
    [3] => 
    [4] => 
    [5] => 
    [6] => 
    [7] => 
    [8] => 
    [9] => 
    [10] => 
    [11] => 
    [12] => 
    [13] => 
    [14] => 
    [15] => 
)

DEBUG - 2026-04-06 10:36:25 --> Checking row 94: Array
(
    [0] => 1. REGION
REGION 10
    [1] => 
    [2] => 
    [3] => 2. PROVINCE
CAMIGUIN
    [4] => 
    [5] => 
    [6] => 3. DISTRICT

    [7] => 
    [8] => 
    [9] => 4. CITY/MUNICIPALITY
MAMBAJAO
    [10] => 
    [11] => 
    [12] => 5. BARANGAY
BALBAGON
    [13] => 
    [14] => 6. EVACUATION CENTER/SITE

    [15] => 
)

DEBUG - 2026-04-06 10:36:25 --> Checking row 95: Array
(
    [0] => 
    [1] => 
    [2] => 
    [3] => 
    [4] => 
    [5] => 
    [6] => 
    [7] => 
    [8] => 
    [9] => 
    [10] => 
    [11] => 
    [12] => 
    [13] => 
    [14] => 
    [15] => 
)

DEBUG - 2026-04-06 10:36:25 --> Checking row 96: Array
(
    [0] => HEAD OF THE FAMILY
    [1] => 
    [2] => 
    [3] => 
    [4] => 
    [5] => 
    [6] => 
    [7] => 
    [8] => 
    [9] => 
    [10] => 
    [11] => 
    [12] => 
    [13] => 
    [14] => 
    [15] => 
)

DEBUG - 2026-04-06 10:36:25 --> Found 'HEAD OF THE FAMILY' at row 96, column 0
DEBUG - 2026-04-06 10:36:25 --> parseFacedCard called with startRow: 96
DEBUG - 2026-04-06 10:36:25 --> Found household_no: 0004
DEBUG - 2026-04-06 10:36:25 --> Family header at row 105 → data from 106
DEBUG - 2026-04-06 10:36:25 --> Family member: JAYMARK LAGRADA
DEBUG - 2026-04-06 10:36:25 --> Family member: DAVE HORA
DEBUG - 2026-04-06 10:36:25 --> Family member: REYGE HORA FR.
DEBUG - 2026-04-06 10:36:25 --> Family member: RJAY CAILING
DEBUG - 2026-04-06 10:36:25 --> Family member: FRANCIS DAVE CAILING
DEBUG - 2026-04-06 10:36:25 --> Family member: ELISSE NATHALIE CAILING
DEBUG - 2026-04-06 10:36:25 --> Parsed: FERNAJOY CAILING | HH#: 0004 | Members: 6
DEBUG - 2026-04-06 10:36:25 --> Parsed resident data: Array
(
    [household_no] => 0004
    [region] => REGION 10
    [province] => CAMIGUIN
    [district] => 
    [city_municipality] => MAMBAJAO
    [barangay] => BALBAGON
    [evacuation_center] => 
    [last_name] => CAILING
    [civil_status] => Single
    [mother_maiden_name] => PERLA DAHAN
    [first_name] => FERNAJOY
    [religion] => Roman Catholic
    [occupation] => Housewife
    [middle_name] => LAGRADA
    [name_extension] => 
    [age] => 32
    [birthdate] => 1993-10-19
    [birthplace] => BALBAGON
    [sex] => Female
    [monthly_income] => 5000
    [id_card_presented] => 
    [id_card_number] => 
    [is_4ps_beneficiary] => 0
    [vulnerable_older_persons] => 0
    [vulnerable_pregnant] => 0
    [vulnerable_lactating] => 0
    [vulnerable_pwd] => 0
    [ownership_status] => Owner
    [shelter_damage] => No Damage
    [registration_date] => 2026-03-25
    [data_privacy_consent] => 1
    [contact_number] => 
    [family_members] => Array
        (
            [0] => Array
                (
                    [name] => JAYMARK LAGRADA
                    [relation] => Husband
                    [birthdate] => 1995-02-18
                    [age] => 31
                    [sex] => Male
                    [education] => 
                    [occupation] => 
                    [remarks] => 
                    [status] => active
                )

            [1] => Array
                (
                    [name] => DAVE HORA
                    [relation] => Son
                    [birthdate] => 2012-08-13
                    [age] => 13
                    [sex] => Male
                    [education] => ELEMENTARY
                    [occupation] => 
                    [remarks] => 
                    [status] => active
                )

            [2] => Array
                (
                    [name] => REYGE HORA FR.
                    [relation] => Son
                    [birthdate] => 2015-08-27
                    [age] => 10
                    [sex] => Male
                    [education] => ELEMENTARY
                    [occupation] => 
                    [remarks] => 
                    [status] => active
                )

            [3] => Array
                (
                    [name] => RJAY CAILING
                    [relation] => Son
                    [birthdate] => 2018-02-03
                    [age] => 8
                    [sex] => Male
                    [education] => ELEMENTARY
                    [occupation] => 
                    [remarks] => 
                    [status] => active
                )

            [4] => Array
                (
                    [name] => FRANCIS DAVE CAILING
                    [relation] => Son
                    [birthdate] => 2022-05-12
                    [age] => 3
                    [sex] => Male
                    [education] => 
                    [occupation] => 
                    [remarks] => 
                    [status] => active
                )

            [5] => Array
                (
                    [name] => ELISSE NATHALIE CAILING
                    [relation] => Daughter
                    [birthdate] => 2023-09-23
                    [age] => 2
                    [sex] => Male
                    [education] => 
                    [occupation] => 
                    [remarks] => 
                    [status] => active
                )

        )

)

DEBUG - 2026-04-06 10:36:25 --> Inserted resident ID: 79, Name: FERNAJOY CAILING
DEBUG - 2026-04-06 10:36:25 --> Inserted family member: JAYMARK LAGRADA
DEBUG - 2026-04-06 10:36:25 --> Inserted family member: DAVE HORA
DEBUG - 2026-04-06 10:36:25 --> Inserted family member: REYGE HORA FR.
DEBUG - 2026-04-06 10:36:25 --> Inserted family member: RJAY CAILING
DEBUG - 2026-04-06 10:36:25 --> Inserted family member: FRANCIS DAVE CAILING
DEBUG - 2026-04-06 10:36:25 --> Inserted family member: ELISSE NATHALIE CAILING
DEBUG - 2026-04-06 10:36:25 --> Checking row 121: Array
(
    [0] => DSWD Logo
    [1] => 
    [2] => Republic of the Philippines
    [3] => 
    [4] => 
    [5] => 
    [6] => 
    [7] => 
    [8] => 
    [9] => 
    [10] => 
    [11] => 
    [12] => 
    [13] => THIS CARD IS NOT FOR SALE
    [14] => 
    [15] => 
)

DEBUG - 2026-04-06 10:36:25 --> Checking row 122: Array
(
    [0] => 
    [1] => 
    [2] => Department of Social Welfare and Development
    [3] => 
    [4] => 
    [5] => 
    [6] => 
    [7] => 
    [8] => 
    [9] => 
    [10] => 
    [11] => 
    [12] => 
    [13] => BENEFICIARY'S COPY
    [14] => 
    [15] => 
)

DEBUG - 2026-04-06 10:36:25 --> Checking row 123: Array
(
    [0] => 
    [1] => 
    [2] => FAMILY ASSISTANCE CARD IN EMERGENCIES AND DISASTERS (FACED)
    [3] => 
    [4] => 
    [5] => 
    [6] => 
    [7] => 
    [8] => 
    [9] => 
    [10] => 
    [11] => 
    [12] => 
    [13] => SERIAL NUMBER: 0005
    [14] => 
    [15] => 
)

DEBUG - 2026-04-06 10:36:25 --> Checking row 124: Array
(
    [0] => LOCATION OF THE AFFECTED FAMILY
    [1] => 
    [2] => 
    [3] => 
    [4] => 
    [5] => 
    [6] => 
    [7] => 
    [8] => 
    [9] => 
    [10] => 
    [11] => 
    [12] => 
    [13] => 
    [14] => 
    [15] => 
)

DEBUG - 2026-04-06 10:36:25 --> Checking row 125: Array
(
    [0] => 1. REGION

    [1] => 
    [2] => 
    [3] => 2. PROVINCE

    [4] => 
    [5] => 
    [6] => 3. DISTRICT

    [7] => 
    [8] => 
    [9] => 4. CITY/MUNICIPALITY

    [10] => 
    [11] => 
    [12] => 5. BARANGAY
BALBAGON
    [13] => 
    [14] => 6. EVACUATION CENTER/SITE

    [15] => 
)

DEBUG - 2026-04-06 10:36:25 --> Checking row 126: Array
(
    [0] => 
    [1] => 
    [2] => 
    [3] => 
    [4] => 
    [5] => 
    [6] => 
    [7] => 
    [8] => 
    [9] => 
    [10] => 
    [11] => 
    [12] => 
    [13] => 
    [14] => 
    [15] => 
)

DEBUG - 2026-04-06 10:36:25 --> Checking row 127: Array
(
    [0] => HEAD OF THE FAMILY
    [1] => 
    [2] => 
    [3] => 
    [4] => 
    [5] => 
    [6] => 
    [7] => 
    [8] => 
    [9] => 
    [10] => 
    [11] => 
    [12] => 
    [13] => 
    [14] => 
    [15] => 
)

DEBUG - 2026-04-06 10:36:25 --> Found 'HEAD OF THE FAMILY' at row 127, column 0
DEBUG - 2026-04-06 10:36:25 --> parseFacedCard called with startRow: 127
DEBUG - 2026-04-06 10:36:25 --> Found household_no: 0005
DEBUG - 2026-04-06 10:36:25 --> Family header at row 136 → data from 137
DEBUG - 2026-04-06 10:36:25 --> Family member: RIX LAGRADA
DEBUG - 2026-04-06 10:36:25 --> Family member: JOSEPH LAGRADA
DEBUG - 2026-04-06 10:36:25 --> Family member: JOMARK LAGRADA
DEBUG - 2026-04-06 10:36:25 --> Family member: RIXEL LAGRADA
DEBUG - 2026-04-06 10:36:25 --> Family member: KRISTEL MAE LAGRADA
DEBUG - 2026-04-06 10:36:25 --> Family member: RIX LAGRADA JR.
DEBUG - 2026-04-06 10:36:25 --> Parsed: CHRISTINE LAGRADA | HH#: 0005 | Members: 6
DEBUG - 2026-04-06 10:36:25 --> Parsed resident data: Array
(
    [household_no] => 0005
    [region] => 
    [province] => 
    [district] => 
    [city_municipality] => 
    [barangay] => BALBAGON
    [evacuation_center] => 
    [last_name] => LAGRADA
    [civil_status] => Married
    [mother_maiden_name] => FE CASTINO
    [first_name] => CHRISTINE
    [religion] => Catholic
    [occupation] => Housewife
    [middle_name] => LABI
    [name_extension] => 
    [age] => 43
    [birthdate] => 1982-10-02
    [birthplace] => BALBAGON
    [sex] => Female
    [monthly_income] => 6000
    [id_card_presented] => 
    [id_card_number] => 
    [house_no] => 
    [street] => 
    [subdivision] => 
    [permanent_barangay] => Balbagon
    [permanent_city] => Mambajao
    [permanent_province] => Camiguin
    [zip_code] => 
    [is_4ps_beneficiary] => 0
    [vulnerable_older_persons] => 0
    [vulnerable_pregnant] => 0
    [vulnerable_lactating] => 0
    [vulnerable_pwd] => 0
    [ownership_status] => Owner
    [shelter_damage] => No Damage
    [registration_date] => 2026-03-25
    [data_privacy_consent] => 1
    [contact_number] => 
    [family_members] => Array
        (
            [0] => Array
                (
                    [name] => RIX LAGRADA
                    [relation] => Husband
                    [birthdate] => 1979-08-14
                    [age] => 46
                    [sex] => Male
                    [education] => ELEM
                    [occupation] => 
                    [remarks] => 
                    [status] => active
                )

            [1] => Array
                (
                    [name] => JOSEPH LAGRADA
                    [relation] => Son
                    [birthdate] => 1999-12-25
                    [age] => 26
                    [sex] => Male
                    [education] => HIGH SCHOOL
                    [occupation] => 
                    [remarks] => 
                    [status] => active
                )

            [2] => Array
                (
                    [name] => JOMARK LAGRADA
                    [relation] => Son
                    [birthdate] => 2004-12-02
                    [age] => 21
                    [sex] => Male
                    [education] => HIGH SCHOOL
                    [occupation] => 
                    [remarks] => 
                    [status] => active
                )

            [3] => Array
                (
                    [name] => RIXEL LAGRADA
                    [relation] => Son
                    [birthdate] => 2006-06-28
                    [age] => 19
                    [sex] => Male
                    [education] => HIGH SCHOOL
                    [occupation] => 
                    [remarks] => 
                    [status] => active
                )

            [4] => Array
                (
                    [name] => KRISTEL MAE LAGRADA
                    [relation] => Daughter
                    [birthdate] => 2016-01-06
                    [age] => 10
                    [sex] => Female
                    [education] => ELEMENTARY
                    [occupation] => 
                    [remarks] => 
                    [status] => active
                )

            [5] => Array
                (
                    [name] => RIX LAGRADA JR.
                    [relation] => Son
                    [birthdate] => 2020-10-29
                    [age] => 5
                    [sex] => Male
                    [education] => HIGH SCHOOL
                    [occupation] => 
                    [remarks] => 
                    [status] => active
                )

        )

)

DEBUG - 2026-04-06 10:36:25 --> Inserted resident ID: 80, Name: CHRISTINE LAGRADA
DEBUG - 2026-04-06 10:36:25 --> Inserted family member: RIX LAGRADA
DEBUG - 2026-04-06 10:36:25 --> Inserted family member: JOSEPH LAGRADA
DEBUG - 2026-04-06 10:36:25 --> Inserted family member: JOMARK LAGRADA
DEBUG - 2026-04-06 10:36:25 --> Inserted family member: RIXEL LAGRADA
DEBUG - 2026-04-06 10:36:25 --> Inserted family member: KRISTEL MAE LAGRADA
DEBUG - 2026-04-06 10:36:25 --> Inserted family member: RIX LAGRADA JR.
DEBUG - 2026-04-06 10:36:25 --> Checking row 152: Array
(
    [0] => DSWD Logo
    [1] => 
    [2] => Republic of the Philippines
    [3] => 
    [4] => 
    [5] => 
    [6] => 
    [7] => 
    [8] => 
    [9] => 
    [10] => 
    [11] => 
    [12] => 
    [13] => THIS CARD IS NOT FOR SALE
    [14] => 
    [15] => 
)

DEBUG - 2026-04-06 10:36:25 --> Checking row 153: Array
(
    [0] => 
    [1] => 
    [2] => Department of Social Welfare and Development
    [3] => 
    [4] => 
    [5] => 
    [6] => 
    [7] => 
    [8] => 
    [9] => 
    [10] => 
    [11] => 
    [12] => 
    [13] => BENEFICIARY'S COPY
    [14] => 
    [15] => 
)

DEBUG - 2026-04-06 10:36:25 --> Checking row 154: Array
(
    [0] => 
    [1] => 
    [2] => FAMILY ASSISTANCE CARD IN EMERGENCIES AND DISASTERS (FACED)
    [3] => 
    [4] => 
    [5] => 
    [6] => 
    [7] => 
    [8] => 
    [9] => 
    [10] => 
    [11] => 
    [12] => 
    [13] => SERIAL NUMBER: 0006
    [14] => 
    [15] => 
)

DEBUG - 2026-04-06 10:36:25 --> Checking row 155: Array
(
    [0] => LOCATION OF THE AFFECTED FAMILY
    [1] => 
    [2] => 
    [3] => 
    [4] => 
    [5] => 
    [6] => 
    [7] => 
    [8] => 
    [9] => 
    [10] => 
    [11] => 
    [12] => 
    [13] => 
    [14] => 
    [15] => 
)

DEBUG - 2026-04-06 10:36:25 --> Checking row 156: Array
(
    [0] => 1. REGION
REGION X
    [1] => 
    [2] => 
    [3] => 2. PROVINCE
CAMIGUIN
    [4] => 
    [5] => 
    [6] => 3. DISTRICT

    [7] => 
    [8] => 
    [9] => 4. CITY/MUNICIPALITY
MAMBAJAO
    [10] => 
    [11] => 
    [12] => 5. BARANGAY
BALBAGON
    [13] => 
    [14] => 6. EVACUATION CENTER/SITE

    [15] => 
)

DEBUG - 2026-04-06 10:36:25 --> Checking row 157: Array
(
    [0] => 
    [1] => 
    [2] => 
    [3] => 
    [4] => 
    [5] => 
    [6] => 
    [7] => 
    [8] => 
    [9] => 
    [10] => 
    [11] => 
    [12] => 
    [13] => 
    [14] => 
    [15] => 
)

DEBUG - 2026-04-06 10:36:25 --> Checking row 158: Array
(
    [0] => HEAD OF THE FAMILY
    [1] => 
    [2] => 
    [3] => 
    [4] => 
    [5] => 
    [6] => 
    [7] => 
    [8] => 
    [9] => 
    [10] => 
    [11] => 
    [12] => 
    [13] => 
    [14] => 
    [15] => 
)

DEBUG - 2026-04-06 10:36:25 --> Found 'HEAD OF THE FAMILY' at row 158, column 0
DEBUG - 2026-04-06 10:36:25 --> parseFacedCard called with startRow: 158
DEBUG - 2026-04-06 10:36:25 --> Found household_no: 0006
DEBUG - 2026-04-06 10:36:25 --> Family header at row 167 → data from 168
DEBUG - 2026-04-06 10:36:25 --> Family member: EMMALAIN LABIAL
DEBUG - 2026-04-06 10:36:25 --> Family member: MANILYN DAGONDON
DEBUG - 2026-04-06 10:36:25 --> Family member: NEXINE ARIA LABIAL
DEBUG - 2026-04-06 10:36:25 --> Family member: NICOLE ABBEGAIL DAGONDON
DEBUG - 2026-04-06 10:36:25 --> Family member: KEITH VINCENT LABIAL
DEBUG - 2026-04-06 10:36:25 --> Parsed: PRIMA LABIAL | HH#: 0006 | Members: 5
DEBUG - 2026-04-06 10:36:25 --> Parsed resident data: Array
(
    [household_no] => 0006
    [region] => REGION X
    [province] => CAMIGUIN
    [district] => 
    [city_municipality] => MAMBAJAO
    [barangay] => BALBAGON
    [evacuation_center] => 
    [last_name] => LABIAL
    [civil_status] => Widowed
    [mother_maiden_name] => 
    [first_name] => PRIMA
    [religion] => Roman Catholic
    [occupation] => 
    [middle_name] => PABILLORE
    [name_extension] => 
    [age] => 36
    [birthdate] => 1989-11-27
    [birthplace] => 
    [sex] => Female
    [monthly_income] => 0
    [id_card_presented] => 
    [id_card_number] => 
    [house_no] => 
    [street] => 
    [subdivision] => 
    [permanent_barangay] => Balbagon
    [permanent_city] => Mambajao
    [permanent_province] => Camiguin
    [zip_code] => 9100
    [is_4ps_beneficiary] => 0
    [vulnerable_older_persons] => 0
    [vulnerable_pregnant] => 0
    [vulnerable_lactating] => 0
    [vulnerable_pwd] => 0
    [ownership_status] => Owner
    [shelter_damage] => No Damage
    [registration_date] => 2026-03-25
    [data_privacy_consent] => 1
    [contact_number] => 
    [family_members] => Array
        (
            [0] => Array
                (
                    [name] => EMMALAIN LABIAL
                    [relation] => Daughter
                    [birthdate] => 1986-11-03
                    [age] => 39
                    [sex] => Female
                    [education] => 
                    [occupation] => 
                    [remarks] => 
                    [status] => active
                )

            [1] => Array
                (
                    [name] => MANILYN DAGONDON
                    [relation] => Daughter
                    [birthdate] => 1989-04-22
                    [age] => 36
                    [sex] => Female
                    [education] => 
                    [occupation] => 
                    [remarks] => 
                    [status] => active
                )

            [2] => Array
                (
                    [name] => NEXINE ARIA LABIAL
                    [relation] => Grand Daughter
                    [birthdate] => 2000-09-01
                    [age] => 25
                    [sex] => Female
                    [education] => 
                    [occupation] => 
                    [remarks] => 
                    [status] => active
                )

            [3] => Array
                (
                    [name] => NICOLE ABBEGAIL DAGONDON
                    [relation] => Grand Daughter
                    [birthdate] => 2009-08-22
                    [age] => 16
                    [sex] => Female
                    [education] => 
                    [occupation] => 
                    [remarks] => 
                    [status] => active
                )

            [4] => Array
                (
                    [name] => KEITH VINCENT LABIAL
                    [relation] => Grandson
                    [birthdate] => 2007-04-23
                    [age] => 18
                    [sex] => Male
                    [education] => 
                    [occupation] => 
                    [remarks] => 
                    [status] => active
                )

        )

)

DEBUG - 2026-04-06 10:36:25 --> Inserted resident ID: 81, Name: PRIMA LABIAL
DEBUG - 2026-04-06 10:36:25 --> Inserted family member: EMMALAIN LABIAL
DEBUG - 2026-04-06 10:36:25 --> Inserted family member: MANILYN DAGONDON
DEBUG - 2026-04-06 10:36:25 --> Inserted family member: NEXINE ARIA LABIAL
DEBUG - 2026-04-06 10:36:25 --> Inserted family member: NICOLE ABBEGAIL DAGONDON
DEBUG - 2026-04-06 10:36:25 --> Inserted family member: KEITH VINCENT LABIAL
DEBUG - 2026-04-06 10:36:25 --> Checking row 183: Array
(
    [0] => 
    [1] => 
    [2] => Department of Social Welfare and Development
    [3] => 
    [4] => 
    [5] => 
    [6] => 
    [7] => 
    [8] => 
    [9] => 
    [10] => 
    [11] => 
    [12] => 
    [13] => BENEFICIARY'S COPY
    [14] => 
    [15] => 
)

DEBUG - 2026-04-06 10:36:25 --> Checking row 184: Array
(
    [0] => 
    [1] => 
    [2] => FAMILY ASSISTANCE CARD IN EMERGENCIES AND DISASTERS (FACED)
    [3] => 
    [4] => 
    [5] => 
    [6] => 
    [7] => 
    [8] => 
    [9] => 
    [10] => 
    [11] => 
    [12] => 
    [13] => SERIAL NUMBER: 0007
    [14] => 
    [15] => 
)

DEBUG - 2026-04-06 10:36:25 --> Checking row 185: Array
(
    [0] => LOCATION OF THE AFFECTED FAMILY
    [1] => 
    [2] => 
    [3] => 
    [4] => 
    [5] => 
    [6] => 
    [7] => 
    [8] => 
    [9] => 
    [10] => 
    [11] => 
    [12] => 
    [13] => 
    [14] => 
    [15] => 
)

DEBUG - 2026-04-06 10:36:25 --> Checking row 186: Array
(
    [0] => 1. REGION
REGION 10
    [1] => 
    [2] => 
    [3] => 2. PROVINCE
CAMIGUIN
    [4] => 
    [5] => 
    [6] => 3. DISTRICT

    [7] => 
    [8] => 
    [9] => 4. CITY/MUNICIPALITY
MAMBAJAO
    [10] => 
    [11] => 
    [12] => 5. BARANGAY
BALBAGON
    [13] => 
    [14] => 6. EVACUATION CENTER/SITE
CPSC
    [15] => 
)

DEBUG - 2026-04-06 10:36:25 --> Checking row 187: Array
(
    [0] => 
    [1] => 
    [2] => 
    [3] => 
    [4] => 
    [5] => 
    [6] => 
    [7] => 
    [8] => 
    [9] => 
    [10] => 
    [11] => 
    [12] => 
    [13] => 
    [14] => 
    [15] => 
)

DEBUG - 2026-04-06 10:36:25 --> Checking row 188: Array
(
    [0] => HEAD OF THE FAMILY
    [1] => 
    [2] => 
    [3] => 
    [4] => 
    [5] => 
    [6] => 
    [7] => 
    [8] => 
    [9] => 
    [10] => 
    [11] => 
    [12] => 
    [13] => 
    [14] => 
    [15] => 
)

DEBUG - 2026-04-06 10:36:25 --> Found 'HEAD OF THE FAMILY' at row 188, column 0
DEBUG - 2026-04-06 10:36:25 --> parseFacedCard called with startRow: 188
DEBUG - 2026-04-06 10:36:25 --> Found household_no: 0007
DEBUG - 2026-04-06 10:36:25 --> Family header at row 197 → data from 198
DEBUG - 2026-04-06 10:36:25 --> Family member: ANN LAGRADA
DEBUG - 2026-04-06 10:36:25 --> Family member: ANNE MARIE LAGRADA
DEBUG - 2026-04-06 10:36:25 --> Family member: LANCE LAGRADA
DEBUG - 2026-04-06 10:36:25 --> Parsed: NILO LAGRADA | HH#: 0007 | Members: 3
DEBUG - 2026-04-06 10:36:25 --> Parsed resident data: Array
(
    [household_no] => 0007
    [region] => REGION 10
    [province] => CAMIGUIN
    [district] => 
    [city_municipality] => MAMBAJAO
    [barangay] => BALBAGON
    [evacuation_center] => CPSC
    [last_name] => LAGRADA
    [civil_status] => Single
    [mother_maiden_name] => PERPETUA DAHAN LADESMA
    [first_name] => NILO
    [religion] => Catholic
    [occupation] => Fisherman
    [middle_name] => DAHAN
    [name_extension] => 
    [age] => 41
    [birthdate] => 1984-09-28
    [birthplace] => BALBAGON, MAMBAJAO, CAMIGUIN
    [sex] => Male
    [monthly_income] => 5000
    [id_card_presented] => 
    [id_card_number] => 
    [house_no] => 
    [street] => Lower
    [subdivision] => Maslog
    [permanent_barangay] => Balbagon
    [permanent_city] => Mambajao
    [permanent_province] => Camiguin
    [zip_code] => 9100
    [is_4ps_beneficiary] => 0
    [vulnerable_older_persons] => 0
    [vulnerable_pregnant] => 0
    [vulnerable_lactating] => 0
    [vulnerable_pwd] => 0
    [ownership_status] => Owner
    [shelter_damage] => No Damage
    [registration_date] => 2026-03-25
    [data_privacy_consent] => 1
    [contact_number] => 
    [family_members] => Array
        (
            [0] => Array
                (
                    [name] => ANN LAGRADA
                    [relation] => Wife
                    [birthdate] => 1982-07-29
                    [age] => 43
                    [sex] => Female
                    [education] => COLLEGE LEVEL
                    [occupation] => Utility
                    [remarks] => 
                    [status] => active
                )

            [1] => Array
                (
                    [name] => ANNE MARIE LAGRADA
                    [relation] => Daughter
                    [birthdate] => 2008-11-18
                    [age] => 17
                    [sex] => Female
                    [education] => COLLEGE
                    [occupation] => Student
                    [remarks] => 
                    [status] => active
                )

            [2] => Array
                (
                    [name] => LANCE LAGRADA
                    [relation] => Son
                    [birthdate] => 2011-02-02
                    [age] => 15
                    [sex] => Male
                    [education] => GRADE 8
                    [occupation] => Student
                    [remarks] => 
                    [status] => active
                )

        )

)

DEBUG - 2026-04-06 10:36:25 --> Inserted resident ID: 82, Name: NILO LAGRADA
DEBUG - 2026-04-06 10:36:25 --> Inserted family member: ANN LAGRADA
DEBUG - 2026-04-06 10:36:25 --> Inserted family member: ANNE MARIE LAGRADA
DEBUG - 2026-04-06 10:36:25 --> Inserted family member: LANCE LAGRADA
DEBUG - 2026-04-06 10:36:25 --> Checking row 213: Array
(
    [0] => 
    [1] => 
    [2] => Department of Social Welfare and Development
    [3] => 
    [4] => 
    [5] => 
    [6] => 
    [7] => 
    [8] => 
    [9] => 
    [10] => 
    [11] => 
    [12] => 
    [13] => BENEFICIARY'S COPY
    [14] => 
    [15] => 
)

DEBUG - 2026-04-06 10:36:25 --> Checking row 214: Array
(
    [0] => 
    [1] => 
    [2] => FAMILY ASSISTANCE CARD IN EMERGENCIES AND DISASTERS (FACED)
    [3] => 
    [4] => 
    [5] => 
    [6] => 
    [7] => 
    [8] => 
    [9] => 
    [10] => 
    [11] => 
    [12] => 
    [13] => SERIAL NUMBER: 0008
    [14] => 
    [15] => 
)

DEBUG - 2026-04-06 10:36:25 --> Checking row 215: Array
(
    [0] => LOCATION OF THE AFFECTED FAMILY
    [1] => 
    [2] => 
    [3] => 
    [4] => 
    [5] => 
    [6] => 
    [7] => 
    [8] => 
    [9] => 
    [10] => 
    [11] => 
    [12] => 
    [13] => 
    [14] => 
    [15] => 
)

DEBUG - 2026-04-06 10:36:25 --> Checking row 216: Array
(
    [0] => 1. REGION
REGION 10
    [1] => 
    [2] => 
    [3] => 2. PROVINCE
CAMIGUIN
    [4] => 
    [5] => 
    [6] => 3. DISTRICT

    [7] => 
    [8] => 
    [9] => 4. CITY/MUNICIPALITY
MAMBAJAO
    [10] => 
    [11] => 
    [12] => 5. BARANGAY
BALBAGON
    [13] => 
    [14] => 6. EVACUATION CENTER/SITE
CPSC
    [15] => 
)

DEBUG - 2026-04-06 10:36:25 --> Checking row 217: Array
(
    [0] => 
    [1] => 
    [2] => 
    [3] => 
    [4] => 
    [5] => 
    [6] => 
    [7] => 
    [8] => 
    [9] => 
    [10] => 
    [11] => 
    [12] => 
    [13] => 
    [14] => 
    [15] => 
)

DEBUG - 2026-04-06 10:36:25 --> Checking row 218: Array
(
    [0] => HEAD OF THE FAMILY
    [1] => 
    [2] => 
    [3] => 
    [4] => 
    [5] => 
    [6] => 
    [7] => 
    [8] => 
    [9] => 
    [10] => 
    [11] => 
    [12] => 
    [13] => 
    [14] => 
    [15] => 
)

DEBUG - 2026-04-06 10:36:25 --> Found 'HEAD OF THE FAMILY' at row 218, column 0
DEBUG - 2026-04-06 10:36:25 --> parseFacedCard called with startRow: 218
DEBUG - 2026-04-06 10:36:25 --> Found household_no: 0008
DEBUG - 2026-04-06 10:36:25 --> Family header at row 227 → data from 228
DEBUG - 2026-04-06 10:36:25 --> Parsed: NARNIL ABIAN | HH#: 0008 | Members: 0
DEBUG - 2026-04-06 10:36:25 --> Parsed resident data: Array
(
    [household_no] => 0008
    [region] => REGION 10
    [province] => CAMIGUIN
    [district] => 
    [city_municipality] => MAMBAJAO
    [barangay] => BALBAGON
    [evacuation_center] => CPSC
    [last_name] => ABIAN
    [civil_status] => Married
    [mother_maiden_name] => 
    [first_name] => NARNIL
    [religion] => Catholic
    [occupation] => 
    [middle_name] => LAGRADA
    [name_extension] => 
    [age] => 33
    [birthdate] => 1992-06-17
    [birthplace] => 
    [sex] => Male
    [monthly_income] => 0
    [id_card_presented] => 
    [id_card_number] => 
    [is_4ps_beneficiary] => 0
    [vulnerable_older_persons] => 0
    [vulnerable_pregnant] => 0
    [vulnerable_lactating] => 0
    [vulnerable_pwd] => 0
    [ownership_status] => Owner
    [shelter_damage] => No Damage
    [registration_date] => 2026-03-25
    [data_privacy_consent] => 1
    [contact_number] => 
    [family_members] => Array
        (
        )

)

DEBUG - 2026-04-06 10:36:25 --> Inserted resident ID: 83, Name: NARNIL ABIAN
DEBUG - 2026-04-06 10:36:25 --> Checking row 243: Array
(
    [0] => 
    [1] => 
    [2] => Department of Social Welfare and Development
    [3] => 
    [4] => 
    [5] => 
    [6] => 
    [7] => 
    [8] => 
    [9] => 
    [10] => 
    [11] => 
    [12] => 
    [13] => BENEFICIARY'S COPY
    [14] => 
    [15] => 
)

DEBUG - 2026-04-06 10:36:25 --> Checking row 244: Array
(
    [0] => 
    [1] => 
    [2] => FAMILY ASSISTANCE CARD IN EMERGENCIES AND DISASTERS (FACED)
    [3] => 
    [4] => 
    [5] => 
    [6] => 
    [7] => 
    [8] => 
    [9] => 
    [10] => 
    [11] => 
    [12] => 
    [13] => SERIAL NUMBER: 0009
    [14] => 
    [15] => 
)

DEBUG - 2026-04-06 10:36:25 --> Checking row 245: Array
(
    [0] => LOCATION OF THE AFFECTED FAMILY
    [1] => 
    [2] => 
    [3] => 
    [4] => 
    [5] => 
    [6] => 
    [7] => 
    [8] => 
    [9] => 
    [10] => 
    [11] => 
    [12] => 
    [13] => 
    [14] => 
    [15] => 
)

DEBUG - 2026-04-06 10:36:25 --> Checking row 246: Array
(
    [0] => 1. REGION
REGION X
    [1] => 
    [2] => 
    [3] => 2. PROVINCE
CAMIGUIN
    [4] => 
    [5] => 
    [6] => 3. DISTRICT

    [7] => 
    [8] => 
    [9] => 4. CITY/MUNICIPALITY
MAMBAJAO
    [10] => 
    [11] => 
    [12] => 5. BARANGAY
BALBAGON
    [13] => 
    [14] => 6. EVACUATION CENTER/SITE

    [15] => 
)

DEBUG - 2026-04-06 10:36:25 --> Checking row 247: Array
(
    [0] => 
    [1] => 
    [2] => 
    [3] => 
    [4] => 
    [5] => 
    [6] => 
    [7] => 
    [8] => 
    [9] => 
    [10] => 
    [11] => 
    [12] => 
    [13] => 
    [14] => 
    [15] => 
)

DEBUG - 2026-04-06 10:36:25 --> Checking row 248: Array
(
    [0] => HEAD OF THE FAMILY
    [1] => 
    [2] => 
    [3] => 
    [4] => 
    [5] => 
    [6] => 
    [7] => 
    [8] => 
    [9] => 
    [10] => 
    [11] => 
    [12] => 
    [13] => 
    [14] => 
    [15] => 
)

DEBUG - 2026-04-06 10:36:25 --> Found 'HEAD OF THE FAMILY' at row 248, column 0
DEBUG - 2026-04-06 10:36:25 --> parseFacedCard called with startRow: 248
DEBUG - 2026-04-06 10:36:25 --> Found household_no: 0009
DEBUG - 2026-04-06 10:36:25 --> Family header at row 257 → data from 258
DEBUG - 2026-04-06 10:36:25 --> Family member: APRIL ROSE CADORNA
DEBUG - 2026-04-06 10:36:25 --> Family member: REZIEL ANN CADORNA
DEBUG - 2026-04-06 10:36:25 --> Family member: GRACE CADORNA
DEBUG - 2026-04-06 10:36:25 --> Family member: ELRIC NINO CADORNA
DEBUG - 2026-04-06 10:36:25 --> Family member: HEZEKIAH GYLLE CADORNA
DEBUG - 2026-04-06 10:36:25 --> Parsed: ELIZABETH CADORNA | HH#: 0009 | Members: 5
DEBUG - 2026-04-06 10:36:25 --> Parsed resident data: Array
(
    [household_no] => 0009
    [region] => REGION X
    [province] => CAMIGUIN
    [district] => 
    [city_municipality] => MAMBAJAO
    [barangay] => BALBAGON
    [evacuation_center] => 
    [last_name] => CADORNA
    [civil_status] => Widowed
    [mother_maiden_name] => 
    [first_name] => ELIZABETH
    [religion] => Born Again
    [occupation] => 
    [middle_name] => CASTILLON
    [name_extension] => 
    [age] => 53
    [birthdate] => 1973-02-15
    [birthplace] => 
    [sex] => Female
    [monthly_income] => 0
    [id_card_presented] => 
    [id_card_number] => 
    [house_no] => 
    [street] => 
    [subdivision] => 
    [permanent_barangay] => Balbagon
    [permanent_city] => Mambajao
    [permanent_province] => Camiguin
    [zip_code] => 9100
    [is_4ps_beneficiary] => 0
    [vulnerable_older_persons] => 0
    [vulnerable_pregnant] => 0
    [vulnerable_lactating] => 0
    [vulnerable_pwd] => 0
    [ownership_status] => Owner
    [shelter_damage] => No Damage
    [registration_date] => 2026-03-25
    [data_privacy_consent] => 1
    [contact_number] => 
    [family_members] => Array
        (
            [0] => Array
                (
                    [name] => APRIL ROSE CADORNA
                    [relation] => Daughter
                    [birthdate] => 1995-04-02
                    [age] => 30
                    [sex] => Male
                    [education] => 
                    [occupation] => 
                    [remarks] => 
                    [status] => active
                )

            [1] => Array
                (
                    [name] => REZIEL ANN CADORNA
                    [relation] => Daughter
                    [birthdate] => 2004-02-07
                    [age] => 22
                    [sex] => Male
                    [education] => 
                    [occupation] => 
                    [remarks] => 
                    [status] => active
                )

            [2] => Array
                (
                    [name] => GRACE CADORNA
                    [relation] => Daughter
                    [birthdate] => 2006-12-03
                    [age] => 19
                    [sex] => Male
                    [education] => 
                    [occupation] => 
                    [remarks] => 
                    [status] => active
                )

            [3] => Array
                (
                    [name] => ELRIC NINO CADORNA
                    [relation] => Daughter
                    [birthdate] => 2013-01-13
                    [age] => 13
                    [sex] => Male
                    [education] => 
                    [occupation] => 
                    [remarks] => 
                    [status] => active
                )

            [4] => Array
                (
                    [name] => HEZEKIAH GYLLE CADORNA
                    [relation] => Grand Daughter
                    [birthdate] => 2020-04-07
                    [age] => 5
                    [sex] => Male
                    [education] => 
                    [occupation] => 
                    [remarks] => 
                    [status] => active
                )

        )

)

DEBUG - 2026-04-06 10:36:25 --> Inserted resident ID: 84, Name: ELIZABETH CADORNA
DEBUG - 2026-04-06 10:36:25 --> Inserted family member: APRIL ROSE CADORNA
DEBUG - 2026-04-06 10:36:25 --> Inserted family member: REZIEL ANN CADORNA
DEBUG - 2026-04-06 10:36:25 --> Inserted family member: GRACE CADORNA
DEBUG - 2026-04-06 10:36:25 --> Inserted family member: ELRIC NINO CADORNA
DEBUG - 2026-04-06 10:36:25 --> Inserted family member: HEZEKIAH GYLLE CADORNA
DEBUG - 2026-04-06 10:36:25 --> Checking row 273: Array
(
    [0] => 
    [1] => 
    [2] => Department of Social Welfare and Development
    [3] => 
    [4] => 
    [5] => 
    [6] => 
    [7] => 
    [8] => 
    [9] => 
    [10] => 
    [11] => 
    [12] => 
    [13] => BENEFICIARY'S COPY
    [14] => 
    [15] => 
)

DEBUG - 2026-04-06 10:36:25 --> Checking row 274: Array
(
    [0] => 
    [1] => 
    [2] => FAMILY ASSISTANCE CARD IN EMERGENCIES AND DISASTERS (FACED)
    [3] => 
    [4] => 
    [5] => 
    [6] => 
    [7] => 
    [8] => 
    [9] => 
    [10] => 
    [11] => 
    [12] => 
    [13] => SERIAL NUMBER: 0010
    [14] => 
    [15] => 
)

DEBUG - 2026-04-06 10:36:25 --> Checking row 275: Array
(
    [0] => LOCATION OF THE AFFECTED FAMILY
    [1] => 
    [2] => 
    [3] => 
    [4] => 
    [5] => 
    [6] => 
    [7] => 
    [8] => 
    [9] => 
    [10] => 
    [11] => 
    [12] => 
    [13] => 
    [14] => 
    [15] => 
)

DEBUG - 2026-04-06 10:36:25 --> Checking row 276: Array
(
    [0] => 1. REGION
REG
    [1] => 
    [2] => 
    [3] => 2. PROVINCE
CAMIGUIN
    [4] => 
    [5] => 
    [6] => 3. DISTRICT

    [7] => 
    [8] => 
    [9] => 4. CITY/MUNICIPALITY
MAMBAJAO
    [10] => 
    [11] => 
    [12] => 5. BARANGAY
BALBAGON
    [13] => 
    [14] => 6. EVACUATION CENTER/SITE

    [15] => 
)

DEBUG - 2026-04-06 10:36:25 --> Checking row 277: Array
(
    [0] => 
    [1] => 
    [2] => 
    [3] => 
    [4] => 
    [5] => 
    [6] => 
    [7] => 
    [8] => 
    [9] => 
    [10] => 
    [11] => 
    [12] => 
    [13] => 
    [14] => 
    [15] => 
)

DEBUG - 2026-04-06 10:36:25 --> Checking row 278: Array
(
    [0] => HEAD OF THE FAMILY
    [1] => 
    [2] => 
    [3] => 
    [4] => 
    [5] => 
    [6] => 
    [7] => 
    [8] => 
    [9] => 
    [10] => 
    [11] => 
    [12] => 
    [13] => 
    [14] => 
    [15] => 
)

DEBUG - 2026-04-06 10:36:25 --> Found 'HEAD OF THE FAMILY' at row 278, column 0
DEBUG - 2026-04-06 10:36:25 --> parseFacedCard called with startRow: 278
DEBUG - 2026-04-06 10:36:25 --> Found household_no: 0010
DEBUG - 2026-04-06 10:36:25 --> Family header at row 287 → data from 288
DEBUG - 2026-04-06 10:36:25 --> Family member: JOHN BRIAN PALOMAJA
DEBUG - 2026-04-06 10:36:25 --> Parsed: NORMA LABIAL | HH#: 0010 | Members: 1
DEBUG - 2026-04-06 10:36:25 --> Parsed resident data: Array
(
    [household_no] => 0010
    [region] => REG
    [province] => CAMIGUIN
    [district] => 
    [city_municipality] => MAMBAJAO
    [barangay] => BALBAGON
    [evacuation_center] => 
    [last_name] => LABIAL
    [civil_status] => Widowed
    [mother_maiden_name] => 
    [first_name] => NORMA
    [religion] => Roman Catholic
    [occupation] => 
    [middle_name] => CADORNA
    [name_extension] => 
    [age] => 106
    [birthdate] => 1919-07-29
    [birthplace] => 
    [sex] => Female
    [monthly_income] => 0
    [id_card_presented] => 
    [id_card_number] => 
    [house_no] => 
    [street] => 
    [subdivision] => 
    [permanent_barangay] => Balbagon
    [permanent_city] => Mambajao
    [permanent_province] => Camiguin
    [zip_code] => 9100
    [is_4ps_beneficiary] => 0
    [vulnerable_older_persons] => 0
    [vulnerable_pregnant] => 0
    [vulnerable_lactating] => 0
    [vulnerable_pwd] => 0
    [ownership_status] => Owner
    [shelter_damage] => No Damage
    [registration_date] => 2026-03-25
    [data_privacy_consent] => 1
    [contact_number] => 
    [family_members] => Array
        (
            [0] => Array
                (
                    [name] => JOHN BRIAN PALOMAJA
                    [relation] => Grandson
                    [birthdate] => 1986-07-29
                    [age] => 39
                    [sex] => Male
                    [education] => 
                    [occupation] => 
                    [remarks] => 
                    [status] => active
                )

        )

)

DEBUG - 2026-04-06 10:36:25 --> Inserted resident ID: 85, Name: NORMA LABIAL
DEBUG - 2026-04-06 10:36:25 --> Inserted family member: JOHN BRIAN PALOMAJA
DEBUG - 2026-04-06 10:36:25 --> Checking row 303: Array
(
    [0] => 
    [1] => 
    [2] => Department of Social Welfare and Development
    [3] => 
    [4] => 
    [5] => 
    [6] => 
    [7] => 
    [8] => 
    [9] => 
    [10] => 
    [11] => 
    [12] => 
    [13] => BENEFICIARY'S COPY
    [14] => 
    [15] => 
)

DEBUG - 2026-04-06 10:36:25 --> Checking row 304: Array
(
    [0] => 
    [1] => 
    [2] => FAMILY ASSISTANCE CARD IN EMERGENCIES AND DISASTERS (FACED)
    [3] => 
    [4] => 
    [5] => 
    [6] => 
    [7] => 
    [8] => 
    [9] => 
    [10] => 
    [11] => 
    [12] => 
    [13] => SERIAL NUMBER: 0011
    [14] => 
    [15] => 
)

DEBUG - 2026-04-06 10:36:25 --> Checking row 305: Array
(
    [0] => LOCATION OF THE AFFECTED FAMILY
    [1] => 
    [2] => 
    [3] => 
    [4] => 
    [5] => 
    [6] => 
    [7] => 
    [8] => 
    [9] => 
    [10] => 
    [11] => 
    [12] => 
    [13] => 
    [14] => 
    [15] => 
)

DEBUG - 2026-04-06 10:36:25 --> Checking row 306: Array
(
    [0] => 1. REGION
REGION X
    [1] => 
    [2] => 
    [3] => 2. PROVINCE
CAMIGUIN
    [4] => 
    [5] => 
    [6] => 3. DISTRICT

    [7] => 
    [8] => 
    [9] => 4. CITY/MUNICIPALITY
MAMBAJAO
    [10] => 
    [11] => 
    [12] => 5. BARANGAY
BALBAGON
    [13] => 
    [14] => 6. EVACUATION CENTER/SITE

    [15] => 
)

DEBUG - 2026-04-06 10:36:25 --> Checking row 307: Array
(
    [0] => 
    [1] => 
    [2] => 
    [3] => 
    [4] => 
    [5] => 
    [6] => 
    [7] => 
    [8] => 
    [9] => 
    [10] => 
    [11] => 
    [12] => 
    [13] => 
    [14] => 
    [15] => 
)

DEBUG - 2026-04-06 10:36:25 --> Checking row 308: Array
(
    [0] => HEAD OF THE FAMILY
    [1] => 
    [2] => 
    [3] => 
    [4] => 
    [5] => 
    [6] => 
    [7] => 
    [8] => 
    [9] => 
    [10] => 
    [11] => 
    [12] => 
    [13] => 
    [14] => 
    [15] => 
)

DEBUG - 2026-04-06 10:36:25 --> Found 'HEAD OF THE FAMILY' at row 308, column 0
DEBUG - 2026-04-06 10:36:25 --> parseFacedCard called with startRow: 308
DEBUG - 2026-04-06 10:36:25 --> Found household_no: 0011
DEBUG - 2026-04-06 10:36:25 --> Family header at row 317 → data from 318
DEBUG - 2026-04-06 10:36:25 --> Family member: PERIE MAY RESUELO
DEBUG - 2026-04-06 10:36:25 --> Family member: PEARL JEAN RESUELO
DEBUG - 2026-04-06 10:36:25 --> Family member: PATRICIA MAE RESUELO
DEBUG - 2026-04-06 10:36:25 --> Family member: PIA KATE RESUELO
DEBUG - 2026-04-06 10:36:25 --> Family member: PRINCESS JAY RESUELO
DEBUG - 2026-04-06 10:36:25 --> Parsed: JEEPY RESUELO | HH#: 0011 | Members: 5
DEBUG - 2026-04-06 10:36:25 --> Parsed resident data: Array
(
    [household_no] => 0011
    [region] => REGION X
    [province] => CAMIGUIN
    [district] => 
    [city_municipality] => MAMBAJAO
    [barangay] => BALBAGON
    [evacuation_center] => 
    [last_name] => RESUELO
    [civil_status] => Married
    [mother_maiden_name] => 
    [first_name] => JEEPY
    [religion] => 
    [occupation] => 
    [middle_name] => ABOC
    [name_extension] => 
    [age] => 0
    [birthplace] => 
    [sex] => Male
    [monthly_income] => 0
    [id_card_presented] => 
    [id_card_number] => 
    [house_no] => 
    [street] => 
    [subdivision] => 
    [permanent_barangay] => Balbagon
    [permanent_city] => Mambajao
    [permanent_province] => Camiguin
    [zip_code] => 9100
    [is_4ps_beneficiary] => 0
    [vulnerable_older_persons] => 0
    [vulnerable_pregnant] => 0
    [vulnerable_lactating] => 0
    [vulnerable_pwd] => 0
    [ownership_status] => Owner
    [shelter_damage] => No Damage
    [registration_date] => 2026-03-25
    [data_privacy_consent] => 1
    [contact_number] => 
    [family_members] => Array
        (
            [0] => Array
                (
                    [name] => PERIE MAY RESUELO
                    [relation] => Wife
                    [birthdate] => 
                    [age] => 0
                    [sex] => Male
                    [education] => 
                    [occupation] => 
                    [remarks] => 
                    [status] => active
                )

            [1] => Array
                (
                    [name] => PEARL JEAN RESUELO
                    [relation] => Daughter
                    [birthdate] => 
                    [age] => 0
                    [sex] => Male
                    [education] => 
                    [occupation] => 
                    [remarks] => 
                    [status] => active
                )

            [2] => Array
                (
                    [name] => PATRICIA MAE RESUELO
                    [relation] => Daughter
                    [birthdate] => 
                    [age] => 0
                    [sex] => Male
                    [education] => 
                    [occupation] => 
                    [remarks] => 
                    [status] => active
                )

            [3] => Array
                (
                    [name] => PIA KATE RESUELO
                    [relation] => Daughter
                    [birthdate] => 
                    [age] => 0
                    [sex] => Male
                    [education] => 
                    [occupation] => 
                    [remarks] => 
                    [status] => active
                )

            [4] => Array
                (
                    [name] => PRINCESS JAY RESUELO
                    [relation] => Daughter
                    [birthdate] => 
                    [age] => 0
                    [sex] => Male
                    [education] => 
                    [occupation] => 
                    [remarks] => 
                    [status] => active
                )

        )

)

DEBUG - 2026-04-06 10:36:25 --> Inserted resident ID: 86, Name: JEEPY RESUELO
DEBUG - 2026-04-06 10:36:25 --> Inserted family member: PERIE MAY RESUELO
DEBUG - 2026-04-06 10:36:25 --> Inserted family member: PEARL JEAN RESUELO
DEBUG - 2026-04-06 10:36:25 --> Inserted family member: PATRICIA MAE RESUELO
DEBUG - 2026-04-06 10:36:25 --> Inserted family member: PIA KATE RESUELO
DEBUG - 2026-04-06 10:36:25 --> Inserted family member: PRINCESS JAY RESUELO
DEBUG - 2026-04-06 10:36:25 --> Checking row 333: Array
(
    [0] => 
    [1] => 
    [2] => Department of Social Welfare and Development
    [3] => 
    [4] => 
    [5] => 
    [6] => 
    [7] => 
    [8] => 
    [9] => 
    [10] => 
    [11] => 
    [12] => 
    [13] => BENEFICIARY'S COPY
    [14] => 
    [15] => 
)

DEBUG - 2026-04-06 10:36:25 --> Checking row 334: Array
(
    [0] => 
    [1] => 
    [2] => FAMILY ASSISTANCE CARD IN EMERGENCIES AND DISASTERS (FACED)
    [3] => 
    [4] => 
    [5] => 
    [6] => 
    [7] => 
    [8] => 
    [9] => 
    [10] => 
    [11] => 
    [12] => 
    [13] => SERIAL NUMBER: 0012
    [14] => 
    [15] => 
)

DEBUG - 2026-04-06 10:36:25 --> Checking row 335: Array
(
    [0] => LOCATION OF THE AFFECTED FAMILY
    [1] => 
    [2] => 
    [3] => 
    [4] => 
    [5] => 
    [6] => 
    [7] => 
    [8] => 
    [9] => 
    [10] => 
    [11] => 
    [12] => 
    [13] => 
    [14] => 
    [15] => 
)

DEBUG - 2026-04-06 10:36:25 --> Checking row 336: Array
(
    [0] => 1. REGION

    [1] => 
    [2] => 
    [3] => 2. PROVINCE

    [4] => 
    [5] => 
    [6] => 3. DISTRICT

    [7] => 
    [8] => 
    [9] => 4. CITY/MUNICIPALITY

    [10] => 
    [11] => 
    [12] => 5. BARANGAY
BALBAGON
    [13] => 
    [14] => 6. EVACUATION CENTER/SITE

    [15] => 
)

DEBUG - 2026-04-06 10:36:25 --> Checking row 337: Array
(
    [0] => 
    [1] => 
    [2] => 
    [3] => 
    [4] => 
    [5] => 
    [6] => 
    [7] => 
    [8] => 
    [9] => 
    [10] => 
    [11] => 
    [12] => 
    [13] => 
    [14] => 
    [15] => 
)

DEBUG - 2026-04-06 10:36:25 --> Checking row 338: Array
(
    [0] => HEAD OF THE FAMILY
    [1] => 
    [2] => 
    [3] => 
    [4] => 
    [5] => 
    [6] => 
    [7] => 
    [8] => 
    [9] => 
    [10] => 
    [11] => 
    [12] => 
    [13] => 
    [14] => 
    [15] => 
)

DEBUG - 2026-04-06 10:36:25 --> Found 'HEAD OF THE FAMILY' at row 338, column 0
DEBUG - 2026-04-06 10:36:25 --> parseFacedCard called with startRow: 338
DEBUG - 2026-04-06 10:36:25 --> Found household_no: 0012
DEBUG - 2026-04-06 10:36:25 --> Family header at row 347 → data from 348
DEBUG - 2026-04-06 10:36:25 --> Family member: JIED RENIEL JABLA
DEBUG - 2026-04-06 10:36:25 --> Family member: ROCLYN JABLA
DEBUG - 2026-04-06 10:36:25 --> Family member: ROEL JABLA JR
DEBUG - 2026-04-06 10:36:25 --> Family member: JRED ROEL JABLA
DEBUG - 2026-04-06 10:36:25 --> Family member: PRINCESS ANGELIE JABLA
DEBUG - 2026-04-06 10:36:25 --> Parsed: PERLA JABLA | HH#: 0012 | Members: 5
DEBUG - 2026-04-06 10:36:25 --> Parsed resident data: Array
(
    [household_no] => 0012
    [region] => 
    [province] => 
    [district] => 
    [city_municipality] => 
    [barangay] => BALBAGON
    [evacuation_center] => 
    [last_name] => JABLA
    [civil_status] => Married
    [mother_maiden_name] => PERTURIO LAGRADA
    [first_name] => PERLA
    [religion] => Catholic
    [occupation] => Housewife
    [middle_name] => LAGRADA
    [name_extension] => 
    [age] => 50
    [birthdate] => 1975-09-23
    [birthplace] => BALBAGON
    [sex] => Female
    [monthly_income] => 6000
    [id_card_presented] => 
    [id_card_number] => 
    [house_no] => 
    [street] => 
    [subdivision] => 
    [permanent_barangay] => 
    [permanent_city] => 
    [permanent_province] => Balbagon
    [zip_code] => 
    [is_4ps_beneficiary] => 0
    [vulnerable_older_persons] => 0
    [vulnerable_pregnant] => 0
    [vulnerable_lactating] => 0
    [vulnerable_pwd] => 0
    [ownership_status] => Owner
    [shelter_damage] => No Damage
    [registration_date] => 2026-03-25
    [data_privacy_consent] => 1
    [contact_number] => 
    [family_members] => Array
        (
            [0] => Array
                (
                    [name] => JIED RENIEL JABLA
                    [relation] => Husband
                    [birthdate] => 2003-05-04
                    [age] => 22
                    [sex] => Male
                    [education] => HIGH SCHOOL GRAD
                    [occupation] => Fisherman
                    [remarks] => 
                    [status] => active
                )

            [1] => Array
                (
                    [name] => ROCLYN JABLA
                    [relation] => Daughter
                    [birthdate] => 2005-08-25
                    [age] => 20
                    [sex] => Male
                    [education] => COLLEGE
                    [occupation] => 
                    [remarks] => 
                    [status] => active
                )

            [2] => Array
                (
                    [name] => ROEL JABLA JR
                    [relation] => Son
                    [birthdate] => 2008-02-10
                    [age] => 18
                    [sex] => Female
                    [education] => HIGH SCHOOL
                    [occupation] => 
                    [remarks] => 
                    [status] => active
                )

            [3] => Array
                (
                    [name] => JRED ROEL JABLA
                    [relation] => Son
                    [birthdate] => 2014-11-25
                    [age] => 11
                    [sex] => Male
                    [education] => HIGH SCHOOL
                    [occupation] => 
                    [remarks] => 
                    [status] => active
                )

            [4] => Array
                (
                    [name] => PRINCESS ANGELIE JABLA
                    [relation] => Daughter
                    [birthdate] => 2018-02-15
                    [age] => 8
                    [sex] => Female
                    [education] => ELEM
                    [occupation] => 
                    [remarks] => 
                    [status] => active
                )

        )

)

DEBUG - 2026-04-06 10:36:25 --> Inserted resident ID: 87, Name: PERLA JABLA
DEBUG - 2026-04-06 10:36:25 --> Inserted family member: JIED RENIEL JABLA
DEBUG - 2026-04-06 10:36:25 --> Inserted family member: ROCLYN JABLA
DEBUG - 2026-04-06 10:36:25 --> Inserted family member: ROEL JABLA JR
DEBUG - 2026-04-06 10:36:25 --> Inserted family member: JRED ROEL JABLA
DEBUG - 2026-04-06 10:36:25 --> Inserted family member: PRINCESS ANGELIE JABLA
DEBUG - 2026-04-06 10:36:25 --> Checking row 363: Array
(
    [0] => 
    [1] => 
    [2] => Department of Social Welfare and Development
    [3] => 
    [4] => 
    [5] => 
    [6] => 
    [7] => 
    [8] => 
    [9] => 
    [10] => 
    [11] => 
    [12] => 
    [13] => BENEFICIARY'S COPY
    [14] => 
    [15] => 
)

DEBUG - 2026-04-06 10:36:25 --> Checking row 364: Array
(
    [0] => 
    [1] => 
    [2] => FAMILY ASSISTANCE CARD IN EMERGENCIES AND DISASTERS (FACED)
    [3] => 
    [4] => 
    [5] => 
    [6] => 
    [7] => 
    [8] => 
    [9] => 
    [10] => 
    [11] => 
    [12] => 
    [13] => SERIAL NUMBER: 0013
    [14] => 
    [15] => 
)

DEBUG - 2026-04-06 10:36:25 --> Checking row 365: Array
(
    [0] => LOCATION OF THE AFFECTED FAMILY
    [1] => 
    [2] => 
    [3] => 
    [4] => 
    [5] => 
    [6] => 
    [7] => 
    [8] => 
    [9] => 
    [10] => 
    [11] => 
    [12] => 
    [13] => 
    [14] => 
    [15] => 
)

DEBUG - 2026-04-06 10:36:25 --> Checking row 366: Array
(
    [0] => 1. REGION
REGION 10
    [1] => 
    [2] => 
    [3] => 2. PROVINCE
CAMIGUIN
    [4] => 
    [5] => 
    [6] => 3. DISTRICT

    [7] => 
    [8] => 
    [9] => 4. CITY/MUNICIPALITY
MAMBAJAO
    [10] => 
    [11] => 
    [12] => 5. BARANGAY
BALBAGON
    [13] => 
    [14] => 6. EVACUATION CENTER/SITE

    [15] => 
)

DEBUG - 2026-04-06 10:36:25 --> Checking row 367: Array
(
    [0] => 
    [1] => 
    [2] => 
    [3] => 
    [4] => 
    [5] => 
    [6] => 
    [7] => 
    [8] => 
    [9] => 
    [10] => 
    [11] => 
    [12] => 
    [13] => 
    [14] => 
    [15] => 
)

DEBUG - 2026-04-06 10:36:25 --> Checking row 368: Array
(
    [0] => HEAD OF THE FAMILY
    [1] => 
    [2] => 
    [3] => 
    [4] => 
    [5] => 
    [6] => 
    [7] => 
    [8] => 
    [9] => 
    [10] => 
    [11] => 
    [12] => 
    [13] => 
    [14] => 
    [15] => 
)

DEBUG - 2026-04-06 10:36:25 --> Found 'HEAD OF THE FAMILY' at row 368, column 0
DEBUG - 2026-04-06 10:36:25 --> parseFacedCard called with startRow: 368
DEBUG - 2026-04-06 10:36:25 --> Found household_no: 0013
DEBUG - 2026-04-06 10:36:25 --> Family header at row 377 → data from 378
DEBUG - 2026-04-06 10:36:25 --> Family member: RICHARD ABIAN
DEBUG - 2026-04-06 10:36:25 --> Parsed: ABIAN EXPIDITO | HH#: 0013 | Members: 1
DEBUG - 2026-04-06 10:36:25 --> Parsed resident data: Array
(
    [household_no] => 0013
    [region] => REGION 10
    [province] => CAMIGUIN
    [district] => 
    [city_municipality] => MAMBAJAO
    [barangay] => BALBAGON
    [evacuation_center] => 
    [last_name] => EXPIDITO
    [civil_status] => Married
    [mother_maiden_name] => CARMEN GASIN
    [first_name] => ABIAN
    [religion] => Roman Catholic
    [occupation] => Barangay Council
    [middle_name] => CABUTASE
    [name_extension] => 
    [age] => 71
    [birthdate] => 1954-04-18
    [birthplace] => BALBAGON
    [sex] => Male
    [monthly_income] => 2500
    [id_card_presented] => 
    [id_card_number] => 
    [contact_number] => 09067543401
    [house_no] => 
    [street] => 
    [subdivision] => 
    [permanent_barangay] => Balbagon
    [permanent_city] => Mambajao
    [permanent_province] => Camiguin
    [zip_code] => 
    [is_4ps_beneficiary] => 0
    [vulnerable_older_persons] => 0
    [vulnerable_pregnant] => 0
    [vulnerable_lactating] => 0
    [vulnerable_pwd] => 0
    [ownership_status] => Owner
    [shelter_damage] => No Damage
    [registration_date] => 2026-03-25
    [data_privacy_consent] => 1
    [family_members] => Array
        (
            [0] => Array
                (
                    [name] => RICHARD ABIAN
                    [relation] => Son
                    [birthdate] => 1979-03-02
                    [age] => 47
                    [sex] => Male
                    [education] => HIGHSCHOOL
                    [occupation] => 
                    [remarks] => 
                    [status] => active
                )

        )

)

DEBUG - 2026-04-06 10:36:25 --> Inserted resident ID: 88, Name: ABIAN EXPIDITO
DEBUG - 2026-04-06 10:36:25 --> Inserted family member: RICHARD ABIAN
DEBUG - 2026-04-06 10:36:25 --> Checking row 393: Array
(
    [0] => 
    [1] => 
    [2] => Department of Social Welfare and Development
    [3] => 
    [4] => 
    [5] => 
    [6] => 
    [7] => 
    [8] => 
    [9] => 
    [10] => 
    [11] => 
    [12] => 
    [13] => BENEFICIARY'S COPY
    [14] => 
    [15] => 
)

DEBUG - 2026-04-06 10:36:25 --> Checking row 394: Array
(
    [0] => 
    [1] => 
    [2] => FAMILY ASSISTANCE CARD IN EMERGENCIES AND DISASTERS (FACED)
    [3] => 
    [4] => 
    [5] => 
    [6] => 
    [7] => 
    [8] => 
    [9] => 
    [10] => 
    [11] => 
    [12] => 
    [13] => SERIAL NUMBER: 0014
    [14] => 
    [15] => 
)

DEBUG - 2026-04-06 10:36:25 --> Checking row 395: Array
(
    [0] => LOCATION OF THE AFFECTED FAMILY
    [1] => 
    [2] => 
    [3] => 
    [4] => 
    [5] => 
    [6] => 
    [7] => 
    [8] => 
    [9] => 
    [10] => 
    [11] => 
    [12] => 
    [13] => 
    [14] => 
    [15] => 
)

DEBUG - 2026-04-06 10:36:25 --> Checking row 396: Array
(
    [0] => 1. REGION
REGION X
    [1] => 
    [2] => 
    [3] => 2. PROVINCE
CAMIGUIN
    [4] => 
    [5] => 
    [6] => 3. DISTRICT

    [7] => 
    [8] => 
    [9] => 4. CITY/MUNICIPALITY
MAMBAJAO
    [10] => 
    [11] => 
    [12] => 5. BARANGAY
BALBAGON
    [13] => 
    [14] => 6. EVACUATION CENTER/SITE
CPSC
    [15] => 
)

DEBUG - 2026-04-06 10:36:25 --> Checking row 397: Array
(
    [0] => 
    [1] => 
    [2] => 
    [3] => 
    [4] => 
    [5] => 
    [6] => 
    [7] => 
    [8] => 
    [9] => 
    [10] => 
    [11] => 
    [12] => 
    [13] => 
    [14] => 
    [15] => 
)

DEBUG - 2026-04-06 10:36:25 --> Checking row 398: Array
(
    [0] => HEAD OF THE FAMILY
    [1] => 
    [2] => 
    [3] => 
    [4] => 
    [5] => 
    [6] => 
    [7] => 
    [8] => 
    [9] => 
    [10] => 
    [11] => 
    [12] => 
    [13] => 
    [14] => 
    [15] => 
)

DEBUG - 2026-04-06 10:36:25 --> Found 'HEAD OF THE FAMILY' at row 398, column 0
DEBUG - 2026-04-06 10:36:25 --> parseFacedCard called with startRow: 398
DEBUG - 2026-04-06 10:36:25 --> Found household_no: 0014
DEBUG - 2026-04-06 10:36:25 --> Family header at row 407 → data from 408
DEBUG - 2026-04-06 10:36:25 --> Family member: JOSEPH LAGRADA
DEBUG - 2026-04-06 10:36:25 --> Family member: JOHN CARLO LABI
DEBUG - 2026-04-06 10:36:25 --> Family member: JOSHUA LAGRADA
DEBUG - 2026-04-06 10:36:25 --> Family member: JUSTINE LAGRADA
DEBUG - 2026-04-06 10:36:25 --> Family member: KATHERYN MAE LAGRADA
DEBUG - 2026-04-06 10:36:25 --> Family member: JONATHAN LAGRADA
DEBUG - 2026-04-06 10:36:25 --> Family member: JOSEPH LAGRADA  JR.
DEBUG - 2026-04-06 10:36:25 --> Parsed: CATHERINE LAGRADA | HH#: 0014 | Members: 7
DEBUG - 2026-04-06 10:36:25 --> Parsed resident data: Array
(
    [household_no] => 0014
    [region] => REGION X
    [province] => CAMIGUIN
    [district] => 
    [city_municipality] => MAMBAJAO
    [barangay] => BALBAGON
    [evacuation_center] => CPSC
    [last_name] => LAGRADA
    [civil_status] => Married
    [mother_maiden_name] => FE CASTINO LABI
    [first_name] => CATHERINE
    [religion] => Roman Catholic
    [occupation] => House Wife
    [middle_name] => LABI
    [name_extension] => 
    [age] => 33
    [birthdate] => 1992-04-28
    [birthplace] => BALBAGON MAMBAJAO CAMIGUIN
    [sex] => Female
    [monthly_income] => 0
    [id_card_presented] => 
    [id_card_number] => 
    [house_no] => 
    [street] => Lower
    [subdivision] => Maslog
    [permanent_barangay] => Balbagon
    [permanent_city] => Mambajao
    [permanent_province] => Camiguin
    [zip_code] => 9100
    [is_4ps_beneficiary] => 0
    [vulnerable_older_persons] => 0
    [vulnerable_pregnant] => 0
    [vulnerable_lactating] => 0
    [vulnerable_pwd] => 0
    [ownership_status] => Owner
    [shelter_damage] => No Damage
    [registration_date] => 2026-03-25
    [data_privacy_consent] => 1
    [contact_number] => 
    [family_members] => Array
        (
            [0] => Array
                (
                    [name] => JOSEPH LAGRADA
                    [relation] => Husband
                    [birthdate] => 1997-09-05
                    [age] => 28
                    [sex] => Male
                    [education] => HIGH SCHOOL LEVEL
                    [occupation] => Fisher Man
                    [remarks] => 
                    [status] => active
                )

            [1] => Array
                (
                    [name] => JOHN CARLO LABI
                    [relation] => Son
                    [birthdate] => 2009-05-05
                    [age] => 16
                    [sex] => Male
                    [education] => HIGH SCHOOL LEVEL
                    [occupation] => Osy
                    [remarks] => 
                    [status] => active
                )

            [2] => Array
                (
                    [name] => JOSHUA LAGRADA
                    [relation] => Son
                    [birthdate] => 2011-12-05
                    [age] => 14
                    [sex] => Male
                    [education] => HIGH SCHOOL LEVEL
                    [occupation] => Osy
                    [remarks] => 
                    [status] => active
                )

            [3] => Array
                (
                    [name] => JUSTINE LAGRADA
                    [relation] => Son
                    [birthdate] => 2012-12-31
                    [age] => 13
                    [sex] => Male
                    [education] => HIGH SCHOOL
                    [occupation] => Student
                    [remarks] => 
                    [status] => active
                )

            [4] => Array
                (
                    [name] => KATHERYN MAE LAGRADA
                    [relation] => Daughter
                    [birthdate] => 2014-08-30
                    [age] => 11
                    [sex] => Female
                    [education] => ELEMENTARY
                    [occupation] => Student
                    [remarks] => 
                    [status] => active
                )

            [5] => Array
                (
                    [name] => JONATHAN LAGRADA
                    [relation] => Son
                    [birthdate] => 2015-12-27
                    [age] => 10
                    [sex] => Male
                    [education] => ELEMENTARY
                    [occupation] => Student
                    [remarks] => 
                    [status] => active
                )

            [6] => Array
                (
                    [name] => JOSEPH LAGRADA  JR.
                    [relation] => Son
                    [birthdate] => 2019-08-24
                    [age] => 6
                    [sex] => Male
                    [education] => ELEMENTARY
                    [occupation] => Student
                    [remarks] => 
                    [status] => active
                )

        )

)

DEBUG - 2026-04-06 10:36:25 --> Inserted resident ID: 89, Name: CATHERINE LAGRADA
DEBUG - 2026-04-06 10:36:25 --> Inserted family member: JOSEPH LAGRADA
DEBUG - 2026-04-06 10:36:25 --> Inserted family member: JOHN CARLO LABI
DEBUG - 2026-04-06 10:36:25 --> Inserted family member: JOSHUA LAGRADA
DEBUG - 2026-04-06 10:36:25 --> Inserted family member: JUSTINE LAGRADA
DEBUG - 2026-04-06 10:36:25 --> Inserted family member: KATHERYN MAE LAGRADA
DEBUG - 2026-04-06 10:36:25 --> Inserted family member: JONATHAN LAGRADA
DEBUG - 2026-04-06 10:36:25 --> Inserted family member: JOSEPH LAGRADA  JR.
DEBUG - 2026-04-06 10:36:25 --> Checking row 423: Array
(
    [0] => 
    [1] => 
    [2] => 
    [3] => 
    [4] => 
    [5] => 
    [6] => 
    [7] => 
    [8] => 
    [9] => 
    [10] => 
    [11] => 
    [12] => 
    [13] => 
    [14] => 
    [15] => 
)

DEBUG - 2026-04-06 10:36:25 --> Checking row 424: Array
(
    [0] => DSWD Logo
    [1] => 
    [2] => Republic of the Philippines
    [3] => 
    [4] => 
    [5] => 
    [6] => 
    [7] => 
    [8] => 
    [9] => 
    [10] => 
    [11] => 
    [12] => 
    [13] => THIS CARD IS NOT FOR SALE
    [14] => 
    [15] => 
)

DEBUG - 2026-04-06 10:36:25 --> Checking row 425: Array
(
    [0] => 
    [1] => 
    [2] => Department of Social Welfare and Development
    [3] => 
    [4] => 
    [5] => 
    [6] => 
    [7] => 
    [8] => 
    [9] => 
    [10] => 
    [11] => 
    [12] => 
    [13] => BENEFICIARY'S COPY
    [14] => 
    [15] => 
)

DEBUG - 2026-04-06 10:36:25 --> Checking row 426: Array
(
    [0] => 
    [1] => 
    [2] => FAMILY ASSISTANCE CARD IN EMERGENCIES AND DISASTERS (FACED)
    [3] => 
    [4] => 
    [5] => 
    [6] => 
    [7] => 
    [8] => 
    [9] => 
    [10] => 
    [11] => 
    [12] => 
    [13] => SERIAL NUMBER: 0015
    [14] => 
    [15] => 
)

DEBUG - 2026-04-06 10:36:25 --> Checking row 427: Array
(
    [0] => LOCATION OF THE AFFECTED FAMILY
    [1] => 
    [2] => 
    [3] => 
    [4] => 
    [5] => 
    [6] => 
    [7] => 
    [8] => 
    [9] => 
    [10] => 
    [11] => 
    [12] => 
    [13] => 
    [14] => 
    [15] => 
)

DEBUG - 2026-04-06 10:36:25 --> Checking row 428: Array
(
    [0] => 1. REGION
REGION 10
    [1] => 
    [2] => 
    [3] => 2. PROVINCE
CAMIGUIN
    [4] => 
    [5] => 
    [6] => 3. DISTRICT

    [7] => 
    [8] => 
    [9] => 4. CITY/MUNICIPALITY
MAMBAJAO
    [10] => 
    [11] => 
    [12] => 5. BARANGAY
BALBAGON
    [13] => 
    [14] => 6. EVACUATION CENTER/SITE

    [15] => 
)

DEBUG - 2026-04-06 10:36:25 --> Checking row 429: Array
(
    [0] => 
    [1] => 
    [2] => 
    [3] => 
    [4] => 
    [5] => 
    [6] => 
    [7] => 
    [8] => 
    [9] => 
    [10] => 
    [11] => 
    [12] => 
    [13] => 
    [14] => 
    [15] => 
)

DEBUG - 2026-04-06 10:36:25 --> Checking row 430: Array
(
    [0] => HEAD OF THE FAMILY
    [1] => 
    [2] => 
    [3] => 
    [4] => 
    [5] => 
    [6] => 
    [7] => 
    [8] => 
    [9] => 
    [10] => 
    [11] => 
    [12] => 
    [13] => 
    [14] => 
    [15] => 
)

DEBUG - 2026-04-06 10:36:25 --> Found 'HEAD OF THE FAMILY' at row 430, column 0
DEBUG - 2026-04-06 10:36:25 --> parseFacedCard called with startRow: 430
DEBUG - 2026-04-06 10:36:25 --> Found household_no: 0015
DEBUG - 2026-04-06 10:36:25 --> Family header at row 439 → data from 440
DEBUG - 2026-04-06 10:36:25 --> Family member: ARMAN LAGRADA
DEBUG - 2026-04-06 10:36:25 --> Family member: CHEYENNE LAGRADA
DEBUG - 2026-04-06 10:36:25 --> Family member: CHARIA LUMACANG
DEBUG - 2026-04-06 10:36:25 --> Family member: ARIAN LAGRADA
DEBUG - 2026-04-06 10:36:25 --> Parsed: CATHERINE LUMACANG | HH#: 0015 | Members: 4
DEBUG - 2026-04-06 10:36:25 --> Parsed resident data: Array
(
    [household_no] => 0015
    [region] => REGION 10
    [province] => CAMIGUIN
    [district] => 
    [city_municipality] => MAMBAJAO
    [barangay] => BALBAGON
    [evacuation_center] => 
    [last_name] => LUMACANG
    [civil_status] => Single
    [mother_maiden_name] => ROSIE LUMACANG
    [first_name] => CATHERINE
    [religion] => Roman Catholic
    [occupation] => Housewife
    [middle_name] => DAMIT
    [name_extension] => 
    [age] => 26
    [birthdate] => 1999-05-14
    [birthplace] => BALBAGON
    [sex] => Female
    [monthly_income] => 6000
    [id_card_presented] => 
    [id_card_number] => 
    [contact_number] => 09109323031
    [house_no] => 
    [street] => 
    [subdivision] => 
    [permanent_barangay] => Balbagon
    [permanent_city] => Mambajao
    [permanent_province] => Camiguin
    [zip_code] => 
    [is_4ps_beneficiary] => 0
    [vulnerable_older_persons] => 0
    [vulnerable_pregnant] => 0
    [vulnerable_lactating] => 0
    [vulnerable_pwd] => 0
    [ownership_status] => Owner
    [shelter_damage] => No Damage
    [registration_date] => 2026-03-25
    [data_privacy_consent] => 1
    [family_members] => Array
        (
            [0] => Array
                (
                    [name] => ARMAN LAGRADA
                    [relation] => Husband
                    [birthdate] => 1990-03-01
                    [age] => 36
                    [sex] => Male
                    [education] => HIGHSCHOOL
                    [occupation] => Construction
                    [remarks] => 
                    [status] => active
                )

            [1] => Array
                (
                    [name] => CHEYENNE LAGRADA
                    [relation] => Daughter
                    [birthdate] => 2019-02-14
                    [age] => 7
                    [sex] => Female
                    [education] => 
                    [occupation] => 
                    [remarks] => 
                    [status] => active
                )

            [2] => Array
                (
                    [name] => CHARIA LUMACANG
                    [relation] => Daughter
                    [birthdate] => 2020-09-23
                    [age] => 5
                    [sex] => Female
                    [education] => 
                    [occupation] => 
                    [remarks] => 
                    [status] => active
                )

            [3] => Array
                (
                    [name] => ARIAN LAGRADA
                    [relation] => Daughter
                    [birthdate] => 2024-07-15
                    [age] => 1
                    [sex] => Female
                    [education] => 
                    [occupation] => 
                    [remarks] => 
                    [status] => active
                )

        )

)

DEBUG - 2026-04-06 10:36:25 --> Inserted resident ID: 90, Name: CATHERINE LUMACANG
DEBUG - 2026-04-06 10:36:25 --> Inserted family member: ARMAN LAGRADA
DEBUG - 2026-04-06 10:36:25 --> Inserted family member: CHEYENNE LAGRADA
DEBUG - 2026-04-06 10:36:25 --> Inserted family member: CHARIA LUMACANG
DEBUG - 2026-04-06 10:36:25 --> Inserted family member: ARIAN LAGRADA
DEBUG - 2026-04-06 10:36:25 --> Checking row 455: Array
(
    [0] => 
    [1] => 
    [2] => Department of Social Welfare and Development
    [3] => 
    [4] => 
    [5] => 
    [6] => 
    [7] => 
    [8] => 
    [9] => 
    [10] => 
    [11] => 
    [12] => 
    [13] => BENEFICIARY'S COPY
    [14] => 
    [15] => 
)

DEBUG - 2026-04-06 10:36:25 --> Checking row 456: Array
(
    [0] => 
    [1] => 
    [2] => FAMILY ASSISTANCE CARD IN EMERGENCIES AND DISASTERS (FACED)
    [3] => 
    [4] => 
    [5] => 
    [6] => 
    [7] => 
    [8] => 
    [9] => 
    [10] => 
    [11] => 
    [12] => 
    [13] => SERIAL NUMBER: 0016
    [14] => 
    [15] => 
)

DEBUG - 2026-04-06 10:36:25 --> Checking row 457: Array
(
    [0] => LOCATION OF THE AFFECTED FAMILY
    [1] => 
    [2] => 
    [3] => 
    [4] => 
    [5] => 
    [6] => 
    [7] => 
    [8] => 
    [9] => 
    [10] => 
    [11] => 
    [12] => 
    [13] => 
    [14] => 
    [15] => 
)

DEBUG - 2026-04-06 10:36:25 --> Checking row 458: Array
(
    [0] => 1. REGION
REGION 10
    [1] => 
    [2] => 
    [3] => 2. PROVINCE
CAMIGUIN
    [4] => 
    [5] => 
    [6] => 3. DISTRICT

    [7] => 
    [8] => 
    [9] => 4. CITY/MUNICIPALITY
MAMBAJAO
    [10] => 
    [11] => 
    [12] => 5. BARANGAY
BALBAGON
    [13] => 
    [14] => 6. EVACUATION CENTER/SITE

    [15] => 
)

DEBUG - 2026-04-06 10:36:25 --> Checking row 459: Array
(
    [0] => 
    [1] => 
    [2] => 
    [3] => 
    [4] => 
    [5] => 
    [6] => 
    [7] => 
    [8] => 
    [9] => 
    [10] => 
    [11] => 
    [12] => 
    [13] => 
    [14] => 
    [15] => 
)

DEBUG - 2026-04-06 10:36:25 --> Checking row 460: Array
(
    [0] => HEAD OF THE FAMILY
    [1] => 
    [2] => 
    [3] => 
    [4] => 
    [5] => 
    [6] => 
    [7] => 
    [8] => 
    [9] => 
    [10] => 
    [11] => 
    [12] => 
    [13] => 
    [14] => 
    [15] => 
)

DEBUG - 2026-04-06 10:36:25 --> Found 'HEAD OF THE FAMILY' at row 460, column 0
DEBUG - 2026-04-06 10:36:25 --> parseFacedCard called with startRow: 460
DEBUG - 2026-04-06 10:36:25 --> Found household_no: 0016
DEBUG - 2026-04-06 10:36:25 --> Family header at row 469 → data from 470
DEBUG - 2026-04-06 10:36:25 --> Family member: ARMAN LAGRADA
DEBUG - 2026-04-06 10:36:25 --> Family member: CHEYENNE LAGRADA
DEBUG - 2026-04-06 10:36:25 --> Family member: CHARIA LUMACANG
DEBUG - 2026-04-06 10:36:25 --> Family member: ARIAN LAGRADA
DEBUG - 2026-04-06 10:36:25 --> Parsed: CATHERINE LUMACANG | HH#: 0016 | Members: 4
DEBUG - 2026-04-06 10:36:25 --> Parsed resident data: Array
(
    [household_no] => 0016
    [region] => REGION 10
    [province] => CAMIGUIN
    [district] => 
    [city_municipality] => MAMBAJAO
    [barangay] => BALBAGON
    [evacuation_center] => 
    [last_name] => LUMACANG
    [civil_status] => Single
    [mother_maiden_name] => ROSIE LUMACANG
    [first_name] => CATHERINE
    [religion] => Roman Catholic
    [occupation] => Housewife
    [middle_name] => DAMIT
    [name_extension] => 
    [age] => 26
    [birthdate] => 1999-05-14
    [birthplace] => BALBAGON
    [sex] => Female
    [monthly_income] => 6000
    [id_card_presented] => 
    [id_card_number] => 
    [contact_number] => 09109323031
    [house_no] => 
    [street] => 
    [subdivision] => 
    [permanent_barangay] => Balbagon
    [permanent_city] => Mambajao
    [permanent_province] => Camiguin
    [zip_code] => 
    [is_4ps_beneficiary] => 0
    [vulnerable_older_persons] => 0
    [vulnerable_pregnant] => 0
    [vulnerable_lactating] => 0
    [vulnerable_pwd] => 0
    [ownership_status] => Owner
    [shelter_damage] => No Damage
    [registration_date] => 2026-03-25
    [data_privacy_consent] => 1
    [family_members] => Array
        (
            [0] => Array
                (
                    [name] => ARMAN LAGRADA
                    [relation] => Husband
                    [birthdate] => 1990-03-01
                    [age] => 36
                    [sex] => Male
                    [education] => HIGHSCHOOL
                    [occupation] => Construction
                    [remarks] => 
                    [status] => active
                )

            [1] => Array
                (
                    [name] => CHEYENNE LAGRADA
                    [relation] => Daughter
                    [birthdate] => 2019-02-14
                    [age] => 7
                    [sex] => Female
                    [education] => 
                    [occupation] => 
                    [remarks] => 
                    [status] => active
                )

            [2] => Array
                (
                    [name] => CHARIA LUMACANG
                    [relation] => Daughter
                    [birthdate] => 2020-09-23
                    [age] => 5
                    [sex] => Female
                    [education] => 
                    [occupation] => 
                    [remarks] => 
                    [status] => active
                )

            [3] => Array
                (
                    [name] => ARIAN LAGRADA
                    [relation] => Daughter
                    [birthdate] => 2024-07-15
                    [age] => 1
                    [sex] => Female
                    [education] => 
                    [occupation] => 
                    [remarks] => 
                    [status] => active
                )

        )

)

DEBUG - 2026-04-06 10:36:25 --> Found existing resident by name: CATHERINE LUMACANG
DEBUG - 2026-04-06 10:36:25 --> Updating existing resident ID: 90
DEBUG - 2026-04-06 10:36:25 --> Updated existing family member: ARMAN LAGRADA
DEBUG - 2026-04-06 10:36:25 --> Updated existing family member: CHEYENNE LAGRADA
DEBUG - 2026-04-06 10:36:25 --> Updated existing family member: CHARIA LUMACANG
DEBUG - 2026-04-06 10:36:25 --> Updated existing family member: ARIAN LAGRADA
DEBUG - 2026-04-06 10:36:25 --> Checking row 485: Array
(
    [0] => 
    [1] => 
    [2] => Department of Social Welfare and Development
    [3] => 
    [4] => 
    [5] => 
    [6] => 
    [7] => 
    [8] => 
    [9] => 
    [10] => 
    [11] => 
    [12] => 
    [13] => BENEFICIARY'S COPY
    [14] => 
    [15] => 
)

DEBUG - 2026-04-06 10:36:25 --> Checking row 486: Array
(
    [0] => 
    [1] => 
    [2] => FAMILY ASSISTANCE CARD IN EMERGENCIES AND DISASTERS (FACED)
    [3] => 
    [4] => 
    [5] => 
    [6] => 
    [7] => 
    [8] => 
    [9] => 
    [10] => 
    [11] => 
    [12] => 
    [13] => SERIAL NUMBER: 0017
    [14] => 
    [15] => 
)

DEBUG - 2026-04-06 10:36:25 --> Checking row 487: Array
(
    [0] => LOCATION OF THE AFFECTED FAMILY
    [1] => 
    [2] => 
    [3] => 
    [4] => 
    [5] => 
    [6] => 
    [7] => 
    [8] => 
    [9] => 
    [10] => 
    [11] => 
    [12] => 
    [13] => 
    [14] => 
    [15] => 
)

DEBUG - 2026-04-06 10:36:25 --> Checking row 488: Array
(
    [0] => 1. REGION
REGION 10
    [1] => 
    [2] => 
    [3] => 2. PROVINCE
CAMIGUIN
    [4] => 
    [5] => 
    [6] => 3. DISTRICT

    [7] => 
    [8] => 
    [9] => 4. CITY/MUNICIPALITY
MAMBAJAO
    [10] => 
    [11] => 
    [12] => 5. BARANGAY
BALBAGON
    [13] => 
    [14] => 6. EVACUATION CENTER/SITE

    [15] => 
)

DEBUG - 2026-04-06 10:36:25 --> Checking row 489: Array
(
    [0] => 
    [1] => 
    [2] => 
    [3] => 
    [4] => 
    [5] => 
    [6] => 
    [7] => 
    [8] => 
    [9] => 
    [10] => 
    [11] => 
    [12] => 
    [13] => 
    [14] => 
    [15] => 
)

DEBUG - 2026-04-06 10:36:25 --> Checking row 490: Array
(
    [0] => HEAD OF THE FAMILY
    [1] => 
    [2] => 
    [3] => 
    [4] => 
    [5] => 
    [6] => 
    [7] => 
    [8] => 
    [9] => 
    [10] => 
    [11] => 
    [12] => 
    [13] => 
    [14] => 
    [15] => 
)

DEBUG - 2026-04-06 10:36:25 --> Found 'HEAD OF THE FAMILY' at row 490, column 0
DEBUG - 2026-04-06 10:36:25 --> parseFacedCard called with startRow: 490
DEBUG - 2026-04-06 10:36:25 --> Found household_no: 0017
DEBUG - 2026-04-06 10:36:25 --> Family header at row 499 → data from 500
DEBUG - 2026-04-06 10:36:25 --> Family member: RIROY TABURADA
DEBUG - 2026-04-06 10:36:25 --> Parsed: REYNANTE TABURADA | HH#: 0017 | Members: 1
DEBUG - 2026-04-06 10:36:25 --> Parsed resident data: Array
(
    [household_no] => 0017
    [region] => REGION 10
    [province] => CAMIGUIN
    [district] => 
    [city_municipality] => MAMBAJAO
    [barangay] => BALBAGON
    [evacuation_center] => 
    [last_name] => TABURADA
    [civil_status] => Married
    [mother_maiden_name] => FATMA INIBATI
    [first_name] => REYNANTE
    [religion] => Roman Catholic
    [occupation] => Fisherman
    [middle_name] => TORRES
    [name_extension] => 
    [age] => 43
    [birthdate] => 1982-09-06
    [birthplace] => BALINGASAG
    [sex] => Male
    [monthly_income] => 6000
    [id_card_presented] => 
    [id_card_number] => 
    [house_no] => 
    [street] => 
    [subdivision] => 
    [permanent_barangay] => Balbagon
    [permanent_city] => Mambajao
    [permanent_province] => Camiguin
    [zip_code] => 
    [is_4ps_beneficiary] => 0
    [vulnerable_older_persons] => 0
    [vulnerable_pregnant] => 0
    [vulnerable_lactating] => 0
    [vulnerable_pwd] => 0
    [ownership_status] => Owner
    [shelter_damage] => No Damage
    [registration_date] => 2026-03-25
    [data_privacy_consent] => 1
    [contact_number] => 
    [family_members] => Array
        (
            [0] => Array
                (
                    [name] => RIROY TABURADA
                    [relation] => Son
                    [birthdate] => 2003-07-03
                    [age] => 22
                    [sex] => Male
                    [education] => ELEMENTARY
                    [occupation] => Construction Worker
                    [remarks] => 
                    [status] => active
                )

        )

)

DEBUG - 2026-04-06 10:36:25 --> Inserted resident ID: 91, Name: REYNANTE TABURADA
DEBUG - 2026-04-06 10:36:25 --> Inserted family member: RIROY TABURADA
DEBUG - 2026-04-06 10:36:25 --> Checking row 515: Array
(
    [0] => 
    [1] => 
    [2] => Department of Social Welfare and Development
    [3] => 
    [4] => 
    [5] => 
    [6] => 
    [7] => 
    [8] => 
    [9] => 
    [10] => 
    [11] => 
    [12] => 
    [13] => BENEFICIARY'S COPY
    [14] => 
    [15] => 
)

DEBUG - 2026-04-06 10:36:25 --> Checking row 516: Array
(
    [0] => 
    [1] => 
    [2] => FAMILY ASSISTANCE CARD IN EMERGENCIES AND DISASTERS (FACED)
    [3] => 
    [4] => 
    [5] => 
    [6] => 
    [7] => 
    [8] => 
    [9] => 
    [10] => 
    [11] => 
    [12] => 
    [13] => SERIAL NUMBER: 0018
    [14] => 
    [15] => 
)

DEBUG - 2026-04-06 10:36:25 --> Checking row 517: Array
(
    [0] => LOCATION OF THE AFFECTED FAMILY
    [1] => 
    [2] => 
    [3] => 
    [4] => 
    [5] => 
    [6] => 
    [7] => 
    [8] => 
    [9] => 
    [10] => 
    [11] => 
    [12] => 
    [13] => 
    [14] => 
    [15] => 
)

DEBUG - 2026-04-06 10:36:25 --> Checking row 518: Array
(
    [0] => 1. REGION
REGION X
    [1] => 
    [2] => 
    [3] => 2. PROVINCE
CAMIGUIN
    [4] => 
    [5] => 
    [6] => 3. DISTRICT

    [7] => 
    [8] => 
    [9] => 4. CITY/MUNICIPALITY
MAMBAJAO
    [10] => 
    [11] => 
    [12] => 5. BARANGAY
BALBAGON
    [13] => 
    [14] => 6. EVACUATION CENTER/SITE
CPSC
    [15] => 
)

DEBUG - 2026-04-06 10:36:25 --> Checking row 519: Array
(
    [0] => 
    [1] => 
    [2] => 
    [3] => 
    [4] => 
    [5] => 
    [6] => 
    [7] => 
    [8] => 
    [9] => 
    [10] => 
    [11] => 
    [12] => 
    [13] => 
    [14] => 
    [15] => 
)

DEBUG - 2026-04-06 10:36:25 --> Checking row 520: Array
(
    [0] => HEAD OF THE FAMILY
    [1] => 
    [2] => 
    [3] => 
    [4] => 
    [5] => 
    [6] => 
    [7] => 
    [8] => 
    [9] => 
    [10] => 
    [11] => 
    [12] => 
    [13] => 
    [14] => 
    [15] => 
)

DEBUG - 2026-04-06 10:36:25 --> Found 'HEAD OF THE FAMILY' at row 520, column 0
DEBUG - 2026-04-06 10:36:25 --> parseFacedCard called with startRow: 520
DEBUG - 2026-04-06 10:36:25 --> Found household_no: 0018
DEBUG - 2026-04-06 10:36:25 --> Family header at row 529 → data from 530
DEBUG - 2026-04-06 10:36:25 --> Family member: CHARLIE PONCOL
DEBUG - 2026-04-06 10:36:25 --> Family member: KHETT CHARLES
DEBUG - 2026-04-06 10:36:25 --> Family member: KATE NATHALIE PONCOL
DEBUG - 2026-04-06 10:36:25 --> Parsed: BERNADETH PONCOL | HH#: 0018 | Members: 3
DEBUG - 2026-04-06 10:36:25 --> Parsed resident data: Array
(
    [household_no] => 0018
    [region] => REGION X
    [province] => CAMIGUIN
    [district] => 
    [city_municipality] => MAMBAJAO
    [barangay] => BALBAGON
    [evacuation_center] => CPSC
    [last_name] => PONCOL
    [civil_status] => Married
    [mother_maiden_name] => ALICIA LAGRADA PUDOL
    [first_name] => BERNADETH
    [religion] => Roman Catholic
    [occupation] => Bhw
    [middle_name] => CAILING
    [name_extension] => 
    [age] => 32
    [birthdate] => 1993-04-02
    [birthplace] => CGH
    [sex] => Female
    [monthly_income] => 0
    [id_card_presented] => 
    [id_card_number] => 
    [house_no] => 
    [street] => Lower
    [subdivision] => Maslog
    [permanent_barangay] => Balbagon
    [permanent_city] => Mambajao
    [permanent_province] => Camiguin
    [zip_code] => 9100
    [is_4ps_beneficiary] => 0
    [vulnerable_older_persons] => 0
    [vulnerable_pregnant] => 0
    [vulnerable_lactating] => 0
    [vulnerable_pwd] => 0
    [ownership_status] => Owner
    [shelter_damage] => No Damage
    [registration_date] => 2026-03-25
    [data_privacy_consent] => 1
    [contact_number] => 
    [family_members] => Array
        (
            [0] => Array
                (
                    [name] => CHARLIE PONCOL
                    [relation] => Husband
                    [birthdate] => 1992-01-05
                    [age] => 34
                    [sex] => Male
                    [education] => COLLEGE GRAD
                    [occupation] => Laborer
                    [remarks] => 
                    [status] => active
                )

            [1] => Array
                (
                    [name] => KHETT CHARLES
                    [relation] => Son
                    [birthdate] => 2010-09-15
                    [age] => 15
                    [sex] => Male
                    [education] => HIGH SCHOOL
                    [occupation] => Student
                    [remarks] => 
                    [status] => active
                )

            [2] => Array
                (
                    [name] => KATE NATHALIE PONCOL
                    [relation] => Daughter
                    [birthdate] => 2012-04-08
                    [age] => 13
                    [sex] => Female
                    [education] => HIGH SCHOOL
                    [occupation] => Student
                    [remarks] => 
                    [status] => active
                )

        )

)

DEBUG - 2026-04-06 10:36:25 --> Inserted resident ID: 92, Name: BERNADETH PONCOL
DEBUG - 2026-04-06 10:36:25 --> Inserted family member: CHARLIE PONCOL
DEBUG - 2026-04-06 10:36:25 --> Inserted family member: KHETT CHARLES
DEBUG - 2026-04-06 10:36:25 --> Inserted family member: KATE NATHALIE PONCOL
DEBUG - 2026-04-06 10:36:25 --> Checking row 545: Array
(
    [0] => 
    [1] => 
    [2] => Department of Social Welfare and Development
    [3] => 
    [4] => 
    [5] => 
    [6] => 
    [7] => 
    [8] => 
    [9] => 
    [10] => 
    [11] => 
    [12] => 
    [13] => BENEFICIARY'S COPY
    [14] => 
    [15] => 
)

DEBUG - 2026-04-06 10:36:25 --> Checking row 546: Array
(
    [0] => 
    [1] => 
    [2] => FAMILY ASSISTANCE CARD IN EMERGENCIES AND DISASTERS (FACED)
    [3] => 
    [4] => 
    [5] => 
    [6] => 
    [7] => 
    [8] => 
    [9] => 
    [10] => 
    [11] => 
    [12] => 
    [13] => SERIAL NUMBER: 0019
    [14] => 
    [15] => 
)

DEBUG - 2026-04-06 10:36:25 --> Checking row 547: Array
(
    [0] => LOCATION OF THE AFFECTED FAMILY
    [1] => 
    [2] => 
    [3] => 
    [4] => 
    [5] => 
    [6] => 
    [7] => 
    [8] => 
    [9] => 
    [10] => 
    [11] => 
    [12] => 
    [13] => 
    [14] => 
    [15] => 
)

DEBUG - 2026-04-06 10:36:25 --> Checking row 548: Array
(
    [0] => 1. REGION
REGION 10
    [1] => 
    [2] => 
    [3] => 2. PROVINCE
CAMIGUIN
    [4] => 
    [5] => 
    [6] => 3. DISTRICT

    [7] => 
    [8] => 
    [9] => 4. CITY/MUNICIPALITY
MAMBAJAO
    [10] => 
    [11] => 
    [12] => 5. BARANGAY
BALBAGON
    [13] => 
    [14] => 6. EVACUATION CENTER/SITE

    [15] => 
)

DEBUG - 2026-04-06 10:36:25 --> Checking row 549: Array
(
    [0] => 
    [1] => 
    [2] => 
    [3] => 
    [4] => 
    [5] => 
    [6] => 
    [7] => 
    [8] => 
    [9] => 
    [10] => 
    [11] => 
    [12] => 
    [13] => 
    [14] => 
    [15] => 
)

DEBUG - 2026-04-06 10:36:25 --> Checking row 550: Array
(
    [0] => HEAD OF THE FAMILY
    [1] => 
    [2] => 
    [3] => 
    [4] => 
    [5] => 
    [6] => 
    [7] => 
    [8] => 
    [9] => 
    [10] => 
    [11] => 
    [12] => 
    [13] => 
    [14] => 
    [15] => 
)

DEBUG - 2026-04-06 10:36:25 --> Found 'HEAD OF THE FAMILY' at row 550, column 0
DEBUG - 2026-04-06 10:36:25 --> parseFacedCard called with startRow: 550
DEBUG - 2026-04-06 10:36:25 --> Found household_no: 0019
DEBUG - 2026-04-06 10:36:25 --> Family header at row 559 → data from 560
DEBUG - 2026-04-06 10:36:25 --> Family member: MARIA ROWENA YANO
DEBUG - 2026-04-06 10:36:25 --> Parsed: ARIEL LAGRADA | HH#: 0019 | Members: 1
DEBUG - 2026-04-06 10:36:25 --> Parsed resident data: Array
(
    [household_no] => 0019
    [region] => REGION 10
    [province] => CAMIGUIN
    [district] => 
    [city_municipality] => MAMBAJAO
    [barangay] => BALBAGON
    [evacuation_center] => 
    [last_name] => LAGRADA
    [civil_status] => 
    [mother_maiden_name] => DAMIANA CAILING
    [first_name] => ARIEL
    [religion] => Roman Catholic
    [occupation] => Fisherman
    [middle_name] => CAILING
    [name_extension] => 
    [age] => 27
    [birthdate] => 1998-04-12
    [birthplace] => BALBAGON
    [sex] => Male
    [monthly_income] => 5000
    [id_card_presented] => 
    [id_card_number] => 
    [house_no] => 
    [street] => 
    [subdivision] => 
    [permanent_barangay] => Balbagon
    [permanent_city] => Mambajao
    [permanent_province] => Camiguin
    [zip_code] => 
    [is_4ps_beneficiary] => 0
    [vulnerable_older_persons] => 0
    [vulnerable_pregnant] => 0
    [vulnerable_lactating] => 0
    [vulnerable_pwd] => 0
    [ownership_status] => Owner
    [shelter_damage] => No Damage
    [registration_date] => 2026-03-25
    [data_privacy_consent] => 1
    [contact_number] => 
    [family_members] => Array
        (
            [0] => Array
                (
                    [name] => MARIA ROWENA YANO
                    [relation] => Live-in Partner
                    [birthdate] => 1973-12-22
                    [age] => 52
                    [sex] => Female
                    [education] => HIGHSCHOOL
                    [occupation] => 
                    [remarks] => 
                    [status] => active
                )

        )

)

DEBUG - 2026-04-06 10:36:25 --> Inserted resident ID: 93, Name: ARIEL LAGRADA
DEBUG - 2026-04-06 10:36:25 --> Inserted family member: MARIA ROWENA YANO
DEBUG - 2026-04-06 10:36:25 --> Checking row 575: Array
(
    [0] => 
    [1] => 
    [2] => Department of Social Welfare and Development
    [3] => 
    [4] => 
    [5] => 
    [6] => 
    [7] => 
    [8] => 
    [9] => 
    [10] => 
    [11] => 
    [12] => 
    [13] => BENEFICIARY'S COPY
    [14] => 
    [15] => 
)

DEBUG - 2026-04-06 10:36:25 --> Checking row 576: Array
(
    [0] => 
    [1] => 
    [2] => FAMILY ASSISTANCE CARD IN EMERGENCIES AND DISASTERS (FACED)
    [3] => 
    [4] => 
    [5] => 
    [6] => 
    [7] => 
    [8] => 
    [9] => 
    [10] => 
    [11] => 
    [12] => 
    [13] => SERIAL NUMBER: 0020
    [14] => 
    [15] => 
)

DEBUG - 2026-04-06 10:36:25 --> Checking row 577: Array
(
    [0] => LOCATION OF THE AFFECTED FAMILY
    [1] => 
    [2] => 
    [3] => 
    [4] => 
    [5] => 
    [6] => 
    [7] => 
    [8] => 
    [9] => 
    [10] => 
    [11] => 
    [12] => 
    [13] => 
    [14] => 
    [15] => 
)

DEBUG - 2026-04-06 10:36:25 --> Checking row 578: Array
(
    [0] => 1. REGION
REGION X
    [1] => 
    [2] => 
    [3] => 2. PROVINCE
CAMIGUIN
    [4] => 
    [5] => 
    [6] => 3. DISTRICT

    [7] => 
    [8] => 
    [9] => 4. CITY/MUNICIPALITY
MAMBAJAO
    [10] => 
    [11] => 
    [12] => 5. BARANGAY
BALBAGON
    [13] => 
    [14] => 6. EVACUATION CENTER/SITE
CPSC
    [15] => 
)

DEBUG - 2026-04-06 10:36:25 --> Checking row 579: Array
(
    [0] => 
    [1] => 
    [2] => 
    [3] => 
    [4] => 
    [5] => 
    [6] => 
    [7] => 
    [8] => 
    [9] => 
    [10] => 
    [11] => 
    [12] => 
    [13] => 
    [14] => 
    [15] => 
)

DEBUG - 2026-04-06 10:36:25 --> Checking row 580: Array
(
    [0] => HEAD OF THE FAMILY
    [1] => 
    [2] => 
    [3] => 
    [4] => 
    [5] => 
    [6] => 
    [7] => 
    [8] => 
    [9] => 
    [10] => 
    [11] => 
    [12] => 
    [13] => 
    [14] => 
    [15] => 
)

DEBUG - 2026-04-06 10:36:25 --> Found 'HEAD OF THE FAMILY' at row 580, column 0
DEBUG - 2026-04-06 10:36:25 --> parseFacedCard called with startRow: 580
DEBUG - 2026-04-06 10:36:25 --> Found household_no: 0020
DEBUG - 2026-04-06 10:36:25 --> Family header at row 589 → data from 590
DEBUG - 2026-04-06 10:36:25 --> Family member: FELIX M. CAILING
DEBUG - 2026-04-06 10:36:25 --> Family member: ALEX JOHN CAILING
DEBUG - 2026-04-06 10:36:25 --> Family member: CLARENCE CAILING
DEBUG - 2026-04-06 10:36:25 --> Parsed: ALICIA CAILING | HH#: 0020 | Members: 3
DEBUG - 2026-04-06 10:36:25 --> Parsed resident data: Array
(
    [household_no] => 0020
    [region] => REGION X
    [province] => CAMIGUIN
    [district] => 
    [city_municipality] => MAMBAJAO
    [barangay] => BALBAGON
    [evacuation_center] => CPSC
    [last_name] => CAILING
    [civil_status] => Married
    [mother_maiden_name] => 
    [first_name] => ALICIA
    [religion] => Roman Catholic
    [occupation] => House Wife
    [middle_name] => PUDOL
    [name_extension] => 
    [age] => 53
    [birthdate] => 1972-04-04
    [birthplace] => BALBAGON MAMBAJAO CAMIGUIN
    [sex] => 
    [monthly_income] => 0
    [id_card_presented] => 
    [id_card_number] => 
    [house_no] => 
    [street] => Lower
    [subdivision] => Maslog
    [permanent_barangay] => Balbagon
    [permanent_city] => Mambajao
    [permanent_province] => Camiguin
    [zip_code] => 9100
    [is_4ps_beneficiary] => 0
    [vulnerable_older_persons] => 0
    [vulnerable_pregnant] => 0
    [vulnerable_lactating] => 0
    [vulnerable_pwd] => 0
    [ownership_status] => Owner
    [shelter_damage] => No Damage
    [registration_date] => 2026-03-25
    [data_privacy_consent] => 1
    [contact_number] => 
    [family_members] => Array
        (
            [0] => Array
                (
                    [name] => FELIX M. CAILING
                    [relation] => Husband
                    [birthdate] => 1964-11-20
                    [age] => 61
                    [sex] => Male
                    [education] => ELEMENTARY LEVEL
                    [occupation] => Fisher Man
                    [remarks] => 
                    [status] => active
                )

            [1] => Array
                (
                    [name] => ALEX JOHN CAILING
                    [relation] => Son
                    [birthdate] => 2004-07-02
                    [age] => 21
                    [sex] => Male
                    [education] => COLLEGE
                    [occupation] => Student
                    [remarks] => 
                    [status] => active
                )

            [2] => Array
                (
                    [name] => CLARENCE CAILING
                    [relation] => Son
                    [birthdate] => 2007-09-01
                    [age] => 18
                    [sex] => Male
                    [education] => HIGHSCHOOL
                    [occupation] => Student
                    [remarks] => 
                    [status] => active
                )

        )

)

DEBUG - 2026-04-06 10:36:25 --> Inserted resident ID: 94, Name: ALICIA CAILING
DEBUG - 2026-04-06 10:36:25 --> Inserted family member: FELIX M. CAILING
DEBUG - 2026-04-06 10:36:25 --> Inserted family member: ALEX JOHN CAILING
DEBUG - 2026-04-06 10:36:25 --> Inserted family member: CLARENCE CAILING
DEBUG - 2026-04-06 10:36:25 --> Checking row 605: Array
(
    [0] => 
    [1] => 
    [2] => Department of Social Welfare and Development
    [3] => 
    [4] => 
    [5] => 
    [6] => 
    [7] => 
    [8] => 
    [9] => 
    [10] => 
    [11] => 
    [12] => 
    [13] => BENEFICIARY'S COPY
    [14] => 
    [15] => 
)

DEBUG - 2026-04-06 10:36:25 --> Checking row 606: Array
(
    [0] => 
    [1] => 
    [2] => FAMILY ASSISTANCE CARD IN EMERGENCIES AND DISASTERS (FACED)
    [3] => 
    [4] => 
    [5] => 
    [6] => 
    [7] => 
    [8] => 
    [9] => 
    [10] => 
    [11] => 
    [12] => 
    [13] => SERIAL NUMBER: 0021
    [14] => 
    [15] => 
)

DEBUG - 2026-04-06 10:36:25 --> Checking row 607: Array
(
    [0] => LOCATION OF THE AFFECTED FAMILY
    [1] => 
    [2] => 
    [3] => 
    [4] => 
    [5] => 
    [6] => 
    [7] => 
    [8] => 
    [9] => 
    [10] => 
    [11] => 
    [12] => 
    [13] => 
    [14] => 
    [15] => 
)

DEBUG - 2026-04-06 10:36:25 --> Checking row 608: Array
(
    [0] => 1. REGION
REGION X
    [1] => 
    [2] => 
    [3] => 2. PROVINCE
CAMIGUIN
    [4] => 
    [5] => 
    [6] => 3. DISTRICT

    [7] => 
    [8] => 
    [9] => 4. CITY/MUNICIPALITY
MAMBAJAO
    [10] => 
    [11] => 
    [12] => 5. BARANGAY
BALBAGON
    [13] => 
    [14] => 6. EVACUATION CENTER/SITE
CPSC
    [15] => 
)

DEBUG - 2026-04-06 10:36:25 --> Checking row 609: Array
(
    [0] => 
    [1] => 
    [2] => 
    [3] => 
    [4] => 
    [5] => 
    [6] => 
    [7] => 
    [8] => 
    [9] => 
    [10] => 
    [11] => 
    [12] => 
    [13] => 
    [14] => 
    [15] => 
)

DEBUG - 2026-04-06 10:36:25 --> Checking row 610: Array
(
    [0] => HEAD OF THE FAMILY
    [1] => 
    [2] => 
    [3] => 
    [4] => 
    [5] => 
    [6] => 
    [7] => 
    [8] => 
    [9] => 
    [10] => 
    [11] => 
    [12] => 
    [13] => 
    [14] => 
    [15] => 
)

DEBUG - 2026-04-06 10:36:25 --> Found 'HEAD OF THE FAMILY' at row 610, column 0
DEBUG - 2026-04-06 10:36:25 --> parseFacedCard called with startRow: 610
DEBUG - 2026-04-06 10:36:25 --> Found household_no: 0021
DEBUG - 2026-04-06 10:36:25 --> Family header at row 619 → data from 620
DEBUG - 2026-04-06 10:36:25 --> Family member: PAULO PUDOL
DEBUG - 2026-04-06 10:36:25 --> Family member: STEFFANIE LUDOL
DEBUG - 2026-04-06 10:36:25 --> Family member: PRINCESS PUDOL
DEBUG - 2026-04-06 10:36:25 --> Family member: TRIPP MARCO PUDOL
DEBUG - 2026-04-06 10:36:25 --> Parsed: LUNA PUDOL | HH#: 0021 | Members: 4
DEBUG - 2026-04-06 10:36:25 --> Parsed resident data: Array
(
    [household_no] => 0021
    [region] => REGION X
    [province] => CAMIGUIN
    [district] => 
    [city_municipality] => MAMBAJAO
    [barangay] => BALBAGON
    [evacuation_center] => CPSC
    [last_name] => PUDOL
    [civil_status] => Married
    [mother_maiden_name] => 
    [first_name] => LUNA
    [religion] => Roman Catholic
    [occupation] => House Wife
    [middle_name] => BAJA
    [name_extension] => 
    [age] => 63
    [birthdate] => 1962-08-10
    [birthplace] => MAPA
    [sex] => Female
    [monthly_income] => 0
    [id_card_presented] => 
    [id_card_number] => 
    [house_no] => 
    [street] => Lower
    [subdivision] => Maslog
    [permanent_barangay] => Balbagon
    [permanent_city] => Mambajao
    [permanent_province] => Camiguin
    [zip_code] => 9100
    [is_4ps_beneficiary] => 0
    [vulnerable_older_persons] => 0
    [vulnerable_pregnant] => 0
    [vulnerable_lactating] => 0
    [vulnerable_pwd] => 0
    [ownership_status] => Owner
    [shelter_damage] => No Damage
    [registration_date] => 2026-03-25
    [data_privacy_consent] => 1
    [contact_number] => 
    [family_members] => Array
        (
            [0] => Array
                (
                    [name] => PAULO PUDOL
                    [relation] => Husband
                    [birthdate] => 1961-04-01
                    [age] => 64
                    [sex] => Male
                    [education] => ELEMENTARY LEVEL
                    [occupation] => Fisher Man
                    [remarks] => 
                    [status] => active
                )

            [1] => Array
                (
                    [name] => STEFFANIE LUDOL
                    [relation] => Grand Daughter
                    [birthdate] => 2007-11-27
                    [age] => 18
                    [sex] => Male
                    [education] => HIGHSCHOOL
                    [occupation] => Student
                    [remarks] => 
                    [status] => active
                )

            [2] => Array
                (
                    [name] => PRINCESS PUDOL
                    [relation] => Grand Daughter
                    [birthdate] => 2010-06-16
                    [age] => 15
                    [sex] => Female
                    [education] => HIGHSCHOOL
                    [occupation] => Student
                    [remarks] => 
                    [status] => active
                )

            [3] => Array
                (
                    [name] => TRIPP MARCO PUDOL
                    [relation] => Grandson
                    [birthdate] => 2013-07-06
                    [age] => 12
                    [sex] => Male
                    [education] => HIGH SCHOOL
                    [occupation] => Student
                    [remarks] => 
                    [status] => active
                )

        )

)

DEBUG - 2026-04-06 10:36:25 --> Inserted resident ID: 95, Name: LUNA PUDOL
DEBUG - 2026-04-06 10:36:25 --> Inserted family member: PAULO PUDOL
DEBUG - 2026-04-06 10:36:25 --> Inserted family member: STEFFANIE LUDOL
DEBUG - 2026-04-06 10:36:25 --> Inserted family member: PRINCESS PUDOL
DEBUG - 2026-04-06 10:36:25 --> Inserted family member: TRIPP MARCO PUDOL
DEBUG - 2026-04-06 10:36:25 --> Checking row 635: Array
(
    [0] => 
    [1] => 
    [2] => Department of Social Welfare and Development
    [3] => 
    [4] => 
    [5] => 
    [6] => 
    [7] => 
    [8] => 
    [9] => 
    [10] => 
    [11] => 
    [12] => 
    [13] => BENEFICIARY'S COPY
    [14] => 
    [15] => 
)

DEBUG - 2026-04-06 10:36:25 --> Checking row 636: Array
(
    [0] => 
    [1] => 
    [2] => FAMILY ASSISTANCE CARD IN EMERGENCIES AND DISASTERS (FACED)
    [3] => 
    [4] => 
    [5] => 
    [6] => 
    [7] => 
    [8] => 
    [9] => 
    [10] => 
    [11] => 
    [12] => 
    [13] => SERIAL NUMBER: 0022
    [14] => 
    [15] => 
)

DEBUG - 2026-04-06 10:36:25 --> Checking row 637: Array
(
    [0] => LOCATION OF THE AFFECTED FAMILY
    [1] => 
    [2] => 
    [3] => 
    [4] => 
    [5] => 
    [6] => 
    [7] => 
    [8] => 
    [9] => 
    [10] => 
    [11] => 
    [12] => 
    [13] => 
    [14] => 
    [15] => 
)

DEBUG - 2026-04-06 10:36:25 --> Checking row 638: Array
(
    [0] => 1. REGION
REGION X
    [1] => 
    [2] => 
    [3] => 2. PROVINCE
CAMIGUIN
    [4] => 
    [5] => 
    [6] => 3. DISTRICT

    [7] => 
    [8] => 
    [9] => 4. CITY/MUNICIPALITY
MAMBAJAO
    [10] => 
    [11] => 
    [12] => 5. BARANGAY
BALBAGON
    [13] => 
    [14] => 6. EVACUATION CENTER/SITE

    [15] => 
)

DEBUG - 2026-04-06 10:36:25 --> Checking row 639: Array
(
    [0] => 
    [1] => 
    [2] => 
    [3] => 
    [4] => 
    [5] => 
    [6] => 
    [7] => 
    [8] => 
    [9] => 
    [10] => 
    [11] => 
    [12] => 
    [13] => 
    [14] => 
    [15] => 
)

DEBUG - 2026-04-06 10:36:25 --> Checking row 640: Array
(
    [0] => HEAD OF THE FAMILY
    [1] => 
    [2] => 
    [3] => 
    [4] => 
    [5] => 
    [6] => 
    [7] => 
    [8] => 
    [9] => 
    [10] => 
    [11] => 
    [12] => 
    [13] => 
    [14] => 
    [15] => 
)

DEBUG - 2026-04-06 10:36:25 --> Found 'HEAD OF THE FAMILY' at row 640, column 0
DEBUG - 2026-04-06 10:36:25 --> parseFacedCard called with startRow: 640
DEBUG - 2026-04-06 10:36:25 --> Found household_no: 0022
DEBUG - 2026-04-06 10:36:25 --> Family header at row 649 → data from 650
DEBUG - 2026-04-06 10:36:25 --> Family member: PONCOL  BERNADETH
DEBUG - 2026-04-06 10:36:25 --> Family member: PONCOL KATE NATHALIE
DEBUG - 2026-04-06 10:36:25 --> Family member: PONCOL KHETT CHARLES
DEBUG - 2026-04-06 10:36:25 --> Parsed: CHARLIE PONCOL | HH#: 0022 | Members: 3
DEBUG - 2026-04-06 10:36:25 --> Parsed resident data: Array
(
    [household_no] => 0022
    [region] => REGION X
    [province] => CAMIGUIN
    [district] => 
    [city_municipality] => MAMBAJAO
    [barangay] => BALBAGON
    [evacuation_center] => 
    [last_name] => PONCOL
    [civil_status] => 
    [mother_maiden_name] => 
    [first_name] => CHARLIE
    [religion] => 
    [occupation] => 
    [middle_name] => GAMO
    [name_extension] => 
    [age] => 0
    [birthplace] => 
    [sex] => Female
    [monthly_income] => 0
    [id_card_presented] => 
    [id_card_number] => 
    [is_4ps_beneficiary] => 0
    [vulnerable_older_persons] => 0
    [vulnerable_pregnant] => 0
    [vulnerable_lactating] => 0
    [vulnerable_pwd] => 0
    [ownership_status] => Owner
    [shelter_damage] => No Damage
    [registration_date] => 2026-03-25
    [data_privacy_consent] => 1
    [contact_number] => 
    [family_members] => Array
        (
            [0] => Array
                (
                    [name] => PONCOL  BERNADETH
                    [relation] => Wife
                    [birthdate] => 1993-04-02
                    [age] => 32
                    [sex] => Female
                    [education] => 
                    [occupation] => 
                    [remarks] => 
                    [status] => active
                )

            [1] => Array
                (
                    [name] => PONCOL KATE NATHALIE
                    [relation] => Daughter
                    [birthdate] => 2012-04-08
                    [age] => 13
                    [sex] => Female
                    [education] => 
                    [occupation] => Student
                    [remarks] => 
                    [status] => active
                )

            [2] => Array
                (
                    [name] => PONCOL KHETT CHARLES
                    [relation] => Son
                    [birthdate] => 2018-09-15
                    [age] => 7
                    [sex] => Male
                    [education] => 
                    [occupation] => Student
                    [remarks] => 
                    [status] => active
                )

        )

)

DEBUG - 2026-04-06 10:36:25 --> Inserted resident ID: 96, Name: CHARLIE PONCOL
DEBUG - 2026-04-06 10:36:25 --> Inserted family member: PONCOL  BERNADETH
DEBUG - 2026-04-06 10:36:25 --> Inserted family member: PONCOL KATE NATHALIE
DEBUG - 2026-04-06 10:36:25 --> Inserted family member: PONCOL KHETT CHARLES
DEBUG - 2026-04-06 10:36:25 --> Checking row 665: Array
(
    [0] => 
    [1] => 
    [2] => Department of Social Welfare and Development
    [3] => 
    [4] => 
    [5] => 
    [6] => 
    [7] => 
    [8] => 
    [9] => 
    [10] => 
    [11] => 
    [12] => 
    [13] => BENEFICIARY'S COPY
    [14] => 
    [15] => 
)

DEBUG - 2026-04-06 10:36:25 --> Checking row 666: Array
(
    [0] => 
    [1] => 
    [2] => FAMILY ASSISTANCE CARD IN EMERGENCIES AND DISASTERS (FACED)
    [3] => 
    [4] => 
    [5] => 
    [6] => 
    [7] => 
    [8] => 
    [9] => 
    [10] => 
    [11] => 
    [12] => 
    [13] => SERIAL NUMBER: 0023
    [14] => 
    [15] => 
)

DEBUG - 2026-04-06 10:36:25 --> Checking row 667: Array
(
    [0] => LOCATION OF THE AFFECTED FAMILY
    [1] => 
    [2] => 
    [3] => 
    [4] => 
    [5] => 
    [6] => 
    [7] => 
    [8] => 
    [9] => 
    [10] => 
    [11] => 
    [12] => 
    [13] => 
    [14] => 
    [15] => 
)

DEBUG - 2026-04-06 10:36:25 --> Checking row 668: Array
(
    [0] => 1. REGION
REGION 10
    [1] => 
    [2] => 
    [3] => 2. PROVINCE
CAMIGUIN
    [4] => 
    [5] => 
    [6] => 3. DISTRICT

    [7] => 
    [8] => 
    [9] => 4. CITY/MUNICIPALITY
MAMBAJAO
    [10] => 
    [11] => 
    [12] => 5. BARANGAY
BALBAGON
    [13] => 
    [14] => 6. EVACUATION CENTER/SITE

    [15] => 
)

DEBUG - 2026-04-06 10:36:25 --> Checking row 669: Array
(
    [0] => 
    [1] => 
    [2] => 
    [3] => 
    [4] => 
    [5] => 
    [6] => 
    [7] => 
    [8] => 
    [9] => 
    [10] => 
    [11] => 
    [12] => 
    [13] => 
    [14] => 
    [15] => 
)

DEBUG - 2026-04-06 10:36:25 --> Checking row 670: Array
(
    [0] => HEAD OF THE FAMILY
    [1] => 
    [2] => 
    [3] => 
    [4] => 
    [5] => 
    [6] => 
    [7] => 
    [8] => 
    [9] => 
    [10] => 
    [11] => 
    [12] => 
    [13] => 
    [14] => 
    [15] => 
)

DEBUG - 2026-04-06 10:36:25 --> Found 'HEAD OF THE FAMILY' at row 670, column 0
DEBUG - 2026-04-06 10:36:25 --> parseFacedCard called with startRow: 670
DEBUG - 2026-04-06 10:36:25 --> Found household_no: 0023
DEBUG - 2026-04-06 10:36:25 --> Family header at row 679 → data from 680
DEBUG - 2026-04-06 10:36:25 --> Family member: EFREN LAGRADA
DEBUG - 2026-04-06 10:36:25 --> Family member: ARMAN LAGRADA
DEBUG - 2026-04-06 10:36:25 --> Family member: EFREN LAGRADA JR.
DEBUG - 2026-04-06 10:36:25 --> Family member: ARNEL LAGRADA
DEBUG - 2026-04-06 10:36:25 --> Family member: ARIEL LAGUYAN
DEBUG - 2026-04-06 10:36:25 --> Parsed: DAMIANA LAGRADA | HH#: 0023 | Members: 5
DEBUG - 2026-04-06 10:36:25 --> Parsed resident data: Array
(
    [household_no] => 0023
    [region] => REGION 10
    [province] => CAMIGUIN
    [district] => 
    [city_municipality] => MAMBAJAO
    [barangay] => BALBAGON
    [evacuation_center] => 
    [last_name] => LAGRADA
    [civil_status] => Married
    [mother_maiden_name] => 
    [first_name] => DAMIANA
    [religion] => Roman Catholic
    [occupation] => None
    [middle_name] => CAILING
    [name_extension] => 
    [age] => 59
    [birthdate] => 1967-02-08
    [birthplace] => BUKIDNON
    [sex] => Female
    [monthly_income] => 0
    [id_card_presented] => 
    [id_card_number] => 
    [house_no] => 
    [street] => 
    [subdivision] => 
    [permanent_barangay] => 
    [permanent_city] => Balbagon
    [permanent_province] => Camiguin
    [zip_code] => 
    [is_4ps_beneficiary] => 0
    [vulnerable_older_persons] => 0
    [vulnerable_pregnant] => 0
    [vulnerable_lactating] => 0
    [vulnerable_pwd] => 0
    [ownership_status] => Owner
    [shelter_damage] => No Damage
    [registration_date] => 2026-03-25
    [data_privacy_consent] => 1
    [contact_number] => 
    [family_members] => Array
        (
            [0] => Array
                (
                    [name] => EFREN LAGRADA
                    [relation] => Husband
                    [birthdate] => 1964-06-18
                    [age] => 61
                    [sex] => Male
                    [education] => ELEMENTARY
                    [occupation] => Fisherman
                    [remarks] => 
                    [status] => active
                )

            [1] => Array
                (
                    [name] => ARMAN LAGRADA
                    [relation] => Son
                    [birthdate] => 1990-03-01
                    [age] => 36
                    [sex] => Male
                    [education] => HIGHSCHOOL
                    [occupation] => Fisherman
                    [remarks] => 
                    [status] => active
                )

            [2] => Array
                (
                    [name] => EFREN LAGRADA JR.
                    [relation] => Son
                    [birthdate] => 1991-12-20
                    [age] => 34
                    [sex] => Male
                    [education] => ELEMENTARY
                    [occupation] => Fisherman
                    [remarks] => 
                    [status] => active
                )

            [3] => Array
                (
                    [name] => ARNEL LAGRADA
                    [relation] => Son
                    [birthdate] => 1993-09-05
                    [age] => 32
                    [sex] => Male
                    [education] => ELEMENTARY
                    [occupation] => Fisherman
                    [remarks] => 
                    [status] => active
                )

            [4] => Array
                (
                    [name] => ARIEL LAGUYAN
                    [relation] => Niece
                    [birthdate] => 2002-01-16
                    [age] => 24
                    [sex] => Male
                    [education] => HIGHSCHOOL
                    [occupation] => Fisherman
                    [remarks] => 
                    [status] => active
                )

        )

)

DEBUG - 2026-04-06 10:36:25 --> Inserted resident ID: 97, Name: DAMIANA LAGRADA
DEBUG - 2026-04-06 10:36:25 --> Inserted family member: EFREN LAGRADA
DEBUG - 2026-04-06 10:36:25 --> Inserted family member: ARMAN LAGRADA
DEBUG - 2026-04-06 10:36:25 --> Inserted family member: EFREN LAGRADA JR.
DEBUG - 2026-04-06 10:36:25 --> Inserted family member: ARNEL LAGRADA
DEBUG - 2026-04-06 10:36:25 --> Inserted family member: ARIEL LAGUYAN
DEBUG - 2026-04-06 10:36:25 --> Checking row 695: Array
(
    [0] => 
    [1] => 
    [2] => Department of Social Welfare and Development
    [3] => 
    [4] => 
    [5] => 
    [6] => 
    [7] => 
    [8] => 
    [9] => 
    [10] => 
    [11] => 
    [12] => 
    [13] => BENEFICIARY'S COPY
    [14] => 
    [15] => 
)

DEBUG - 2026-04-06 10:36:25 --> Checking row 696: Array
(
    [0] => 
    [1] => 
    [2] => FAMILY ASSISTANCE CARD IN EMERGENCIES AND DISASTERS (FACED)
    [3] => 
    [4] => 
    [5] => 
    [6] => 
    [7] => 
    [8] => 
    [9] => 
    [10] => 
    [11] => 
    [12] => 
    [13] => SERIAL NUMBER: 0024
    [14] => 
    [15] => 
)

DEBUG - 2026-04-06 10:36:25 --> Checking row 697: Array
(
    [0] => LOCATION OF THE AFFECTED FAMILY
    [1] => 
    [2] => 
    [3] => 
    [4] => 
    [5] => 
    [6] => 
    [7] => 
    [8] => 
    [9] => 
    [10] => 
    [11] => 
    [12] => 
    [13] => 
    [14] => 
    [15] => 
)

DEBUG - 2026-04-06 10:36:25 --> Checking row 698: Array
(
    [0] => 1. REGION
REGION X
    [1] => 
    [2] => 
    [3] => 2. PROVINCE
CAMIGUIN
    [4] => 
    [5] => 
    [6] => 3. DISTRICT

    [7] => 
    [8] => 
    [9] => 4. CITY/MUNICIPALITY
MAMBAJAO
    [10] => 
    [11] => 
    [12] => 5. BARANGAY
BALBAGON
    [13] => 
    [14] => 6. EVACUATION CENTER/SITE
CPSC
    [15] => 
)

DEBUG - 2026-04-06 10:36:25 --> Checking row 699: Array
(
    [0] => 
    [1] => 
    [2] => 
    [3] => 
    [4] => 
    [5] => 
    [6] => 
    [7] => 
    [8] => 
    [9] => 
    [10] => 
    [11] => 
    [12] => 
    [13] => 
    [14] => 
    [15] => 
)

DEBUG - 2026-04-06 10:36:25 --> Checking row 700: Array
(
    [0] => HEAD OF THE FAMILY
    [1] => 
    [2] => 
    [3] => 
    [4] => 
    [5] => 
    [6] => 
    [7] => 
    [8] => 
    [9] => 
    [10] => 
    [11] => 
    [12] => 
    [13] => 
    [14] => 
    [15] => 
)

DEBUG - 2026-04-06 10:36:25 --> Found 'HEAD OF THE FAMILY' at row 700, column 0
DEBUG - 2026-04-06 10:36:25 --> parseFacedCard called with startRow: 700
DEBUG - 2026-04-06 10:36:25 --> Found household_no: 0024
DEBUG - 2026-04-06 10:36:25 --> Family header at row 709 → data from 710
DEBUG - 2026-04-06 10:36:25 --> Family member: JED ADRIAN LAGARE
DEBUG - 2026-04-06 10:36:25 --> Parsed: GERALDINE UIMIT | HH#: 0024 | Members: 1
DEBUG - 2026-04-06 10:36:25 --> Parsed resident data: Array
(
    [household_no] => 0024
    [region] => REGION X
    [province] => CAMIGUIN
    [district] => 
    [city_municipality] => MAMBAJAO
    [barangay] => BALBAGON
    [evacuation_center] => CPSC
    [last_name] => UIMIT
    [civil_status] => Single
    [mother_maiden_name] => SUSAN ABAO LABADAN
    [first_name] => GERALDINE
    [religion] => Roman Catholic
    [occupation] => 
    [middle_name] => LABADAN
    [name_extension] => 
    [age] => 35
    [birthdate] => 1990-09-18
    [birthplace] => BALBAGON
    [sex] => Female
    [monthly_income] => 0
    [id_card_presented] => 
    [id_card_number] => 
    [house_no] => 
    [street] => Lower
    [subdivision] => Maslog
    [permanent_barangay] => Balbagon
    [permanent_city] => Mambajao
    [permanent_province] => Camiguin
    [zip_code] => 9100
    [is_4ps_beneficiary] => 0
    [vulnerable_older_persons] => 0
    [vulnerable_pregnant] => 0
    [vulnerable_lactating] => 0
    [vulnerable_pwd] => 0
    [ownership_status] => Owner
    [shelter_damage] => No Damage
    [registration_date] => 2026-03-25
    [data_privacy_consent] => 1
    [contact_number] => 
    [family_members] => Array
        (
            [0] => Array
                (
                    [name] => JED ADRIAN LAGARE
                    [relation] => Son
                    [birthdate] => 2014-10-31
                    [age] => 11
                    [sex] => Male
                    [education] => ELEMENTARY
                    [occupation] => Student
                    [remarks] => 
                    [status] => active
                )

        )

)

DEBUG - 2026-04-06 10:36:25 --> Inserted resident ID: 98, Name: GERALDINE UIMIT
DEBUG - 2026-04-06 10:36:25 --> Inserted family member: JED ADRIAN LAGARE
DEBUG - 2026-04-06 10:36:25 --> Checking row 725: Array
(
    [0] => 
    [1] => 
    [2] => Department of Social Welfare and Development
    [3] => 
    [4] => 
    [5] => 
    [6] => 
    [7] => 
    [8] => 
    [9] => 
    [10] => 
    [11] => 
    [12] => 
    [13] => BENEFICIARY'S COPY
    [14] => 
    [15] => 
)

DEBUG - 2026-04-06 10:36:25 --> Checking row 726: Array
(
    [0] => 
    [1] => 
    [2] => FAMILY ASSISTANCE CARD IN EMERGENCIES AND DISASTERS (FACED)
    [3] => 
    [4] => 
    [5] => 
    [6] => 
    [7] => 
    [8] => 
    [9] => 
    [10] => 
    [11] => 
    [12] => 
    [13] => SERIAL NUMBER: 0025
    [14] => 
    [15] => 
)

DEBUG - 2026-04-06 10:36:25 --> Checking row 727: Array
(
    [0] => LOCATION OF THE AFFECTED FAMILY
    [1] => 
    [2] => 
    [3] => 
    [4] => 
    [5] => 
    [6] => 
    [7] => 
    [8] => 
    [9] => 
    [10] => 
    [11] => 
    [12] => 
    [13] => 
    [14] => 
    [15] => 
)

DEBUG - 2026-04-06 10:36:25 --> Checking row 728: Array
(
    [0] => 1. REGION
REGION 10
    [1] => 
    [2] => 
    [3] => 2. PROVINCE
CAMIGUIN
    [4] => 
    [5] => 
    [6] => 3. DISTRICT

    [7] => 
    [8] => 
    [9] => 4. CITY/MUNICIPALITY
MAMBAJAO
    [10] => 
    [11] => 
    [12] => 5. BARANGAY
BALBAGON
    [13] => 
    [14] => 6. EVACUATION CENTER/SITE

    [15] => 
)

DEBUG - 2026-04-06 10:36:25 --> Checking row 729: Array
(
    [0] => 
    [1] => 
    [2] => 
    [3] => 
    [4] => 
    [5] => 
    [6] => 
    [7] => 
    [8] => 
    [9] => 
    [10] => 
    [11] => 
    [12] => 
    [13] => 
    [14] => 
    [15] => 
)

DEBUG - 2026-04-06 10:36:25 --> Checking row 730: Array
(
    [0] => HEAD OF THE FAMILY
    [1] => 
    [2] => 
    [3] => 
    [4] => 
    [5] => 
    [6] => 
    [7] => 
    [8] => 
    [9] => 
    [10] => 
    [11] => 
    [12] => 
    [13] => 
    [14] => 
    [15] => 
)

DEBUG - 2026-04-06 10:36:25 --> Found 'HEAD OF THE FAMILY' at row 730, column 0
DEBUG - 2026-04-06 10:36:25 --> parseFacedCard called with startRow: 730
DEBUG - 2026-04-06 10:36:25 --> Found household_no: 0025
DEBUG - 2026-04-06 10:36:25 --> Family header at row 739 → data from 740
DEBUG - 2026-04-06 10:36:25 --> Family member: PATERNO LAGRADA
DEBUG - 2026-04-06 10:36:25 --> Family member: CRISTOPHER LAGRADA
DEBUG - 2026-04-06 10:36:25 --> Family member: CHERRYLEN LAGRADA
DEBUG - 2026-04-06 10:36:25 --> Family member: KATALEEN LAGRADA
DEBUG - 2026-04-06 10:36:25 --> Parsed: CHARLEN LAGRADA | HH#: 0025 | Members: 4
DEBUG - 2026-04-06 10:36:25 --> Parsed resident data: Array
(
    [household_no] => 0025
    [region] => REGION 10
    [province] => CAMIGUIN
    [district] => 
    [city_municipality] => MAMBAJAO
    [barangay] => BALBAGON
    [evacuation_center] => 
    [last_name] => LAGRADA
    [civil_status] => Married
    [mother_maiden_name] => FE CASTINO
    [first_name] => CHARLEN
    [religion] => Roman Catholic
    [occupation] => None
    [middle_name] => LABI
    [name_extension] => 
    [age] => 46
    [birthdate] => 1979-05-25
    [birthplace] => BALBAGON
    [sex] => Female
    [monthly_income] => 0
    [id_card_presented] => 
    [id_card_number] => 
    [house_no] => 
    [street] => 
    [subdivision] => 
    [permanent_barangay] => Balbagon
    [permanent_city] => Mambajao
    [permanent_province] => Camiguin
    [zip_code] => 
    [is_4ps_beneficiary] => 0
    [vulnerable_older_persons] => 0
    [vulnerable_pregnant] => 0
    [vulnerable_lactating] => 0
    [vulnerable_pwd] => 0
    [ownership_status] => Owner
    [shelter_damage] => No Damage
    [registration_date] => 2026-03-25
    [data_privacy_consent] => 1
    [contact_number] => 
    [family_members] => Array
        (
            [0] => Array
                (
                    [name] => PATERNO LAGRADA
                    [relation] => Husband
                    [birthdate] => 1973-12-06
                    [age] => 52
                    [sex] => Male
                    [education] => ELEMENTARY
                    [occupation] => Fisherman
                    [remarks] => 
                    [status] => active
                )

            [1] => Array
                (
                    [name] => CRISTOPHER LAGRADA
                    [relation] => Son
                    [birthdate] => 1997-12-06
                    [age] => 28
                    [sex] => Male
                    [education] => ELEMENTARY
                    [occupation] => 
                    [remarks] => 
                    [status] => active
                )

            [2] => Array
                (
                    [name] => CHERRYLEN LAGRADA
                    [relation] => Daughter
                    [birthdate] => 2006-04-16
                    [age] => 19
                    [sex] => Male
                    [education] => COLLEGE
                    [occupation] => 
                    [remarks] => 
                    [status] => active
                )

            [3] => Array
                (
                    [name] => KATALEEN LAGRADA
                    [relation] => Daughter
                    [birthdate] => 2013-03-27
                    [age] => 12
                    [sex] => Male
                    [education] => HIGHSCHOOL
                    [occupation] => 
                    [remarks] => 
                    [status] => active
                )

        )

)

DEBUG - 2026-04-06 10:36:25 --> Inserted resident ID: 99, Name: CHARLEN LAGRADA
DEBUG - 2026-04-06 10:36:25 --> Inserted family member: PATERNO LAGRADA
DEBUG - 2026-04-06 10:36:25 --> Inserted family member: CRISTOPHER LAGRADA
DEBUG - 2026-04-06 10:36:25 --> Inserted family member: CHERRYLEN LAGRADA
DEBUG - 2026-04-06 10:36:25 --> Inserted family member: KATALEEN LAGRADA
DEBUG - 2026-04-06 10:36:25 --> Checking row 755: Array
(
    [0] => 
    [1] => 
    [2] => Department of Social Welfare and Development
    [3] => 
    [4] => 
    [5] => 
    [6] => 
    [7] => 
    [8] => 
    [9] => 
    [10] => 
    [11] => 
    [12] => 
    [13] => BENEFICIARY'S COPY
    [14] => 
    [15] => 
)

DEBUG - 2026-04-06 10:36:25 --> Checking row 756: Array
(
    [0] => 
    [1] => 
    [2] => FAMILY ASSISTANCE CARD IN EMERGENCIES AND DISASTERS (FACED)
    [3] => 
    [4] => 
    [5] => 
    [6] => 
    [7] => 
    [8] => 
    [9] => 
    [10] => 
    [11] => 
    [12] => 
    [13] => SERIAL NUMBER: 0026
    [14] => 
    [15] => 
)

DEBUG - 2026-04-06 10:36:25 --> Checking row 757: Array
(
    [0] => LOCATION OF THE AFFECTED FAMILY
    [1] => 
    [2] => 
    [3] => 
    [4] => 
    [5] => 
    [6] => 
    [7] => 
    [8] => 
    [9] => 
    [10] => 
    [11] => 
    [12] => 
    [13] => 
    [14] => 
    [15] => 
)

DEBUG - 2026-04-06 10:36:25 --> Checking row 758: Array
(
    [0] => 1. REGION
REGION 10
    [1] => 
    [2] => 
    [3] => 2. PROVINCE
CAMIGUIN
    [4] => 
    [5] => 
    [6] => 3. DISTRICT

    [7] => 
    [8] => 
    [9] => 4. CITY/MUNICIPALITY
MAMBAJAO
    [10] => 
    [11] => 
    [12] => 5. BARANGAY
BALBAGON
    [13] => 
    [14] => 6. EVACUATION CENTER/SITE
CPSC
    [15] => 
)

DEBUG - 2026-04-06 10:36:25 --> Checking row 759: Array
(
    [0] => 
    [1] => 
    [2] => 
    [3] => 
    [4] => 
    [5] => 
    [6] => 
    [7] => 
    [8] => 
    [9] => 
    [10] => 
    [11] => 
    [12] => 
    [13] => 
    [14] => 
    [15] => 
)

DEBUG - 2026-04-06 10:36:25 --> Checking row 760: Array
(
    [0] => HEAD OF THE FAMILY
    [1] => 
    [2] => 
    [3] => 
    [4] => 
    [5] => 
    [6] => 
    [7] => 
    [8] => 
    [9] => 
    [10] => 
    [11] => 
    [12] => 
    [13] => 
    [14] => 
    [15] => 
)

DEBUG - 2026-04-06 10:36:25 --> Found 'HEAD OF THE FAMILY' at row 760, column 0
DEBUG - 2026-04-06 10:36:25 --> parseFacedCard called with startRow: 760
DEBUG - 2026-04-06 10:36:25 --> Found household_no: 0026
DEBUG - 2026-04-06 10:36:25 --> Family header at row 769 → data from 770
DEBUG - 2026-04-06 10:36:25 --> Family member: ROMEO LAGRADA
DEBUG - 2026-04-06 10:36:25 --> Family member: DANIELLE KRISTINE
DEBUG - 2026-04-06 10:36:25 --> Family member: LERIS LAGRADA
DEBUG - 2026-04-06 10:36:25 --> Parsed: MELINDA LAGRADA | HH#: 0026 | Members: 3
DEBUG - 2026-04-06 10:36:25 --> Parsed resident data: Array
(
    [household_no] => 0026
    [region] => REGION 10
    [province] => CAMIGUIN
    [district] => 
    [city_municipality] => MAMBAJAO
    [barangay] => BALBAGON
    [evacuation_center] => CPSC
    [last_name] => LAGRADA
    [civil_status] => Married
    [mother_maiden_name] => 
    [first_name] => MELINDA
    [religion] => Roman Catholic
    [occupation] => Housewife
    [middle_name] => CABALLERO
    [name_extension] => 
    [age] => 53
    [birthdate] => 1972-08-25
    [birthplace] => BALBAGON
    [sex] => Female
    [monthly_income] => 0
    [id_card_presented] => 
    [id_card_number] => 
    [house_no] => 
    [street] => Upper
    [subdivision] => Maslog
    [permanent_barangay] => Balbagon
    [permanent_city] => Mambajao
    [permanent_province] => Camiguin
    [zip_code] => 9100
    [is_4ps_beneficiary] => 0
    [vulnerable_older_persons] => 0
    [vulnerable_pregnant] => 0
    [vulnerable_lactating] => 0
    [vulnerable_pwd] => 0
    [ownership_status] => Owner
    [shelter_damage] => No Damage
    [registration_date] => 2026-03-25
    [data_privacy_consent] => 1
    [contact_number] => 
    [family_members] => Array
        (
            [0] => Array
                (
                    [name] => ROMEO LAGRADA
                    [relation] => Husband
                    [birthdate] => 1967-10-15
                    [age] => 58
                    [sex] => Male
                    [education] => ELEMENTARY
                    [occupation] => 
                    [remarks] => 
                    [status] => active
                )

            [1] => Array
                (
                    [name] => DANIELLE KRISTINE
                    [relation] => Niece
                    [birthdate] => 1994-04-20
                    [age] => 31
                    [sex] => Female
                    [education] => COLLEGE
                    [occupation] => 
                    [remarks] => 
                    [status] => active
                )

            [2] => Array
                (
                    [name] => LERIS LAGRADA
                    [relation] => Son
                    [birthdate] => 2001-07-16
                    [age] => 24
                    [sex] => Male
                    [education] => COLLEGE
                    [occupation] => 
                    [remarks] => 
                    [status] => active
                )

        )

)

DEBUG - 2026-04-06 10:36:25 --> Inserted resident ID: 100, Name: MELINDA LAGRADA
DEBUG - 2026-04-06 10:36:25 --> Inserted family member: ROMEO LAGRADA
DEBUG - 2026-04-06 10:36:25 --> Inserted family member: DANIELLE KRISTINE
DEBUG - 2026-04-06 10:36:25 --> Inserted family member: LERIS LAGRADA
DEBUG - 2026-04-06 10:36:25 --> Checking row 785: Array
(
    [0] => 
    [1] => 
    [2] => Department of Social Welfare and Development
    [3] => 
    [4] => 
    [5] => 
    [6] => 
    [7] => 
    [8] => 
    [9] => 
    [10] => 
    [11] => 
    [12] => 
    [13] => BENEFICIARY'S COPY
    [14] => 
    [15] => 
)

DEBUG - 2026-04-06 10:36:25 --> Checking row 786: Array
(
    [0] => 
    [1] => 
    [2] => FAMILY ASSISTANCE CARD IN EMERGENCIES AND DISASTERS (FACED)
    [3] => 
    [4] => 
    [5] => 
    [6] => 
    [7] => 
    [8] => 
    [9] => 
    [10] => 
    [11] => 
    [12] => 
    [13] => SERIAL NUMBER: 0027
    [14] => 
    [15] => 
)

DEBUG - 2026-04-06 10:36:25 --> Checking row 787: Array
(
    [0] => LOCATION OF THE AFFECTED FAMILY
    [1] => 
    [2] => 
    [3] => 
    [4] => 
    [5] => 
    [6] => 
    [7] => 
    [8] => 
    [9] => 
    [10] => 
    [11] => 
    [12] => 
    [13] => 
    [14] => 
    [15] => 
)

DEBUG - 2026-04-06 10:36:25 --> Checking row 788: Array
(
    [0] => 1. REGION

    [1] => 
    [2] => 
    [3] => 2. PROVINCE

    [4] => 
    [5] => 
    [6] => 3. DISTRICT

    [7] => 
    [8] => 
    [9] => 4. CITY/MUNICIPALITY

    [10] => 
    [11] => 
    [12] => 5. BARANGAY
POBLACION
    [13] => 
    [14] => 6. EVACUATION CENTER/SITE

    [15] => 
)

DEBUG - 2026-04-06 10:36:25 --> Checking row 789: Array
(
    [0] => 
    [1] => 
    [2] => 
    [3] => 
    [4] => 
    [5] => 
    [6] => 
    [7] => 
    [8] => 
    [9] => 
    [10] => 
    [11] => 
    [12] => 
    [13] => 
    [14] => 
    [15] => 
)

DEBUG - 2026-04-06 10:36:25 --> Checking row 790: Array
(
    [0] => HEAD OF THE FAMILY
    [1] => 
    [2] => 
    [3] => 
    [4] => 
    [5] => 
    [6] => 
    [7] => 
    [8] => 
    [9] => 
    [10] => 
    [11] => 
    [12] => 
    [13] => 
    [14] => 
    [15] => 
)

DEBUG - 2026-04-06 10:36:25 --> Found 'HEAD OF THE FAMILY' at row 790, column 0
DEBUG - 2026-04-06 10:36:25 --> parseFacedCard called with startRow: 790
DEBUG - 2026-04-06 10:36:25 --> Found household_no: 0027
DEBUG - 2026-04-06 10:36:25 --> Family header at row 799 → data from 800
DEBUG - 2026-04-06 10:36:25 --> Family member: MARIA ELIZA PILLAROSTE
DEBUG - 2026-04-06 10:36:25 --> Family member: ANTONIO PILLAROSTE
DEBUG - 2026-04-06 10:36:25 --> Family member: MARK ANTHONY PILLAROSTE
DEBUG - 2026-04-06 10:36:25 --> Parsed: LADY DIAN PILLAROSTE | HH#: 0027 | Members: 3
DEBUG - 2026-04-06 10:36:25 --> Parsed resident data: Array
(
    [household_no] => 0027
    [region] => 
    [province] => 
    [district] => 
    [city_municipality] => 
    [barangay] => POBLACION
    [evacuation_center] => 
    [last_name] => PILLAROSTE
    [civil_status] => Single
    [mother_maiden_name] => 
    [first_name] => LADY DIAN
    [religion] => Catholic
    [occupation] => 
    [middle_name] => ORA
    [name_extension] => 
    [age] => 22
    [birthdate] => 2003-10-25
    [birthplace] => MAMBAJAO, CAMIGUIN
    [sex] => Female
    [monthly_income] => 0
    [id_card_presented] => 
    [id_card_number] => 
    [is_4ps_beneficiary] => 0
    [vulnerable_older_persons] => 0
    [vulnerable_pregnant] => 0
    [vulnerable_lactating] => 0
    [vulnerable_pwd] => 0
    [ownership_status] => Owner
    [shelter_damage] => No Damage
    [registration_date] => 2026-03-25
    [data_privacy_consent] => 1
    [contact_number] => 
    [family_members] => Array
        (
            [0] => Array
                (
                    [name] => MARIA ELIZA PILLAROSTE
                    [relation] => Mother
                    [birthdate] => 1970-05-31
                    [age] => 55
                    [sex] => Female
                    [education] => HIGHSCHOOL
                    [occupation] => Fish Vendor
                    [remarks] => 
                    [status] => active
                )

            [1] => Array
                (
                    [name] => ANTONIO PILLAROSTE
                    [relation] => Father
                    [birthdate] => 1973-04-13
                    [age] => 52
                    [sex] => Male
                    [education] => HIGHSCHOOL
                    [occupation] => Fisherman
                    [remarks] => 
                    [status] => active
                )

            [2] => Array
                (
                    [name] => MARK ANTHONY PILLAROSTE
                    [relation] => Brother
                    [birthdate] => 2001-09-20
                    [age] => 24
                    [sex] => Male
                    [education] => COLLEGE LEVEL
                    [occupation] => Promodiser
                    [remarks] => 
                    [status] => active
                )

        )

)

DEBUG - 2026-04-06 10:36:25 --> Inserted resident ID: 101, Name: LADY DIAN PILLAROSTE
DEBUG - 2026-04-06 10:36:25 --> Inserted family member: MARIA ELIZA PILLAROSTE
DEBUG - 2026-04-06 10:36:25 --> Inserted family member: ANTONIO PILLAROSTE
DEBUG - 2026-04-06 10:36:25 --> Inserted family member: MARK ANTHONY PILLAROSTE
DEBUG - 2026-04-06 10:36:25 --> Checking row 815: Array
(
    [0] => 
    [1] => 
    [2] => Department of Social Welfare and Development
    [3] => 
    [4] => 
    [5] => 
    [6] => 
    [7] => 
    [8] => 
    [9] => 
    [10] => 
    [11] => 
    [12] => 
    [13] => BENEFICIARY'S COPY
    [14] => 
    [15] => 
)

DEBUG - 2026-04-06 10:36:25 --> Checking row 816: Array
(
    [0] => 
    [1] => 
    [2] => FAMILY ASSISTANCE CARD IN EMERGENCIES AND DISASTERS (FACED)
    [3] => 
    [4] => 
    [5] => 
    [6] => 
    [7] => 
    [8] => 
    [9] => 
    [10] => 
    [11] => 
    [12] => 
    [13] => SERIAL NUMBER: 0028
    [14] => 
    [15] => 
)

DEBUG - 2026-04-06 10:36:25 --> Checking row 817: Array
(
    [0] => LOCATION OF THE AFFECTED FAMILY
    [1] => 
    [2] => 
    [3] => 
    [4] => 
    [5] => 
    [6] => 
    [7] => 
    [8] => 
    [9] => 
    [10] => 
    [11] => 
    [12] => 
    [13] => 
    [14] => 
    [15] => 
)

DEBUG - 2026-04-06 10:36:25 --> Checking row 818: Array
(
    [0] => 1. REGION
REGION X
    [1] => 
    [2] => 
    [3] => 2. PROVINCE
CAMIGUIN
    [4] => 
    [5] => 
    [6] => 3. DISTRICT

    [7] => 
    [8] => 
    [9] => 4. CITY/MUNICIPALITY
MAMBAJAO
    [10] => 
    [11] => 
    [12] => 5. BARANGAY
BALBAGON
    [13] => 
    [14] => 6. EVACUATION CENTER/SITE
CPSC
    [15] => 
)

DEBUG - 2026-04-06 10:36:25 --> Checking row 819: Array
(
    [0] => 
    [1] => 
    [2] => 
    [3] => 
    [4] => 
    [5] => 
    [6] => 
    [7] => 
    [8] => 
    [9] => 
    [10] => 
    [11] => 
    [12] => 
    [13] => 
    [14] => 
    [15] => 
)

DEBUG - 2026-04-06 10:36:25 --> Checking row 820: Array
(
    [0] => HEAD OF THE FAMILY
    [1] => 
    [2] => 
    [3] => 
    [4] => 
    [5] => 
    [6] => 
    [7] => 
    [8] => 
    [9] => 
    [10] => 
    [11] => 
    [12] => 
    [13] => 
    [14] => 
    [15] => 
)

DEBUG - 2026-04-06 10:36:25 --> Found 'HEAD OF THE FAMILY' at row 820, column 0
DEBUG - 2026-04-06 10:36:25 --> parseFacedCard called with startRow: 820
DEBUG - 2026-04-06 10:36:25 --> Found household_no: 0028
DEBUG - 2026-04-06 10:36:25 --> Family header at row 829 → data from 830
DEBUG - 2026-04-06 10:36:25 --> Family member: SUSAN UIMIT
DEBUG - 2026-04-06 10:36:25 --> Family member: JOHN UIMIT
DEBUG - 2026-04-06 10:36:25 --> Family member: GUILLERMO UIMIT JR.
DEBUG - 2026-04-06 10:36:25 --> Family member: NIÑA MAE UIMIT
DEBUG - 2026-04-06 10:36:25 --> Parsed: GUILLERMO UIMIT | HH#: 0028 | Members: 4
DEBUG - 2026-04-06 10:36:25 --> Parsed resident data: Array
(
    [household_no] => 0028
    [region] => REGION X
    [province] => CAMIGUIN
    [district] => 
    [city_municipality] => MAMBAJAO
    [barangay] => BALBAGON
    [evacuation_center] => CPSC
    [last_name] => UIMIT
    [civil_status] => Married
    [mother_maiden_name] => 
    [first_name] => GUILLERMO
    [religion] => Roman Catholic
    [occupation] => Fisher Man
    [middle_name] => BACULANTA
    [name_extension] => 
    [age] => 60
    [birthdate] => 1965-03-26
    [birthplace] => BALBAGON
    [sex] => Male
    [monthly_income] => 0
    [id_card_presented] => 
    [id_card_number] => 
    [house_no] => 
    [street] => Lower
    [subdivision] => Maslog
    [permanent_barangay] => Balbagon
    [permanent_city] => Mambajao
    [permanent_province] => Camiguin
    [zip_code] => 9100
    [is_4ps_beneficiary] => 0
    [vulnerable_older_persons] => 0
    [vulnerable_pregnant] => 0
    [vulnerable_lactating] => 0
    [vulnerable_pwd] => 0
    [ownership_status] => Owner
    [shelter_damage] => No Damage
    [registration_date] => 2026-03-25
    [data_privacy_consent] => 1
    [contact_number] => 
    [family_members] => Array
        (
            [0] => Array
                (
                    [name] => SUSAN UIMIT
                    [relation] => Wife
                    [birthdate] => 1966-09-06
                    [age] => 59
                    [sex] => Female
                    [education] => ELEMENTARY GRAD
                    [occupation] => Housewife
                    [remarks] => 
                    [status] => active
                )

            [1] => Array
                (
                    [name] => JOHN UIMIT
                    [relation] => Son
                    [birthdate] => 2004-06-24
                    [age] => 21
                    [sex] => Male
                    [education] => COLLEGE LEVEL
                    [occupation] => Laborer
                    [remarks] => 
                    [status] => active
                )

            [2] => Array
                (
                    [name] => GUILLERMO UIMIT JR.
                    [relation] => Son
                    [birthdate] => 1995-10-15
                    [age] => 30
                    [sex] => Male
                    [education] => ELEMENTARY LEVEL
                    [occupation] => Fisher Man
                    [remarks] => 
                    [status] => active
                )

            [3] => Array
                (
                    [name] => NIÑA MAE UIMIT
                    [relation] => Daughter
                    [birthdate] => 2007-07-07
                    [age] => 18
                    [sex] => Female
                    [education] => HIGHSCHOOL
                    [occupation] => Student
                    [remarks] => 
                    [status] => active
                )

        )

)

DEBUG - 2026-04-06 10:36:25 --> Inserted resident ID: 102, Name: GUILLERMO UIMIT
DEBUG - 2026-04-06 10:36:25 --> Inserted family member: SUSAN UIMIT
DEBUG - 2026-04-06 10:36:25 --> Inserted family member: JOHN UIMIT
DEBUG - 2026-04-06 10:36:25 --> Inserted family member: GUILLERMO UIMIT JR.
DEBUG - 2026-04-06 10:36:25 --> Inserted family member: NIÑA MAE UIMIT
DEBUG - 2026-04-06 10:36:25 --> Checking row 845: Array
(
    [0] => 
    [1] => 
    [2] => Department of Social Welfare and Development
    [3] => 
    [4] => 
    [5] => 
    [6] => 
    [7] => 
    [8] => 
    [9] => 
    [10] => 
    [11] => 
    [12] => 
    [13] => BENEFICIARY'S COPY
    [14] => 
    [15] => 
)

DEBUG - 2026-04-06 10:36:26 --> Checking row 846: Array
(
    [0] => 
    [1] => 
    [2] => FAMILY ASSISTANCE CARD IN EMERGENCIES AND DISASTERS (FACED)
    [3] => 
    [4] => 
    [5] => 
    [6] => 
    [7] => 
    [8] => 
    [9] => 
    [10] => 
    [11] => 
    [12] => 
    [13] => SERIAL NUMBER: 0029
    [14] => 
    [15] => 
)

DEBUG - 2026-04-06 10:36:26 --> Checking row 847: Array
(
    [0] => LOCATION OF THE AFFECTED FAMILY
    [1] => 
    [2] => 
    [3] => 
    [4] => 
    [5] => 
    [6] => 
    [7] => 
    [8] => 
    [9] => 
    [10] => 
    [11] => 
    [12] => 
    [13] => 
    [14] => 
    [15] => 
)

DEBUG - 2026-04-06 10:36:26 --> Checking row 848: Array
(
    [0] => 1. REGION

    [1] => 
    [2] => 
    [3] => 2. PROVINCE

    [4] => 
    [5] => 
    [6] => 3. DISTRICT

    [7] => 
    [8] => 
    [9] => 4. CITY/MUNICIPALITY

    [10] => 
    [11] => 
    [12] => 5. BARANGAY
POBLACION
    [13] => 
    [14] => 6. EVACUATION CENTER/SITE

    [15] => 
)

DEBUG - 2026-04-06 10:36:26 --> Checking row 849: Array
(
    [0] => 
    [1] => 
    [2] => 
    [3] => 
    [4] => 
    [5] => 
    [6] => 
    [7] => 
    [8] => 
    [9] => 
    [10] => 
    [11] => 
    [12] => 
    [13] => 
    [14] => 
    [15] => 
)

DEBUG - 2026-04-06 10:36:26 --> Checking row 850: Array
(
    [0] => HEAD OF THE FAMILY
    [1] => 
    [2] => 
    [3] => 
    [4] => 
    [5] => 
    [6] => 
    [7] => 
    [8] => 
    [9] => 
    [10] => 
    [11] => 
    [12] => 
    [13] => 
    [14] => 
    [15] => 
)

DEBUG - 2026-04-06 10:36:26 --> Found 'HEAD OF THE FAMILY' at row 850, column 0
DEBUG - 2026-04-06 10:36:26 --> parseFacedCard called with startRow: 850
DEBUG - 2026-04-06 10:36:26 --> Found household_no: 0029
DEBUG - 2026-04-06 10:36:26 --> Family header at row 859 → data from 860
DEBUG - 2026-04-06 10:36:26 --> Family member: JOSEPH MONTENEGRO
DEBUG - 2026-04-06 10:36:26 --> Parsed: LUCIA MONTENEGRO | HH#: 0029 | Members: 1
DEBUG - 2026-04-06 10:36:26 --> Parsed resident data: Array
(
    [household_no] => 0029
    [region] => 
    [province] => 
    [district] => 
    [city_municipality] => 
    [barangay] => POBLACION
    [evacuation_center] => 
    [last_name] => MONTENEGRO
    [civil_status] => Separated
    [mother_maiden_name] => SULPICIA ESTRIBOR
    [first_name] => LUCIA
    [religion] => Catholic
    [occupation] => Fish Vendor
    [middle_name] => ESTRIBOR
    [name_extension] => 
    [age] => 66
    [birthdate] => 1960-03-03
    [birthplace] => CEBU
    [sex] => Female
    [monthly_income] => 10000
    [id_card_presented] => 
    [id_card_number] => 
    [house_no] => 
    [street] => Tapon
    [subdivision] => 
    [permanent_barangay] => Poblacion
    [permanent_city] => Mambajao
    [permanent_province] => Camiguin
    [zip_code] => 
    [is_4ps_beneficiary] => 0
    [vulnerable_older_persons] => 0
    [vulnerable_pregnant] => 0
    [vulnerable_lactating] => 0
    [vulnerable_pwd] => 0
    [ownership_status] => Owner
    [shelter_damage] => No Damage
    [registration_date] => 2026-03-25
    [data_privacy_consent] => 1
    [contact_number] => 
    [family_members] => Array
        (
            [0] => Array
                (
                    [name] => JOSEPH MONTENEGRO
                    [relation] => Grandson
                    [birthdate] => 2010-05-08
                    [age] => 15
                    [sex] => Male
                    [education] => GRADE 8
                    [occupation] => Student
                    [remarks] => 
                    [status] => active
                )

        )

)

DEBUG - 2026-04-06 10:36:26 --> Inserted resident ID: 103, Name: LUCIA MONTENEGRO
DEBUG - 2026-04-06 10:36:26 --> Inserted family member: JOSEPH MONTENEGRO
DEBUG - 2026-04-06 10:36:26 --> Checking row 875: Array
(
    [0] => 
    [1] => 
    [2] => Department of Social Welfare and Development
    [3] => 
    [4] => 
    [5] => 
    [6] => 
    [7] => 
    [8] => 
    [9] => 
    [10] => 
    [11] => 
    [12] => 
    [13] => BENEFICIARY'S COPY
    [14] => 
    [15] => 
)

DEBUG - 2026-04-06 10:36:26 --> Checking row 876: Array
(
    [0] => 
    [1] => 
    [2] => FAMILY ASSISTANCE CARD IN EMERGENCIES AND DISASTERS (FACED)
    [3] => 
    [4] => 
    [5] => 
    [6] => 
    [7] => 
    [8] => 
    [9] => 
    [10] => 
    [11] => 
    [12] => 
    [13] => SERIAL NUMBER: 0030
    [14] => 
    [15] => 
)

DEBUG - 2026-04-06 10:36:26 --> Checking row 877: Array
(
    [0] => LOCATION OF THE AFFECTED FAMILY
    [1] => 
    [2] => 
    [3] => 
    [4] => 
    [5] => 
    [6] => 
    [7] => 
    [8] => 
    [9] => 
    [10] => 
    [11] => 
    [12] => 
    [13] => 
    [14] => 
    [15] => 
)

DEBUG - 2026-04-06 10:36:26 --> Checking row 878: Array
(
    [0] => 1. REGION
REGION 10
    [1] => 
    [2] => 
    [3] => 2. PROVINCE
CAMIGUIN
    [4] => 
    [5] => 
    [6] => 3. DISTRICT

    [7] => 
    [8] => 
    [9] => 4. CITY/MUNICIPALITY
MAMBAJAO
    [10] => 
    [11] => 
    [12] => 5. BARANGAY
BALBAGON
    [13] => 
    [14] => 6. EVACUATION CENTER/SITE

    [15] => 
)

DEBUG - 2026-04-06 10:36:26 --> Checking row 879: Array
(
    [0] => 
    [1] => 
    [2] => 
    [3] => 
    [4] => 
    [5] => 
    [6] => 
    [7] => 
    [8] => 
    [9] => 
    [10] => 
    [11] => 
    [12] => 
    [13] => 
    [14] => 
    [15] => 
)

DEBUG - 2026-04-06 10:36:26 --> Checking row 880: Array
(
    [0] => HEAD OF THE FAMILY
    [1] => 
    [2] => 
    [3] => 
    [4] => 
    [5] => 
    [6] => 
    [7] => 
    [8] => 
    [9] => 
    [10] => 
    [11] => 
    [12] => 
    [13] => 
    [14] => 
    [15] => 
)

DEBUG - 2026-04-06 10:36:26 --> Found 'HEAD OF THE FAMILY' at row 880, column 0
DEBUG - 2026-04-06 10:36:26 --> parseFacedCard called with startRow: 880
DEBUG - 2026-04-06 10:36:26 --> Found household_no: 0030
DEBUG - 2026-04-06 10:36:26 --> Family header at row 889 → data from 890
DEBUG - 2026-04-06 10:36:26 --> Family member: MARIFEL GANALI
DEBUG - 2026-04-06 10:36:26 --> Family member: MARVIN LAGRADA
DEBUG - 2026-04-06 10:36:26 --> Family member: NAKE LAGRADA
DEBUG - 2026-04-06 10:36:26 --> Parsed: ALVIN LAGRADA | HH#: 0030 | Members: 3
DEBUG - 2026-04-06 10:36:26 --> Parsed resident data: Array
(
    [household_no] => 0030
    [region] => REGION 10
    [province] => CAMIGUIN
    [district] => 
    [city_municipality] => MAMBAJAO
    [barangay] => BALBAGON
    [evacuation_center] => 
    [last_name] => LAGRADA
    [civil_status] => Single
    [mother_maiden_name] => 
    [first_name] => ALVIN
    [religion] => Roman Catholic
    [occupation] => Fisherman
    [middle_name] => ABIAN
    [name_extension] => 
    [age] => 36
    [birthdate] => 1989-08-16
    [birthplace] => BALBAGON
    [sex] => Female
    [monthly_income] => 6000
    [id_card_presented] => 
    [id_card_number] => 
    [house_no] => 
    [street] => 
    [subdivision] => 
    [permanent_barangay] => Balbagon
    [permanent_city] => Mambajao
    [permanent_province] => Camiguin
    [zip_code] => 
    [is_4ps_beneficiary] => 0
    [vulnerable_older_persons] => 0
    [vulnerable_pregnant] => 0
    [vulnerable_lactating] => 0
    [vulnerable_pwd] => 0
    [ownership_status] => Owner
    [shelter_damage] => No Damage
    [registration_date] => 2026-03-25
    [data_privacy_consent] => 1
    [contact_number] => 
    [family_members] => Array
        (
            [0] => Array
                (
                    [name] => MARIFEL GANALI
                    [relation] => Wife
                    [birthdate] => 1989-03-03
                    [age] => 37
                    [sex] => Female
                    [education] => COLLEGE
                    [occupation] => 
                    [remarks] => 
                    [status] => active
                )

            [1] => Array
                (
                    [name] => MARVIN LAGRADA
                    [relation] => Son
                    [birthdate] => 2016-09-22
                    [age] => 9
                    [sex] => Male
                    [education] => ELEMENTARY
                    [occupation] => 
                    [remarks] => 
                    [status] => active
                )

            [2] => Array
                (
                    [name] => NAKE LAGRADA
                    [relation] => Son
                    [birthdate] => 
                    [age] => 4
                    [sex] => Male
                    [education] => ELEMENTARY
                    [occupation] => 
                    [remarks] => 
                    [status] => active
                )

        )

)

DEBUG - 2026-04-06 10:36:26 --> Inserted resident ID: 104, Name: ALVIN LAGRADA
DEBUG - 2026-04-06 10:36:26 --> Inserted family member: MARIFEL GANALI
DEBUG - 2026-04-06 10:36:26 --> Inserted family member: MARVIN LAGRADA
DEBUG - 2026-04-06 10:36:26 --> Inserted family member: NAKE LAGRADA
DEBUG - 2026-04-06 10:36:26 --> Checking row 905: Array
(
    [0] => 
    [1] => 
    [2] => Department of Social Welfare and Development
    [3] => 
    [4] => 
    [5] => 
    [6] => 
    [7] => 
    [8] => 
    [9] => 
    [10] => 
    [11] => 
    [12] => 
    [13] => BENEFICIARY'S COPY
    [14] => 
    [15] => 
)

DEBUG - 2026-04-06 10:36:26 --> Checking row 906: Array
(
    [0] => 
    [1] => 
    [2] => FAMILY ASSISTANCE CARD IN EMERGENCIES AND DISASTERS (FACED)
    [3] => 
    [4] => 
    [5] => 
    [6] => 
    [7] => 
    [8] => 
    [9] => 
    [10] => 
    [11] => 
    [12] => 
    [13] => SERIAL NUMBER: 0031
    [14] => 
    [15] => 
)

DEBUG - 2026-04-06 10:36:26 --> Checking row 907: Array
(
    [0] => LOCATION OF THE AFFECTED FAMILY
    [1] => 
    [2] => 
    [3] => 
    [4] => 
    [5] => 
    [6] => 
    [7] => 
    [8] => 
    [9] => 
    [10] => 
    [11] => 
    [12] => 
    [13] => 
    [14] => 
    [15] => 
)

DEBUG - 2026-04-06 10:36:26 --> Checking row 908: Array
(
    [0] => 1. REGION
REGION 10
    [1] => 
    [2] => 
    [3] => 2. PROVINCE
CAMIGUIN
    [4] => 
    [5] => 
    [6] => 3. DISTRICT

    [7] => 
    [8] => 
    [9] => 4. CITY/MUNICIPALITY
MAMBAJAO
    [10] => 
    [11] => 
    [12] => 5. BARANGAY
BALBAGON
    [13] => 
    [14] => 6. EVACUATION CENTER/SITE

    [15] => 
)

DEBUG - 2026-04-06 10:36:26 --> Checking row 909: Array
(
    [0] => 
    [1] => 
    [2] => 
    [3] => 
    [4] => 
    [5] => 
    [6] => 
    [7] => 
    [8] => 
    [9] => 
    [10] => 
    [11] => 
    [12] => 
    [13] => 
    [14] => 
    [15] => 
)

DEBUG - 2026-04-06 10:36:26 --> Checking row 910: Array
(
    [0] => HEAD OF THE FAMILY
    [1] => 
    [2] => 
    [3] => 
    [4] => 
    [5] => 
    [6] => 
    [7] => 
    [8] => 
    [9] => 
    [10] => 
    [11] => 
    [12] => 
    [13] => 
    [14] => 
    [15] => 
)

DEBUG - 2026-04-06 10:36:26 --> Found 'HEAD OF THE FAMILY' at row 910, column 0
DEBUG - 2026-04-06 10:36:26 --> parseFacedCard called with startRow: 910
DEBUG - 2026-04-06 10:36:26 --> Found household_no: 0031
DEBUG - 2026-04-06 10:36:26 --> Family header at row 919 → data from 920
DEBUG - 2026-04-06 10:36:26 --> Family member: EVA MAE TALAMAN
DEBUG - 2026-04-06 10:36:26 --> Parsed: JERWIN ABIAN | HH#: 0031 | Members: 1
DEBUG - 2026-04-06 10:36:26 --> Parsed resident data: Array
(
    [household_no] => 0031
    [region] => REGION 10
    [province] => CAMIGUIN
    [district] => 
    [city_municipality] => MAMBAJAO
    [barangay] => BALBAGON
    [evacuation_center] => 
    [last_name] => ABIAN
    [civil_status] => Single
    [mother_maiden_name] => 
    [first_name] => JERWIN
    [religion] => Roman Catholic
    [occupation] => Packer
    [middle_name] => SIMENE
    [name_extension] => 
    [age] => 21
    [birthdate] => 2004-11-22
    [birthplace] => BALBAGON
    [sex] => Male
    [monthly_income] => 8000
    [id_card_presented] => 
    [id_card_number] => 
    [house_no] => 
    [street] => Lower
    [subdivision] => Maslog
    [permanent_barangay] => Balbagon
    [permanent_city] => Mambajao
    [permanent_province] => Camiguin
    [zip_code] => 9100
    [is_4ps_beneficiary] => 0
    [vulnerable_older_persons] => 0
    [vulnerable_pregnant] => 0
    [vulnerable_lactating] => 0
    [vulnerable_pwd] => 0
    [ownership_status] => Owner
    [shelter_damage] => No Damage
    [registration_date] => 2026-03-25
    [data_privacy_consent] => 1
    [contact_number] => 
    [family_members] => Array
        (
            [0] => Array
                (
                    [name] => EVA MAE TALAMAN
                    [relation] => Live-in Partner
                    [birthdate] => 2006-04-11
                    [age] => 19
                    [sex] => Female
                    [education] => HIGHSCHOOL
                    [occupation] => Bakery Staff
                    [remarks] => 
                    [status] => active
                )

        )

)

DEBUG - 2026-04-06 10:36:26 --> Inserted resident ID: 105, Name: JERWIN ABIAN
DEBUG - 2026-04-06 10:36:26 --> Inserted family member: EVA MAE TALAMAN
DEBUG - 2026-04-06 10:36:26 --> Checking row 935: Array
(
    [0] => 
    [1] => 
    [2] => Department of Social Welfare and Development
    [3] => 
    [4] => 
    [5] => 
    [6] => 
    [7] => 
    [8] => 
    [9] => 
    [10] => 
    [11] => 
    [12] => 
    [13] => BENEFICIARY'S COPY
    [14] => 
    [15] => 
)

DEBUG - 2026-04-06 10:36:26 --> Checking row 936: Array
(
    [0] => 
    [1] => 
    [2] => FAMILY ASSISTANCE CARD IN EMERGENCIES AND DISASTERS (FACED)
    [3] => 
    [4] => 
    [5] => 
    [6] => 
    [7] => 
    [8] => 
    [9] => 
    [10] => 
    [11] => 
    [12] => 
    [13] => SERIAL NUMBER: 0032
    [14] => 
    [15] => 
)

DEBUG - 2026-04-06 10:36:26 --> Checking row 937: Array
(
    [0] => LOCATION OF THE AFFECTED FAMILY
    [1] => 
    [2] => 
    [3] => 
    [4] => 
    [5] => 
    [6] => 
    [7] => 
    [8] => 
    [9] => 
    [10] => 
    [11] => 
    [12] => 
    [13] => 
    [14] => 
    [15] => 
)

DEBUG - 2026-04-06 10:36:26 --> Checking row 938: Array
(
    [0] => 1. REGION
REGION X
    [1] => 
    [2] => 
    [3] => 2. PROVINCE
CAMIGUIN
    [4] => 
    [5] => 
    [6] => 3. DISTRICT

    [7] => 
    [8] => 
    [9] => 4. CITY/MUNICIPALITY
MAMBAJAO
    [10] => 
    [11] => 
    [12] => 5. BARANGAY
BALBAGON
    [13] => 
    [14] => 6. EVACUATION CENTER/SITE
CPSC
    [15] => 
)

DEBUG - 2026-04-06 10:36:26 --> Checking row 939: Array
(
    [0] => 
    [1] => 
    [2] => 
    [3] => 
    [4] => 
    [5] => 
    [6] => 
    [7] => 
    [8] => 
    [9] => 
    [10] => 
    [11] => 
    [12] => 
    [13] => 
    [14] => 
    [15] => 
)

DEBUG - 2026-04-06 10:36:26 --> Checking row 940: Array
(
    [0] => HEAD OF THE FAMILY
    [1] => 
    [2] => 
    [3] => 
    [4] => 
    [5] => 
    [6] => 
    [7] => 
    [8] => 
    [9] => 
    [10] => 
    [11] => 
    [12] => 
    [13] => 
    [14] => 
    [15] => 
)

DEBUG - 2026-04-06 10:36:26 --> Found 'HEAD OF THE FAMILY' at row 940, column 0
DEBUG - 2026-04-06 10:36:26 --> parseFacedCard called with startRow: 940
DEBUG - 2026-04-06 10:36:26 --> Found household_no: 0032
DEBUG - 2026-04-06 10:36:26 --> Family header at row 949 → data from 950
DEBUG - 2026-04-06 10:36:26 --> Family member: RICO LAGUNAY JR.
DEBUG - 2026-04-06 10:36:26 --> Family member: JERICHO LAGUNAY
DEBUG - 2026-04-06 10:36:26 --> Family member: RICKY LAGINAY
DEBUG - 2026-04-06 10:36:26 --> Parsed: JACQUIELYN LAGUNAY | HH#: 0032 | Members: 3
DEBUG - 2026-04-06 10:36:26 --> Parsed resident data: Array
(
    [household_no] => 0032
    [region] => REGION X
    [province] => CAMIGUIN
    [district] => 
    [city_municipality] => MAMBAJAO
    [barangay] => BALBAGON
    [evacuation_center] => CPSC
    [last_name] => LAGUNAY
    [civil_status] => Married
    [mother_maiden_name] => 
    [first_name] => JACQUIELYN
    [religion] => Roman Catholic
    [occupation] => Waitress
    [middle_name] => BAGUHIN
    [name_extension] => 
    [age] => 45
    [birthdate] => 1980-07-01
    [birthplace] => BALITE ,SAGAY
    [sex] => Female
    [monthly_income] => 8000
    [id_card_presented] => 
    [id_card_number] => 
    [house_no] => 
    [street] => Lower
    [subdivision] => Maslog
    [permanent_barangay] => Balbagon
    [permanent_city] => Mambajao
    [permanent_province] => Camiguin
    [zip_code] => 9100
    [is_4ps_beneficiary] => 0
    [vulnerable_older_persons] => 0
    [vulnerable_pregnant] => 0
    [vulnerable_lactating] => 0
    [vulnerable_pwd] => 0
    [ownership_status] => Owner
    [shelter_damage] => No Damage
    [registration_date] => 2026-03-25
    [data_privacy_consent] => 1
    [contact_number] => 
    [family_members] => Array
        (
            [0] => Array
                (
                    [name] => RICO LAGUNAY JR.
                    [relation] => Son
                    [birthdate] => 2014-10-14
                    [age] => 11
                    [sex] => Male
                    [education] => HIGHSCHOOL
                    [occupation] => Student
                    [remarks] => 
                    [status] => active
                )

            [1] => Array
                (
                    [name] => JERICHO LAGUNAY
                    [relation] => Son
                    [birthdate] => 2009-04-16
                    [age] => 16
                    [sex] => Male
                    [education] => HIGHSCHOOL
                    [occupation] => Student
                    [remarks] => 
                    [status] => active
                )

            [2] => Array
                (
                    [name] => RICKY LAGINAY
                    [relation] => Son
                    [birthdate] => 2008-05-29
                    [age] => 17
                    [sex] => Male
                    [education] => HIGHSCHOOL
                    [occupation] => Student
                    [remarks] => 
                    [status] => active
                )

        )

)

DEBUG - 2026-04-06 10:36:26 --> Inserted resident ID: 106, Name: JACQUIELYN LAGUNAY
DEBUG - 2026-04-06 10:36:26 --> Inserted family member: RICO LAGUNAY JR.
DEBUG - 2026-04-06 10:36:26 --> Inserted family member: JERICHO LAGUNAY
DEBUG - 2026-04-06 10:36:26 --> Inserted family member: RICKY LAGINAY
DEBUG - 2026-04-06 10:36:26 --> Checking row 965: Array
(
    [0] => 
    [1] => 
    [2] => Department of Social Welfare and Development
    [3] => 
    [4] => 
    [5] => 
    [6] => 
    [7] => 
    [8] => 
    [9] => 
    [10] => 
    [11] => 
    [12] => 
    [13] => BENEFICIARY'S COPY
    [14] => 
    [15] => 
)

DEBUG - 2026-04-06 10:36:26 --> Checking row 966: Array
(
    [0] => 
    [1] => 
    [2] => FAMILY ASSISTANCE CARD IN EMERGENCIES AND DISASTERS (FACED)
    [3] => 
    [4] => 
    [5] => 
    [6] => 
    [7] => 
    [8] => 
    [9] => 
    [10] => 
    [11] => 
    [12] => 
    [13] => SERIAL NUMBER: 0033
    [14] => 
    [15] => 
)

DEBUG - 2026-04-06 10:36:26 --> Checking row 967: Array
(
    [0] => LOCATION OF THE AFFECTED FAMILY
    [1] => 
    [2] => 
    [3] => 
    [4] => 
    [5] => 
    [6] => 
    [7] => 
    [8] => 
    [9] => 
    [10] => 
    [11] => 
    [12] => 
    [13] => 
    [14] => 
    [15] => 
)

DEBUG - 2026-04-06 10:36:26 --> Checking row 968: Array
(
    [0] => 1. REGION
REGION X
    [1] => 
    [2] => 
    [3] => 2. PROVINCE
CAMIGUIN
    [4] => 
    [5] => 
    [6] => 3. DISTRICT

    [7] => 
    [8] => 
    [9] => 4. CITY/MUNICIPALITY
MAMBAJAO
    [10] => 
    [11] => 
    [12] => 5. BARANGAY
BALBAGON
    [13] => 
    [14] => 6. EVACUATION CENTER/SITE
CPSC
    [15] => 
)

DEBUG - 2026-04-06 10:36:26 --> Checking row 969: Array
(
    [0] => 
    [1] => 
    [2] => 
    [3] => 
    [4] => 
    [5] => 
    [6] => 
    [7] => 
    [8] => 
    [9] => 
    [10] => 
    [11] => 
    [12] => 
    [13] => 
    [14] => 
    [15] => 
)

DEBUG - 2026-04-06 10:36:26 --> Checking row 970: Array
(
    [0] => HEAD OF THE FAMILY
    [1] => 
    [2] => 
    [3] => 
    [4] => 
    [5] => 
    [6] => 
    [7] => 
    [8] => 
    [9] => 
    [10] => 
    [11] => 
    [12] => 
    [13] => 
    [14] => 
    [15] => 
)

DEBUG - 2026-04-06 10:36:26 --> Found 'HEAD OF THE FAMILY' at row 970, column 0
DEBUG - 2026-04-06 10:36:26 --> parseFacedCard called with startRow: 970
DEBUG - 2026-04-06 10:36:26 --> Found household_no: 0033
DEBUG - 2026-04-06 10:36:26 --> Family header at row 979 → data from 980
DEBUG - 2026-04-06 10:36:26 --> Family member: ANGELOU SIMENE
DEBUG - 2026-04-06 10:36:26 --> Family member: ROLANDO SIMENE
DEBUG - 2026-04-06 10:36:26 --> Parsed: CLARITA SIMENE | HH#: 0033 | Members: 2
DEBUG - 2026-04-06 10:36:26 --> Parsed resident data: Array
(
    [household_no] => 0033
    [region] => REGION X
    [province] => CAMIGUIN
    [district] => 
    [city_municipality] => MAMBAJAO
    [barangay] => BALBAGON
    [evacuation_center] => CPSC
    [last_name] => SIMENE
    [civil_status] => Married
    [mother_maiden_name] => PERPETUA LADESMA DAHAN
    [first_name] => CLARITA
    [religion] => Roman Catholic
    [occupation] => House Wife
    [middle_name] => LAGRADA
    [name_extension] => 
    [age] => 54
    [birthdate] => 1971-11-17
    [birthplace] => BALBAGON MAMBAJAO CAMIGUIN
    [sex] => Female
    [monthly_income] => 0
    [id_card_presented] => 
    [id_card_number] => 
    [house_no] => 
    [street] => Lower
    [subdivision] => Maslog
    [permanent_barangay] => Balbagon
    [permanent_city] => Mambajao
    [permanent_province] => Camiguin
    [zip_code] => 9100
    [is_4ps_beneficiary] => 0
    [vulnerable_older_persons] => 0
    [vulnerable_pregnant] => 0
    [vulnerable_lactating] => 0
    [vulnerable_pwd] => 0
    [ownership_status] => Owner
    [shelter_damage] => No Damage
    [registration_date] => 2026-03-25
    [data_privacy_consent] => 1
    [contact_number] => 
    [family_members] => Array
        (
            [0] => Array
                (
                    [name] => ANGELOU SIMENE
                    [relation] => Son
                    [birthdate] => 2014-12-09
                    [age] => 11
                    [sex] => Male
                    [education] => COLLEGE GRAD
                    [occupation] => Student
                    [remarks] => 
                    [status] => active
                )

            [1] => Array
                (
                    [name] => ROLANDO SIMENE
                    [relation] => Husband
                    [birthdate] => 1972-02-01
                    [age] => 54
                    [sex] => Male
                    [education] => HIGH SCHOOL LEVEL
                    [occupation] => Fisher Man
                    [remarks] => 
                    [status] => active
                )

        )

)

DEBUG - 2026-04-06 10:36:26 --> Inserted resident ID: 107, Name: CLARITA SIMENE
DEBUG - 2026-04-06 10:36:26 --> Inserted family member: ANGELOU SIMENE
DEBUG - 2026-04-06 10:36:26 --> Inserted family member: ROLANDO SIMENE
DEBUG - 2026-04-06 10:36:26 --> Checking row 995: Array
(
    [0] => 
    [1] => 
    [2] => Department of Social Welfare and Development
    [3] => 
    [4] => 
    [5] => 
    [6] => 
    [7] => 
    [8] => 
    [9] => 
    [10] => 
    [11] => 
    [12] => 
    [13] => BENEFICIARY'S COPY
    [14] => 
    [15] => 
)

DEBUG - 2026-04-06 10:36:26 --> Checking row 996: Array
(
    [0] => 
    [1] => 
    [2] => FAMILY ASSISTANCE CARD IN EMERGENCIES AND DISASTERS (FACED)
    [3] => 
    [4] => 
    [5] => 
    [6] => 
    [7] => 
    [8] => 
    [9] => 
    [10] => 
    [11] => 
    [12] => 
    [13] => SERIAL NUMBER: 0034
    [14] => 
    [15] => 
)

DEBUG - 2026-04-06 10:36:26 --> Checking row 997: Array
(
    [0] => LOCATION OF THE AFFECTED FAMILY
    [1] => 
    [2] => 
    [3] => 
    [4] => 
    [5] => 
    [6] => 
    [7] => 
    [8] => 
    [9] => 
    [10] => 
    [11] => 
    [12] => 
    [13] => 
    [14] => 
    [15] => 
)

DEBUG - 2026-04-06 10:36:26 --> Checking row 998: Array
(
    [0] => 1. REGION
REGION X
    [1] => 
    [2] => 
    [3] => 2. PROVINCE
CAMIGUIN
    [4] => 
    [5] => 
    [6] => 3. DISTRICT

    [7] => 
    [8] => 
    [9] => 4. CITY/MUNICIPALITY
MAMBAJAO
    [10] => 
    [11] => 
    [12] => 5. BARANGAY
BALBAGON
    [13] => 
    [14] => 6. EVACUATION CENTER/SITE
CPSC
    [15] => 
)

DEBUG - 2026-04-06 10:36:26 --> Checking row 999: Array
(
    [0] => 
    [1] => 
    [2] => 
    [3] => 
    [4] => 
    [5] => 
    [6] => 
    [7] => 
    [8] => 
    [9] => 
    [10] => 
    [11] => 
    [12] => 
    [13] => 
    [14] => 
    [15] => 
)

DEBUG - 2026-04-06 10:36:26 --> Checking row 1000: Array
(
    [0] => HEAD OF THE FAMILY
    [1] => 
    [2] => 
    [3] => 
    [4] => 
    [5] => 
    [6] => 
    [7] => 
    [8] => 
    [9] => 
    [10] => 
    [11] => 
    [12] => 
    [13] => 
    [14] => 
    [15] => 
)

DEBUG - 2026-04-06 10:36:26 --> Found 'HEAD OF THE FAMILY' at row 1000, column 0
DEBUG - 2026-04-06 10:36:26 --> parseFacedCard called with startRow: 1000
DEBUG - 2026-04-06 10:36:26 --> Found household_no: 0034
DEBUG - 2026-04-06 10:36:26 --> Family header at row 1009 → data from 1010
DEBUG - 2026-04-06 10:36:26 --> Parsed: ILUMINADSA CAILING | HH#: 0034 | Members: 0
DEBUG - 2026-04-06 10:36:26 --> Parsed resident data: Array
(
    [household_no] => 0034
    [region] => REGION X
    [province] => CAMIGUIN
    [district] => 
    [city_municipality] => MAMBAJAO
    [barangay] => BALBAGON
    [evacuation_center] => CPSC
    [last_name] => CAILING
    [civil_status] => Widowed
    [mother_maiden_name] => 
    [first_name] => ILUMINADSA
    [religion] => Roman Catholic
    [occupation] => 
    [middle_name] => LABI
    [name_extension] => 
    [age] => 72
    [birthdate] => 1953-11-29
    [birthplace] => BALBAGON MAMBAJAO CAMIGUIN
    [sex] => 
    [monthly_income] => 0
    [id_card_presented] => 
    [id_card_number] => 
    [house_no] => 
    [street] => Lower
    [subdivision] => Maslog
    [permanent_barangay] => Balbagon
    [permanent_city] => Mambajao
    [permanent_province] => Camiguin
    [zip_code] => 9100
    [is_4ps_beneficiary] => 0
    [vulnerable_older_persons] => 0
    [vulnerable_pregnant] => 0
    [vulnerable_lactating] => 0
    [vulnerable_pwd] => 0
    [ownership_status] => Owner
    [shelter_damage] => No Damage
    [registration_date] => 2026-03-25
    [data_privacy_consent] => 1
    [contact_number] => 
    [family_members] => Array
        (
        )

)

DEBUG - 2026-04-06 10:36:26 --> Inserted resident ID: 108, Name: ILUMINADSA CAILING
DEBUG - 2026-04-06 10:36:26 --> Checking row 1025: Array
(
    [0] => 
    [1] => 
    [2] => Department of Social Welfare and Development
    [3] => 
    [4] => 
    [5] => 
    [6] => 
    [7] => 
    [8] => 
    [9] => 
    [10] => 
    [11] => 
    [12] => 
    [13] => BENEFICIARY'S COPY
    [14] => 
    [15] => 
)

DEBUG - 2026-04-06 10:36:26 --> Checking row 1026: Array
(
    [0] => 
    [1] => 
    [2] => FAMILY ASSISTANCE CARD IN EMERGENCIES AND DISASTERS (FACED)
    [3] => 
    [4] => 
    [5] => 
    [6] => 
    [7] => 
    [8] => 
    [9] => 
    [10] => 
    [11] => 
    [12] => 
    [13] => SERIAL NUMBER: 0035
    [14] => 
    [15] => 
)

DEBUG - 2026-04-06 10:36:26 --> Checking row 1027: Array
(
    [0] => LOCATION OF THE AFFECTED FAMILY
    [1] => 
    [2] => 
    [3] => 
    [4] => 
    [5] => 
    [6] => 
    [7] => 
    [8] => 
    [9] => 
    [10] => 
    [11] => 
    [12] => 
    [13] => 
    [14] => 
    [15] => 
)

DEBUG - 2026-04-06 10:36:26 --> Checking row 1028: Array
(
    [0] => 1. REGION
REGION X
    [1] => 
    [2] => 
    [3] => 2. PROVINCE
CAMIGUIN
    [4] => 
    [5] => 
    [6] => 3. DISTRICT

    [7] => 
    [8] => 
    [9] => 4. CITY/MUNICIPALITY
MAMBAJAO
    [10] => 
    [11] => 
    [12] => 5. BARANGAY
BALBAGON
    [13] => 
    [14] => 6. EVACUATION CENTER/SITE
CPSC
    [15] => 
)

DEBUG - 2026-04-06 10:36:26 --> Checking row 1029: Array
(
    [0] => 
    [1] => 
    [2] => 
    [3] => 
    [4] => 
    [5] => 
    [6] => 
    [7] => 
    [8] => 
    [9] => 
    [10] => 
    [11] => 
    [12] => 
    [13] => 
    [14] => 
    [15] => 
)

DEBUG - 2026-04-06 10:36:26 --> Checking row 1030: Array
(
    [0] => HEAD OF THE FAMILY
    [1] => 
    [2] => 
    [3] => 
    [4] => 
    [5] => 
    [6] => 
    [7] => 
    [8] => 
    [9] => 
    [10] => 
    [11] => 
    [12] => 
    [13] => 
    [14] => 
    [15] => 
)

DEBUG - 2026-04-06 10:36:26 --> Found 'HEAD OF THE FAMILY' at row 1030, column 0
DEBUG - 2026-04-06 10:36:26 --> parseFacedCard called with startRow: 1030
DEBUG - 2026-04-06 10:36:26 --> Found household_no: 0035
DEBUG - 2026-04-06 10:36:26 --> Family header at row 1039 → data from 1040
DEBUG - 2026-04-06 10:36:26 --> Family member: BLAINE DUMALAGA
DEBUG - 2026-04-06 10:36:26 --> Parsed: EVONY JOY DUMALAGA | HH#: 0035 | Members: 1
DEBUG - 2026-04-06 10:36:26 --> Parsed resident data: Array
(
    [household_no] => 0035
    [region] => REGION X
    [province] => CAMIGUIN
    [district] => 
    [city_municipality] => MAMBAJAO
    [barangay] => BALBAGON
    [evacuation_center] => CPSC
    [last_name] => DUMALAGA
    [civil_status] => Married
    [mother_maiden_name] => 
    [first_name] => EVONY JOY
    [religion] => Roman Catholic
    [occupation] => Manicure
    [middle_name] => GIMARANGAN
    [name_extension] => 
    [age] => 39
    [birthdate] => 1987-02-10
    [birthplace] => BALBAGON MAMBAJAO CAMIGUIN
    [sex] => Female
    [monthly_income] => 5000
    [id_card_presented] => 
    [id_card_number] => 
    [house_no] => 
    [street] => Lower
    [subdivision] => Maslog
    [permanent_barangay] => Balbagon
    [permanent_city] => Mambajao
    [permanent_province] => Camiguin
    [zip_code] => 9100
    [is_4ps_beneficiary] => 0
    [vulnerable_older_persons] => 0
    [vulnerable_pregnant] => 0
    [vulnerable_lactating] => 0
    [vulnerable_pwd] => 0
    [ownership_status] => Owner
    [shelter_damage] => No Damage
    [registration_date] => 2026-03-25
    [data_privacy_consent] => 1
    [contact_number] => 
    [family_members] => Array
        (
            [0] => Array
                (
                    [name] => BLAINE DUMALAGA
                    [relation] => Husband
                    [birthdate] => 1983-01-19
                    [age] => 43
                    [sex] => Male
                    [education] => HIGH SCHOOL GRAD
                    [occupation] => None
                    [remarks] => 
                    [status] => active
                )

        )

)

DEBUG - 2026-04-06 10:36:26 --> Inserted resident ID: 109, Name: EVONY JOY DUMALAGA
DEBUG - 2026-04-06 10:36:26 --> Inserted family member: BLAINE DUMALAGA
DEBUG - 2026-04-06 10:36:26 --> Checking row 1055: Array
(
    [0] => 
    [1] => 
    [2] => Department of Social Welfare and Development
    [3] => 
    [4] => 
    [5] => 
    [6] => 
    [7] => 
    [8] => 
    [9] => 
    [10] => 
    [11] => 
    [12] => 
    [13] => BENEFICIARY'S COPY
    [14] => 
    [15] => 
)

DEBUG - 2026-04-06 10:36:26 --> Checking row 1056: Array
(
    [0] => 
    [1] => 
    [2] => FAMILY ASSISTANCE CARD IN EMERGENCIES AND DISASTERS (FACED)
    [3] => 
    [4] => 
    [5] => 
    [6] => 
    [7] => 
    [8] => 
    [9] => 
    [10] => 
    [11] => 
    [12] => 
    [13] => SERIAL NUMBER: 0036
    [14] => 
    [15] => 
)

DEBUG - 2026-04-06 10:36:26 --> Checking row 1057: Array
(
    [0] => LOCATION OF THE AFFECTED FAMILY
    [1] => 
    [2] => 
    [3] => 
    [4] => 
    [5] => 
    [6] => 
    [7] => 
    [8] => 
    [9] => 
    [10] => 
    [11] => 
    [12] => 
    [13] => 
    [14] => 
    [15] => 
)

DEBUG - 2026-04-06 10:36:26 --> Checking row 1058: Array
(
    [0] => 1. REGION
REGION X
    [1] => 
    [2] => 
    [3] => 2. PROVINCE
CAMIGUIN
    [4] => 
    [5] => 
    [6] => 3. DISTRICT

    [7] => 
    [8] => 
    [9] => 4. CITY/MUNICIPALITY
MAMBAJAO
    [10] => 
    [11] => 
    [12] => 5. BARANGAY
BALBAGON
    [13] => 
    [14] => 6. EVACUATION CENTER/SITE
CPSC
    [15] => 
)

DEBUG - 2026-04-06 10:36:26 --> Checking row 1059: Array
(
    [0] => 
    [1] => 
    [2] => 
    [3] => 
    [4] => 
    [5] => 
    [6] => 
    [7] => 
    [8] => 
    [9] => 
    [10] => 
    [11] => 
    [12] => 
    [13] => 
    [14] => 
    [15] => 
)

DEBUG - 2026-04-06 10:36:26 --> Checking row 1060: Array
(
    [0] => HEAD OF THE FAMILY
    [1] => 
    [2] => 
    [3] => 
    [4] => 
    [5] => 
    [6] => 
    [7] => 
    [8] => 
    [9] => 
    [10] => 
    [11] => 
    [12] => 
    [13] => 
    [14] => 
    [15] => 
)

DEBUG - 2026-04-06 10:36:26 --> Found 'HEAD OF THE FAMILY' at row 1060, column 0
DEBUG - 2026-04-06 10:36:26 --> parseFacedCard called with startRow: 1060
DEBUG - 2026-04-06 10:36:26 --> Found household_no: 0036
DEBUG - 2026-04-06 10:36:26 --> Family header at row 1069 → data from 1070
DEBUG - 2026-04-06 10:36:26 --> Family member: JAMES CLIENT UAYAN
DEBUG - 2026-04-06 10:36:26 --> Family member: JACQUELYN UAYAN
DEBUG - 2026-04-06 10:36:26 --> Parsed: ANABELLE UAYAN | HH#: 0036 | Members: 2
DEBUG - 2026-04-06 10:36:26 --> Parsed resident data: Array
(
    [household_no] => 0036
    [region] => REGION X
    [province] => CAMIGUIN
    [district] => 
    [city_municipality] => MAMBAJAO
    [barangay] => BALBAGON
    [evacuation_center] => CPSC
    [last_name] => UAYAN
    [civil_status] => Married
    [mother_maiden_name] => 
    [first_name] => ANABELLE
    [religion] => Roman Catholic
    [occupation] => Sales Lady
    [middle_name] => UIMIT
    [name_extension] => 
    [age] => 51
    [birthdate] => 1975-02-07
    [birthplace] => BALBAGON MAMBAJAO CAMIGUIN
    [sex] => Female
    [monthly_income] => 7000
    [id_card_presented] => 
    [id_card_number] => 
    [house_no] => 
    [street] => Lower
    [subdivision] => Maslog
    [permanent_barangay] => Balbagon
    [permanent_city] => Mambajao
    [permanent_province] => Camiguin
    [zip_code] => 9100
    [is_4ps_beneficiary] => 0
    [vulnerable_older_persons] => 0
    [vulnerable_pregnant] => 0
    [vulnerable_lactating] => 0
    [vulnerable_pwd] => 0
    [ownership_status] => Owner
    [shelter_damage] => No Damage
    [registration_date] => 2026-03-25
    [data_privacy_consent] => 1
    [contact_number] => 
    [family_members] => Array
        (
            [0] => Array
                (
                    [name] => JAMES CLIENT UAYAN
                    [relation] => Son
                    [birthdate] => 2009-08-14
                    [age] => 16
                    [sex] => Male
                    [education] => HIGHSCHOOL
                    [occupation] => Student
                    [remarks] => 
                    [status] => active
                )

            [1] => Array
                (
                    [name] => JACQUELYN UAYAN
                    [relation] => Daughter
                    [birthdate] => 
                    [age] => 0
                    [sex] => Female
                    [education] => 
                    [occupation] => 
                    [remarks] => 
                    [status] => active
                )

        )

)

DEBUG - 2026-04-06 10:36:26 --> Inserted resident ID: 110, Name: ANABELLE UAYAN
DEBUG - 2026-04-06 10:36:26 --> Inserted family member: JAMES CLIENT UAYAN
DEBUG - 2026-04-06 10:36:26 --> Inserted family member: JACQUELYN UAYAN
DEBUG - 2026-04-06 10:36:26 --> Checking row 1085: Array
(
    [0] => 
    [1] => 
    [2] => Department of Social Welfare and Development
    [3] => 
    [4] => 
    [5] => 
    [6] => 
    [7] => 
    [8] => 
    [9] => 
    [10] => 
    [11] => 
    [12] => 
    [13] => BENEFICIARY'S COPY
    [14] => 
    [15] => 
)

DEBUG - 2026-04-06 10:36:26 --> Checking row 1086: Array
(
    [0] => 
    [1] => 
    [2] => FAMILY ASSISTANCE CARD IN EMERGENCIES AND DISASTERS (FACED)
    [3] => 
    [4] => 
    [5] => 
    [6] => 
    [7] => 
    [8] => 
    [9] => 
    [10] => 
    [11] => 
    [12] => 
    [13] => SERIAL NUMBER: 0037
    [14] => 
    [15] => 
)

DEBUG - 2026-04-06 10:36:26 --> Checking row 1087: Array
(
    [0] => LOCATION OF THE AFFECTED FAMILY
    [1] => 
    [2] => 
    [3] => 
    [4] => 
    [5] => 
    [6] => 
    [7] => 
    [8] => 
    [9] => 
    [10] => 
    [11] => 
    [12] => 
    [13] => 
    [14] => 
    [15] => 
)

DEBUG - 2026-04-06 10:36:26 --> Checking row 1088: Array
(
    [0] => 1. REGION
REGION X
    [1] => 
    [2] => 
    [3] => 2. PROVINCE
CAMIGUIN
    [4] => 
    [5] => 
    [6] => 3. DISTRICT

    [7] => 
    [8] => 
    [9] => 4. CITY/MUNICIPALITY
MAMBAJAO
    [10] => 
    [11] => 
    [12] => 5. BARANGAY
BALBAGON
    [13] => 
    [14] => 6. EVACUATION CENTER/SITE
CPSC
    [15] => 
)

DEBUG - 2026-04-06 10:36:26 --> Checking row 1089: Array
(
    [0] => 
    [1] => 
    [2] => 
    [3] => 
    [4] => 
    [5] => 
    [6] => 
    [7] => 
    [8] => 
    [9] => 
    [10] => 
    [11] => 
    [12] => 
    [13] => 
    [14] => 
    [15] => 
)

DEBUG - 2026-04-06 10:36:26 --> Checking row 1090: Array
(
    [0] => HEAD OF THE FAMILY
    [1] => 
    [2] => 
    [3] => 
    [4] => 
    [5] => 
    [6] => 
    [7] => 
    [8] => 
    [9] => 
    [10] => 
    [11] => 
    [12] => 
    [13] => 
    [14] => 
    [15] => 
)

DEBUG - 2026-04-06 10:36:26 --> Found 'HEAD OF THE FAMILY' at row 1090, column 0
DEBUG - 2026-04-06 10:36:26 --> parseFacedCard called with startRow: 1090
DEBUG - 2026-04-06 10:36:26 --> Found household_no: 0037
DEBUG - 2026-04-06 10:36:26 --> Family header at row 1099 → data from 1100
DEBUG - 2026-04-06 10:36:26 --> Parsed: FE LABI | HH#: 0037 | Members: 0
DEBUG - 2026-04-06 10:36:26 --> Parsed resident data: Array
(
    [household_no] => 0037
    [region] => REGION X
    [province] => CAMIGUIN
    [district] => 
    [city_municipality] => MAMBAJAO
    [barangay] => BALBAGON
    [evacuation_center] => CPSC
    [last_name] => LABI
    [civil_status] => Widowed
    [mother_maiden_name] => 
    [first_name] => FE
    [religion] => Roman Catholic
    [occupation] => 
    [middle_name] => CASTINO
    [name_extension] => 
    [age] => 67
    [birthdate] => 1958-12-15
    [birthplace] => BALBAGON MAMBAJAO CAMIGUIN
    [sex] => Female
    [monthly_income] => 0
    [id_card_presented] => 
    [id_card_number] => 
    [house_no] => 
    [street] => Lower
    [subdivision] => Maslog
    [permanent_barangay] => Balbagon
    [permanent_city] => Mambajao
    [permanent_province] => Camiguin
    [zip_code] => 9100
    [is_4ps_beneficiary] => 0
    [vulnerable_older_persons] => 0
    [vulnerable_pregnant] => 0
    [vulnerable_lactating] => 0
    [vulnerable_pwd] => 0
    [ownership_status] => Owner
    [shelter_damage] => No Damage
    [registration_date] => 2026-03-25
    [data_privacy_consent] => 1
    [contact_number] => 
    [family_members] => Array
        (
        )

)

DEBUG - 2026-04-06 10:36:26 --> Inserted resident ID: 111, Name: FE LABI
DEBUG - 2026-04-06 10:36:26 --> Checking row 1115: Array
(
    [0] => 
    [1] => 
    [2] => Department of Social Welfare and Development
    [3] => 
    [4] => 
    [5] => 
    [6] => 
    [7] => 
    [8] => 
    [9] => 
    [10] => 
    [11] => 
    [12] => 
    [13] => BENEFICIARY'S COPY
    [14] => 
    [15] => 
)

DEBUG - 2026-04-06 10:36:26 --> Checking row 1116: Array
(
    [0] => 
    [1] => 
    [2] => FAMILY ASSISTANCE CARD IN EMERGENCIES AND DISASTERS (FACED)
    [3] => 
    [4] => 
    [5] => 
    [6] => 
    [7] => 
    [8] => 
    [9] => 
    [10] => 
    [11] => 
    [12] => 
    [13] => SERIAL NUMBER: 0038
    [14] => 
    [15] => 
)

DEBUG - 2026-04-06 10:36:26 --> Checking row 1117: Array
(
    [0] => LOCATION OF THE AFFECTED FAMILY
    [1] => 
    [2] => 
    [3] => 
    [4] => 
    [5] => 
    [6] => 
    [7] => 
    [8] => 
    [9] => 
    [10] => 
    [11] => 
    [12] => 
    [13] => 
    [14] => 
    [15] => 
)

DEBUG - 2026-04-06 10:36:26 --> Checking row 1118: Array
(
    [0] => 1. REGION
REGION X
    [1] => 
    [2] => 
    [3] => 2. PROVINCE
CAMIGUIN
    [4] => 
    [5] => 
    [6] => 3. DISTRICT

    [7] => 
    [8] => 
    [9] => 4. CITY/MUNICIPALITY
MAMBAJAO
    [10] => 
    [11] => 
    [12] => 5. BARANGAY
BALBAGON
    [13] => 
    [14] => 6. EVACUATION CENTER/SITE
CPSC
    [15] => 
)

DEBUG - 2026-04-06 10:36:26 --> Checking row 1119: Array
(
    [0] => 
    [1] => 
    [2] => 
    [3] => 
    [4] => 
    [5] => 
    [6] => 
    [7] => 
    [8] => 
    [9] => 
    [10] => 
    [11] => 
    [12] => 
    [13] => 
    [14] => 
    [15] => 
)

DEBUG - 2026-04-06 10:36:26 --> Checking row 1120: Array
(
    [0] => HEAD OF THE FAMILY
    [1] => 
    [2] => 
    [3] => 
    [4] => 
    [5] => 
    [6] => 
    [7] => 
    [8] => 
    [9] => 
    [10] => 
    [11] => 
    [12] => 
    [13] => 
    [14] => 
    [15] => 
)

DEBUG - 2026-04-06 10:36:26 --> Found 'HEAD OF THE FAMILY' at row 1120, column 0
DEBUG - 2026-04-06 10:36:26 --> parseFacedCard called with startRow: 1120
DEBUG - 2026-04-06 10:36:26 --> Found household_no: 0038
DEBUG - 2026-04-06 10:36:26 --> Family header at row 1129 → data from 1130
DEBUG - 2026-04-06 10:36:26 --> Family member: JOHN LAURENCE  LABI
DEBUG - 2026-04-06 10:36:26 --> Family member: CHRISTINE JANE LABI
DEBUG - 2026-04-06 10:36:26 --> Family member: RICHARD  LABI JR.
DEBUG - 2026-04-06 10:36:26 --> Parsed: JULIE LABI | HH#: 0038 | Members: 3
DEBUG - 2026-04-06 10:36:26 --> Parsed resident data: Array
(
    [household_no] => 0038
    [region] => REGION X
    [province] => CAMIGUIN
    [district] => 
    [city_municipality] => MAMBAJAO
    [barangay] => BALBAGON
    [evacuation_center] => CPSC
    [last_name] => LABI
    [civil_status] => Married
    [mother_maiden_name] => 
    [first_name] => JULIE
    [religion] => Roman Catholic
    [occupation] => House Wife
    [middle_name] => ZAMORA
    [name_extension] => 
    [age] => 33
    [birthdate] => 1992-06-05
    [birthplace] => CGH
    [sex] => Female
    [monthly_income] => 0
    [id_card_presented] => 
    [id_card_number] => 
    [house_no] => 
    [street] => Lower
    [subdivision] => Maslog
    [permanent_barangay] => Balbagon
    [permanent_city] => Mambajao
    [permanent_province] => Camiguin
    [zip_code] => 9100
    [is_4ps_beneficiary] => 0
    [vulnerable_older_persons] => 0
    [vulnerable_pregnant] => 0
    [vulnerable_lactating] => 0
    [vulnerable_pwd] => 0
    [ownership_status] => Owner
    [shelter_damage] => No Damage
    [registration_date] => 2026-03-25
    [data_privacy_consent] => 1
    [contact_number] => 
    [family_members] => Array
        (
            [0] => Array
                (
                    [name] => JOHN LAURENCE  LABI
                    [relation] => Son
                    [birthdate] => 2010-03-15
                    [age] => 16
                    [sex] => Male
                    [education] => HIGHSCHOOL  GRAD
                    [occupation] => Osy
                    [remarks] => 
                    [status] => active
                )

            [1] => Array
                (
                    [name] => CHRISTINE JANE LABI
                    [relation] => Daughter
                    [birthdate] => 2013-02-03
                    [age] => 13
                    [sex] => Female
                    [education] => HIGHSCHOOL
                    [occupation] => Student
                    [remarks] => 
                    [status] => active
                )

            [2] => Array
                (
                    [name] => RICHARD  LABI JR.
                    [relation] => Son
                    [birthdate] => 2017-03-01
                    [age] => 9
                    [sex] => Male
                    [education] => ELEMENTARY
                    [occupation] => Student
                    [remarks] => 
                    [status] => active
                )

        )

)

DEBUG - 2026-04-06 10:36:26 --> Inserted resident ID: 112, Name: JULIE LABI
DEBUG - 2026-04-06 10:36:26 --> Inserted family member: JOHN LAURENCE  LABI
DEBUG - 2026-04-06 10:36:26 --> Inserted family member: CHRISTINE JANE LABI
DEBUG - 2026-04-06 10:36:26 --> Inserted family member: RICHARD  LABI JR.
DEBUG - 2026-04-06 10:36:26 --> Checking row 1145: Array
(
    [0] => 
    [1] => 
    [2] => Department of Social Welfare and Development
    [3] => 
    [4] => 
    [5] => 
    [6] => 
    [7] => 
    [8] => 
    [9] => 
    [10] => 
    [11] => 
    [12] => 
    [13] => BENEFICIARY'S COPY
    [14] => 
    [15] => 
)

DEBUG - 2026-04-06 10:36:26 --> Checking row 1146: Array
(
    [0] => 
    [1] => 
    [2] => FAMILY ASSISTANCE CARD IN EMERGENCIES AND DISASTERS (FACED)
    [3] => 
    [4] => 
    [5] => 
    [6] => 
    [7] => 
    [8] => 
    [9] => 
    [10] => 
    [11] => 
    [12] => 
    [13] => SERIAL NUMBER: 0039
    [14] => 
    [15] => 
)

DEBUG - 2026-04-06 10:36:26 --> Checking row 1147: Array
(
    [0] => LOCATION OF THE AFFECTED FAMILY
    [1] => 
    [2] => 
    [3] => 
    [4] => 
    [5] => 
    [6] => 
    [7] => 
    [8] => 
    [9] => 
    [10] => 
    [11] => 
    [12] => 
    [13] => 
    [14] => 
    [15] => 
)

DEBUG - 2026-04-06 10:36:26 --> Checking row 1148: Array
(
    [0] => 1. REGION

    [1] => 
    [2] => 
    [3] => 2. PROVINCE

    [4] => 
    [5] => 
    [6] => 3. DISTRICT

    [7] => 
    [8] => 
    [9] => 4. CITY/MUNICIPALITY

    [10] => 
    [11] => 
    [12] => 5. BARANGAY
POBLACION
    [13] => 
    [14] => 6. EVACUATION CENTER/SITE

    [15] => 
)

DEBUG - 2026-04-06 10:36:26 --> Checking row 1149: Array
(
    [0] => 
    [1] => 
    [2] => 
    [3] => 
    [4] => 
    [5] => 
    [6] => 
    [7] => 
    [8] => 
    [9] => 
    [10] => 
    [11] => 
    [12] => 
    [13] => 
    [14] => 
    [15] => 
)

DEBUG - 2026-04-06 10:36:26 --> Checking row 1150: Array
(
    [0] => HEAD OF THE FAMILY
    [1] => 
    [2] => 
    [3] => 
    [4] => 
    [5] => 
    [6] => 
    [7] => 
    [8] => 
    [9] => 
    [10] => 
    [11] => 
    [12] => 
    [13] => 
    [14] => 
    [15] => 
)

DEBUG - 2026-04-06 10:36:26 --> Found 'HEAD OF THE FAMILY' at row 1150, column 0
DEBUG - 2026-04-06 10:36:26 --> parseFacedCard called with startRow: 1150
DEBUG - 2026-04-06 10:36:26 --> Found household_no: 0039
DEBUG - 2026-04-06 10:36:26 --> Family header at row 1159 → data from 1160
DEBUG - 2026-04-06 10:36:26 --> Family member: FLORA EBARLE
DEBUG - 2026-04-06 10:36:26 --> Family member: KENJIE EBARLE
DEBUG - 2026-04-06 10:36:26 --> Parsed: MEGEULITO EBARLE | HH#: 0039 | Members: 2
DEBUG - 2026-04-06 10:36:26 --> Parsed resident data: Array
(
    [household_no] => 0039
    [region] => 
    [province] => 
    [district] => 
    [city_municipality] => 
    [barangay] => POBLACION
    [evacuation_center] => 
    [last_name] => EBARLE
    [civil_status] => Married
    [mother_maiden_name] => 
    [first_name] => MEGEULITO
    [religion] => Catholic
    [occupation] => Fisherman
    [middle_name] => TIZON
    [name_extension] => 
    [age] => 55
    [birthdate] => 1970-10-16
    [birthplace] => MAMBAJAO, CAMIGUIN
    [sex] => Male
    [monthly_income] => 0
    [id_card_presented] => 
    [id_card_number] => 
    [house_no] => 
    [street] => Tapon
    [subdivision] => 
    [permanent_barangay] => Poblacion
    [permanent_city] => Mambajao
    [permanent_province] => Camiguin
    [zip_code] => 
    [is_4ps_beneficiary] => 0
    [vulnerable_older_persons] => 0
    [vulnerable_pregnant] => 0
    [vulnerable_lactating] => 0
    [vulnerable_pwd] => 0
    [ownership_status] => Owner
    [shelter_damage] => No Damage
    [registration_date] => 2026-03-25
    [data_privacy_consent] => 1
    [contact_number] => 
    [family_members] => Array
        (
            [0] => Array
                (
                    [name] => FLORA EBARLE
                    [relation] => Wife
                    [birthdate] => 1975-01-19
                    [age] => 51
                    [sex] => Female
                    [education] => COLLEGE
                    [occupation] => Fish Vendor
                    [remarks] => 
                    [status] => active
                )

            [1] => Array
                (
                    [name] => KENJIE EBARLE
                    [relation] => Daughter
                    [birthdate] => 2006-12-17
                    [age] => 19
                    [sex] => Female
                    [education] => COLLEGE
                    [occupation] => Student
                    [remarks] => 
                    [status] => active
                )

        )

)

DEBUG - 2026-04-06 10:36:26 --> Inserted resident ID: 113, Name: MEGEULITO EBARLE
DEBUG - 2026-04-06 10:36:26 --> Inserted family member: FLORA EBARLE
DEBUG - 2026-04-06 10:36:26 --> Inserted family member: KENJIE EBARLE
DEBUG - 2026-04-06 10:36:26 --> Checking row 1175: Array
(
    [0] => 
    [1] => 
    [2] => Department of Social Welfare and Development
    [3] => 
    [4] => 
    [5] => 
    [6] => 
    [7] => 
    [8] => 
    [9] => 
    [10] => 
    [11] => 
    [12] => 
    [13] => BENEFICIARY'S COPY
    [14] => 
    [15] => 
)

DEBUG - 2026-04-06 10:36:26 --> Checking row 1176: Array
(
    [0] => 
    [1] => 
    [2] => FAMILY ASSISTANCE CARD IN EMERGENCIES AND DISASTERS (FACED)
    [3] => 
    [4] => 
    [5] => 
    [6] => 
    [7] => 
    [8] => 
    [9] => 
    [10] => 
    [11] => 
    [12] => 
    [13] => SERIAL NUMBER: 0040
    [14] => 
    [15] => 
)

DEBUG - 2026-04-06 10:36:26 --> Checking row 1177: Array
(
    [0] => LOCATION OF THE AFFECTED FAMILY
    [1] => 
    [2] => 
    [3] => 
    [4] => 
    [5] => 
    [6] => 
    [7] => 
    [8] => 
    [9] => 
    [10] => 
    [11] => 
    [12] => 
    [13] => 
    [14] => 
    [15] => 
)

DEBUG - 2026-04-06 10:36:26 --> Checking row 1178: Array
(
    [0] => 1. REGION

    [1] => 
    [2] => 
    [3] => 2. PROVINCE

    [4] => 
    [5] => 
    [6] => 3. DISTRICT

    [7] => 
    [8] => 
    [9] => 4. CITY/MUNICIPALITY

    [10] => 
    [11] => 
    [12] => 5. BARANGAY
POBLACION
    [13] => 
    [14] => 6. EVACUATION CENTER/SITE

    [15] => 
)

DEBUG - 2026-04-06 10:36:26 --> Checking row 1179: Array
(
    [0] => 
    [1] => 
    [2] => 
    [3] => 
    [4] => 
    [5] => 
    [6] => 
    [7] => 
    [8] => 
    [9] => 
    [10] => 
    [11] => 
    [12] => 
    [13] => 
    [14] => 
    [15] => 
)

DEBUG - 2026-04-06 10:36:26 --> Checking row 1180: Array
(
    [0] => HEAD OF THE FAMILY
    [1] => 
    [2] => 
    [3] => 
    [4] => 
    [5] => 
    [6] => 
    [7] => 
    [8] => 
    [9] => 
    [10] => 
    [11] => 
    [12] => 
    [13] => 
    [14] => 
    [15] => 
)

DEBUG - 2026-04-06 10:36:26 --> Found 'HEAD OF THE FAMILY' at row 1180, column 0
DEBUG - 2026-04-06 10:36:26 --> parseFacedCard called with startRow: 1180
DEBUG - 2026-04-06 10:36:26 --> Found household_no: 0040
DEBUG - 2026-04-06 10:36:26 --> Family header at row 1189 → data from 1190
DEBUG - 2026-04-06 10:36:26 --> Family member: JHESSU MONTENEGRO
DEBUG - 2026-04-06 10:36:26 --> Family member: EXQUIL MONTENEGRO
DEBUG - 2026-04-06 10:36:26 --> Family member: ZACH MONTENEGRO
DEBUG - 2026-04-06 10:36:26 --> Family member: LADY GRACE MONTENEGRO
DEBUG - 2026-04-06 10:36:26 --> Family member: MARY GRACE MONTENEGRO
DEBUG - 2026-04-06 10:36:26 --> Parsed: WILFREDO MONTENEGRO | HH#: 0040 | Members: 5
DEBUG - 2026-04-06 10:36:26 --> Parsed resident data: Array
(
    [household_no] => 0040
    [region] => 
    [province] => 
    [district] => 
    [city_municipality] => 
    [barangay] => POBLACION
    [evacuation_center] => 
    [last_name] => MONTENEGRO
    [civil_status] => Married
    [mother_maiden_name] => LUICIA POYUT
    [first_name] => WILFREDO
    [religion] => Catholic
    [occupation] => Vendor
    [middle_name] => ESTRIBOR
    [name_extension] => 
    [age] => 36
    [birthdate] => 1989-11-28
    [birthplace] => SURIGAO DEL NORTE
    [sex] => Male
    [monthly_income] => 12000
    [id_card_presented] => 
    [id_card_number] => 
    [house_no] => 
    [street] => Tapon
    [subdivision] => 
    [permanent_barangay] => Poblacion
    [permanent_city] => Mambajao
    [permanent_province] => Camiguin
    [zip_code] => 
    [is_4ps_beneficiary] => 1
    [vulnerable_older_persons] => 0
    [vulnerable_pregnant] => 0
    [vulnerable_lactating] => 0
    [vulnerable_pwd] => 0
    [ownership_status] => Owner
    [shelter_damage] => No Damage
    [registration_date] => 2026-03-25
    [data_privacy_consent] => 1
    [contact_number] => 
    [family_members] => Array
        (
            [0] => Array
                (
                    [name] => JHESSU MONTENEGRO
                    [relation] => Son
                    [birthdate] => 2014-06-30
                    [age] => 11
                    [sex] => Male
                    [education] => GRADE 6
                    [occupation] => 
                    [remarks] => 
                    [status] => active
                )

            [1] => Array
                (
                    [name] => EXQUIL MONTENEGRO
                    [relation] => Son
                    [birthdate] => 2016-01-03
                    [age] => 10
                    [sex] => Male
                    [education] => GRADE 5
                    [occupation] => 
                    [remarks] => 
                    [status] => active
                )

            [2] => Array
                (
                    [name] => ZACH MONTENEGRO
                    [relation] => Son
                    [birthdate] => 2019-02-20
                    [age] => 7
                    [sex] => Male
                    [education] => GRADE 1
                    [occupation] => 
                    [remarks] => 
                    [status] => active
                )

            [3] => Array
                (
                    [name] => LADY GRACE MONTENEGRO
                    [relation] => Wife
                    [birthdate] => 1987-05-08
                    [age] => 38
                    [sex] => Female
                    [education] => COLLEGE
                    [occupation] => Housewife
                    [remarks] => 
                    [status] => active
                )

            [4] => Array
                (
                    [name] => MARY GRACE MONTENEGRO
                    [relation] => Daughter
                    [birthdate] => 2012-07-14
                    [age] => 13
                    [sex] => Female
                    [education] => GRADE 8
                    [occupation] => 
                    [remarks] => 
                    [status] => active
                )

        )

)

DEBUG - 2026-04-06 10:36:26 --> Inserted resident ID: 114, Name: WILFREDO MONTENEGRO
DEBUG - 2026-04-06 10:36:26 --> Inserted family member: JHESSU MONTENEGRO
DEBUG - 2026-04-06 10:36:26 --> Inserted family member: EXQUIL MONTENEGRO
DEBUG - 2026-04-06 10:36:26 --> Inserted family member: ZACH MONTENEGRO
DEBUG - 2026-04-06 10:36:26 --> Inserted family member: LADY GRACE MONTENEGRO
DEBUG - 2026-04-06 10:36:26 --> Inserted family member: MARY GRACE MONTENEGRO
DEBUG - 2026-04-06 10:36:26 --> Checking row 1205: Array
(
    [0] => 
    [1] => 
    [2] => Department of Social Welfare and Development
    [3] => 
    [4] => 
    [5] => 
    [6] => 
    [7] => 
    [8] => 
    [9] => 
    [10] => 
    [11] => 
    [12] => 
    [13] => BENEFICIARY'S COPY
    [14] => 
    [15] => 
)

DEBUG - 2026-04-06 10:36:26 --> Checking row 1206: Array
(
    [0] => 
    [1] => 
    [2] => FAMILY ASSISTANCE CARD IN EMERGENCIES AND DISASTERS (FACED)
    [3] => 
    [4] => 
    [5] => 
    [6] => 
    [7] => 
    [8] => 
    [9] => 
    [10] => 
    [11] => 
    [12] => 
    [13] => SERIAL NUMBER: 0041
    [14] => 
    [15] => 
)

DEBUG - 2026-04-06 10:36:26 --> Checking row 1207: Array
(
    [0] => LOCATION OF THE AFFECTED FAMILY
    [1] => 
    [2] => 
    [3] => 
    [4] => 
    [5] => 
    [6] => 
    [7] => 
    [8] => 
    [9] => 
    [10] => 
    [11] => 
    [12] => 
    [13] => 
    [14] => 
    [15] => 
)

DEBUG - 2026-04-06 10:36:26 --> Checking row 1208: Array
(
    [0] => 1. REGION
REGION 10
    [1] => 
    [2] => 
    [3] => 2. PROVINCE
CAMIGUIN
    [4] => 
    [5] => 
    [6] => 3. DISTRICT

    [7] => 
    [8] => 
    [9] => 4. CITY/MUNICIPALITY
MAMBAJAO
    [10] => 
    [11] => 
    [12] => 5. BARANGAY
BALBAGON
    [13] => 
    [14] => 6. EVACUATION CENTER/SITE
CPSC
    [15] => 
)

DEBUG - 2026-04-06 10:36:26 --> Checking row 1209: Array
(
    [0] => 
    [1] => 
    [2] => 
    [3] => 
    [4] => 
    [5] => 
    [6] => 
    [7] => 
    [8] => 
    [9] => 
    [10] => 
    [11] => 
    [12] => 
    [13] => 
    [14] => 
    [15] => 
)

DEBUG - 2026-04-06 10:36:26 --> Checking row 1210: Array
(
    [0] => HEAD OF THE FAMILY
    [1] => 
    [2] => 
    [3] => 
    [4] => 
    [5] => 
    [6] => 
    [7] => 
    [8] => 
    [9] => 
    [10] => 
    [11] => 
    [12] => 
    [13] => 
    [14] => 
    [15] => 
)

DEBUG - 2026-04-06 10:36:26 --> Found 'HEAD OF THE FAMILY' at row 1210, column 0
DEBUG - 2026-04-06 10:36:26 --> parseFacedCard called with startRow: 1210
DEBUG - 2026-04-06 10:36:26 --> Found household_no: 0041
DEBUG - 2026-04-06 10:36:26 --> Family header at row 1219 → data from 1220
DEBUG - 2026-04-06 10:36:26 --> Family member: JENEYLEN LAGRADA
DEBUG - 2026-04-06 10:36:26 --> Family member: REYNIEL LAGRADA
DEBUG - 2026-04-06 10:36:26 --> Parsed: KEY LAGRADA | HH#: 0041 | Members: 2
DEBUG - 2026-04-06 10:36:26 --> Parsed resident data: Array
(
    [household_no] => 0041
    [region] => REGION 10
    [province] => CAMIGUIN
    [district] => 
    [city_municipality] => MAMBAJAO
    [barangay] => BALBAGON
    [evacuation_center] => CPSC
    [last_name] => LAGRADA
    [civil_status] => Married
    [mother_maiden_name] => EUGENIA LADESMA
    [first_name] => KEY
    [religion] => Catholic
    [occupation] => Delivery Man
    [middle_name] => LADESMA
    [name_extension] => 
    [age] => 32
    [birthdate] => 1993-12-11
    [birthplace] => BALBAGON, MAMBAJAO, CAMIGUIN
    [sex] => Male
    [monthly_income] => 7000
    [id_card_presented] => 
    [id_card_number] => 
    [house_no] => 
    [street] => Lower
    [subdivision] => Maslog
    [permanent_barangay] => Balbagon
    [permanent_city] => Mambajao
    [permanent_province] => Camiguin
    [zip_code] => 9100
    [is_4ps_beneficiary] => 0
    [vulnerable_older_persons] => 0
    [vulnerable_pregnant] => 0
    [vulnerable_lactating] => 0
    [vulnerable_pwd] => 0
    [ownership_status] => Owner
    [shelter_damage] => No Damage
    [registration_date] => 2026-03-25
    [data_privacy_consent] => 1
    [contact_number] => 
    [family_members] => Array
        (
            [0] => Array
                (
                    [name] => JENEYLEN LAGRADA
                    [relation] => Wife
                    [birthdate] => 
                    [age] => 0
                    [sex] => Female
                    [education] => 
                    [occupation] => None
                    [remarks] => 
                    [status] => active
                )

            [1] => Array
                (
                    [name] => REYNIEL LAGRADA
                    [relation] => Son
                    [birthdate] => 2018-06-01
                    [age] => 7
                    [sex] => Male
                    [education] => GRADE 2
                    [occupation] => Student
                    [remarks] => 
                    [status] => active
                )

        )

)

DEBUG - 2026-04-06 10:36:26 --> Inserted resident ID: 115, Name: KEY LAGRADA
DEBUG - 2026-04-06 10:36:26 --> Inserted family member: JENEYLEN LAGRADA
DEBUG - 2026-04-06 10:36:26 --> Inserted family member: REYNIEL LAGRADA
DEBUG - 2026-04-06 10:36:26 --> Checking row 1235: Array
(
    [0] => 
    [1] => 
    [2] => Department of Social Welfare and Development
    [3] => 
    [4] => 
    [5] => 
    [6] => 
    [7] => 
    [8] => 
    [9] => 
    [10] => 
    [11] => 
    [12] => 
    [13] => BENEFICIARY'S COPY
    [14] => 
    [15] => 
)

DEBUG - 2026-04-06 10:36:26 --> Checking row 1236: Array
(
    [0] => 
    [1] => 
    [2] => FAMILY ASSISTANCE CARD IN EMERGENCIES AND DISASTERS (FACED)
    [3] => 
    [4] => 
    [5] => 
    [6] => 
    [7] => 
    [8] => 
    [9] => 
    [10] => 
    [11] => 
    [12] => 
    [13] => SERIAL NUMBER: 0042
    [14] => 
    [15] => 
)

DEBUG - 2026-04-06 10:36:26 --> Checking row 1237: Array
(
    [0] => LOCATION OF THE AFFECTED FAMILY
    [1] => 
    [2] => 
    [3] => 
    [4] => 
    [5] => 
    [6] => 
    [7] => 
    [8] => 
    [9] => 
    [10] => 
    [11] => 
    [12] => 
    [13] => 
    [14] => 
    [15] => 
)

DEBUG - 2026-04-06 10:36:26 --> Checking row 1238: Array
(
    [0] => 1. REGION

    [1] => 
    [2] => 
    [3] => 2. PROVINCE

    [4] => 
    [5] => 
    [6] => 3. DISTRICT

    [7] => 
    [8] => 
    [9] => 4. CITY/MUNICIPALITY

    [10] => 
    [11] => 
    [12] => 5. BARANGAY
BALBAGON
    [13] => 
    [14] => 6. EVACUATION CENTER/SITE

    [15] => 
)

DEBUG - 2026-04-06 10:36:26 --> Checking row 1239: Array
(
    [0] => 
    [1] => 
    [2] => 
    [3] => 
    [4] => 
    [5] => 
    [6] => 
    [7] => 
    [8] => 
    [9] => 
    [10] => 
    [11] => 
    [12] => 
    [13] => 
    [14] => 
    [15] => 
)

DEBUG - 2026-04-06 10:36:26 --> Checking row 1240: Array
(
    [0] => HEAD OF THE FAMILY
    [1] => 
    [2] => 
    [3] => 
    [4] => 
    [5] => 
    [6] => 
    [7] => 
    [8] => 
    [9] => 
    [10] => 
    [11] => 
    [12] => 
    [13] => 
    [14] => 
    [15] => 
)

DEBUG - 2026-04-06 10:36:26 --> Found 'HEAD OF THE FAMILY' at row 1240, column 0
DEBUG - 2026-04-06 10:36:26 --> parseFacedCard called with startRow: 1240
DEBUG - 2026-04-06 10:36:26 --> Found household_no: 0042
DEBUG - 2026-04-06 10:36:26 --> Family header at row 1249 → data from 1250
DEBUG - 2026-04-06 10:36:26 --> Family member: ROBEN SALVANA
DEBUG - 2026-04-06 10:36:26 --> Family member: JESSA SALVANA
DEBUG - 2026-04-06 10:36:26 --> Family member: CLIENT JOMAR SALVANA
DEBUG - 2026-04-06 10:36:26 --> Family member: JHECHO SALVANA
DEBUG - 2026-04-06 10:36:26 --> Parsed: JONA SALVANA | HH#: 0042 | Members: 4
DEBUG - 2026-04-06 10:36:26 --> Parsed resident data: Array
(
    [household_no] => 0042
    [region] => 
    [province] => 
    [district] => 
    [city_municipality] => 
    [barangay] => BALBAGON
    [evacuation_center] => 
    [last_name] => SALVANA
    [civil_status] => Married
    [mother_maiden_name] => MARISA DAHAN
    [first_name] => JONA
    [religion] => Catholic
    [occupation] => Housewife
    [middle_name] => LOSHEN
    [name_extension] => 
    [age] => 38
    [birthdate] => 1987-07-07
    [birthplace] => BALBAGON
    [sex] => Female
    [monthly_income] => 10000
    [id_card_presented] => 
    [id_card_number] => 
    [house_no] => 
    [street] => 
    [subdivision] => 
    [permanent_barangay] => 
    [permanent_city] => 
    [permanent_province] => Balbagon
    [zip_code] => 
    [is_4ps_beneficiary] => 0
    [vulnerable_older_persons] => 0
    [vulnerable_pregnant] => 0
    [vulnerable_lactating] => 0
    [vulnerable_pwd] => 0
    [ownership_status] => Owner
    [shelter_damage] => No Damage
    [registration_date] => 2026-03-25
    [data_privacy_consent] => 1
    [contact_number] => 
    [family_members] => Array
        (
            [0] => Array
                (
                    [name] => ROBEN SALVANA
                    [relation] => Wife
                    [birthdate] => 1991-07-10
                    [age] => 34
                    [sex] => Male
                    [education] => HIGHSCHOOL GRAD
                    [occupation] => 
                    [remarks] => 
                    [status] => active
                )

            [1] => Array
                (
                    [name] => JESSA SALVANA
                    [relation] => Daughter
                    [birthdate] => 2014-08-07
                    [age] => 11
                    [sex] => Female
                    [education] => HIGHSCHOOL
                    [occupation] => 
                    [remarks] => 
                    [status] => active
                )

            [2] => Array
                (
                    [name] => CLIENT JOMAR SALVANA
                    [relation] => Son
                    [birthdate] => 2017-05-04
                    [age] => 8
                    [sex] => Male
                    [education] => ELEMENTARY
                    [occupation] => 
                    [remarks] => 
                    [status] => active
                )

            [3] => Array
                (
                    [name] => JHECHO SALVANA
                    [relation] => Daughter
                    [birthdate] => 2017-02-05
                    [age] => 9
                    [sex] => Male
                    [education] => ELEMENTARY
                    [occupation] => 
                    [remarks] => 
                    [status] => active
                )

        )

)

DEBUG - 2026-04-06 10:36:26 --> Inserted resident ID: 116, Name: JONA SALVANA
DEBUG - 2026-04-06 10:36:26 --> Inserted family member: ROBEN SALVANA
DEBUG - 2026-04-06 10:36:26 --> Inserted family member: JESSA SALVANA
DEBUG - 2026-04-06 10:36:26 --> Inserted family member: CLIENT JOMAR SALVANA
DEBUG - 2026-04-06 10:36:26 --> Inserted family member: JHECHO SALVANA
DEBUG - 2026-04-06 10:36:26 --> Checking row 1265: Array
(
    [0] => 
    [1] => 
    [2] => Department of Social Welfare and Development
    [3] => 
    [4] => 
    [5] => 
    [6] => 
    [7] => 
    [8] => 
    [9] => 
    [10] => 
    [11] => 
    [12] => 
    [13] => BENEFICIARY'S COPY
    [14] => 
    [15] => 
)

DEBUG - 2026-04-06 10:36:26 --> Checking row 1266: Array
(
    [0] => 
    [1] => 
    [2] => FAMILY ASSISTANCE CARD IN EMERGENCIES AND DISASTERS (FACED)
    [3] => 
    [4] => 
    [5] => 
    [6] => 
    [7] => 
    [8] => 
    [9] => 
    [10] => 
    [11] => 
    [12] => 
    [13] => SERIAL NUMBER: 0043
    [14] => 
    [15] => 
)

DEBUG - 2026-04-06 10:36:26 --> Checking row 1267: Array
(
    [0] => LOCATION OF THE AFFECTED FAMILY
    [1] => 
    [2] => 
    [3] => 
    [4] => 
    [5] => 
    [6] => 
    [7] => 
    [8] => 
    [9] => 
    [10] => 
    [11] => 
    [12] => 
    [13] => 
    [14] => 
    [15] => 
)

DEBUG - 2026-04-06 10:36:26 --> Checking row 1268: Array
(
    [0] => 1. REGION
REGION 10
    [1] => 
    [2] => 
    [3] => 2. PROVINCE
CAMIGUIN
    [4] => 
    [5] => 
    [6] => 3. DISTRICT

    [7] => 
    [8] => 
    [9] => 4. CITY/MUNICIPALITY
MAMBAJAO
    [10] => 
    [11] => 
    [12] => 5. BARANGAY
BALBAGON
    [13] => 
    [14] => 6. EVACUATION CENTER/SITE

    [15] => 
)

DEBUG - 2026-04-06 10:36:26 --> Checking row 1269: Array
(
    [0] => 
    [1] => 
    [2] => 
    [3] => 
    [4] => 
    [5] => 
    [6] => 
    [7] => 
    [8] => 
    [9] => 
    [10] => 
    [11] => 
    [12] => 
    [13] => 
    [14] => 
    [15] => 
)

DEBUG - 2026-04-06 10:36:26 --> Checking row 1270: Array
(
    [0] => HEAD OF THE FAMILY
    [1] => 
    [2] => 
    [3] => 
    [4] => 
    [5] => 
    [6] => 
    [7] => 
    [8] => 
    [9] => 
    [10] => 
    [11] => 
    [12] => 
    [13] => 
    [14] => 
    [15] => 
)

DEBUG - 2026-04-06 10:36:26 --> Found 'HEAD OF THE FAMILY' at row 1270, column 0
DEBUG - 2026-04-06 10:36:26 --> parseFacedCard called with startRow: 1270
DEBUG - 2026-04-06 10:36:26 --> Found household_no: 0043
DEBUG - 2026-04-06 10:36:26 --> Family header at row 1279 → data from 1280
DEBUG - 2026-04-06 10:36:26 --> Parsed: JAMIE LAGRADA | HH#: 0043 | Members: 0
DEBUG - 2026-04-06 10:36:26 --> Parsed resident data: Array
(
    [household_no] => 0043
    [region] => REGION 10
    [province] => CAMIGUIN
    [district] => 
    [city_municipality] => MAMBAJAO
    [barangay] => BALBAGON
    [evacuation_center] => 
    [last_name] => LAGRADA
    [civil_status] => Married
    [mother_maiden_name] => 
    [first_name] => JAMIE
    [religion] => Roman Catholic
    [occupation] => Laborer
    [middle_name] => LAGUNAY
    [name_extension] => 
    [age] => 67
    [birthdate] => 1958-11-14
    [birthplace] => 
    [sex] => Male
    [monthly_income] => 5000
    [id_card_presented] => 
    [id_card_number] => 
    [house_no] => 
    [street] => Lower
    [subdivision] => Maslog
    [permanent_barangay] => Balbagon
    [permanent_city] => Mambajao
    [permanent_province] => Camiguin
    [zip_code] => 9100
    [is_4ps_beneficiary] => 0
    [vulnerable_older_persons] => 0
    [vulnerable_pregnant] => 0
    [vulnerable_lactating] => 0
    [vulnerable_pwd] => 0
    [ownership_status] => Owner
    [shelter_damage] => No Damage
    [registration_date] => 2026-03-25
    [data_privacy_consent] => 1
    [contact_number] => 
    [family_members] => Array
        (
        )

)

DEBUG - 2026-04-06 10:36:26 --> Inserted resident ID: 117, Name: JAMIE LAGRADA
DEBUG - 2026-04-06 10:36:26 --> Checking row 1295: Array
(
    [0] => 
    [1] => 
    [2] => Department of Social Welfare and Development
    [3] => 
    [4] => 
    [5] => 
    [6] => 
    [7] => 
    [8] => 
    [9] => 
    [10] => 
    [11] => 
    [12] => 
    [13] => BENEFICIARY'S COPY
    [14] => 
    [15] => 
)

DEBUG - 2026-04-06 10:36:26 --> Checking row 1296: Array
(
    [0] => 
    [1] => 
    [2] => FAMILY ASSISTANCE CARD IN EMERGENCIES AND DISASTERS (FACED)
    [3] => 
    [4] => 
    [5] => 
    [6] => 
    [7] => 
    [8] => 
    [9] => 
    [10] => 
    [11] => 
    [12] => 
    [13] => SERIAL NUMBER: 0044
    [14] => 
    [15] => 
)

DEBUG - 2026-04-06 10:36:26 --> Checking row 1297: Array
(
    [0] => LOCATION OF THE AFFECTED FAMILY
    [1] => 
    [2] => 
    [3] => 
    [4] => 
    [5] => 
    [6] => 
    [7] => 
    [8] => 
    [9] => 
    [10] => 
    [11] => 
    [12] => 
    [13] => 
    [14] => 
    [15] => 
)

DEBUG - 2026-04-06 10:36:26 --> Checking row 1298: Array
(
    [0] => 1. REGION
REGION 10
    [1] => 
    [2] => 
    [3] => 2. PROVINCE
CAMIGUIN
    [4] => 
    [5] => 
    [6] => 3. DISTRICT

    [7] => 
    [8] => 
    [9] => 4. CITY/MUNICIPALITY
MAMBAJAO
    [10] => 
    [11] => 
    [12] => 5. BARANGAY
BALBAGON
    [13] => 
    [14] => 6. EVACUATION CENTER/SITE

    [15] => 
)

DEBUG - 2026-04-06 10:36:26 --> Checking row 1299: Array
(
    [0] => 
    [1] => 
    [2] => 
    [3] => 
    [4] => 
    [5] => 
    [6] => 
    [7] => 
    [8] => 
    [9] => 
    [10] => 
    [11] => 
    [12] => 
    [13] => 
    [14] => 
    [15] => 
)

DEBUG - 2026-04-06 10:36:26 --> Checking row 1300: Array
(
    [0] => HEAD OF THE FAMILY
    [1] => 
    [2] => 
    [3] => 
    [4] => 
    [5] => 
    [6] => 
    [7] => 
    [8] => 
    [9] => 
    [10] => 
    [11] => 
    [12] => 
    [13] => 
    [14] => 
    [15] => 
)

DEBUG - 2026-04-06 10:36:26 --> Found 'HEAD OF THE FAMILY' at row 1300, column 0
DEBUG - 2026-04-06 10:36:26 --> parseFacedCard called with startRow: 1300
DEBUG - 2026-04-06 10:36:26 --> Found household_no: 0044
DEBUG - 2026-04-06 10:36:26 --> Family header at row 1309 → data from 1310
DEBUG - 2026-04-06 10:36:26 --> Family member: ERELITA EDGAO
DEBUG - 2026-04-06 10:36:26 --> Family member: JHINALYN CAPAYAN
DEBUG - 2026-04-06 10:36:26 --> Family member: REYNO CAPAYAN
DEBUG - 2026-04-06 10:36:26 --> Family member: ERIC JOHN LAGRADA
DEBUG - 2026-04-06 10:36:26 --> Parsed: JAN MARK LAGRADA | HH#: 0044 | Members: 4
DEBUG - 2026-04-06 10:36:26 --> Parsed resident data: Array
(
    [household_no] => 0044
    [region] => REGION 10
    [province] => CAMIGUIN
    [district] => 
    [city_municipality] => MAMBAJAO
    [barangay] => BALBAGON
    [evacuation_center] => 
    [last_name] => LAGRADA
    [civil_status] => Married
    [mother_maiden_name] => 
    [first_name] => JAN MARK
    [religion] => Roman Catholic
    [occupation] => 
    [middle_name] => LABI
    [name_extension] => 
    [age] => 0
    [birthplace] => BALBAGON
    [sex] => Male
    [monthly_income] => 6000
    [id_card_presented] => 
    [id_card_number] => 
    [house_no] => 
    [street] => 
    [subdivision] => 
    [permanent_barangay] => Balbagon
    [permanent_city] => Mambajao
    [permanent_province] => Camiguin
    [zip_code] => 
    [is_4ps_beneficiary] => 0
    [vulnerable_older_persons] => 0
    [vulnerable_pregnant] => 0
    [vulnerable_lactating] => 0
    [vulnerable_pwd] => 0
    [ownership_status] => Owner
    [shelter_damage] => No Damage
    [registration_date] => 2026-03-25
    [data_privacy_consent] => 1
    [contact_number] => 
    [family_members] => Array
        (
            [0] => Array
                (
                    [name] => ERELITA EDGAO
                    [relation] => 
                    [birthdate] => 1962-07-01
                    [age] => 63
                    [sex] => Female
                    [education] => 
                    [occupation] => 
                    [remarks] => 
                    [status] => active
                )

            [1] => Array
                (
                    [name] => JHINALYN CAPAYAN
                    [relation] => Wife
                    [birthdate] => 2002-06-10
                    [age] => 23
                    [sex] => Female
                    [education] => 
                    [occupation] => 
                    [remarks] => 
                    [status] => active
                )

            [2] => Array
                (
                    [name] => REYNO CAPAYAN
                    [relation] => 
                    [birthdate] => 2006-11-16
                    [age] => 19
                    [sex] => Male
                    [education] => 
                    [occupation] => 
                    [remarks] => 
                    [status] => active
                )

            [3] => Array
                (
                    [name] => ERIC JOHN LAGRADA
                    [relation] => 
                    [birthdate] => 2024-06-06
                    [age] => 1
                    [sex] => Male
                    [education] => 
                    [occupation] => 
                    [remarks] => 
                    [status] => active
                )

        )

)

DEBUG - 2026-04-06 10:36:26 --> Inserted resident ID: 118, Name: JAN MARK LAGRADA
DEBUG - 2026-04-06 10:36:26 --> Inserted family member: ERELITA EDGAO
DEBUG - 2026-04-06 10:36:26 --> Inserted family member: JHINALYN CAPAYAN
DEBUG - 2026-04-06 10:36:26 --> Inserted family member: REYNO CAPAYAN
DEBUG - 2026-04-06 10:36:26 --> Inserted family member: ERIC JOHN LAGRADA
DEBUG - 2026-04-06 10:36:26 --> Checking row 1325: Array
(
    [0] => 
    [1] => 
    [2] => Department of Social Welfare and Development
    [3] => 
    [4] => 
    [5] => 
    [6] => 
    [7] => 
    [8] => 
    [9] => 
    [10] => 
    [11] => 
    [12] => 
    [13] => BENEFICIARY'S COPY
    [14] => 
    [15] => 
)

DEBUG - 2026-04-06 10:36:26 --> Checking row 1326: Array
(
    [0] => 
    [1] => 
    [2] => FAMILY ASSISTANCE CARD IN EMERGENCIES AND DISASTERS (FACED)
    [3] => 
    [4] => 
    [5] => 
    [6] => 
    [7] => 
    [8] => 
    [9] => 
    [10] => 
    [11] => 
    [12] => 
    [13] => SERIAL NUMBER: 0045
    [14] => 
    [15] => 
)

DEBUG - 2026-04-06 10:36:26 --> Checking row 1327: Array
(
    [0] => LOCATION OF THE AFFECTED FAMILY
    [1] => 
    [2] => 
    [3] => 
    [4] => 
    [5] => 
    [6] => 
    [7] => 
    [8] => 
    [9] => 
    [10] => 
    [11] => 
    [12] => 
    [13] => 
    [14] => 
    [15] => 
)

DEBUG - 2026-04-06 10:36:26 --> Checking row 1328: Array
(
    [0] => 1. REGION
REGION 10
    [1] => 
    [2] => 
    [3] => 2. PROVINCE
CAMIGUIN
    [4] => 
    [5] => 
    [6] => 3. DISTRICT

    [7] => 
    [8] => 
    [9] => 4. CITY/MUNICIPALITY
MAMBAJAO
    [10] => 
    [11] => 
    [12] => 5. BARANGAY
BALBAGON
    [13] => 
    [14] => 6. EVACUATION CENTER/SITE

    [15] => 
)

DEBUG - 2026-04-06 10:36:26 --> Checking row 1329: Array
(
    [0] => 
    [1] => 
    [2] => 
    [3] => 
    [4] => 
    [5] => 
    [6] => 
    [7] => 
    [8] => 
    [9] => 
    [10] => 
    [11] => 
    [12] => 
    [13] => 
    [14] => 
    [15] => 
)

DEBUG - 2026-04-06 10:36:26 --> Checking row 1330: Array
(
    [0] => HEAD OF THE FAMILY
    [1] => 
    [2] => 
    [3] => 
    [4] => 
    [5] => 
    [6] => 
    [7] => 
    [8] => 
    [9] => 
    [10] => 
    [11] => 
    [12] => 
    [13] => 
    [14] => 
    [15] => 
)

DEBUG - 2026-04-06 10:36:26 --> Found 'HEAD OF THE FAMILY' at row 1330, column 0
DEBUG - 2026-04-06 10:36:26 --> parseFacedCard called with startRow: 1330
DEBUG - 2026-04-06 10:36:26 --> Found household_no: 0045
DEBUG - 2026-04-06 10:36:26 --> Family header at row 1339 → data from 1340
DEBUG - 2026-04-06 10:36:26 --> Family member: RICARDO LAGRADA JR.
DEBUG - 2026-04-06 10:36:26 --> Parsed: PERPETUA LAGRADA | HH#: 0045 | Members: 1
DEBUG - 2026-04-06 10:36:26 --> Parsed resident data: Array
(
    [household_no] => 0045
    [region] => REGION 10
    [province] => CAMIGUIN
    [district] => 
    [city_municipality] => MAMBAJAO
    [barangay] => BALBAGON
    [evacuation_center] => 
    [last_name] => LAGRADA
    [civil_status] => Married
    [mother_maiden_name] => 
    [first_name] => PERPETUA
    [religion] => Roman Catholic
    [occupation] => 
    [middle_name] => DAHAN
    [name_extension] => 
    [age] => 75
    [birthdate] => 1951-01-22
    [birthplace] => BALBAGON MAMBAJAO CAMIGUIN
    [sex] => Female
    [monthly_income] => 0
    [id_card_presented] => 
    [id_card_number] => 
    [house_no] => 
    [street] => Lower
    [subdivision] => Maslog
    [permanent_barangay] => Balbagon
    [permanent_city] => Mambajao
    [permanent_province] => Camiguin
    [zip_code] => 9100
    [is_4ps_beneficiary] => 0
    [vulnerable_older_persons] => 0
    [vulnerable_pregnant] => 0
    [vulnerable_lactating] => 0
    [vulnerable_pwd] => 0
    [ownership_status] => Owner
    [shelter_damage] => No Damage
    [registration_date] => 2026-03-25
    [data_privacy_consent] => 1
    [contact_number] => 
    [family_members] => Array
        (
            [0] => Array
                (
                    [name] => RICARDO LAGRADA JR.
                    [relation] => Grandson
                    [birthdate] => 2005-05-21
                    [age] => 20
                    [sex] => Male
                    [education] => COLLEGE
                    [occupation] => Student
                    [remarks] => 
                    [status] => active
                )

        )

)

DEBUG - 2026-04-06 10:36:26 --> Inserted resident ID: 119, Name: PERPETUA LAGRADA
DEBUG - 2026-04-06 10:36:26 --> Inserted family member: RICARDO LAGRADA JR.
DEBUG - 2026-04-06 10:36:26 --> Checking row 1355: Array
(
    [0] => 
    [1] => 
    [2] => Department of Social Welfare and Development
    [3] => 
    [4] => 
    [5] => 
    [6] => 
    [7] => 
    [8] => 
    [9] => 
    [10] => 
    [11] => 
    [12] => 
    [13] => BENEFICIARY'S COPY
    [14] => 
    [15] => 
)

DEBUG - 2026-04-06 10:36:26 --> Checking row 1356: Array
(
    [0] => 
    [1] => 
    [2] => FAMILY ASSISTANCE CARD IN EMERGENCIES AND DISASTERS (FACED)
    [3] => 
    [4] => 
    [5] => 
    [6] => 
    [7] => 
    [8] => 
    [9] => 
    [10] => 
    [11] => 
    [12] => 
    [13] => SERIAL NUMBER: 0046
    [14] => 
    [15] => 
)

DEBUG - 2026-04-06 10:36:26 --> Checking row 1357: Array
(
    [0] => LOCATION OF THE AFFECTED FAMILY
    [1] => 
    [2] => 
    [3] => 
    [4] => 
    [5] => 
    [6] => 
    [7] => 
    [8] => 
    [9] => 
    [10] => 
    [11] => 
    [12] => 
    [13] => 
    [14] => 
    [15] => 
)

DEBUG - 2026-04-06 10:36:26 --> Checking row 1358: Array
(
    [0] => 1. REGION
REGION 10
    [1] => 
    [2] => 
    [3] => 2. PROVINCE
CAMIGUIN
    [4] => 
    [5] => 
    [6] => 3. DISTRICT

    [7] => 
    [8] => 
    [9] => 4. CITY/MUNICIPALITY
MAMBAJAO
    [10] => 
    [11] => 
    [12] => 5. BARANGAY
BALBAGON
    [13] => 
    [14] => 6. EVACUATION CENTER/SITE

    [15] => 
)

DEBUG - 2026-04-06 10:36:26 --> Checking row 1359: Array
(
    [0] => 
    [1] => 
    [2] => 
    [3] => 
    [4] => 
    [5] => 
    [6] => 
    [7] => 
    [8] => 
    [9] => 
    [10] => 
    [11] => 
    [12] => 
    [13] => 
    [14] => 
    [15] => 
)

DEBUG - 2026-04-06 10:36:26 --> Checking row 1360: Array
(
    [0] => HEAD OF THE FAMILY
    [1] => 
    [2] => 
    [3] => 
    [4] => 
    [5] => 
    [6] => 
    [7] => 
    [8] => 
    [9] => 
    [10] => 
    [11] => 
    [12] => 
    [13] => 
    [14] => 
    [15] => 
)

DEBUG - 2026-04-06 10:36:26 --> Found 'HEAD OF THE FAMILY' at row 1360, column 0
DEBUG - 2026-04-06 10:36:26 --> parseFacedCard called with startRow: 1360
DEBUG - 2026-04-06 10:36:26 --> Found household_no: 0046
DEBUG - 2026-04-06 10:36:26 --> Family header at row 1369 → data from 1370
DEBUG - 2026-04-06 10:36:26 --> Family member: LOURDES TORIM
DEBUG - 2026-04-06 10:36:26 --> Family member: LIORRA CLAIRE TORIM
DEBUG - 2026-04-06 10:36:26 --> Parsed: DAMIANO TORIM | HH#: 0046 | Members: 2
DEBUG - 2026-04-06 10:36:26 --> Parsed resident data: Array
(
    [household_no] => 0046
    [region] => REGION 10
    [province] => CAMIGUIN
    [district] => 
    [city_municipality] => MAMBAJAO
    [barangay] => BALBAGON
    [evacuation_center] => 
    [last_name] => TORIM
    [civil_status] => Married
    [mother_maiden_name] => 
    [first_name] => DAMIANO
    [religion] => Roman Catholic
    [occupation] => 
    [middle_name] => LOGRONIO
    [name_extension] => 
    [age] => 62
    [birthdate] => 1964-02-23
    [birthplace] => BOHOL
    [sex] => Male
    [monthly_income] => 0
    [id_card_presented] => 
    [id_card_number] => 
    [house_no] => 
    [street] => Lower
    [subdivision] => Maslog
    [permanent_barangay] => Balbagon
    [permanent_city] => Mambajao
    [permanent_province] => Camiguin
    [zip_code] => 9100
    [is_4ps_beneficiary] => 0
    [vulnerable_older_persons] => 0
    [vulnerable_pregnant] => 0
    [vulnerable_lactating] => 0
    [vulnerable_pwd] => 0
    [ownership_status] => Owner
    [shelter_damage] => No Damage
    [registration_date] => 2026-03-25
    [data_privacy_consent] => 1
    [contact_number] => 
    [family_members] => Array
        (
            [0] => Array
                (
                    [name] => LOURDES TORIM
                    [relation] => Wife
                    [birthdate] => 1968-02-11
                    [age] => 58
                    [sex] => Female
                    [education] => HIGHSCHOOL
                    [occupation] => None
                    [remarks] => 
                    [status] => active
                )

            [1] => Array
                (
                    [name] => LIORRA CLAIRE TORIM
                    [relation] => Daughter
                    [birthdate] => 2002-06-06
                    [age] => 23
                    [sex] => Female
                    [education] => COLLEGE
                    [occupation] => None
                    [remarks] => 
                    [status] => active
                )

        )

)

DEBUG - 2026-04-06 10:36:26 --> Inserted resident ID: 120, Name: DAMIANO TORIM
DEBUG - 2026-04-06 10:36:26 --> Inserted family member: LOURDES TORIM
DEBUG - 2026-04-06 10:36:26 --> Inserted family member: LIORRA CLAIRE TORIM
DEBUG - 2026-04-06 10:36:26 --> Checking row 1385: Array
(
    [0] => 
    [1] => 
    [2] => Department of Social Welfare and Development
    [3] => 
    [4] => 
    [5] => 
    [6] => 
    [7] => 
    [8] => 
    [9] => 
    [10] => 
    [11] => 
    [12] => 
    [13] => BENEFICIARY'S COPY
    [14] => 
    [15] => 
)

DEBUG - 2026-04-06 10:36:26 --> Checking row 1386: Array
(
    [0] => 
    [1] => 
    [2] => FAMILY ASSISTANCE CARD IN EMERGENCIES AND DISASTERS (FACED)
    [3] => 
    [4] => 
    [5] => 
    [6] => 
    [7] => 
    [8] => 
    [9] => 
    [10] => 
    [11] => 
    [12] => 
    [13] => SERIAL NUMBER: 0047
    [14] => 
    [15] => 
)

DEBUG - 2026-04-06 10:36:26 --> Checking row 1387: Array
(
    [0] => LOCATION OF THE AFFECTED FAMILY
    [1] => 
    [2] => 
    [3] => 
    [4] => 
    [5] => 
    [6] => 
    [7] => 
    [8] => 
    [9] => 
    [10] => 
    [11] => 
    [12] => 
    [13] => 
    [14] => 
    [15] => 
)

DEBUG - 2026-04-06 10:36:26 --> Checking row 1388: Array
(
    [0] => 1. REGION
REGION 10
    [1] => 
    [2] => 
    [3] => 2. PROVINCE
CAMIGUIN
    [4] => 
    [5] => 
    [6] => 3. DISTRICT

    [7] => 
    [8] => 
    [9] => 4. CITY/MUNICIPALITY
MAMBAJAO
    [10] => 
    [11] => 
    [12] => 5. BARANGAY
BALBAGON
    [13] => 
    [14] => 6. EVACUATION CENTER/SITE

    [15] => 
)

DEBUG - 2026-04-06 10:36:26 --> Checking row 1389: Array
(
    [0] => 
    [1] => 
    [2] => 
    [3] => 
    [4] => 
    [5] => 
    [6] => 
    [7] => 
    [8] => 
    [9] => 
    [10] => 
    [11] => 
    [12] => 
    [13] => 
    [14] => 
    [15] => 
)

DEBUG - 2026-04-06 10:36:26 --> Checking row 1390: Array
(
    [0] => HEAD OF THE FAMILY
    [1] => 
    [2] => 
    [3] => 
    [4] => 
    [5] => 
    [6] => 
    [7] => 
    [8] => 
    [9] => 
    [10] => 
    [11] => 
    [12] => 
    [13] => 
    [14] => 
    [15] => 
)

DEBUG - 2026-04-06 10:36:26 --> Found 'HEAD OF THE FAMILY' at row 1390, column 0
DEBUG - 2026-04-06 10:36:26 --> parseFacedCard called with startRow: 1390
DEBUG - 2026-04-06 10:36:26 --> Found household_no: 0047
DEBUG - 2026-04-06 10:36:26 --> Family header at row 1399 → data from 1400
DEBUG - 2026-04-06 10:36:26 --> Family member: FRANCISS GOMEZ
DEBUG - 2026-04-06 10:36:26 --> Parsed: REYNAN TABORADA | HH#: 0047 | Members: 1
DEBUG - 2026-04-06 10:36:26 --> Parsed resident data: Array
(
    [household_no] => 0047
    [region] => REGION 10
    [province] => CAMIGUIN
    [district] => 
    [city_municipality] => MAMBAJAO
    [barangay] => BALBAGON
    [evacuation_center] => 
    [last_name] => TABORADA
    [civil_status] => Single
    [mother_maiden_name] => 
    [first_name] => REYNAN
    [religion] => Roman Catholic
    [occupation] => Fisherman
    [middle_name] => LAGRADA
    [name_extension] => 
    [age] => 20
    [birthdate] => 2005-09-13
    [birthplace] => BALBAGON MAMBAJAO CAMIGUIN
    [sex] => Male
    [monthly_income] => 5000
    [id_card_presented] => 
    [id_card_number] => 
    [house_no] => 
    [street] => Lower
    [subdivision] => Maslog
    [permanent_barangay] => Balbagon
    [permanent_city] => Mambajao
    [permanent_province] => Camiguin
    [zip_code] => 9100
    [is_4ps_beneficiary] => 0
    [vulnerable_older_persons] => 0
    [vulnerable_pregnant] => 0
    [vulnerable_lactating] => 0
    [vulnerable_pwd] => 0
    [ownership_status] => Owner
    [shelter_damage] => No Damage
    [registration_date] => 2026-03-25
    [data_privacy_consent] => 1
    [contact_number] => 
    [family_members] => Array
        (
            [0] => Array
                (
                    [name] => FRANCISS GOMEZ
                    [relation] => Live-in Partner
                    [birthdate] => 2006-11-03
                    [age] => 19
                    [sex] => Female
                    [education] => HIGHSCHOOL GRAD
                    [occupation] => None
                    [remarks] => 
                    [status] => active
                )

        )

)

DEBUG - 2026-04-06 10:36:26 --> Inserted resident ID: 121, Name: REYNAN TABORADA
DEBUG - 2026-04-06 10:36:26 --> Inserted family member: FRANCISS GOMEZ
DEBUG - 2026-04-06 10:36:26 --> Checking row 1415: Array
(
    [0] => 
    [1] => 
    [2] => Department of Social Welfare and Development
    [3] => 
    [4] => 
    [5] => 
    [6] => 
    [7] => 
    [8] => 
    [9] => 
    [10] => 
    [11] => 
    [12] => 
    [13] => BENEFICIARY'S COPY
    [14] => 
    [15] => 
)

DEBUG - 2026-04-06 10:36:26 --> Checking row 1416: Array
(
    [0] => 
    [1] => 
    [2] => FAMILY ASSISTANCE CARD IN EMERGENCIES AND DISASTERS (FACED)
    [3] => 
    [4] => 
    [5] => 
    [6] => 
    [7] => 
    [8] => 
    [9] => 
    [10] => 
    [11] => 
    [12] => 
    [13] => SERIAL NUMBER: 0048
    [14] => 
    [15] => 
)

DEBUG - 2026-04-06 10:36:26 --> Checking row 1417: Array
(
    [0] => LOCATION OF THE AFFECTED FAMILY
    [1] => 
    [2] => 
    [3] => 
    [4] => 
    [5] => 
    [6] => 
    [7] => 
    [8] => 
    [9] => 
    [10] => 
    [11] => 
    [12] => 
    [13] => 
    [14] => 
    [15] => 
)

DEBUG - 2026-04-06 10:36:26 --> Checking row 1418: Array
(
    [0] => 1. REGION

    [1] => 
    [2] => 
    [3] => 2. PROVINCE

    [4] => 
    [5] => 
    [6] => 3. DISTRICT

    [7] => 
    [8] => 
    [9] => 4. CITY/MUNICIPALITY

    [10] => 
    [11] => 
    [12] => 5. BARANGAY
POBLACION
    [13] => 
    [14] => 6. EVACUATION CENTER/SITE

    [15] => 
)

DEBUG - 2026-04-06 10:36:26 --> Checking row 1419: Array
(
    [0] => 
    [1] => 
    [2] => 
    [3] => 
    [4] => 
    [5] => 
    [6] => 
    [7] => 
    [8] => 
    [9] => 
    [10] => 
    [11] => 
    [12] => 
    [13] => 
    [14] => 
    [15] => 
)

DEBUG - 2026-04-06 10:36:26 --> Checking row 1420: Array
(
    [0] => HEAD OF THE FAMILY
    [1] => 
    [2] => 
    [3] => 
    [4] => 
    [5] => 
    [6] => 
    [7] => 
    [8] => 
    [9] => 
    [10] => 
    [11] => 
    [12] => 
    [13] => 
    [14] => 
    [15] => 
)

DEBUG - 2026-04-06 10:36:26 --> Found 'HEAD OF THE FAMILY' at row 1420, column 0
DEBUG - 2026-04-06 10:36:26 --> parseFacedCard called with startRow: 1420
DEBUG - 2026-04-06 10:36:26 --> Found household_no: 0048
DEBUG - 2026-04-06 10:36:26 --> Family header at row 1429 → data from 1430
DEBUG - 2026-04-06 10:36:26 --> Family member: EDGAR QUIDIT
DEBUG - 2026-04-06 10:36:26 --> Family member: ALYESHAFAYE QUIDIT
DEBUG - 2026-04-06 10:36:26 --> Family member: ALLISON JEANNE QUIDIT
DEBUG - 2026-04-06 10:36:26 --> Family member: ALMHEA ANGELICK QUIDIT
DEBUG - 2026-04-06 10:36:26 --> Family member: ALRHEA PATRAISE QUIDIT
DEBUG - 2026-04-06 10:36:26 --> Family member: ALANA AISH QUIDIT
DEBUG - 2026-04-06 10:36:26 --> Parsed: ALJANE QUIDIT | HH#: 0048 | Members: 6
DEBUG - 2026-04-06 10:36:26 --> Parsed resident data: Array
(
    [household_no] => 0048
    [region] => 
    [province] => 
    [district] => 
    [city_municipality] => 
    [barangay] => POBLACION
    [evacuation_center] => 
    [last_name] => QUIDIT
    [civil_status] => Married
    [mother_maiden_name] => AUMAN
    [first_name] => ALJANE
    [religion] => Catholic
    [occupation] => 
    [middle_name] => ACEBES
    [name_extension] => 
    [age] => 38
    [birthdate] => 1988-03-09
    [birthplace] => TAPON
    [sex] => Female
    [monthly_income] => 0
    [id_card_presented] => 
    [id_card_number] => 
    [is_4ps_beneficiary] => 0
    [vulnerable_older_persons] => 0
    [vulnerable_pregnant] => 0
    [vulnerable_lactating] => 0
    [vulnerable_pwd] => 0
    [ownership_status] => Owner
    [shelter_damage] => No Damage
    [registration_date] => 2026-03-25
    [data_privacy_consent] => 1
    [contact_number] => 
    [family_members] => Array
        (
            [0] => Array
                (
                    [name] => EDGAR QUIDIT
                    [relation] => Husband
                    [birthdate] => 1985-10-04
                    [age] => 40
                    [sex] => Male
                    [education] => HIGHSCHOOL
                    [occupation] => Butcher
                    [remarks] => 
                    [status] => active
                )

            [1] => Array
                (
                    [name] => ALYESHAFAYE QUIDIT
                    [relation] => Daughter
                    [birthdate] => 2007-02-22
                    [age] => 19
                    [sex] => Female
                    [education] => 1ST YEAR COLLEGE
                    [occupation] => Student
                    [remarks] => 
                    [status] => active
                )

            [2] => Array
                (
                    [name] => ALLISON JEANNE QUIDIT
                    [relation] => Daughter
                    [birthdate] => 2011-01-05
                    [age] => 15
                    [sex] => Female
                    [education] => GRADE 9
                    [occupation] => 
                    [remarks] => 
                    [status] => active
                )

            [3] => Array
                (
                    [name] => ALMHEA ANGELICK QUIDIT
                    [relation] => Daughter
                    [birthdate] => 2014-01-23
                    [age] => 12
                    [sex] => Female
                    [education] => GRADE 6
                    [occupation] => 
                    [remarks] => 
                    [status] => active
                )

            [4] => Array
                (
                    [name] => ALRHEA PATRAISE QUIDIT
                    [relation] => Daughter
                    [birthdate] => 2017-08-05
                    [age] => 8
                    [sex] => Female
                    [education] => GRADE 3
                    [occupation] => 
                    [remarks] => 
                    [status] => active
                )

            [5] => Array
                (
                    [name] => ALANA AISH QUIDIT
                    [relation] => Daughter
                    [birthdate] => 2021-01-15
                    [age] => 5
                    [sex] => Female
                    [education] => PRE-SCHOOL
                    [occupation] => 
                    [remarks] => 
                    [status] => active
                )

        )

)

DEBUG - 2026-04-06 10:36:26 --> Inserted resident ID: 122, Name: ALJANE QUIDIT
DEBUG - 2026-04-06 10:36:26 --> Inserted family member: EDGAR QUIDIT
DEBUG - 2026-04-06 10:36:26 --> Inserted family member: ALYESHAFAYE QUIDIT
DEBUG - 2026-04-06 10:36:26 --> Inserted family member: ALLISON JEANNE QUIDIT
DEBUG - 2026-04-06 10:36:26 --> Inserted family member: ALMHEA ANGELICK QUIDIT
DEBUG - 2026-04-06 10:36:26 --> Inserted family member: ALRHEA PATRAISE QUIDIT
DEBUG - 2026-04-06 10:36:26 --> Inserted family member: ALANA AISH QUIDIT
DEBUG - 2026-04-06 10:36:26 --> Checking row 1445: Array
(
    [0] => DSWD Logo
    [1] => 
    [2] => Republic of the Philippines
    [3] => 
    [4] => 
    [5] => 
    [6] => 
    [7] => 
    [8] => 
    [9] => 
    [10] => 
    [11] => 
    [12] => 
    [13] => THIS CARD IS NOT FOR SALE
    [14] => 
    [15] => 
)

DEBUG - 2026-04-06 10:36:26 --> Checking row 1446: Array
(
    [0] => 
    [1] => 
    [2] => Department of Social Welfare and Development
    [3] => 
    [4] => 
    [5] => 
    [6] => 
    [7] => 
    [8] => 
    [9] => 
    [10] => 
    [11] => 
    [12] => 
    [13] => BENEFICIARY'S COPY
    [14] => 
    [15] => 
)

DEBUG - 2026-04-06 10:36:26 --> Checking row 1447: Array
(
    [0] => 
    [1] => 
    [2] => FAMILY ASSISTANCE CARD IN EMERGENCIES AND DISASTERS (FACED)
    [3] => 
    [4] => 
    [5] => 
    [6] => 
    [7] => 
    [8] => 
    [9] => 
    [10] => 
    [11] => 
    [12] => 
    [13] => SERIAL NUMBER: 0049
    [14] => 
    [15] => 
)

DEBUG - 2026-04-06 10:36:26 --> Checking row 1448: Array
(
    [0] => LOCATION OF THE AFFECTED FAMILY
    [1] => 
    [2] => 
    [3] => 
    [4] => 
    [5] => 
    [6] => 
    [7] => 
    [8] => 
    [9] => 
    [10] => 
    [11] => 
    [12] => 
    [13] => 
    [14] => 
    [15] => 
)

DEBUG - 2026-04-06 10:36:26 --> Checking row 1449: Array
(
    [0] => 1. REGION
REGION 10
    [1] => 
    [2] => 
    [3] => 2. PROVINCE
CAMIGUIN
    [4] => 
    [5] => 
    [6] => 3. DISTRICT

    [7] => 
    [8] => 
    [9] => 4. CITY/MUNICIPALITY
MAMBAJAO
    [10] => 
    [11] => 
    [12] => 5. BARANGAY
BALBAGON
    [13] => 
    [14] => 6. EVACUATION CENTER/SITE

    [15] => 
)

DEBUG - 2026-04-06 10:36:26 --> Checking row 1450: Array
(
    [0] => 
    [1] => 
    [2] => 
    [3] => 
    [4] => 
    [5] => 
    [6] => 
    [7] => 
    [8] => 
    [9] => 
    [10] => 
    [11] => 
    [12] => 
    [13] => 
    [14] => 
    [15] => 
)

DEBUG - 2026-04-06 10:36:26 --> Checking row 1451: Array
(
    [0] => HEAD OF THE FAMILY
    [1] => 
    [2] => 
    [3] => 
    [4] => 
    [5] => 
    [6] => 
    [7] => 
    [8] => 
    [9] => 
    [10] => 
    [11] => 
    [12] => 
    [13] => 
    [14] => 
    [15] => 
)

DEBUG - 2026-04-06 10:36:26 --> Found 'HEAD OF THE FAMILY' at row 1451, column 0
DEBUG - 2026-04-06 10:36:26 --> parseFacedCard called with startRow: 1451
DEBUG - 2026-04-06 10:36:26 --> Found household_no: 0049
DEBUG - 2026-04-06 10:36:26 --> Family header at row 1460 → data from 1461
DEBUG - 2026-04-06 10:36:26 --> Family member: DAM VALENTE
DEBUG - 2026-04-06 10:36:26 --> Family member: JAM VALENTE
DEBUG - 2026-04-06 10:36:26 --> Family member: JILLIAN VALENTE
DEBUG - 2026-04-06 10:36:26 --> Parsed: AILYN LAGRADA | HH#: 0049 | Members: 3
DEBUG - 2026-04-06 10:36:26 --> Parsed resident data: Array
(
    [household_no] => 0049
    [region] => REGION 10
    [province] => CAMIGUIN
    [district] => 
    [city_municipality] => MAMBAJAO
    [barangay] => BALBAGON
    [evacuation_center] => 
    [last_name] => LAGRADA
    [civil_status] => Single
    [mother_maiden_name] => DAMIANA CAILING LAGRADA
    [first_name] => AILYN
    [religion] => Roman Catholic
    [occupation] => Housewife
    [middle_name] => CAILING
    [name_extension] => 
    [age] => 23
    [birthdate] => 2002-08-12
    [birthplace] => 
    [sex] => Female
    [monthly_income] => 0
    [id_card_presented] => 
    [id_card_number] => 
    [house_no] => 
    [street] => Lower
    [subdivision] => Maslog
    [permanent_barangay] => Balbagon
    [permanent_city] => Mambajao
    [permanent_province] => Camiguin
    [zip_code] => 
    [is_4ps_beneficiary] => 0
    [vulnerable_older_persons] => 0
    [vulnerable_pregnant] => 0
    [vulnerable_lactating] => 0
    [vulnerable_pwd] => 0
    [ownership_status] => Owner
    [shelter_damage] => No Damage
    [registration_date] => 2026-03-25
    [data_privacy_consent] => 1
    [contact_number] => 
    [family_members] => Array
        (
            [0] => Array
                (
                    [name] => DAM VALENTE
                    [relation] => Live-in Partner
                    [birthdate] => 1987-10-03
                    [age] => 38
                    [sex] => Male
                    [education] => HIGHSCHOOL GRAD
                    [occupation] => Tourist Guide
                    [remarks] => 
                    [status] => active
                )

            [1] => Array
                (
                    [name] => JAM VALENTE
                    [relation] => Son
                    [birthdate] => 2023-01-23
                    [age] => 3
                    [sex] => Male
                    [education] => 
                    [occupation] => 
                    [remarks] => 
                    [status] => active
                )

            [2] => Array
                (
                    [name] => JILLIAN VALENTE
                    [relation] => Daughter
                    [birthdate] => 2024-07-03
                    [age] => 1
                    [sex] => Female
                    [education] => 
                    [occupation] => 
                    [remarks] => 
                    [status] => active
                )

        )

)

DEBUG - 2026-04-06 10:36:26 --> Inserted resident ID: 123, Name: AILYN LAGRADA
DEBUG - 2026-04-06 10:36:26 --> Inserted family member: DAM VALENTE
DEBUG - 2026-04-06 10:36:26 --> Inserted family member: JAM VALENTE
DEBUG - 2026-04-06 10:36:26 --> Inserted family member: JILLIAN VALENTE
DEBUG - 2026-04-06 10:36:26 --> Checking row 1476: Array
(
    [0] => 
    [1] => 
    [2] => Department of Social Welfare and Development
    [3] => 
    [4] => 
    [5] => 
    [6] => 
    [7] => 
    [8] => 
    [9] => 
    [10] => 
    [11] => 
    [12] => 
    [13] => BENEFICIARY'S COPY
    [14] => 
    [15] => 
)

DEBUG - 2026-04-06 10:36:26 --> Checking row 1477: Array
(
    [0] => 
    [1] => 
    [2] => FAMILY ASSISTANCE CARD IN EMERGENCIES AND DISASTERS (FACED)
    [3] => 
    [4] => 
    [5] => 
    [6] => 
    [7] => 
    [8] => 
    [9] => 
    [10] => 
    [11] => 
    [12] => 
    [13] => SERIAL NUMBER: 0050
    [14] => 
    [15] => 
)

DEBUG - 2026-04-06 10:36:26 --> Checking row 1478: Array
(
    [0] => LOCATION OF THE AFFECTED FAMILY
    [1] => 
    [2] => 
    [3] => 
    [4] => 
    [5] => 
    [6] => 
    [7] => 
    [8] => 
    [9] => 
    [10] => 
    [11] => 
    [12] => 
    [13] => 
    [14] => 
    [15] => 
)

DEBUG - 2026-04-06 10:36:26 --> Checking row 1479: Array
(
    [0] => 1. REGION

    [1] => 
    [2] => 
    [3] => 2. PROVINCE

    [4] => 
    [5] => 
    [6] => 3. DISTRICT

    [7] => 
    [8] => 
    [9] => 4. CITY/MUNICIPALITY

    [10] => 
    [11] => 
    [12] => 5. BARANGAY
POBLACION
    [13] => 
    [14] => 6. EVACUATION CENTER/SITE

    [15] => 
)

DEBUG - 2026-04-06 10:36:26 --> Checking row 1480: Array
(
    [0] => 
    [1] => 
    [2] => 
    [3] => 
    [4] => 
    [5] => 
    [6] => 
    [7] => 
    [8] => 
    [9] => 
    [10] => 
    [11] => 
    [12] => 
    [13] => 
    [14] => 
    [15] => 
)

DEBUG - 2026-04-06 10:36:26 --> Checking row 1481: Array
(
    [0] => HEAD OF THE FAMILY
    [1] => 
    [2] => 
    [3] => 
    [4] => 
    [5] => 
    [6] => 
    [7] => 
    [8] => 
    [9] => 
    [10] => 
    [11] => 
    [12] => 
    [13] => 
    [14] => 
    [15] => 
)

DEBUG - 2026-04-06 10:36:26 --> Found 'HEAD OF THE FAMILY' at row 1481, column 0
DEBUG - 2026-04-06 10:36:26 --> parseFacedCard called with startRow: 1481
DEBUG - 2026-04-06 10:36:26 --> Found household_no: 0050
DEBUG - 2026-04-06 10:36:26 --> Family header at row 1490 → data from 1491
DEBUG - 2026-04-06 10:36:26 --> Family member: RAQUEL BUTALID
DEBUG - 2026-04-06 10:36:26 --> Family member: SAMANTHA NICOLE BUTALID
DEBUG - 2026-04-06 10:36:26 --> Family member: STARVEL BUTALID
DEBUG - 2026-04-06 10:36:26 --> Family member: MICHAEL BUTALID
DEBUG - 2026-04-06 10:36:26 --> Parsed: RICK MELVIN BUTALID | HH#: 0050 | Members: 4
DEBUG - 2026-04-06 10:36:26 --> Parsed resident data: Array
(
    [household_no] => 0050
    [region] => 
    [province] => 
    [district] => 
    [city_municipality] => 
    [barangay] => POBLACION
    [evacuation_center] => 
    [last_name] => BUTALID
    [civil_status] => Married
    [mother_maiden_name] => ELVIRA BUTALID
    [first_name] => RICK MELVIN
    [religion] => Catholic
    [occupation] => Tricycle Driver
    [middle_name] => DAIGOIGAN
    [name_extension] => 
    [age] => 40
    [birthdate] => 1985-07-16
    [birthplace] => MAMBAJAO, CAMIGUIN
    [sex] => Male
    [monthly_income] => 5000
    [id_card_presented] => 
    [id_card_number] => 
    [house_no] => 
    [street] => Tapon
    [subdivision] => 
    [permanent_barangay] => Poblacion
    [permanent_city] => Mambajao
    [permanent_province] => Camiguin
    [zip_code] => 
    [is_4ps_beneficiary] => 0
    [vulnerable_older_persons] => 0
    [vulnerable_pregnant] => 0
    [vulnerable_lactating] => 0
    [vulnerable_pwd] => 0
    [ownership_status] => Owner
    [shelter_damage] => No Damage
    [registration_date] => 2026-03-25
    [data_privacy_consent] => 1
    [contact_number] => 
    [family_members] => Array
        (
            [0] => Array
                (
                    [name] => RAQUEL BUTALID
                    [relation] => Wife
                    [birthdate] => 1988-08-16
                    [age] => 37
                    [sex] => Female
                    [education] => VOCATIONAL
                    [occupation] => Housewife
                    [remarks] => 
                    [status] => active
                )

            [1] => Array
                (
                    [name] => SAMANTHA NICOLE BUTALID
                    [relation] => Daughter
                    [birthdate] => 2008-06-14
                    [age] => 17
                    [sex] => Female
                    [education] => GRADE 12
                    [occupation] => Student
                    [remarks] => 
                    [status] => active
                )

            [2] => Array
                (
                    [name] => STARVEL BUTALID
                    [relation] => Daughter
                    [birthdate] => 2009-07-25
                    [age] => 16
                    [sex] => Female
                    [education] => GRADE 11
                    [occupation] => Student
                    [remarks] => 
                    [status] => active
                )

            [3] => Array
                (
                    [name] => MICHAEL BUTALID
                    [relation] => Son
                    [birthdate] => 2010-09-19
                    [age] => 15
                    [sex] => Male
                    [education] => GRADE 10
                    [occupation] => Student
                    [remarks] => 
                    [status] => active
                )

        )

)

DEBUG - 2026-04-06 10:36:26 --> Inserted resident ID: 124, Name: RICK MELVIN BUTALID
DEBUG - 2026-04-06 10:36:26 --> Inserted family member: RAQUEL BUTALID
DEBUG - 2026-04-06 10:36:26 --> Inserted family member: SAMANTHA NICOLE BUTALID
DEBUG - 2026-04-06 10:36:26 --> Inserted family member: STARVEL BUTALID
DEBUG - 2026-04-06 10:36:26 --> Inserted family member: MICHAEL BUTALID
DEBUG - 2026-04-06 10:36:26 --> Checking row 1506: Array
(
    [0] => 
    [1] => 
    [2] => Department of Social Welfare and Development
    [3] => 
    [4] => 
    [5] => 
    [6] => 
    [7] => 
    [8] => 
    [9] => 
    [10] => 
    [11] => 
    [12] => 
    [13] => BENEFICIARY'S COPY
    [14] => 
    [15] => 
)

DEBUG - 2026-04-06 10:36:26 --> Checking row 1507: Array
(
    [0] => 
    [1] => 
    [2] => FAMILY ASSISTANCE CARD IN EMERGENCIES AND DISASTERS (FACED)
    [3] => 
    [4] => 
    [5] => 
    [6] => 
    [7] => 
    [8] => 
    [9] => 
    [10] => 
    [11] => 
    [12] => 
    [13] => SERIAL NUMBER: 0051
    [14] => 
    [15] => 
)

DEBUG - 2026-04-06 10:36:26 --> Checking row 1508: Array
(
    [0] => LOCATION OF THE AFFECTED FAMILY
    [1] => 
    [2] => 
    [3] => 
    [4] => 
    [5] => 
    [6] => 
    [7] => 
    [8] => 
    [9] => 
    [10] => 
    [11] => 
    [12] => 
    [13] => 
    [14] => 
    [15] => 
)

DEBUG - 2026-04-06 10:36:26 --> Checking row 1509: Array
(
    [0] => 1. REGION
REGION 10
    [1] => 
    [2] => 
    [3] => 2. PROVINCE
CAMIGUIN
    [4] => 
    [5] => 
    [6] => 3. DISTRICT

    [7] => 
    [8] => 
    [9] => 4. CITY/MUNICIPALITY
MAMBAJAO
    [10] => 
    [11] => 
    [12] => 5. BARANGAY
BALBAGON
    [13] => 
    [14] => 6. EVACUATION CENTER/SITE
CPSC
    [15] => 
)

DEBUG - 2026-04-06 10:36:26 --> Checking row 1510: Array
(
    [0] => 
    [1] => 
    [2] => 
    [3] => 
    [4] => 
    [5] => 
    [6] => 
    [7] => 
    [8] => 
    [9] => 
    [10] => 
    [11] => 
    [12] => 
    [13] => 
    [14] => 
    [15] => 
)

DEBUG - 2026-04-06 10:36:26 --> Checking row 1511: Array
(
    [0] => HEAD OF THE FAMILY
    [1] => 
    [2] => 
    [3] => 
    [4] => 
    [5] => 
    [6] => 
    [7] => 
    [8] => 
    [9] => 
    [10] => 
    [11] => 
    [12] => 
    [13] => 
    [14] => 
    [15] => 
)

DEBUG - 2026-04-06 10:36:26 --> Found 'HEAD OF THE FAMILY' at row 1511, column 0
DEBUG - 2026-04-06 10:36:26 --> parseFacedCard called with startRow: 1511
DEBUG - 2026-04-06 10:36:26 --> Found household_no: 0051
DEBUG - 2026-04-06 10:36:26 --> Family header at row 1520 → data from 1521
DEBUG - 2026-04-06 10:36:26 --> Family member: RODGEN MENDRES
DEBUG - 2026-04-06 10:36:26 --> Family member: GENECA FAITH MENDRES
DEBUG - 2026-04-06 10:36:26 --> Family member: SHAYNE AVERY MENDRES
DEBUG - 2026-04-06 10:36:26 --> Parsed: REBECCA LUSAN | HH#: 0051 | Members: 3
DEBUG - 2026-04-06 10:36:26 --> Parsed resident data: Array
(
    [household_no] => 0051
    [region] => REGION 10
    [province] => CAMIGUIN
    [district] => 
    [city_municipality] => MAMBAJAO
    [barangay] => BALBAGON
    [evacuation_center] => CPSC
    [last_name] => LUSAN
    [civil_status] => Single
    [mother_maiden_name] => MARISSA DAHAN LAGRADA
    [first_name] => REBECCA
    [religion] => Catholic
    [occupation] => Housewife
    [middle_name] => LAGRADA
    [name_extension] => 
    [age] => 28
    [birthdate] => 1997-08-23
    [birthplace] => BALBAGON, MAMBAJAO, CAMIGUIN
    [sex] => Female
    [monthly_income] => 0
    [id_card_presented] => 
    [id_card_number] => 
    [house_no] => 
    [street] => Lower
    [subdivision] => Maslog
    [permanent_barangay] => Balbagon
    [permanent_city] => Mambajao
    [permanent_province] => Camiguin
    [zip_code] => 9100
    [is_4ps_beneficiary] => 0
    [vulnerable_older_persons] => 0
    [vulnerable_pregnant] => 0
    [vulnerable_lactating] => 0
    [vulnerable_pwd] => 0
    [ownership_status] => Owner
    [shelter_damage] => No Damage
    [registration_date] => 2026-03-25
    [data_privacy_consent] => 1
    [contact_number] => 
    [family_members] => Array
        (
            [0] => Array
                (
                    [name] => RODGEN MENDRES
                    [relation] => Live In Partner
                    [birthdate] => 1997-04-30
                    [age] => 28
                    [sex] => Male
                    [education] => HIGH SCHOOL GRAD
                    [occupation] => 
                    [remarks] => 
                    [status] => active
                )

            [1] => Array
                (
                    [name] => GENECA FAITH MENDRES
                    [relation] => Daughter
                    [birthdate] => 2022-01-09
                    [age] => 4
                    [sex] => Female
                    [education] => 
                    [occupation] => 
                    [remarks] => 
                    [status] => active
                )

            [2] => Array
                (
                    [name] => SHAYNE AVERY MENDRES
                    [relation] => Daughter
                    [birthdate] => 2024-04-07
                    [age] => 1
                    [sex] => Female
                    [education] => 
                    [occupation] => 
                    [remarks] => 
                    [status] => active
                )

        )

)

DEBUG - 2026-04-06 10:36:26 --> Inserted resident ID: 125, Name: REBECCA LUSAN
DEBUG - 2026-04-06 10:36:26 --> Inserted family member: RODGEN MENDRES
DEBUG - 2026-04-06 10:36:26 --> Inserted family member: GENECA FAITH MENDRES
DEBUG - 2026-04-06 10:36:26 --> Inserted family member: SHAYNE AVERY MENDRES
DEBUG - 2026-04-06 10:36:26 --> Checking row 1536: Array
(
    [0] => 
    [1] => 
    [2] => Department of Social Welfare and Development
    [3] => 
    [4] => 
    [5] => 
    [6] => 
    [7] => 
    [8] => 
    [9] => 
    [10] => 
    [11] => 
    [12] => 
    [13] => BENEFICIARY'S COPY
    [14] => 
    [15] => 
)

DEBUG - 2026-04-06 10:36:26 --> Checking row 1537: Array
(
    [0] => 
    [1] => 
    [2] => FAMILY ASSISTANCE CARD IN EMERGENCIES AND DISASTERS (FACED)
    [3] => 
    [4] => 
    [5] => 
    [6] => 
    [7] => 
    [8] => 
    [9] => 
    [10] => 
    [11] => 
    [12] => 
    [13] => SERIAL NUMBER: 0052
    [14] => 
    [15] => 
)

DEBUG - 2026-04-06 10:36:26 --> Checking row 1538: Array
(
    [0] => LOCATION OF THE AFFECTED FAMILY
    [1] => 
    [2] => 
    [3] => 
    [4] => 
    [5] => 
    [6] => 
    [7] => 
    [8] => 
    [9] => 
    [10] => 
    [11] => 
    [12] => 
    [13] => 
    [14] => 
    [15] => 
)

DEBUG - 2026-04-06 10:36:26 --> Checking row 1539: Array
(
    [0] => 1. REGION
REGION 10
    [1] => 
    [2] => 
    [3] => 2. PROVINCE
CAMIGUIN
    [4] => 
    [5] => 
    [6] => 3. DISTRICT

    [7] => 
    [8] => 
    [9] => 4. CITY/MUNICIPALITY
MAMBAJAO
    [10] => 
    [11] => 
    [12] => 5. BARANGAY
BALBAGON
    [13] => 
    [14] => 6. EVACUATION CENTER/SITE
CPSC
    [15] => 
)

DEBUG - 2026-04-06 10:36:26 --> Checking row 1540: Array
(
    [0] => 
    [1] => 
    [2] => 
    [3] => 
    [4] => 
    [5] => 
    [6] => 
    [7] => 
    [8] => 
    [9] => 
    [10] => 
    [11] => 
    [12] => 
    [13] => 
    [14] => 
    [15] => 
)

DEBUG - 2026-04-06 10:36:26 --> Checking row 1541: Array
(
    [0] => HEAD OF THE FAMILY
    [1] => 
    [2] => 
    [3] => 
    [4] => 
    [5] => 
    [6] => 
    [7] => 
    [8] => 
    [9] => 
    [10] => 
    [11] => 
    [12] => 
    [13] => 
    [14] => 
    [15] => 
)

DEBUG - 2026-04-06 10:36:26 --> Found 'HEAD OF THE FAMILY' at row 1541, column 0
DEBUG - 2026-04-06 10:36:26 --> parseFacedCard called with startRow: 1541
DEBUG - 2026-04-06 10:36:26 --> Found household_no: 0052
DEBUG - 2026-04-06 10:36:26 --> Family header at row 1550 → data from 1551
DEBUG - 2026-04-06 10:36:26 --> Family member: PAUL LABI
DEBUG - 2026-04-06 10:36:26 --> Family member: ANGELA LABI
DEBUG - 2026-04-06 10:36:26 --> Parsed: ALTERA LABI | HH#: 0052 | Members: 2
DEBUG - 2026-04-06 10:36:26 --> Parsed resident data: Array
(
    [household_no] => 0052
    [region] => REGION 10
    [province] => CAMIGUIN
    [district] => 
    [city_municipality] => MAMBAJAO
    [barangay] => BALBAGON
    [evacuation_center] => CPSC
    [last_name] => LABI
    [civil_status] => Married
    [mother_maiden_name] => 
    [first_name] => ALTERA
    [religion] => Catholic
    [occupation] => Housewife
    [middle_name] => EJARA
    [name_extension] => 
    [age] => 44
    [birthdate] => 1981-12-22
    [birthplace] => GINGOOG CITY
    [sex] => Female
    [monthly_income] => 0
    [id_card_presented] => 
    [id_card_number] => 
    [house_no] => 
    [street] => Lower
    [subdivision] => Maslog
    [permanent_barangay] => Balbagon
    [permanent_city] => Mambajao
    [permanent_province] => Camiguin
    [zip_code] => 9100
    [is_4ps_beneficiary] => 0
    [vulnerable_older_persons] => 0
    [vulnerable_pregnant] => 0
    [vulnerable_lactating] => 0
    [vulnerable_pwd] => 0
    [ownership_status] => Owner
    [shelter_damage] => No Damage
    [registration_date] => 2026-03-25
    [data_privacy_consent] => 1
    [contact_number] => 
    [family_members] => Array
        (
            [0] => Array
                (
                    [name] => PAUL LABI
                    [relation] => Husband
                    [birthdate] => 1981-12-22
                    [age] => 44
                    [sex] => Male
                    [education] => ELEM GRAD
                    [occupation] => Driver
                    [remarks] => 
                    [status] => active
                )

            [1] => Array
                (
                    [name] => ANGELA LABI
                    [relation] => Daughter
                    [birthdate] => 2005-11-11
                    [age] => 20
                    [sex] => Female
                    [education] => COLLEGE GRAD
                    [occupation] => Student
                    [remarks] => 
                    [status] => active
                )

        )

)

DEBUG - 2026-04-06 10:36:26 --> Inserted resident ID: 126, Name: ALTERA LABI
DEBUG - 2026-04-06 10:36:26 --> Inserted family member: PAUL LABI
DEBUG - 2026-04-06 10:36:26 --> Inserted family member: ANGELA LABI
DEBUG - 2026-04-06 10:36:26 --> Checking row 1566: Array
(
    [0] => 
    [1] => 
    [2] => Department of Social Welfare and Development
    [3] => 
    [4] => 
    [5] => 
    [6] => 
    [7] => 
    [8] => 
    [9] => 
    [10] => 
    [11] => 
    [12] => 
    [13] => BENEFICIARY'S COPY
    [14] => 
    [15] => 
)

DEBUG - 2026-04-06 10:36:26 --> Checking row 1567: Array
(
    [0] => 
    [1] => 
    [2] => FAMILY ASSISTANCE CARD IN EMERGENCIES AND DISASTERS (FACED)
    [3] => 
    [4] => 
    [5] => 
    [6] => 
    [7] => 
    [8] => 
    [9] => 
    [10] => 
    [11] => 
    [12] => 
    [13] => SERIAL NUMBER: 0053
    [14] => 
    [15] => 
)

DEBUG - 2026-04-06 10:36:26 --> Checking row 1568: Array
(
    [0] => LOCATION OF THE AFFECTED FAMILY
    [1] => 
    [2] => 
    [3] => 
    [4] => 
    [5] => 
    [6] => 
    [7] => 
    [8] => 
    [9] => 
    [10] => 
    [11] => 
    [12] => 
    [13] => 
    [14] => 
    [15] => 
)

DEBUG - 2026-04-06 10:36:26 --> Checking row 1569: Array
(
    [0] => 1. REGION

    [1] => 
    [2] => 
    [3] => 2. PROVINCE

    [4] => 
    [5] => 
    [6] => 3. DISTRICT

    [7] => 
    [8] => 
    [9] => 4. CITY/MUNICIPALITY

    [10] => 
    [11] => 
    [12] => 5. BARANGAY
POBLACION
    [13] => 
    [14] => 6. EVACUATION CENTER/SITE

    [15] => 
)

DEBUG - 2026-04-06 10:36:26 --> Checking row 1570: Array
(
    [0] => 
    [1] => 
    [2] => 
    [3] => 
    [4] => 
    [5] => 
    [6] => 
    [7] => 
    [8] => 
    [9] => 
    [10] => 
    [11] => 
    [12] => 
    [13] => 
    [14] => 
    [15] => 
)

DEBUG - 2026-04-06 10:36:26 --> Checking row 1571: Array
(
    [0] => HEAD OF THE FAMILY
    [1] => 
    [2] => 
    [3] => 
    [4] => 
    [5] => 
    [6] => 
    [7] => 
    [8] => 
    [9] => 
    [10] => 
    [11] => 
    [12] => 
    [13] => 
    [14] => 
    [15] => 
)

DEBUG - 2026-04-06 10:36:26 --> Found 'HEAD OF THE FAMILY' at row 1571, column 0
DEBUG - 2026-04-06 10:36:26 --> parseFacedCard called with startRow: 1571
DEBUG - 2026-04-06 10:36:26 --> Found household_no: 0053
DEBUG - 2026-04-06 10:36:26 --> Family header at row 1580 → data from 1581
DEBUG - 2026-04-06 10:36:26 --> Family member: PERLITA TORAYNO
DEBUG - 2026-04-06 10:36:26 --> Family member: ALTHEA TORAYNO
DEBUG - 2026-04-06 10:36:26 --> Family member: TRISHA TORAYNO
DEBUG - 2026-04-06 10:36:26 --> Parsed: JILL TORAYNO | HH#: 0053 | Members: 3
DEBUG - 2026-04-06 10:36:26 --> Parsed resident data: Array
(
    [household_no] => 0053
    [region] => 
    [province] => 
    [district] => 
    [city_municipality] => 
    [barangay] => POBLACION
    [evacuation_center] => 
    [last_name] => TORAYNO
    [civil_status] => Married
    [mother_maiden_name] => ELVIE POPERA
    [first_name] => JILL
    [religion] => Catholic
    [occupation] => Sales Lady
    [middle_name] => POPERA
    [name_extension] => 
    [age] => 27
    [birthdate] => 1998-12-08
    [birthplace] => CATARMAN MAMBAJAO CAMIGUIN
    [sex] => Female
    [monthly_income] => 10000
    [id_card_presented] => 
    [id_card_number] => 
    [house_no] => 
    [street] => Tapon
    [subdivision] => 
    [permanent_barangay] => Poblacion
    [permanent_city] => Mambajao
    [permanent_province] => Camiguin
    [zip_code] => 
    [is_4ps_beneficiary] => 0
    [vulnerable_older_persons] => 0
    [vulnerable_pregnant] => 0
    [vulnerable_lactating] => 0
    [vulnerable_pwd] => 0
    [ownership_status] => Owner
    [shelter_damage] => No Damage
    [registration_date] => 2026-03-25
    [data_privacy_consent] => 1
    [contact_number] => 
    [family_members] => Array
        (
            [0] => Array
                (
                    [name] => PERLITA TORAYNO
                    [relation] => Wife
                    [birthdate] => 1992-12-17
                    [age] => 33
                    [sex] => Female
                    [education] => HIGHSCHOOL
                    [occupation] => Fish Vendor
                    [remarks] => 
                    [status] => active
                )

            [1] => Array
                (
                    [name] => ALTHEA TORAYNO
                    [relation] => Daughter
                    [birthdate] => 2014-11-30
                    [age] => 11
                    [sex] => Female
                    [education] => GRADE 5
                    [occupation] => Student
                    [remarks] => 
                    [status] => active
                )

            [2] => Array
                (
                    [name] => TRISHA TORAYNO
                    [relation] => Daughter
                    [birthdate] => 2016-11-05
                    [age] => 9
                    [sex] => Female
                    [education] => GRADE 4
                    [occupation] => Student
                    [remarks] => 
                    [status] => active
                )

        )

)

DEBUG - 2026-04-06 10:36:26 --> Inserted resident ID: 127, Name: JILL TORAYNO
DEBUG - 2026-04-06 10:36:26 --> Inserted family member: PERLITA TORAYNO
DEBUG - 2026-04-06 10:36:26 --> Inserted family member: ALTHEA TORAYNO
DEBUG - 2026-04-06 10:36:26 --> Inserted family member: TRISHA TORAYNO
DEBUG - 2026-04-06 10:36:26 --> Checking row 1596: Array
(
    [0] => 
    [1] => 
    [2] => Department of Social Welfare and Development
    [3] => 
    [4] => 
    [5] => 
    [6] => 
    [7] => 
    [8] => 
    [9] => 
    [10] => 
    [11] => 
    [12] => 
    [13] => BENEFICIARY'S COPY
    [14] => 
    [15] => 
)

DEBUG - 2026-04-06 10:36:26 --> Checking row 1597: Array
(
    [0] => 
    [1] => 
    [2] => FAMILY ASSISTANCE CARD IN EMERGENCIES AND DISASTERS (FACED)
    [3] => 
    [4] => 
    [5] => 
    [6] => 
    [7] => 
    [8] => 
    [9] => 
    [10] => 
    [11] => 
    [12] => 
    [13] => SERIAL NUMBER: 0054
    [14] => 
    [15] => 
)

DEBUG - 2026-04-06 10:36:26 --> Checking row 1598: Array
(
    [0] => LOCATION OF THE AFFECTED FAMILY
    [1] => 
    [2] => 
    [3] => 
    [4] => 
    [5] => 
    [6] => 
    [7] => 
    [8] => 
    [9] => 
    [10] => 
    [11] => 
    [12] => 
    [13] => 
    [14] => 
    [15] => 
)

DEBUG - 2026-04-06 10:36:26 --> Checking row 1599: Array
(
    [0] => 1. REGION
REGION 10
    [1] => 
    [2] => 
    [3] => 2. PROVINCE
CAMIGUIN
    [4] => 
    [5] => 
    [6] => 3. DISTRICT

    [7] => 
    [8] => 
    [9] => 4. CITY/MUNICIPALITY
MAMBAJAO
    [10] => 
    [11] => 
    [12] => 5. BARANGAY
BALBAGON
    [13] => 
    [14] => 6. EVACUATION CENTER/SITE

    [15] => 
)

DEBUG - 2026-04-06 10:36:26 --> Checking row 1600: Array
(
    [0] => 
    [1] => 
    [2] => 
    [3] => 
    [4] => 
    [5] => 
    [6] => 
    [7] => 
    [8] => 
    [9] => 
    [10] => 
    [11] => 
    [12] => 
    [13] => 
    [14] => 
    [15] => 
)

DEBUG - 2026-04-06 10:36:26 --> Checking row 1601: Array
(
    [0] => HEAD OF THE FAMILY
    [1] => 
    [2] => 
    [3] => 
    [4] => 
    [5] => 
    [6] => 
    [7] => 
    [8] => 
    [9] => 
    [10] => 
    [11] => 
    [12] => 
    [13] => 
    [14] => 
    [15] => 
)

DEBUG - 2026-04-06 10:36:26 --> Found 'HEAD OF THE FAMILY' at row 1601, column 0
DEBUG - 2026-04-06 10:36:26 --> parseFacedCard called with startRow: 1601
DEBUG - 2026-04-06 10:36:26 --> Found household_no: 0054
DEBUG - 2026-04-06 10:36:26 --> Family header at row 1610 → data from 1611
DEBUG - 2026-04-06 10:36:26 --> Family member: PRECY MAY AMANROSE ATHENA ROLLORATA
DEBUG - 2026-04-06 10:36:26 --> Family member: ROSE ATHENA ROLLORATA
DEBUG - 2026-04-06 10:36:26 --> Parsed: ARLYN LAGRADA | HH#: 0054 | Members: 2
DEBUG - 2026-04-06 10:36:26 --> Parsed resident data: Array
(
    [household_no] => 0054
    [region] => REGION 10
    [province] => CAMIGUIN
    [district] => 
    [city_municipality] => MAMBAJAO
    [barangay] => BALBAGON
    [evacuation_center] => 
    [last_name] => LAGRADA
    [civil_status] => Single
    [mother_maiden_name] => DAMIANA CAILING LAGRADA
    [first_name] => ARLYN
    [religion] => Roman Catholic
    [occupation] => 
    [middle_name] => CAILING
    [name_extension] => 
    [age] => 30
    [birthdate] => 1995-11-16
    [birthplace] => BALBAGON MAMBAJAO CAMIGUIN
    [sex] => Female
    [monthly_income] => 0
    [id_card_presented] => 
    [id_card_number] => 
    [house_no] => 
    [street] => Lower
    [subdivision] => Maslog
    [permanent_barangay] => Balbagon
    [permanent_city] => Mambajao
    [permanent_province] => Camiguin
    [zip_code] => 
    [is_4ps_beneficiary] => 0
    [vulnerable_older_persons] => 0
    [vulnerable_pregnant] => 0
    [vulnerable_lactating] => 0
    [vulnerable_pwd] => 0
    [ownership_status] => Owner
    [shelter_damage] => No Damage
    [registration_date] => 2026-03-25
    [data_privacy_consent] => 1
    [contact_number] => 
    [family_members] => Array
        (
            [0] => Array
                (
                    [name] => PRECY MAY AMANROSE ATHENA ROLLORATA
                    [relation] => 
                    [birthdate] => 1993-05-01
                    [age] => 32
                    [sex] => Female
                    [education] => HIGHSCHOOL GRAD
                    [occupation] => None
                    [remarks] => 
                    [status] => active
                )

            [1] => Array
                (
                    [name] => ROSE ATHENA ROLLORATA
                    [relation] => 
                    [birthdate] => 2020-06-02
                    [age] => 5
                    [sex] => Female
                    [education] => KINDER
                    [occupation] => Student
                    [remarks] => 
                    [status] => active
                )

        )

)

DEBUG - 2026-04-06 10:36:26 --> Inserted resident ID: 128, Name: ARLYN LAGRADA
DEBUG - 2026-04-06 10:36:26 --> Inserted family member: PRECY MAY AMANROSE ATHENA ROLLORATA
DEBUG - 2026-04-06 10:36:26 --> Inserted family member: ROSE ATHENA ROLLORATA
DEBUG - 2026-04-06 10:36:26 --> Checking row 1626: Array
(
    [0] => 
    [1] => 
    [2] => Department of Social Welfare and Development
    [3] => 
    [4] => 
    [5] => 
    [6] => 
    [7] => 
    [8] => 
    [9] => 
    [10] => 
    [11] => 
    [12] => 
    [13] => BENEFICIARY'S COPY
    [14] => 
    [15] => 
)

DEBUG - 2026-04-06 10:36:26 --> Checking row 1627: Array
(
    [0] => 
    [1] => 
    [2] => FAMILY ASSISTANCE CARD IN EMERGENCIES AND DISASTERS (FACED)
    [3] => 
    [4] => 
    [5] => 
    [6] => 
    [7] => 
    [8] => 
    [9] => 
    [10] => 
    [11] => 
    [12] => 
    [13] => SERIAL NUMBER: 0055
    [14] => 
    [15] => 
)

DEBUG - 2026-04-06 10:36:26 --> Checking row 1628: Array
(
    [0] => LOCATION OF THE AFFECTED FAMILY
    [1] => 
    [2] => 
    [3] => 
    [4] => 
    [5] => 
    [6] => 
    [7] => 
    [8] => 
    [9] => 
    [10] => 
    [11] => 
    [12] => 
    [13] => 
    [14] => 
    [15] => 
)

DEBUG - 2026-04-06 10:36:26 --> Checking row 1629: Array
(
    [0] => 1. REGION

    [1] => 
    [2] => 
    [3] => 2. PROVINCE

    [4] => 
    [5] => 
    [6] => 3. DISTRICT

    [7] => 
    [8] => 
    [9] => 4. CITY/MUNICIPALITY

    [10] => 
    [11] => 
    [12] => 5. BARANGAY
.
    [13] => 
    [14] => 6. EVACUATION CENTER/SITE
CENTRAL SCHOOL
    [15] => 
)

DEBUG - 2026-04-06 10:36:26 --> Checking row 1630: Array
(
    [0] => 
    [1] => 
    [2] => 
    [3] => 
    [4] => 
    [5] => 
    [6] => 
    [7] => 
    [8] => 
    [9] => 
    [10] => 
    [11] => 
    [12] => 
    [13] => 
    [14] => 
    [15] => 
)

DEBUG - 2026-04-06 10:36:26 --> Checking row 1631: Array
(
    [0] => HEAD OF THE FAMILY
    [1] => 
    [2] => 
    [3] => 
    [4] => 
    [5] => 
    [6] => 
    [7] => 
    [8] => 
    [9] => 
    [10] => 
    [11] => 
    [12] => 
    [13] => 
    [14] => 
    [15] => 
)

DEBUG - 2026-04-06 10:36:26 --> Found 'HEAD OF THE FAMILY' at row 1631, column 0
DEBUG - 2026-04-06 10:36:26 --> parseFacedCard called with startRow: 1631
DEBUG - 2026-04-06 10:36:26 --> Found household_no: 0055
DEBUG - 2026-04-06 10:36:26 --> Family header at row 1640 → data from 1641
DEBUG - 2026-04-06 10:36:26 --> Parsed: PAUL REY ROSAL | HH#: 0055 | Members: 0
DEBUG - 2026-04-06 10:36:26 --> Parsed resident data: Array
(
    [household_no] => 0055
    [region] => 
    [province] => 
    [district] => 
    [city_municipality] => 
    [barangay] => .
    [evacuation_center] => CENTRAL SCHOOL
    [last_name] => ROSAL
    [civil_status] => Single
    [mother_maiden_name] => 
    [first_name] => PAUL REY
    [religion] => 
    [occupation] => 
    [middle_name] => 
    [name_extension] => 
    [age] => 39
    [birthdate] => 1986-08-21
    [birthplace] => MAMBAJAO CAMIGUIN
    [sex] => 
    [monthly_income] => 0
    [id_card_presented] => 
    [id_card_number] => 
    [is_4ps_beneficiary] => 0
    [vulnerable_older_persons] => 0
    [vulnerable_pregnant] => 0
    [vulnerable_lactating] => 0
    [vulnerable_pwd] => 1
    [ownership_status] => Owner
    [shelter_damage] => No Damage
    [registration_date] => 2026-03-25
    [data_privacy_consent] => 1
    [contact_number] => 
    [family_members] => Array
        (
        )

)

DEBUG - 2026-04-06 10:36:26 --> Inserted resident ID: 129, Name: PAUL REY ROSAL
DEBUG - 2026-04-06 10:36:26 --> Checking row 1656: Array
(
    [0] => 
    [1] => 
    [2] => Department of Social Welfare and Development
    [3] => 
    [4] => 
    [5] => 
    [6] => 
    [7] => 
    [8] => 
    [9] => 
    [10] => 
    [11] => 
    [12] => 
    [13] => BENEFICIARY'S COPY
    [14] => 
    [15] => 
)

DEBUG - 2026-04-06 10:36:26 --> Checking row 1657: Array
(
    [0] => 
    [1] => 
    [2] => FAMILY ASSISTANCE CARD IN EMERGENCIES AND DISASTERS (FACED)
    [3] => 
    [4] => 
    [5] => 
    [6] => 
    [7] => 
    [8] => 
    [9] => 
    [10] => 
    [11] => 
    [12] => 
    [13] => SERIAL NUMBER: 0056
    [14] => 
    [15] => 
)

DEBUG - 2026-04-06 10:36:26 --> Checking row 1658: Array
(
    [0] => LOCATION OF THE AFFECTED FAMILY
    [1] => 
    [2] => 
    [3] => 
    [4] => 
    [5] => 
    [6] => 
    [7] => 
    [8] => 
    [9] => 
    [10] => 
    [11] => 
    [12] => 
    [13] => 
    [14] => 
    [15] => 
)

DEBUG - 2026-04-06 10:36:26 --> Checking row 1659: Array
(
    [0] => 1. REGION
REGION X
    [1] => 
    [2] => 
    [3] => 2. PROVINCE
CAMIGUIN
    [4] => 
    [5] => 
    [6] => 3. DISTRICT

    [7] => 
    [8] => 
    [9] => 4. CITY/MUNICIPALITY
MAMBAJAO
    [10] => 
    [11] => 
    [12] => 5. BARANGAY
BALBAGON
    [13] => 
    [14] => 6. EVACUATION CENTER/SITE
CPSC
    [15] => 
)

DEBUG - 2026-04-06 10:36:26 --> Checking row 1660: Array
(
    [0] => 
    [1] => 
    [2] => 
    [3] => 
    [4] => 
    [5] => 
    [6] => 
    [7] => 
    [8] => 
    [9] => 
    [10] => 
    [11] => 
    [12] => 
    [13] => 
    [14] => 
    [15] => 
)

DEBUG - 2026-04-06 10:36:26 --> Checking row 1661: Array
(
    [0] => HEAD OF THE FAMILY
    [1] => 
    [2] => 
    [3] => 
    [4] => 
    [5] => 
    [6] => 
    [7] => 
    [8] => 
    [9] => 
    [10] => 
    [11] => 
    [12] => 
    [13] => 
    [14] => 
    [15] => 
)

DEBUG - 2026-04-06 10:36:26 --> Found 'HEAD OF THE FAMILY' at row 1661, column 0
DEBUG - 2026-04-06 10:36:26 --> parseFacedCard called with startRow: 1661
DEBUG - 2026-04-06 10:36:26 --> Found household_no: 0056
DEBUG - 2026-04-06 10:36:26 --> Family header at row 1670 → data from 1671
DEBUG - 2026-04-06 10:36:26 --> Family member: RAYMOND OLINAN
DEBUG - 2026-04-06 10:36:26 --> Family member: JOHN RAYMOND OLINAN
DEBUG - 2026-04-06 10:36:26 --> Parsed: ROLITA OLINAN | HH#: 0056 | Members: 2
DEBUG - 2026-04-06 10:36:26 --> Parsed resident data: Array
(
    [household_no] => 0056
    [region] => REGION X
    [province] => CAMIGUIN
    [district] => 
    [city_municipality] => MAMBAJAO
    [barangay] => BALBAGON
    [evacuation_center] => CPSC
    [last_name] => OLINAN
    [civil_status] => Married
    [mother_maiden_name] => CLARITA DALION LAGRADA
    [first_name] => ROLITA
    [religion] => Roman Catholic
    [occupation] => Utility
    [middle_name] => SIMENE
    [name_extension] => 
    [age] => 31
    [birthdate] => 1994-07-17
    [birthplace] => BALBAGON MAMBAJAO CAMIGUIN
    [sex] => 
    [monthly_income] => 10000
    [id_card_presented] => 
    [id_card_number] => 
    [house_no] => 
    [street] => Lower
    [subdivision] => Maslog
    [permanent_barangay] => Balbagon
    [permanent_city] => Mambajao
    [permanent_province] => Camiguin
    [zip_code] => 9100
    [is_4ps_beneficiary] => 0
    [vulnerable_older_persons] => 0
    [vulnerable_pregnant] => 0
    [vulnerable_lactating] => 0
    [vulnerable_pwd] => 0
    [ownership_status] => Owner
    [shelter_damage] => No Damage
    [registration_date] => 2026-03-25
    [data_privacy_consent] => 1
    [contact_number] => 
    [family_members] => Array
        (
            [0] => Array
                (
                    [name] => RAYMOND OLINAN
                    [relation] => Husband
                    [birthdate] => 1992-02-10
                    [age] => 34
                    [sex] => Male
                    [education] => HIGHSCHOOL LEVEL
                    [occupation] => Laborer
                    [remarks] => 
                    [status] => active
                )

            [1] => Array
                (
                    [name] => JOHN RAYMOND OLINAN
                    [relation] => Son
                    [birthdate] => 2018-09-22
                    [age] => 7
                    [sex] => Male
                    [education] => ELE
                    [occupation] => Student
                    [remarks] => 
                    [status] => active
                )

        )

)

DEBUG - 2026-04-06 10:36:26 --> Inserted resident ID: 130, Name: ROLITA OLINAN
DEBUG - 2026-04-06 10:36:26 --> Inserted family member: RAYMOND OLINAN
DEBUG - 2026-04-06 10:36:26 --> Inserted family member: JOHN RAYMOND OLINAN
DEBUG - 2026-04-06 10:36:26 --> Checking row 1686: Array
(
    [0] => 
    [1] => 
    [2] => Department of Social Welfare and Development
    [3] => 
    [4] => 
    [5] => 
    [6] => 
    [7] => 
    [8] => 
    [9] => 
    [10] => 
    [11] => 
    [12] => 
    [13] => BENEFICIARY'S COPY
    [14] => 
    [15] => 
)

DEBUG - 2026-04-06 10:36:26 --> Checking row 1687: Array
(
    [0] => 
    [1] => 
    [2] => FAMILY ASSISTANCE CARD IN EMERGENCIES AND DISASTERS (FACED)
    [3] => 
    [4] => 
    [5] => 
    [6] => 
    [7] => 
    [8] => 
    [9] => 
    [10] => 
    [11] => 
    [12] => 
    [13] => SERIAL NUMBER: 0057
    [14] => 
    [15] => 
)

DEBUG - 2026-04-06 10:36:26 --> Checking row 1688: Array
(
    [0] => LOCATION OF THE AFFECTED FAMILY
    [1] => 
    [2] => 
    [3] => 
    [4] => 
    [5] => 
    [6] => 
    [7] => 
    [8] => 
    [9] => 
    [10] => 
    [11] => 
    [12] => 
    [13] => 
    [14] => 
    [15] => 
)

DEBUG - 2026-04-06 10:36:26 --> Checking row 1689: Array
(
    [0] => 1. REGION
REGION X
    [1] => 
    [2] => 
    [3] => 2. PROVINCE
CAMIGUIN
    [4] => 
    [5] => 
    [6] => 3. DISTRICT

    [7] => 
    [8] => 
    [9] => 4. CITY/MUNICIPALITY
MAMBAJAO
    [10] => 
    [11] => 
    [12] => 5. BARANGAY
BALBAGON
    [13] => 
    [14] => 6. EVACUATION CENTER/SITE
CPSC
    [15] => 
)

DEBUG - 2026-04-06 10:36:26 --> Checking row 1690: Array
(
    [0] => 
    [1] => 
    [2] => 
    [3] => 
    [4] => 
    [5] => 
    [6] => 
    [7] => 
    [8] => 
    [9] => 
    [10] => 
    [11] => 
    [12] => 
    [13] => 
    [14] => 
    [15] => 
)

DEBUG - 2026-04-06 10:36:26 --> Checking row 1691: Array
(
    [0] => HEAD OF THE FAMILY
    [1] => 
    [2] => 
    [3] => 
    [4] => 
    [5] => 
    [6] => 
    [7] => 
    [8] => 
    [9] => 
    [10] => 
    [11] => 
    [12] => 
    [13] => 
    [14] => 
    [15] => 
)

DEBUG - 2026-04-06 10:36:26 --> Found 'HEAD OF THE FAMILY' at row 1691, column 0
DEBUG - 2026-04-06 10:36:26 --> parseFacedCard called with startRow: 1691
DEBUG - 2026-04-06 10:36:26 --> Found household_no: 0057
DEBUG - 2026-04-06 10:36:26 --> Family header at row 1700 → data from 1701
DEBUG - 2026-04-06 10:36:26 --> Family member: GILBERTO ABANIL
DEBUG - 2026-04-06 10:36:26 --> Family member: ERICA JANELLE LABI
DEBUG - 2026-04-06 10:36:26 --> Family member: SHAINA JANE ABANIL
DEBUG - 2026-04-06 10:36:26 --> Family member: ERIC ABANIL
DEBUG - 2026-04-06 10:36:26 --> Parsed: CHONA ABANIL | HH#: 0057 | Members: 4
DEBUG - 2026-04-06 10:36:26 --> Parsed resident data: Array
(
    [household_no] => 0057
    [region] => REGION X
    [province] => CAMIGUIN
    [district] => 
    [city_municipality] => MAMBAJAO
    [barangay] => BALBAGON
    [evacuation_center] => CPSC
    [last_name] => ABANIL
    [civil_status] => Married
    [mother_maiden_name] => FE CASTINO LABI
    [first_name] => CHONA
    [religion] => Roman Catholic
    [occupation] => Housekeeping
    [middle_name] => LABI
    [name_extension] => 
    [age] => 45
    [birthdate] => 1980-10-20
    [birthplace] => BALBAGON MAMBAJAO CAMIGUIN
    [sex] => Female
    [monthly_income] => 7000
    [id_card_presented] => 
    [id_card_number] => 
    [house_no] => 
    [street] => Lower
    [subdivision] => Maslog
    [permanent_barangay] => Balbagon
    [permanent_city] => Mambajao
    [permanent_province] => Camiguin
    [zip_code] => 9100
    [is_4ps_beneficiary] => 0
    [vulnerable_older_persons] => 0
    [vulnerable_pregnant] => 0
    [vulnerable_lactating] => 0
    [vulnerable_pwd] => 0
    [ownership_status] => Owner
    [shelter_damage] => No Damage
    [registration_date] => 2026-03-25
    [data_privacy_consent] => 1
    [contact_number] => 
    [family_members] => Array
        (
            [0] => Array
                (
                    [name] => GILBERTO ABANIL
                    [relation] => Husband
                    [birthdate] => 1970-03-25
                    [age] => 56
                    [sex] => Male
                    [education] => HIGHSCHOOL GRAD
                    [occupation] => Security Guard
                    [remarks] => 
                    [status] => active
                )

            [1] => Array
                (
                    [name] => ERICA JANELLE LABI
                    [relation] => Daughter
                    [birthdate] => 2005-06-18
                    [age] => 20
                    [sex] => Female
                    [education] => COLLEGE LEVEL
                    [occupation] => Student
                    [remarks] => 
                    [status] => active
                )

            [2] => Array
                (
                    [name] => SHAINA JANE ABANIL
                    [relation] => Daughter
                    [birthdate] => 2007-06-08
                    [age] => 18
                    [sex] => Female
                    [education] => HIGH SCHOOL LEVEL
                    [occupation] => Osy
                    [remarks] => 
                    [status] => active
                )

            [3] => Array
                (
                    [name] => ERIC ABANIL
                    [relation] => Son
                    [birthdate] => 2008-04-10
                    [age] => 17
                    [sex] => Male
                    [education] => HIGHSCHOOL
                    [occupation] => Student
                    [remarks] => 
                    [status] => active
                )

        )

)

DEBUG - 2026-04-06 10:36:26 --> Inserted resident ID: 131, Name: CHONA ABANIL
DEBUG - 2026-04-06 10:36:26 --> Inserted family member: GILBERTO ABANIL
DEBUG - 2026-04-06 10:36:26 --> Inserted family member: ERICA JANELLE LABI
DEBUG - 2026-04-06 10:36:26 --> Inserted family member: SHAINA JANE ABANIL
DEBUG - 2026-04-06 10:36:26 --> Inserted family member: ERIC ABANIL
DEBUG - 2026-04-06 10:36:26 --> Checking row 1716: Array
(
    [0] => 
    [1] => 
    [2] => Department of Social Welfare and Development
    [3] => 
    [4] => 
    [5] => 
    [6] => 
    [7] => 
    [8] => 
    [9] => 
    [10] => 
    [11] => 
    [12] => 
    [13] => BENEFICIARY'S COPY
    [14] => 
    [15] => 
)

DEBUG - 2026-04-06 10:36:26 --> Checking row 1717: Array
(
    [0] => 
    [1] => 
    [2] => FAMILY ASSISTANCE CARD IN EMERGENCIES AND DISASTERS (FACED)
    [3] => 
    [4] => 
    [5] => 
    [6] => 
    [7] => 
    [8] => 
    [9] => 
    [10] => 
    [11] => 
    [12] => 
    [13] => SERIAL NUMBER: 0058
    [14] => 
    [15] => 
)

DEBUG - 2026-04-06 10:36:26 --> Checking row 1718: Array
(
    [0] => LOCATION OF THE AFFECTED FAMILY
    [1] => 
    [2] => 
    [3] => 
    [4] => 
    [5] => 
    [6] => 
    [7] => 
    [8] => 
    [9] => 
    [10] => 
    [11] => 
    [12] => 
    [13] => 
    [14] => 
    [15] => 
)

DEBUG - 2026-04-06 10:36:26 --> Checking row 1719: Array
(
    [0] => 1. REGION
REGION X
    [1] => 
    [2] => 
    [3] => 2. PROVINCE
CAMIGUIN
    [4] => 
    [5] => 
    [6] => 3. DISTRICT

    [7] => 
    [8] => 
    [9] => 4. CITY/MUNICIPALITY
MAMBAJAO
    [10] => 
    [11] => 
    [12] => 5. BARANGAY
BALBAGON
    [13] => 
    [14] => 6. EVACUATION CENTER/SITE
CPSC
    [15] => 
)

DEBUG - 2026-04-06 10:36:26 --> Checking row 1720: Array
(
    [0] => 
    [1] => 
    [2] => 
    [3] => 
    [4] => 
    [5] => 
    [6] => 
    [7] => 
    [8] => 
    [9] => 
    [10] => 
    [11] => 
    [12] => 
    [13] => 
    [14] => 
    [15] => 
)

DEBUG - 2026-04-06 10:36:26 --> Checking row 1721: Array
(
    [0] => HEAD OF THE FAMILY
    [1] => 
    [2] => 
    [3] => 
    [4] => 
    [5] => 
    [6] => 
    [7] => 
    [8] => 
    [9] => 
    [10] => 
    [11] => 
    [12] => 
    [13] => 
    [14] => 
    [15] => 
)

DEBUG - 2026-04-06 10:36:26 --> Found 'HEAD OF THE FAMILY' at row 1721, column 0
DEBUG - 2026-04-06 10:36:26 --> parseFacedCard called with startRow: 1721
DEBUG - 2026-04-06 10:36:26 --> Found household_no: 0058
DEBUG - 2026-04-06 10:36:26 --> Family header at row 1730 → data from 1731
DEBUG - 2026-04-06 10:36:26 --> Family member: BONITA ELSA
DEBUG - 2026-04-06 10:36:26 --> Family member: BONITA JOHN CARLO
DEBUG - 2026-04-06 10:36:26 --> Family member: BONITA JEZEL ANN
DEBUG - 2026-04-06 10:36:26 --> Family member: TAGANAS HARCHRIS
DEBUG - 2026-04-06 10:36:26 --> Parsed: NOEL BONITA | HH#: 0058 | Members: 4
DEBUG - 2026-04-06 10:36:26 --> Parsed resident data: Array
(
    [household_no] => 0058
    [region] => REGION X
    [province] => CAMIGUIN
    [district] => 
    [city_municipality] => MAMBAJAO
    [barangay] => BALBAGON
    [evacuation_center] => CPSC
    [last_name] => BONITA
    [civil_status] => Married
    [mother_maiden_name] => 
    [first_name] => NOEL
    [religion] => 
    [occupation] => 
    [middle_name] => CABILLO
    [name_extension] => 
    [age] => 46
    [birthdate] => 1980-01-01
    [birthplace] => 
    [sex] => Male
    [monthly_income] => 0
    [id_card_presented] => 
    [id_card_number] => 
    [is_4ps_beneficiary] => 0
    [vulnerable_older_persons] => 0
    [vulnerable_pregnant] => 0
    [vulnerable_lactating] => 0
    [vulnerable_pwd] => 0
    [ownership_status] => Owner
    [shelter_damage] => No Damage
    [registration_date] => 2026-03-25
    [data_privacy_consent] => 1
    [contact_number] => 
    [family_members] => Array
        (
            [0] => Array
                (
                    [name] => BONITA ELSA
                    [relation] => Wife
                    [birthdate] => 1982-10-26
                    [age] => 43
                    [sex] => Female
                    [education] => 
                    [occupation] => 
                    [remarks] => 
                    [status] => active
                )

            [1] => Array
                (
                    [name] => BONITA JOHN CARLO
                    [relation] => Son
                    [birthdate] => 2018-01-26
                    [age] => 8
                    [sex] => Male
                    [education] => 
                    [occupation] => 
                    [remarks] => 
                    [status] => active
                )

            [2] => Array
                (
                    [name] => BONITA JEZEL ANN
                    [relation] => Daughter
                    [birthdate] => 2008-07-16
                    [age] => 17
                    [sex] => Female
                    [education] => 
                    [occupation] => 
                    [remarks] => 
                    [status] => active
                )

            [3] => Array
                (
                    [name] => TAGANAS HARCHRIS
                    [relation] => Daughter
                    [birthdate] => 2017-03-12
                    [age] => 9
                    [sex] => Male
                    [education] => 
                    [occupation] => 
                    [remarks] => 
                    [status] => active
                )

        )

)

DEBUG - 2026-04-06 10:36:26 --> Inserted resident ID: 132, Name: NOEL BONITA
DEBUG - 2026-04-06 10:36:26 --> Inserted family member: BONITA ELSA
DEBUG - 2026-04-06 10:36:26 --> Inserted family member: BONITA JOHN CARLO
DEBUG - 2026-04-06 10:36:26 --> Inserted family member: BONITA JEZEL ANN
DEBUG - 2026-04-06 10:36:26 --> Inserted family member: TAGANAS HARCHRIS
DEBUG - 2026-04-06 10:36:26 --> Checking row 1746: Array
(
    [0] => 
    [1] => 
    [2] => Department of Social Welfare and Development
    [3] => 
    [4] => 
    [5] => 
    [6] => 
    [7] => 
    [8] => 
    [9] => 
    [10] => 
    [11] => 
    [12] => 
    [13] => BENEFICIARY'S COPY
    [14] => 
    [15] => 
)

DEBUG - 2026-04-06 10:36:26 --> Checking row 1747: Array
(
    [0] => 
    [1] => 
    [2] => FAMILY ASSISTANCE CARD IN EMERGENCIES AND DISASTERS (FACED)
    [3] => 
    [4] => 
    [5] => 
    [6] => 
    [7] => 
    [8] => 
    [9] => 
    [10] => 
    [11] => 
    [12] => 
    [13] => SERIAL NUMBER: 0059
    [14] => 
    [15] => 
)

DEBUG - 2026-04-06 10:36:26 --> Checking row 1748: Array
(
    [0] => LOCATION OF THE AFFECTED FAMILY
    [1] => 
    [2] => 
    [3] => 
    [4] => 
    [5] => 
    [6] => 
    [7] => 
    [8] => 
    [9] => 
    [10] => 
    [11] => 
    [12] => 
    [13] => 
    [14] => 
    [15] => 
)

DEBUG - 2026-04-06 10:36:26 --> Checking row 1749: Array
(
    [0] => 1. REGION
REGION X
    [1] => 
    [2] => 
    [3] => 2. PROVINCE
CAMIGUIN
    [4] => 
    [5] => 
    [6] => 3. DISTRICT

    [7] => 
    [8] => 
    [9] => 4. CITY/MUNICIPALITY
MAMBAJAO
    [10] => 
    [11] => 
    [12] => 5. BARANGAY
BALBAGON
    [13] => 
    [14] => 6. EVACUATION CENTER/SITE

    [15] => 
)

DEBUG - 2026-04-06 10:36:26 --> Checking row 1750: Array
(
    [0] => 
    [1] => 
    [2] => 
    [3] => 
    [4] => 
    [5] => 
    [6] => 
    [7] => 
    [8] => 
    [9] => 
    [10] => 
    [11] => 
    [12] => 
    [13] => 
    [14] => 
    [15] => 
)

DEBUG - 2026-04-06 10:36:26 --> Checking row 1751: Array
(
    [0] => HEAD OF THE FAMILY
    [1] => 
    [2] => 
    [3] => 
    [4] => 
    [5] => 
    [6] => 
    [7] => 
    [8] => 
    [9] => 
    [10] => 
    [11] => 
    [12] => 
    [13] => 
    [14] => 
    [15] => 
)

DEBUG - 2026-04-06 10:36:26 --> Found 'HEAD OF THE FAMILY' at row 1751, column 0
DEBUG - 2026-04-06 10:36:26 --> parseFacedCard called with startRow: 1751
DEBUG - 2026-04-06 10:36:26 --> Found household_no: 0059
DEBUG - 2026-04-06 10:36:26 --> Family header at row 1760 → data from 1761
DEBUG - 2026-04-06 10:36:26 --> Parsed: ESTRELLITA BONITA | HH#: 0059 | Members: 0
DEBUG - 2026-04-06 10:36:26 --> Parsed resident data: Array
(
    [household_no] => 0059
    [region] => REGION X
    [province] => CAMIGUIN
    [district] => 
    [city_municipality] => MAMBAJAO
    [barangay] => BALBAGON
    [evacuation_center] => 
    [last_name] => BONITA
    [civil_status] => 
    [mother_maiden_name] => 
    [first_name] => ESTRELLITA
    [religion] => 
    [occupation] => 
    [middle_name] => 
    [name_extension] => 
    [age] => 76
    [birthdate] => 1949-07-02
    [birthplace] => 
    [sex] => 
    [monthly_income] => 0
    [id_card_presented] => 
    [id_card_number] => 
    [is_4ps_beneficiary] => 0
    [vulnerable_older_persons] => 0
    [vulnerable_pregnant] => 0
    [vulnerable_lactating] => 0
    [vulnerable_pwd] => 0
    [ownership_status] => Owner
    [shelter_damage] => No Damage
    [registration_date] => 2026-03-25
    [data_privacy_consent] => 1
    [contact_number] => 
    [family_members] => Array
        (
        )

)

DEBUG - 2026-04-06 10:36:26 --> Inserted resident ID: 133, Name: ESTRELLITA BONITA
DEBUG - 2026-04-06 10:36:26 --> Checking row 1776: Array
(
    [0] => 
    [1] => 
    [2] => Department of Social Welfare and Development
    [3] => 
    [4] => 
    [5] => 
    [6] => 
    [7] => 
    [8] => 
    [9] => 
    [10] => 
    [11] => 
    [12] => 
    [13] => BENEFICIARY'S COPY
    [14] => 
    [15] => 
)

DEBUG - 2026-04-06 10:36:26 --> Checking row 1777: Array
(
    [0] => 
    [1] => 
    [2] => FAMILY ASSISTANCE CARD IN EMERGENCIES AND DISASTERS (FACED)
    [3] => 
    [4] => 
    [5] => 
    [6] => 
    [7] => 
    [8] => 
    [9] => 
    [10] => 
    [11] => 
    [12] => 
    [13] => SERIAL NUMBER: 0060
    [14] => 
    [15] => 
)

DEBUG - 2026-04-06 10:36:26 --> Checking row 1778: Array
(
    [0] => LOCATION OF THE AFFECTED FAMILY
    [1] => 
    [2] => 
    [3] => 
    [4] => 
    [5] => 
    [6] => 
    [7] => 
    [8] => 
    [9] => 
    [10] => 
    [11] => 
    [12] => 
    [13] => 
    [14] => 
    [15] => 
)

DEBUG - 2026-04-06 10:36:26 --> Checking row 1779: Array
(
    [0] => 1. REGION
REGION X
    [1] => 
    [2] => 
    [3] => 2. PROVINCE
CAMIGUIN
    [4] => 
    [5] => 
    [6] => 3. DISTRICT

    [7] => 
    [8] => 
    [9] => 4. CITY/MUNICIPALITY
MAMBAJAO
    [10] => 
    [11] => 
    [12] => 5. BARANGAY
BALBAGON
    [13] => 
    [14] => 6. EVACUATION CENTER/SITE

    [15] => 
)

DEBUG - 2026-04-06 10:36:26 --> Checking row 1780: Array
(
    [0] => 
    [1] => 
    [2] => 
    [3] => 
    [4] => 
    [5] => 
    [6] => 
    [7] => 
    [8] => 
    [9] => 
    [10] => 
    [11] => 
    [12] => 
    [13] => 
    [14] => 
    [15] => 
)

DEBUG - 2026-04-06 10:36:26 --> Checking row 1781: Array
(
    [0] => HEAD OF THE FAMILY
    [1] => 
    [2] => 
    [3] => 
    [4] => 
    [5] => 
    [6] => 
    [7] => 
    [8] => 
    [9] => 
    [10] => 
    [11] => 
    [12] => 
    [13] => 
    [14] => 
    [15] => 
)

DEBUG - 2026-04-06 10:36:26 --> Found 'HEAD OF THE FAMILY' at row 1781, column 0
DEBUG - 2026-04-06 10:36:26 --> parseFacedCard called with startRow: 1781
DEBUG - 2026-04-06 10:36:26 --> Found household_no: 0060
DEBUG - 2026-04-06 10:36:26 --> Family header at row 1790 → data from 1791
DEBUG - 2026-04-06 10:36:26 --> Family member: TITO ESCALERA
DEBUG - 2026-04-06 10:36:26 --> Family member: HONEY FAITH ESCALERA
DEBUG - 2026-04-06 10:36:26 --> Parsed: JOVITA ESCALERA | HH#: 0060 | Members: 2
DEBUG - 2026-04-06 10:36:26 --> Parsed resident data: Array
(
    [household_no] => 0060
    [region] => REGION X
    [province] => CAMIGUIN
    [district] => 
    [city_municipality] => MAMBAJAO
    [barangay] => BALBAGON
    [evacuation_center] => 
    [last_name] => ESCALERA
    [civil_status] => Married
    [mother_maiden_name] => 
    [first_name] => JOVITA
    [religion] => 7 Day Adventist Reformed Movement
    [occupation] => Helper
    [middle_name] => SALAGANTIN
    [name_extension] => 
    [age] => 57
    [birthdate] => 1968-10-02
    [birthplace] => MISAMIS OR
    [sex] => Female
    [monthly_income] => 6000
    [id_card_presented] => UMID ID
    [id_card_number] => 
    [contact_number] => 09677717810
    [house_no] => 
    [street] => Upper
    [subdivision] => Lakas
    [permanent_barangay] => Poblacion
    [permanent_city] => Mambajao
    [permanent_province] => Camiguin
    [zip_code] => 9100
    [is_4ps_beneficiary] => 0
    [vulnerable_older_persons] => 0
    [vulnerable_pregnant] => 0
    [vulnerable_lactating] => 0
    [vulnerable_pwd] => 0
    [ownership_status] => Owner
    [shelter_damage] => No Damage
    [registration_date] => 2026-03-25
    [data_privacy_consent] => 1
    [family_members] => Array
        (
            [0] => Array
                (
                    [name] => TITO ESCALERA
                    [relation] => Husband
                    [birthdate] => 1970-01-24
                    [age] => 56
                    [sex] => Male
                    [education] => HIGHSCHOOL  GRAD
                    [occupation] => 
                    [remarks] => 
                    [status] => active
                )

            [1] => Array
                (
                    [name] => HONEY FAITH ESCALERA
                    [relation] => Daughter
                    [birthdate] => 2005-04-23
                    [age] => 20
                    [sex] => Female
                    [education] => COLLEGE LEVEL
                    [occupation] => Student
                    [remarks] => 
                    [status] => active
                )

        )

)

DEBUG - 2026-04-06 10:36:26 --> Inserted resident ID: 134, Name: JOVITA ESCALERA
DEBUG - 2026-04-06 10:36:26 --> Inserted family member: TITO ESCALERA
DEBUG - 2026-04-06 10:36:26 --> Inserted family member: HONEY FAITH ESCALERA
DEBUG - 2026-04-06 10:36:26 --> Checking row 1806: Array
(
    [0] => 
    [1] => 
    [2] => Department of Social Welfare and Development
    [3] => 
    [4] => 
    [5] => 
    [6] => 
    [7] => 
    [8] => 
    [9] => 
    [10] => 
    [11] => 
    [12] => 
    [13] => BENEFICIARY'S COPY
    [14] => 
    [15] => 
)

DEBUG - 2026-04-06 10:36:26 --> Checking row 1807: Array
(
    [0] => 
    [1] => 
    [2] => FAMILY ASSISTANCE CARD IN EMERGENCIES AND DISASTERS (FACED)
    [3] => 
    [4] => 
    [5] => 
    [6] => 
    [7] => 
    [8] => 
    [9] => 
    [10] => 
    [11] => 
    [12] => 
    [13] => SERIAL NUMBER: 0061
    [14] => 
    [15] => 
)

DEBUG - 2026-04-06 10:36:26 --> Checking row 1808: Array
(
    [0] => LOCATION OF THE AFFECTED FAMILY
    [1] => 
    [2] => 
    [3] => 
    [4] => 
    [5] => 
    [6] => 
    [7] => 
    [8] => 
    [9] => 
    [10] => 
    [11] => 
    [12] => 
    [13] => 
    [14] => 
    [15] => 
)

DEBUG - 2026-04-06 10:36:26 --> Checking row 1809: Array
(
    [0] => 1. REGION
REGION 10
    [1] => 
    [2] => 
    [3] => 2. PROVINCE
CAMIGUIN
    [4] => 
    [5] => 
    [6] => 3. DISTRICT

    [7] => 
    [8] => 
    [9] => 4. CITY/MUNICIPALITY
MAMBAJAO
    [10] => 
    [11] => 
    [12] => 5. BARANGAY
BALBAGON
    [13] => 
    [14] => 6. EVACUATION CENTER/SITE
CPSC
    [15] => 
)

DEBUG - 2026-04-06 10:36:26 --> Checking row 1810: Array
(
    [0] => 
    [1] => 
    [2] => 
    [3] => 
    [4] => 
    [5] => 
    [6] => 
    [7] => 
    [8] => 
    [9] => 
    [10] => 
    [11] => 
    [12] => 
    [13] => 
    [14] => 
    [15] => 
)

DEBUG - 2026-04-06 10:36:26 --> Checking row 1811: Array
(
    [0] => HEAD OF THE FAMILY
    [1] => 
    [2] => 
    [3] => 
    [4] => 
    [5] => 
    [6] => 
    [7] => 
    [8] => 
    [9] => 
    [10] => 
    [11] => 
    [12] => 
    [13] => 
    [14] => 
    [15] => 
)

DEBUG - 2026-04-06 10:36:26 --> Found 'HEAD OF THE FAMILY' at row 1811, column 0
DEBUG - 2026-04-06 10:36:26 --> parseFacedCard called with startRow: 1811
DEBUG - 2026-04-06 10:36:26 --> Found household_no: 0061
DEBUG - 2026-04-06 10:36:26 --> Family header at row 1820 → data from 1821
DEBUG - 2026-04-06 10:36:26 --> Family member: EDWIN ABIAN
DEBUG - 2026-04-06 10:36:26 --> Family member: TRISHA ANN ABIAN
DEBUG - 2026-04-06 10:36:26 --> Family member: RYZZA MAE ABIAN
DEBUG - 2026-04-06 10:36:26 --> Parsed: ROTCHIE ABIAN | HH#: 0061 | Members: 3
DEBUG - 2026-04-06 10:36:26 --> Parsed resident data: Array
(
    [household_no] => 0061
    [region] => REGION 10
    [province] => CAMIGUIN
    [district] => 
    [city_municipality] => MAMBAJAO
    [barangay] => BALBAGON
    [evacuation_center] => CPSC
    [last_name] => ABIAN
    [civil_status] => Married
    [mother_maiden_name] => 
    [first_name] => ROTCHIE
    [religion] => Roman Catholic
    [occupation] => Utility
    [middle_name] => SIMENE
    [name_extension] => 
    [age] => 44
    [birthdate] => 1981-12-07
    [birthplace] => BALINGASAG
    [sex] => Female
    [monthly_income] => 8000
    [id_card_presented] => 
    [id_card_number] => 
    [house_no] => 
    [street] => Lower
    [subdivision] => Maslog
    [permanent_barangay] => Balbagon
    [permanent_city] => Mambajao
    [permanent_province] => Camiguin
    [zip_code] => 9100
    [is_4ps_beneficiary] => 1
    [vulnerable_older_persons] => 0
    [vulnerable_pregnant] => 0
    [vulnerable_lactating] => 0
    [vulnerable_pwd] => 0
    [ownership_status] => Owner
    [shelter_damage] => No Damage
    [registration_date] => 2026-03-26
    [data_privacy_consent] => 1
    [contact_number] => 
    [family_members] => Array
        (
            [0] => Array
                (
                    [name] => EDWIN ABIAN
                    [relation] => Husband
                    [birthdate] => 1980-01-26
                    [age] => 46
                    [sex] => Male
                    [education] => HIGHSCHOOL GRAD
                    [occupation] => Fisherman
                    [remarks] => 
                    [status] => active
                )

            [1] => Array
                (
                    [name] => TRISHA ANN ABIAN
                    [relation] => Daughter
                    [birthdate] => 2008-08-28
                    [age] => 17
                    [sex] => Female
                    [education] => COLLEGE
                    [occupation] => Student
                    [remarks] => 
                    [status] => active
                )

            [2] => Array
                (
                    [name] => RYZZA MAE ABIAN
                    [relation] => Daughter
                    [birthdate] => 2014-12-24
                    [age] => 11
                    [sex] => Female
                    [education] => ELEMENTARY
                    [occupation] => Student
                    [remarks] => 
                    [status] => active
                )

        )

)

DEBUG - 2026-04-06 10:36:26 --> Inserted resident ID: 135, Name: ROTCHIE ABIAN
DEBUG - 2026-04-06 10:36:26 --> Inserted family member: EDWIN ABIAN
DEBUG - 2026-04-06 10:36:26 --> Inserted family member: TRISHA ANN ABIAN
DEBUG - 2026-04-06 10:36:26 --> Inserted family member: RYZZA MAE ABIAN
DEBUG - 2026-04-06 10:36:26 --> Checking row 1836: Array
(
    [0] => 
    [1] => 
    [2] => Department of Social Welfare and Development
    [3] => 
    [4] => 
    [5] => 
    [6] => 
    [7] => 
    [8] => 
    [9] => 
    [10] => 
    [11] => 
    [12] => 
    [13] => BENEFICIARY'S COPY
    [14] => 
    [15] => 
)

DEBUG - 2026-04-06 10:36:26 --> Checking row 1837: Array
(
    [0] => 
    [1] => 
    [2] => FAMILY ASSISTANCE CARD IN EMERGENCIES AND DISASTERS (FACED)
    [3] => 
    [4] => 
    [5] => 
    [6] => 
    [7] => 
    [8] => 
    [9] => 
    [10] => 
    [11] => 
    [12] => 
    [13] => SERIAL NUMBER: 0062
    [14] => 
    [15] => 
)

DEBUG - 2026-04-06 10:36:26 --> Checking row 1838: Array
(
    [0] => LOCATION OF THE AFFECTED FAMILY
    [1] => 
    [2] => 
    [3] => 
    [4] => 
    [5] => 
    [6] => 
    [7] => 
    [8] => 
    [9] => 
    [10] => 
    [11] => 
    [12] => 
    [13] => 
    [14] => 
    [15] => 
)

DEBUG - 2026-04-06 10:36:26 --> Checking row 1839: Array
(
    [0] => 1. REGION
REGION X
    [1] => 
    [2] => 
    [3] => 2. PROVINCE
CAMIGUIN
    [4] => 
    [5] => 
    [6] => 3. DISTRICT

    [7] => 
    [8] => 
    [9] => 4. CITY/MUNICIPALITY
MAMBAJAO
    [10] => 
    [11] => 
    [12] => 5. BARANGAY
BALBAGON
    [13] => 
    [14] => 6. EVACUATION CENTER/SITE
CPSC
    [15] => 
)

DEBUG - 2026-04-06 10:36:26 --> Checking row 1840: Array
(
    [0] => 
    [1] => 
    [2] => 
    [3] => 
    [4] => 
    [5] => 
    [6] => 
    [7] => 
    [8] => 
    [9] => 
    [10] => 
    [11] => 
    [12] => 
    [13] => 
    [14] => 
    [15] => 
)

DEBUG - 2026-04-06 10:36:26 --> Checking row 1841: Array
(
    [0] => HEAD OF THE FAMILY
    [1] => 
    [2] => 
    [3] => 
    [4] => 
    [5] => 
    [6] => 
    [7] => 
    [8] => 
    [9] => 
    [10] => 
    [11] => 
    [12] => 
    [13] => 
    [14] => 
    [15] => 
)

DEBUG - 2026-04-06 10:36:26 --> Found 'HEAD OF THE FAMILY' at row 1841, column 0
DEBUG - 2026-04-06 10:36:26 --> parseFacedCard called with startRow: 1841
DEBUG - 2026-04-06 10:36:26 --> Found household_no: 0062
DEBUG - 2026-04-06 10:36:26 --> Family header at row 1850 → data from 1851
DEBUG - 2026-04-06 10:36:26 --> Family member: FATIMA FAITH GIMARANGAN
DEBUG - 2026-04-06 10:36:26 --> Parsed: MARIA ROLENDA LAGRADA | HH#: 0062 | Members: 1
DEBUG - 2026-04-06 10:36:26 --> Parsed resident data: Array
(
    [household_no] => 0062
    [region] => REGION X
    [province] => CAMIGUIN
    [district] => 
    [city_municipality] => MAMBAJAO
    [barangay] => BALBAGON
    [evacuation_center] => CPSC
    [last_name] => LAGRADA
    [civil_status] => Married
    [mother_maiden_name] => 
    [first_name] => MARIA ROLENDA
    [religion] => Roman Catholic
    [occupation] => Sales Lady
    [middle_name] => GIMARANGAN
    [name_extension] => 
    [age] => 50
    [birthdate] => 1975-08-15
    [birthplace] => BALBAGON MAMBAJAO CAMIGUIN
    [sex] => Female
    [monthly_income] => 8000
    [id_card_presented] => 
    [id_card_number] => 
    [house_no] => 
    [street] => Lower
    [subdivision] => Maslog
    [permanent_barangay] => Balbagon
    [permanent_city] => Mambajao
    [permanent_province] => Camiguin
    [zip_code] => 9100
    [is_4ps_beneficiary] => 0
    [vulnerable_older_persons] => 0
    [vulnerable_pregnant] => 0
    [vulnerable_lactating] => 0
    [vulnerable_pwd] => 0
    [ownership_status] => Owner
    [shelter_damage] => No Damage
    [registration_date] => 2026-03-26
    [data_privacy_consent] => 1
    [contact_number] => 
    [family_members] => Array
        (
            [0] => Array
                (
                    [name] => FATIMA FAITH GIMARANGAN
                    [relation] => Grand Daughter
                    [birthdate] => 2017-10-13
                    [age] => 8
                    [sex] => Male
                    [education] => ELEMENTARY
                    [occupation] => Student
                    [remarks] => 
                    [status] => active
                )

        )

)

DEBUG - 2026-04-06 10:36:26 --> Inserted resident ID: 136, Name: MARIA ROLENDA LAGRADA
DEBUG - 2026-04-06 10:36:26 --> Inserted family member: FATIMA FAITH GIMARANGAN
DEBUG - 2026-04-06 10:36:26 --> Checking row 1866: Array
(
    [0] => 
    [1] => 
    [2] => Department of Social Welfare and Development
    [3] => 
    [4] => 
    [5] => 
    [6] => 
    [7] => 
    [8] => 
    [9] => 
    [10] => 
    [11] => 
    [12] => 
    [13] => BENEFICIARY'S COPY
    [14] => 
    [15] => 
)

DEBUG - 2026-04-06 10:36:26 --> Checking row 1867: Array
(
    [0] => 
    [1] => 
    [2] => FAMILY ASSISTANCE CARD IN EMERGENCIES AND DISASTERS (FACED)
    [3] => 
    [4] => 
    [5] => 
    [6] => 
    [7] => 
    [8] => 
    [9] => 
    [10] => 
    [11] => 
    [12] => 
    [13] => SERIAL NUMBER: 0063
    [14] => 
    [15] => 
)

DEBUG - 2026-04-06 10:36:26 --> Checking row 1868: Array
(
    [0] => LOCATION OF THE AFFECTED FAMILY
    [1] => 
    [2] => 
    [3] => 
    [4] => 
    [5] => 
    [6] => 
    [7] => 
    [8] => 
    [9] => 
    [10] => 
    [11] => 
    [12] => 
    [13] => 
    [14] => 
    [15] => 
)

DEBUG - 2026-04-06 10:36:26 --> Checking row 1869: Array
(
    [0] => 1. REGION

    [1] => 
    [2] => 
    [3] => 2. PROVINCE

    [4] => 
    [5] => 
    [6] => 3. DISTRICT

    [7] => 
    [8] => 
    [9] => 4. CITY/MUNICIPALITY

    [10] => 
    [11] => 
    [12] => 5. BARANGAY
.
    [13] => 
    [14] => 6. EVACUATION CENTER/SITE

    [15] => 
)

DEBUG - 2026-04-06 10:36:26 --> Checking row 1870: Array
(
    [0] => 
    [1] => 
    [2] => 
    [3] => 
    [4] => 
    [5] => 
    [6] => 
    [7] => 
    [8] => 
    [9] => 
    [10] => 
    [11] => 
    [12] => 
    [13] => 
    [14] => 
    [15] => 
)

DEBUG - 2026-04-06 10:36:26 --> Checking row 1871: Array
(
    [0] => HEAD OF THE FAMILY
    [1] => 
    [2] => 
    [3] => 
    [4] => 
    [5] => 
    [6] => 
    [7] => 
    [8] => 
    [9] => 
    [10] => 
    [11] => 
    [12] => 
    [13] => 
    [14] => 
    [15] => 
)

DEBUG - 2026-04-06 10:36:26 --> Found 'HEAD OF THE FAMILY' at row 1871, column 0
DEBUG - 2026-04-06 10:36:26 --> parseFacedCard called with startRow: 1871
DEBUG - 2026-04-06 10:36:26 --> Found household_no: 0063
DEBUG - 2026-04-06 10:36:26 --> Family header at row 1880 → data from 1881
DEBUG - 2026-04-06 10:36:26 --> Family member: LENE DUMANGCAS
DEBUG - 2026-04-06 10:36:26 --> Family member: RELYNA AMARAH DUMANGCAS
DEBUG - 2026-04-06 10:36:26 --> Family member: RINS AMARI DUMANGCAS
DEBUG - 2026-04-06 10:36:26 --> Parsed: ROSALYN SALON | HH#: 0063 | Members: 3
DEBUG - 2026-04-06 10:36:26 --> Parsed resident data: Array
(
    [household_no] => 0063
    [region] => 
    [province] => 
    [district] => 
    [city_municipality] => 
    [barangay] => .
    [evacuation_center] => 
    [last_name] => SALON
    [civil_status] => Single
    [mother_maiden_name] => NILDA SUCAYRE
    [first_name] => ROSALYN
    [religion] => Roman Catholic
    [occupation] => House Wife
    [middle_name] => LUCINARARA
    [name_extension] => 
    [age] => 25
    [birthdate] => 2000-10-06
    [birthplace] => GUINSILIBAN CAMIGUIN
    [sex] => Female
    [monthly_income] => 0
    [id_card_presented] => 
    [id_card_number] => 
    [house_no] => 
    [street] => 
    [subdivision] => 
    [permanent_barangay] => 
    [permanent_city] => Tapon
    [permanent_province] => Poblacion
    [zip_code] => 
    [is_4ps_beneficiary] => 0
    [vulnerable_older_persons] => 0
    [vulnerable_pregnant] => 0
    [vulnerable_lactating] => 0
    [vulnerable_pwd] => 0
    [ownership_status] => Owner
    [shelter_damage] => No Damage
    [registration_date] => 2026-03-26
    [data_privacy_consent] => 1
    [contact_number] => 
    [family_members] => Array
        (
            [0] => Array
                (
                    [name] => LENE DUMANGCAS
                    [relation] => Daughter
                    [birthdate] => 2009-08-04
                    [age] => 16
                    [sex] => Female
                    [education] => HIGHSCHOOL
                    [occupation] => Student
                    [remarks] => 
                    [status] => active
                )

            [1] => Array
                (
                    [name] => RELYNA AMARAH DUMANGCAS
                    [relation] => Daughter
                    [birthdate] => 2018-12-08
                    [age] => 7
                    [sex] => Female
                    [education] => ELEMENTARY
                    [occupation] => Student
                    [remarks] => 
                    [status] => active
                )

            [2] => Array
                (
                    [name] => RINS AMARI DUMANGCAS
                    [relation] => Son
                    [birthdate] => 2001-07-11
                    [age] => 24
                    [sex] => Male
                    [education] => 
                    [occupation] => 
                    [remarks] => 
                    [status] => active
                )

        )

)

DEBUG - 2026-04-06 10:36:26 --> Inserted resident ID: 137, Name: ROSALYN SALON
DEBUG - 2026-04-06 10:36:26 --> Inserted family member: LENE DUMANGCAS
DEBUG - 2026-04-06 10:36:26 --> Inserted family member: RELYNA AMARAH DUMANGCAS
DEBUG - 2026-04-06 10:36:26 --> Inserted family member: RINS AMARI DUMANGCAS
DEBUG - 2026-04-06 10:36:26 --> Checking row 1896: Array
(
    [0] => 
    [1] => 
    [2] => Department of Social Welfare and Development
    [3] => 
    [4] => 
    [5] => 
    [6] => 
    [7] => 
    [8] => 
    [9] => 
    [10] => 
    [11] => 
    [12] => 
    [13] => BENEFICIARY'S COPY
    [14] => 
    [15] => 
)

DEBUG - 2026-04-06 10:36:26 --> Checking row 1897: Array
(
    [0] => 
    [1] => 
    [2] => FAMILY ASSISTANCE CARD IN EMERGENCIES AND DISASTERS (FACED)
    [3] => 
    [4] => 
    [5] => 
    [6] => 
    [7] => 
    [8] => 
    [9] => 
    [10] => 
    [11] => 
    [12] => 
    [13] => SERIAL NUMBER: 0064
    [14] => 
    [15] => 
)

DEBUG - 2026-04-06 10:36:26 --> Checking row 1898: Array
(
    [0] => LOCATION OF THE AFFECTED FAMILY
    [1] => 
    [2] => 
    [3] => 
    [4] => 
    [5] => 
    [6] => 
    [7] => 
    [8] => 
    [9] => 
    [10] => 
    [11] => 
    [12] => 
    [13] => 
    [14] => 
    [15] => 
)

DEBUG - 2026-04-06 10:36:26 --> Checking row 1899: Array
(
    [0] => 1. REGION
REGION X
    [1] => 
    [2] => 
    [3] => 2. PROVINCE
CAMIGUIN
    [4] => 
    [5] => 
    [6] => 3. DISTRICT

    [7] => 
    [8] => 
    [9] => 4. CITY/MUNICIPALITY
MAMBAJAO
    [10] => 
    [11] => 
    [12] => 5. BARANGAY
TAPON
    [13] => 
    [14] => 6. EVACUATION CENTER/SITE

    [15] => 
)

DEBUG - 2026-04-06 10:36:26 --> Checking row 1900: Array
(
    [0] => 
    [1] => 
    [2] => 
    [3] => 
    [4] => 
    [5] => 
    [6] => 
    [7] => 
    [8] => 
    [9] => 
    [10] => 
    [11] => 
    [12] => 
    [13] => 
    [14] => 
    [15] => 
)

DEBUG - 2026-04-06 10:36:26 --> Checking row 1901: Array
(
    [0] => HEAD OF THE FAMILY
    [1] => 
    [2] => 
    [3] => 
    [4] => 
    [5] => 
    [6] => 
    [7] => 
    [8] => 
    [9] => 
    [10] => 
    [11] => 
    [12] => 
    [13] => 
    [14] => 
    [15] => 
)

DEBUG - 2026-04-06 10:36:26 --> Found 'HEAD OF THE FAMILY' at row 1901, column 0
DEBUG - 2026-04-06 10:36:26 --> parseFacedCard called with startRow: 1901
DEBUG - 2026-04-06 10:36:26 --> Found household_no: 0064
DEBUG - 2026-04-06 10:36:26 --> Family header at row 1910 → data from 1911
DEBUG - 2026-04-06 10:36:26 --> Family member: JOMAR TORAYNO
DEBUG - 2026-04-06 10:36:26 --> Family member: JESSEL TORAYNO
DEBUG - 2026-04-06 10:36:26 --> Family member: MARY ZOU
DEBUG - 2026-04-06 10:36:26 --> Family member: JAY BOY
DEBUG - 2026-04-06 10:36:26 --> Parsed: NADIA TORAYNO | HH#: 0064 | Members: 4
DEBUG - 2026-04-06 10:36:26 --> Parsed resident data: Array
(
    [household_no] => 0064
    [region] => REGION X
    [province] => CAMIGUIN
    [district] => 
    [city_municipality] => MAMBAJAO
    [barangay] => TAPON
    [evacuation_center] => 
    [last_name] => TORAYNO
    [civil_status] => Married
    [mother_maiden_name] => 
    [first_name] => NADIA
    [religion] => Roman Catholic
    [occupation] => Baker
    [middle_name] => MONTENEGRO
    [name_extension] => 
    [age] => 38
    [birthdate] => 1987-08-25
    [birthplace] => SAN ROQUE SURIGAO
    [sex] => Female
    [monthly_income] => 18000
    [id_card_presented] => 
    [id_card_number] => 
    [house_no] => 
    [street] => Tapon
    [subdivision] => 
    [permanent_barangay] => Poblacion
    [permanent_city] => Mambajao
    [permanent_province] => Camiguin
    [zip_code] => 9100
    [is_4ps_beneficiary] => 0
    [vulnerable_older_persons] => 0
    [vulnerable_pregnant] => 0
    [vulnerable_lactating] => 0
    [vulnerable_pwd] => 0
    [ownership_status] => Owner
    [shelter_damage] => No Damage
    [registration_date] => 2026-03-26
    [data_privacy_consent] => 1
    [contact_number] => 
    [family_members] => Array
        (
            [0] => Array
                (
                    [name] => JOMAR TORAYNO
                    [relation] => Husband
                    [birthdate] => 1990-06-04
                    [age] => 35
                    [sex] => Male
                    [education] => HIGHSCHOOL GRADUATE
                    [occupation] => 
                    [remarks] => 
                    [status] => active
                )

            [1] => Array
                (
                    [name] => JESSEL TORAYNO
                    [relation] => Daughter
                    [birthdate] => 2012-01-08
                    [age] => 14
                    [sex] => Female
                    [education] => HIGHSCHOOL
                    [occupation] => Student
                    [remarks] => 
                    [status] => active
                )

            [2] => Array
                (
                    [name] => MARY ZOU
                    [relation] => Daughter
                    [birthdate] => 2014-02-08
                    [age] => 12
                    [sex] => Female
                    [education] => ELEMENTARY
                    [occupation] => Student
                    [remarks] => 
                    [status] => active
                )

            [3] => Array
                (
                    [name] => JAY BOY
                    [relation] => Son
                    [birthdate] => 2016-09-11
                    [age] => 9
                    [sex] => Male
                    [education] => ELEMENTARY
                    [occupation] => Student
                    [remarks] => 
                    [status] => active
                )

        )

)

DEBUG - 2026-04-06 10:36:26 --> Inserted resident ID: 138, Name: NADIA TORAYNO
DEBUG - 2026-04-06 10:36:26 --> Inserted family member: JOMAR TORAYNO
DEBUG - 2026-04-06 10:36:26 --> Inserted family member: JESSEL TORAYNO
DEBUG - 2026-04-06 10:36:26 --> Inserted family member: MARY ZOU
DEBUG - 2026-04-06 10:36:26 --> Inserted family member: JAY BOY
DEBUG - 2026-04-06 10:36:26 --> Checking row 1926: Array
(
    [0] => 
    [1] => 
    [2] => Department of Social Welfare and Development
    [3] => 
    [4] => 
    [5] => 
    [6] => 
    [7] => 
    [8] => 
    [9] => 
    [10] => 
    [11] => 
    [12] => 
    [13] => BENEFICIARY'S COPY
    [14] => 
    [15] => 
)

DEBUG - 2026-04-06 10:36:26 --> Checking row 1927: Array
(
    [0] => 
    [1] => 
    [2] => FAMILY ASSISTANCE CARD IN EMERGENCIES AND DISASTERS (FACED)
    [3] => 
    [4] => 
    [5] => 
    [6] => 
    [7] => 
    [8] => 
    [9] => 
    [10] => 
    [11] => 
    [12] => 
    [13] => SERIAL NUMBER: 0065
    [14] => 
    [15] => 
)

DEBUG - 2026-04-06 10:36:26 --> Checking row 1928: Array
(
    [0] => LOCATION OF THE AFFECTED FAMILY
    [1] => 
    [2] => 
    [3] => 
    [4] => 
    [5] => 
    [6] => 
    [7] => 
    [8] => 
    [9] => 
    [10] => 
    [11] => 
    [12] => 
    [13] => 
    [14] => 
    [15] => 
)

DEBUG - 2026-04-06 10:36:26 --> Checking row 1929: Array
(
    [0] => 1. REGION
REGION 10
    [1] => 
    [2] => 
    [3] => 2. PROVINCE
CAMIGUIN
    [4] => 
    [5] => 
    [6] => 3. DISTRICT

    [7] => 
    [8] => 
    [9] => 4. CITY/MUNICIPALITY
MAMBAJAO
    [10] => 
    [11] => 
    [12] => 5. BARANGAY
BALBAGON
    [13] => 
    [14] => 6. EVACUATION CENTER/SITE
CPSC
    [15] => 
)

DEBUG - 2026-04-06 10:36:26 --> Checking row 1930: Array
(
    [0] => 
    [1] => 
    [2] => 
    [3] => 
    [4] => 
    [5] => 
    [6] => 
    [7] => 
    [8] => 
    [9] => 
    [10] => 
    [11] => 
    [12] => 
    [13] => 
    [14] => 
    [15] => 
)

DEBUG - 2026-04-06 10:36:26 --> Checking row 1931: Array
(
    [0] => HEAD OF THE FAMILY
    [1] => 
    [2] => 
    [3] => 
    [4] => 
    [5] => 
    [6] => 
    [7] => 
    [8] => 
    [9] => 
    [10] => 
    [11] => 
    [12] => 
    [13] => 
    [14] => 
    [15] => 
)

DEBUG - 2026-04-06 10:36:26 --> Found 'HEAD OF THE FAMILY' at row 1931, column 0
DEBUG - 2026-04-06 10:36:26 --> parseFacedCard called with startRow: 1931
DEBUG - 2026-04-06 10:36:26 --> Found household_no: 0065
DEBUG - 2026-04-06 10:36:26 --> Family header at row 1940 → data from 1941
DEBUG - 2026-04-06 10:36:26 --> Family member: MERAFILER RANGCON
DEBUG - 2026-04-06 10:36:26 --> Family member: LEGWETER TORION
DEBUG - 2026-04-06 10:36:26 --> Family member: ARIEL JOY TORION
DEBUG - 2026-04-06 10:36:26 --> Parsed: ARIEL TORION | HH#: 0065 | Members: 3
DEBUG - 2026-04-06 10:36:26 --> Parsed resident data: Array
(
    [household_no] => 0065
    [region] => REGION 10
    [province] => CAMIGUIN
    [district] => 
    [city_municipality] => MAMBAJAO
    [barangay] => BALBAGON
    [evacuation_center] => CPSC
    [last_name] => TORION
    [civil_status] => Single
    [mother_maiden_name] => LOWIDEN RIVERA GINERENGAN
    [first_name] => ARIEL
    [religion] => Roman Catholic
    [occupation] => Delivery Boy
    [middle_name] => RIVERA
    [name_extension] => 
    [age] => 28
    [birthdate] => 1997-11-04
    [birthplace] => BALBAGON
    [sex] => Male
    [monthly_income] => 8000
    [id_card_presented] => 
    [id_card_number] => 
    [house_no] => 
    [street] => Lower
    [subdivision] => Maslog
    [permanent_barangay] => Balbagon
    [permanent_city] => Mambajao
    [permanent_province] => Camiguin
    [zip_code] => 9100
    [is_4ps_beneficiary] => 0
    [vulnerable_older_persons] => 0
    [vulnerable_pregnant] => 0
    [vulnerable_lactating] => 0
    [vulnerable_pwd] => 0
    [ownership_status] => Owner
    [shelter_damage] => No Damage
    [registration_date] => 2026-03-26
    [data_privacy_consent] => 1
    [contact_number] => 
    [family_members] => Array
        (
            [0] => Array
                (
                    [name] => MERAFILER RANGCON
                    [relation] => Wife
                    [birthdate] => 1999-08-12
                    [age] => 26
                    [sex] => Female
                    [education] => COLLEGE GRADUATE
                    [occupation] => None
                    [remarks] => 
                    [status] => active
                )

            [1] => Array
                (
                    [name] => LEGWETER TORION
                    [relation] => Daughter
                    [birthdate] => 2022-02-22
                    [age] => 4
                    [sex] => Female
                    [education] => 
                    [occupation] => 
                    [remarks] => 
                    [status] => active
                )

            [2] => Array
                (
                    [name] => ARIEL JOY TORION
                    [relation] => Son
                    [birthdate] => 2025-10-11
                    [age] => 0
                    [sex] => Male
                    [education] => 
                    [occupation] => 
                    [remarks] => 
                    [status] => active
                )

        )

)

DEBUG - 2026-04-06 10:36:26 --> Inserted resident ID: 139, Name: ARIEL TORION
DEBUG - 2026-04-06 10:36:26 --> Inserted family member: MERAFILER RANGCON
DEBUG - 2026-04-06 10:36:26 --> Inserted family member: LEGWETER TORION
DEBUG - 2026-04-06 10:36:26 --> Inserted family member: ARIEL JOY TORION
DEBUG - 2026-04-06 10:36:26 --> Checking row 1956: Array
(
    [0] => 
    [1] => 
    [2] => Department of Social Welfare and Development
    [3] => 
    [4] => 
    [5] => 
    [6] => 
    [7] => 
    [8] => 
    [9] => 
    [10] => 
    [11] => 
    [12] => 
    [13] => BENEFICIARY'S COPY
    [14] => 
    [15] => 
)

DEBUG - 2026-04-06 10:36:26 --> Checking row 1957: Array
(
    [0] => 
    [1] => 
    [2] => FAMILY ASSISTANCE CARD IN EMERGENCIES AND DISASTERS (FACED)
    [3] => 
    [4] => 
    [5] => 
    [6] => 
    [7] => 
    [8] => 
    [9] => 
    [10] => 
    [11] => 
    [12] => 
    [13] => SERIAL NUMBER: 0066
    [14] => 
    [15] => 
)

DEBUG - 2026-04-06 10:36:26 --> Checking row 1958: Array
(
    [0] => LOCATION OF THE AFFECTED FAMILY
    [1] => 
    [2] => 
    [3] => 
    [4] => 
    [5] => 
    [6] => 
    [7] => 
    [8] => 
    [9] => 
    [10] => 
    [11] => 
    [12] => 
    [13] => 
    [14] => 
    [15] => 
)

DEBUG - 2026-04-06 10:36:26 --> Checking row 1959: Array
(
    [0] => 1. REGION
REGION 10
    [1] => 
    [2] => 
    [3] => 2. PROVINCE
CAMIGUIN
    [4] => 
    [5] => 
    [6] => 3. DISTRICT

    [7] => 
    [8] => 
    [9] => 4. CITY/MUNICIPALITY
MAMBAJAO
    [10] => 
    [11] => 
    [12] => 5. BARANGAY
BALBAGON
    [13] => 
    [14] => 6. EVACUATION CENTER/SITE
CPSC
    [15] => 
)

DEBUG - 2026-04-06 10:36:26 --> Checking row 1960: Array
(
    [0] => 
    [1] => 
    [2] => 
    [3] => 
    [4] => 
    [5] => 
    [6] => 
    [7] => 
    [8] => 
    [9] => 
    [10] => 
    [11] => 
    [12] => 
    [13] => 
    [14] => 
    [15] => 
)

DEBUG - 2026-04-06 10:36:26 --> Checking row 1961: Array
(
    [0] => HEAD OF THE FAMILY
    [1] => 
    [2] => 
    [3] => 
    [4] => 
    [5] => 
    [6] => 
    [7] => 
    [8] => 
    [9] => 
    [10] => 
    [11] => 
    [12] => 
    [13] => 
    [14] => 
    [15] => 
)

DEBUG - 2026-04-06 10:36:26 --> Found 'HEAD OF THE FAMILY' at row 1961, column 0
DEBUG - 2026-04-06 10:36:26 --> parseFacedCard called with startRow: 1961
DEBUG - 2026-04-06 10:36:26 --> Found household_no: 0066
DEBUG - 2026-04-06 10:36:26 --> Family header at row 1970 → data from 1971
DEBUG - 2026-04-06 10:36:26 --> Family member: MAYOR IAN BUSTAMANTE
DEBUG - 2026-04-06 10:36:26 --> Family member: PRINCESS RYLIE BUSTAMANTE
DEBUG - 2026-04-06 10:36:26 --> Parsed: MAE ANGELIE BUSTAMANTE | HH#: 0066 | Members: 2
DEBUG - 2026-04-06 10:36:26 --> Parsed resident data: Array
(
    [household_no] => 0066
    [region] => REGION 10
    [province] => CAMIGUIN
    [district] => 
    [city_municipality] => MAMBAJAO
    [barangay] => BALBAGON
    [evacuation_center] => CPSC
    [last_name] => BUSTAMANTE
    [civil_status] => Married
    [mother_maiden_name] => 
    [first_name] => MAE ANGELIE
    [religion] => Roman Catholic
    [occupation] => 
    [middle_name] => CAILING
    [name_extension] => 
    [age] => 29
    [birthdate] => 1996-08-09
    [birthplace] => BALBAGON MAMBAJAO CAMIGUIN
    [sex] => Female
    [monthly_income] => 0
    [id_card_presented] => 
    [id_card_number] => 
    [house_no] => 
    [street] => Lower
    [subdivision] => Maslog
    [permanent_barangay] => Balbagon
    [permanent_city] => Mambajao
    [permanent_province] => Camiguin
    [zip_code] => 
    [is_4ps_beneficiary] => 0
    [vulnerable_older_persons] => 0
    [vulnerable_pregnant] => 0
    [vulnerable_lactating] => 0
    [vulnerable_pwd] => 0
    [ownership_status] => Owner
    [shelter_damage] => No Damage
    [registration_date] => 2026-03-26
    [data_privacy_consent] => 1
    [contact_number] => 
    [family_members] => Array
        (
            [0] => Array
                (
                    [name] => MAYOR IAN BUSTAMANTE
                    [relation] => Son
                    [birthdate] => 2023-07-09
                    [age] => 2
                    [sex] => Male
                    [education] => 
                    [occupation] => 
                    [remarks] => 
                    [status] => active
                )

            [1] => Array
                (
                    [name] => PRINCESS RYLIE BUSTAMANTE
                    [relation] => Daughter
                    [birthdate] => 2025-05-05
                    [age] => 0
                    [sex] => Female
                    [education] => 
                    [occupation] => 
                    [remarks] => 
                    [status] => active
                )

        )

)

DEBUG - 2026-04-06 10:36:26 --> Inserted resident ID: 140, Name: MAE ANGELIE BUSTAMANTE
DEBUG - 2026-04-06 10:36:26 --> Inserted family member: MAYOR IAN BUSTAMANTE
DEBUG - 2026-04-06 10:36:26 --> Inserted family member: PRINCESS RYLIE BUSTAMANTE
DEBUG - 2026-04-06 10:36:26 --> Checking row 1986: Array
(
    [0] => 
    [1] => 
    [2] => Department of Social Welfare and Development
    [3] => 
    [4] => 
    [5] => 
    [6] => 
    [7] => 
    [8] => 
    [9] => 
    [10] => 
    [11] => 
    [12] => 
    [13] => BENEFICIARY'S COPY
    [14] => 
    [15] => 
)

DEBUG - 2026-04-06 10:36:26 --> Checking row 1987: Array
(
    [0] => 
    [1] => 
    [2] => FAMILY ASSISTANCE CARD IN EMERGENCIES AND DISASTERS (FACED)
    [3] => 
    [4] => 
    [5] => 
    [6] => 
    [7] => 
    [8] => 
    [9] => 
    [10] => 
    [11] => 
    [12] => 
    [13] => SERIAL NUMBER: 0067
    [14] => 
    [15] => 
)

DEBUG - 2026-04-06 10:36:26 --> Checking row 1988: Array
(
    [0] => LOCATION OF THE AFFECTED FAMILY
    [1] => 
    [2] => 
    [3] => 
    [4] => 
    [5] => 
    [6] => 
    [7] => 
    [8] => 
    [9] => 
    [10] => 
    [11] => 
    [12] => 
    [13] => 
    [14] => 
    [15] => 
)

DEBUG - 2026-04-06 10:36:26 --> Checking row 1989: Array
(
    [0] => 1. REGION
REGION 10
    [1] => 
    [2] => 
    [3] => 2. PROVINCE
CAMIGUIN
    [4] => 
    [5] => 
    [6] => 3. DISTRICT

    [7] => 
    [8] => 
    [9] => 4. CITY/MUNICIPALITY
MAMBAJAO
    [10] => 
    [11] => 
    [12] => 5. BARANGAY
BALBAGON
    [13] => 
    [14] => 6. EVACUATION CENTER/SITE
CPSC
    [15] => 
)

DEBUG - 2026-04-06 10:36:26 --> Checking row 1990: Array
(
    [0] => 
    [1] => 
    [2] => 
    [3] => 
    [4] => 
    [5] => 
    [6] => 
    [7] => 
    [8] => 
    [9] => 
    [10] => 
    [11] => 
    [12] => 
    [13] => 
    [14] => 
    [15] => 
)

DEBUG - 2026-04-06 10:36:26 --> Checking row 1991: Array
(
    [0] => HEAD OF THE FAMILY
    [1] => 
    [2] => 
    [3] => 
    [4] => 
    [5] => 
    [6] => 
    [7] => 
    [8] => 
    [9] => 
    [10] => 
    [11] => 
    [12] => 
    [13] => 
    [14] => 
    [15] => 
)

DEBUG - 2026-04-06 10:36:26 --> Found 'HEAD OF THE FAMILY' at row 1991, column 0
DEBUG - 2026-04-06 10:36:26 --> parseFacedCard called with startRow: 1991
DEBUG - 2026-04-06 10:36:26 --> Found household_no: 0067
DEBUG - 2026-04-06 10:36:26 --> Family header at row 2000 → data from 2001
DEBUG - 2026-04-06 10:36:26 --> Family member: MC DANIELL LLOREN
DEBUG - 2026-04-06 10:36:26 --> Family member: ASHLEY ANN TORION
DEBUG - 2026-04-06 10:36:26 --> Family member: GABRIELLA LABADAN
DEBUG - 2026-04-06 10:36:26 --> Family member: IRISH DANIELLE LLOREN
DEBUG - 2026-04-06 10:36:26 --> Family member: ANNALEAH LLOREN
DEBUG - 2026-04-06 10:36:26 --> Parsed: MARY ANN LLOREN | HH#: 0067 | Members: 5
DEBUG - 2026-04-06 10:36:26 --> Parsed resident data: Array
(
    [household_no] => 0067
    [region] => REGION 10
    [province] => CAMIGUIN
    [district] => 
    [city_municipality] => MAMBAJAO
    [barangay] => BALBAGON
    [evacuation_center] => CPSC
    [last_name] => LLOREN
    [civil_status] => Married
    [mother_maiden_name] => LOURDES RIVERA
    [first_name] => MARY ANN
    [religion] => Roman Catholic
    [occupation] => 
    [middle_name] => TORION
    [name_extension] => 
    [age] => 34
    [birthdate] => 1992-03-13
    [birthplace] => BALBAGON MAMBAJAO CAMIGUIN
    [sex] => Female
    [monthly_income] => 0
    [id_card_presented] => 
    [id_card_number] => 
    [house_no] => 
    [street] => Lower
    [subdivision] => Maslog
    [permanent_barangay] => Balbagon
    [permanent_city] => Mambajao
    [permanent_province] => Camiguin
    [zip_code] => 9100
    [is_4ps_beneficiary] => 0
    [vulnerable_older_persons] => 0
    [vulnerable_pregnant] => 0
    [vulnerable_lactating] => 0
    [vulnerable_pwd] => 0
    [ownership_status] => Owner
    [shelter_damage] => No Damage
    [registration_date] => 2026-03-26
    [data_privacy_consent] => 1
    [contact_number] => 
    [family_members] => Array
        (
            [0] => Array
                (
                    [name] => MC DANIELL LLOREN
                    [relation] => Husband
                    [birthdate] => 1988-07-07
                    [age] => 37
                    [sex] => Male
                    [education] => HIGHSCHOOL GRAD
                    [occupation] => Chef Cook
                    [remarks] => 
                    [status] => active
                )

            [1] => Array
                (
                    [name] => ASHLEY ANN TORION
                    [relation] => Daughter
                    [birthdate] => 2011-07-02
                    [age] => 14
                    [sex] => Female
                    [education] => HIGHSCHOOL
                    [occupation] => Student
                    [remarks] => 
                    [status] => active
                )

            [2] => Array
                (
                    [name] => GABRIELLA LABADAN
                    [relation] => Daughter
                    [birthdate] => 2020-01-12
                    [age] => 6
                    [sex] => Female
                    [education] => PRE-SCHOOL
                    [occupation] => Student
                    [remarks] => 
                    [status] => active
                )

            [3] => Array
                (
                    [name] => IRISH DANIELLE LLOREN
                    [relation] => Daughter
                    [birthdate] => 2022-05-21
                    [age] => 3
                    [sex] => Female
                    [education] => 
                    [occupation] => 
                    [remarks] => 
                    [status] => active
                )

            [4] => Array
                (
                    [name] => ANNALEAH LLOREN
                    [relation] => Daughter
                    [birthdate] => 2025-05-14
                    [age] => 0
                    [sex] => Male
                    [education] => 
                    [occupation] => 
                    [remarks] => 
                    [status] => active
                )

        )

)

DEBUG - 2026-04-06 10:36:26 --> Inserted resident ID: 141, Name: MARY ANN LLOREN
DEBUG - 2026-04-06 10:36:26 --> Inserted family member: MC DANIELL LLOREN
DEBUG - 2026-04-06 10:36:26 --> Inserted family member: ASHLEY ANN TORION
DEBUG - 2026-04-06 10:36:26 --> Inserted family member: GABRIELLA LABADAN
DEBUG - 2026-04-06 10:36:26 --> Inserted family member: IRISH DANIELLE LLOREN
DEBUG - 2026-04-06 10:36:26 --> Inserted family member: ANNALEAH LLOREN
DEBUG - 2026-04-06 10:36:26 --> Checking row 2016: Array
(
    [0] => 
    [1] => 
    [2] => Department of Social Welfare and Development
    [3] => 
    [4] => 
    [5] => 
    [6] => 
    [7] => 
    [8] => 
    [9] => 
    [10] => 
    [11] => 
    [12] => 
    [13] => BENEFICIARY'S COPY
    [14] => 
    [15] => 
)

DEBUG - 2026-04-06 10:36:26 --> Checking row 2017: Array
(
    [0] => 
    [1] => 
    [2] => FAMILY ASSISTANCE CARD IN EMERGENCIES AND DISASTERS (FACED)
    [3] => 
    [4] => 
    [5] => 
    [6] => 
    [7] => 
    [8] => 
    [9] => 
    [10] => 
    [11] => 
    [12] => 
    [13] => SERIAL NUMBER: 0068
    [14] => 
    [15] => 
)

DEBUG - 2026-04-06 10:36:26 --> Checking row 2018: Array
(
    [0] => LOCATION OF THE AFFECTED FAMILY
    [1] => 
    [2] => 
    [3] => 
    [4] => 
    [5] => 
    [6] => 
    [7] => 
    [8] => 
    [9] => 
    [10] => 
    [11] => 
    [12] => 
    [13] => 
    [14] => 
    [15] => 
)

DEBUG - 2026-04-06 10:36:26 --> Checking row 2019: Array
(
    [0] => 1. REGION
REGION 10
    [1] => 
    [2] => 
    [3] => 2. PROVINCE
CAMIGUIN
    [4] => 
    [5] => 
    [6] => 3. DISTRICT

    [7] => 
    [8] => 
    [9] => 4. CITY/MUNICIPALITY
MAMBAJAO
    [10] => 
    [11] => 
    [12] => 5. BARANGAY
BALBAGON
    [13] => 
    [14] => 6. EVACUATION CENTER/SITE
CPSC
    [15] => 
)

DEBUG - 2026-04-06 10:36:26 --> Checking row 2020: Array
(
    [0] => 
    [1] => 
    [2] => 
    [3] => 
    [4] => 
    [5] => 
    [6] => 
    [7] => 
    [8] => 
    [9] => 
    [10] => 
    [11] => 
    [12] => 
    [13] => 
    [14] => 
    [15] => 
)

DEBUG - 2026-04-06 10:36:26 --> Checking row 2021: Array
(
    [0] => HEAD OF THE FAMILY
    [1] => 
    [2] => 
    [3] => 
    [4] => 
    [5] => 
    [6] => 
    [7] => 
    [8] => 
    [9] => 
    [10] => 
    [11] => 
    [12] => 
    [13] => 
    [14] => 
    [15] => 
)

DEBUG - 2026-04-06 10:36:26 --> Found 'HEAD OF THE FAMILY' at row 2021, column 0
DEBUG - 2026-04-06 10:36:26 --> parseFacedCard called with startRow: 2021
DEBUG - 2026-04-06 10:36:26 --> Found household_no: 0068
DEBUG - 2026-04-06 10:36:26 --> Family header at row 2030 → data from 2031
DEBUG - 2026-04-06 10:36:26 --> Family member: KRYSTAL JANE LIMACANGAN
DEBUG - 2026-04-06 10:36:26 --> Family member: LJ LUNGAT
DEBUG - 2026-04-06 10:36:26 --> Family member: JOVELYN LUNGAT
DEBUG - 2026-04-06 10:36:26 --> Family member: ESTELLA MARIE LUNGAT
DEBUG - 2026-04-06 10:36:26 --> Parsed: LOCHIE LUNGAT | HH#: 0068 | Members: 4
DEBUG - 2026-04-06 10:36:26 --> Parsed resident data: Array
(
    [household_no] => 0068
    [region] => REGION 10
    [province] => CAMIGUIN
    [district] => 
    [city_municipality] => MAMBAJAO
    [barangay] => BALBAGON
    [evacuation_center] => CPSC
    [last_name] => LUNGAT
    [civil_status] => Married
    [mother_maiden_name] => 
    [first_name] => LOCHIE
    [religion] => Roman Catholic
    [occupation] => Manicure/pedicure
    [middle_name] => LIMACANGAN
    [name_extension] => 
    [age] => 37
    [birthdate] => 1988-09-22
    [birthplace] => BALBAGON
    [sex] => Female
    [monthly_income] => 5000
    [id_card_presented] => 
    [id_card_number] => 
    [house_no] => 
    [street] => Lower
    [subdivision] => Maslog
    [permanent_barangay] => Balbagon
    [permanent_city] => Mambajao
    [permanent_province] => Camiguin
    [zip_code] => 9100
    [is_4ps_beneficiary] => 0
    [vulnerable_older_persons] => 0
    [vulnerable_pregnant] => 0
    [vulnerable_lactating] => 0
    [vulnerable_pwd] => 0
    [ownership_status] => Owner
    [shelter_damage] => No Damage
    [registration_date] => 2026-03-26
    [data_privacy_consent] => 1
    [contact_number] => 
    [family_members] => Array
        (
            [0] => Array
                (
                    [name] => KRYSTAL JANE LIMACANGAN
                    [relation] => Daughter
                    [birthdate] => 2009-03-23
                    [age] => 17
                    [sex] => Female
                    [education] => HIGHSCHOOL
                    [occupation] => Student
                    [remarks] => 
                    [status] => active
                )

            [1] => Array
                (
                    [name] => LJ LUNGAT
                    [relation] => Daughter
                    [birthdate] => 2015-04-17
                    [age] => 10
                    [sex] => Female
                    [education] => ELEMENTARY
                    [occupation] => Student
                    [remarks] => 
                    [status] => active
                )

            [2] => Array
                (
                    [name] => JOVELYN LUNGAT
                    [relation] => Daughter
                    [birthdate] => 2016-05-27
                    [age] => 9
                    [sex] => Female
                    [education] => ELEMENTARY
                    [occupation] => Student
                    [remarks] => 
                    [status] => active
                )

            [3] => Array
                (
                    [name] => ESTELLA MARIE LUNGAT
                    [relation] => Daughter
                    [birthdate] => 2019-10-23
                    [age] => 6
                    [sex] => Female
                    [education] => ELEMENTARY
                    [occupation] => Student
                    [remarks] => 
                    [status] => active
                )

        )

)

DEBUG - 2026-04-06 10:36:26 --> Inserted resident ID: 142, Name: LOCHIE LUNGAT
DEBUG - 2026-04-06 10:36:26 --> Inserted family member: KRYSTAL JANE LIMACANGAN
DEBUG - 2026-04-06 10:36:26 --> Inserted family member: LJ LUNGAT
DEBUG - 2026-04-06 10:36:26 --> Inserted family member: JOVELYN LUNGAT
DEBUG - 2026-04-06 10:36:26 --> Inserted family member: ESTELLA MARIE LUNGAT
DEBUG - 2026-04-06 10:36:26 --> Checking row 2046: Array
(
    [0] => 
    [1] => 
    [2] => Department of Social Welfare and Development
    [3] => 
    [4] => 
    [5] => 
    [6] => 
    [7] => 
    [8] => 
    [9] => 
    [10] => 
    [11] => 
    [12] => 
    [13] => BENEFICIARY'S COPY
    [14] => 
    [15] => 
)

DEBUG - 2026-04-06 10:36:26 --> Checking row 2047: Array
(
    [0] => 
    [1] => 
    [2] => FAMILY ASSISTANCE CARD IN EMERGENCIES AND DISASTERS (FACED)
    [3] => 
    [4] => 
    [5] => 
    [6] => 
    [7] => 
    [8] => 
    [9] => 
    [10] => 
    [11] => 
    [12] => 
    [13] => SERIAL NUMBER: 0069
    [14] => 
    [15] => 
)

DEBUG - 2026-04-06 10:36:26 --> Checking row 2048: Array
(
    [0] => LOCATION OF THE AFFECTED FAMILY
    [1] => 
    [2] => 
    [3] => 
    [4] => 
    [5] => 
    [6] => 
    [7] => 
    [8] => 
    [9] => 
    [10] => 
    [11] => 
    [12] => 
    [13] => 
    [14] => 
    [15] => 
)

DEBUG - 2026-04-06 10:36:26 --> Checking row 2049: Array
(
    [0] => 1. REGION
REGION 10
    [1] => 
    [2] => 
    [3] => 2. PROVINCE
CAMIGUIN
    [4] => 
    [5] => 
    [6] => 3. DISTRICT

    [7] => 
    [8] => 
    [9] => 4. CITY/MUNICIPALITY
MAMBAJAO
    [10] => 
    [11] => 
    [12] => 5. BARANGAY
BALBAGON
    [13] => 
    [14] => 6. EVACUATION CENTER/SITE

    [15] => 
)

DEBUG - 2026-04-06 10:36:26 --> Checking row 2050: Array
(
    [0] => 
    [1] => 
    [2] => 
    [3] => 
    [4] => 
    [5] => 
    [6] => 
    [7] => 
    [8] => 
    [9] => 
    [10] => 
    [11] => 
    [12] => 
    [13] => 
    [14] => 
    [15] => 
)

DEBUG - 2026-04-06 10:36:26 --> Checking row 2051: Array
(
    [0] => HEAD OF THE FAMILY
    [1] => 
    [2] => 
    [3] => 
    [4] => 
    [5] => 
    [6] => 
    [7] => 
    [8] => 
    [9] => 
    [10] => 
    [11] => 
    [12] => 
    [13] => 
    [14] => 
    [15] => 
)

DEBUG - 2026-04-06 10:36:26 --> Found 'HEAD OF THE FAMILY' at row 2051, column 0
DEBUG - 2026-04-06 10:36:26 --> parseFacedCard called with startRow: 2051
DEBUG - 2026-04-06 10:36:26 --> Found household_no: 0069
DEBUG - 2026-04-06 10:36:26 --> Family header at row 2060 → data from 2061
DEBUG - 2026-04-06 10:36:26 --> Family member: RECHEL LAGRIA
DEBUG - 2026-04-06 10:36:26 --> Family member: AMIRAH LAGRADA
DEBUG - 2026-04-06 10:36:26 --> Parsed: MARK JAMIAN LAGRADA | HH#: 0069 | Members: 2
DEBUG - 2026-04-06 10:36:26 --> Parsed resident data: Array
(
    [household_no] => 0069
    [region] => REGION 10
    [province] => CAMIGUIN
    [district] => 
    [city_municipality] => MAMBAJAO
    [barangay] => BALBAGON
    [evacuation_center] => 
    [last_name] => LAGRADA
    [civil_status] => Single
    [mother_maiden_name] => 
    [first_name] => MARK JAMIAN
    [religion] => Roman Catholic
    [occupation] => Vendor
    [middle_name] => LIMACANGAN
    [name_extension] => 
    [age] => 25
    [birthdate] => 2000-04-20
    [birthplace] => 
    [sex] => Male
    [monthly_income] => 5000
    [id_card_presented] => 
    [id_card_number] => 
    [house_no] => 
    [street] => Lower
    [subdivision] => Maslog
    [permanent_barangay] => Balbagon
    [permanent_city] => Mambajao
    [permanent_province] => Camiguin
    [zip_code] => 9100
    [is_4ps_beneficiary] => 0
    [vulnerable_older_persons] => 0
    [vulnerable_pregnant] => 0
    [vulnerable_lactating] => 0
    [vulnerable_pwd] => 0
    [ownership_status] => Owner
    [shelter_damage] => No Damage
    [registration_date] => 2026-03-26
    [data_privacy_consent] => 1
    [contact_number] => 
    [family_members] => Array
        (
            [0] => Array
                (
                    [name] => RECHEL LAGRIA
                    [relation] => Wife
                    [birthdate] => 2001-02-08
                    [age] => 25
                    [sex] => Female
                    [education] => HIGHSCHOOL GRAD
                    [occupation] => None
                    [remarks] => 
                    [status] => active
                )

            [1] => Array
                (
                    [name] => AMIRAH LAGRADA
                    [relation] => Daughter
                    [birthdate] => 2020-11-21
                    [age] => 5
                    [sex] => Female
                    [education] => PRE-SCHOOL
                    [occupation] => Student
                    [remarks] => 
                    [status] => active
                )

        )

)

DEBUG - 2026-04-06 10:36:26 --> Inserted resident ID: 143, Name: MARK JAMIAN LAGRADA
DEBUG - 2026-04-06 10:36:26 --> Inserted family member: RECHEL LAGRIA
DEBUG - 2026-04-06 10:36:26 --> Inserted family member: AMIRAH LAGRADA
DEBUG - 2026-04-06 10:36:26 --> Checking row 2076: Array
(
    [0] => 
    [1] => 
    [2] => Department of Social Welfare and Development
    [3] => 
    [4] => 
    [5] => 
    [6] => 
    [7] => 
    [8] => 
    [9] => 
    [10] => 
    [11] => 
    [12] => 
    [13] => BENEFICIARY'S COPY
    [14] => 
    [15] => 
)

DEBUG - 2026-04-06 10:36:26 --> Checking row 2077: Array
(
    [0] => 
    [1] => 
    [2] => FAMILY ASSISTANCE CARD IN EMERGENCIES AND DISASTERS (FACED)
    [3] => 
    [4] => 
    [5] => 
    [6] => 
    [7] => 
    [8] => 
    [9] => 
    [10] => 
    [11] => 
    [12] => 
    [13] => SERIAL NUMBER: 0070
    [14] => 
    [15] => 
)

DEBUG - 2026-04-06 10:36:26 --> Checking row 2078: Array
(
    [0] => LOCATION OF THE AFFECTED FAMILY
    [1] => 
    [2] => 
    [3] => 
    [4] => 
    [5] => 
    [6] => 
    [7] => 
    [8] => 
    [9] => 
    [10] => 
    [11] => 
    [12] => 
    [13] => 
    [14] => 
    [15] => 
)

DEBUG - 2026-04-06 10:36:26 --> Checking row 2079: Array
(
    [0] => 1. REGION
REGION 10
    [1] => 
    [2] => 
    [3] => 2. PROVINCE
CAMIGUIN
    [4] => 
    [5] => 
    [6] => 3. DISTRICT

    [7] => 
    [8] => 
    [9] => 4. CITY/MUNICIPALITY
MAMBAJAO
    [10] => 
    [11] => 
    [12] => 5. BARANGAY
POBLACION
    [13] => 
    [14] => 6. EVACUATION CENTER/SITE
MAMBAJAO CENTRAL SCHOOL
    [15] => 
)

DEBUG - 2026-04-06 10:36:26 --> Checking row 2080: Array
(
    [0] => 
    [1] => 
    [2] => 
    [3] => 
    [4] => 
    [5] => 
    [6] => 
    [7] => 
    [8] => 
    [9] => 
    [10] => 
    [11] => 
    [12] => 
    [13] => 
    [14] => 
    [15] => 
)

DEBUG - 2026-04-06 10:36:26 --> Checking row 2081: Array
(
    [0] => HEAD OF THE FAMILY
    [1] => 
    [2] => 
    [3] => 
    [4] => 
    [5] => 
    [6] => 
    [7] => 
    [8] => 
    [9] => 
    [10] => 
    [11] => 
    [12] => 
    [13] => 
    [14] => 
    [15] => 
)

DEBUG - 2026-04-06 10:36:26 --> Found 'HEAD OF THE FAMILY' at row 2081, column 0
DEBUG - 2026-04-06 10:36:26 --> parseFacedCard called with startRow: 2081
DEBUG - 2026-04-06 10:36:26 --> Found household_no: 0070
DEBUG - 2026-04-06 10:36:26 --> Family header at row 2090 → data from 2091
DEBUG - 2026-04-06 10:36:26 --> Family member: SHEEN JAY GAYO
DEBUG - 2026-04-06 10:36:26 --> Family member: ZOE NORIEN GAYO
DEBUG - 2026-04-06 10:36:26 --> Family member: ZOELA KEAN GAYO
DEBUG - 2026-04-06 10:36:26 --> Parsed: JOHN RAYMUND GAYO | HH#: 0070 | Members: 3
DEBUG - 2026-04-06 10:36:26 --> Parsed resident data: Array
(
    [household_no] => 0070
    [region] => REGION 10
    [province] => CAMIGUIN
    [district] => 
    [city_municipality] => MAMBAJAO
    [barangay] => POBLACION
    [evacuation_center] => MAMBAJAO CENTRAL SCHOOL
    [last_name] => GAYO
    [civil_status] => Married
    [mother_maiden_name] => NORA T. LIBRES
    [first_name] => JOHN RAYMUND
    [religion] => Baptist
    [occupation] => Cook
    [middle_name] => LIBRES
    [name_extension] => 
    [age] => 33
    [birthdate] => 1993-01-07
    [birthplace] => POBLACION, MAMBAJAO, CAMIGUIN
    [sex] => Male
    [monthly_income] => 16000
    [id_card_presented] => DRIVER'S LICENSE
    [id_card_number] => 
    [contact_number] => 09487473901
    [house_no] => 
    [street] => Tapon
    [subdivision] => 
    [permanent_barangay] => Poblacion
    [permanent_city] => Mambajao
    [permanent_province] => Camiguin
    [zip_code] => 9100
    [is_4ps_beneficiary] => 0
    [vulnerable_older_persons] => 0
    [vulnerable_pregnant] => 0
    [vulnerable_lactating] => 0
    [vulnerable_pwd] => 0
    [ownership_status] => Owner
    [shelter_damage] => No Damage
    [registration_date] => 2026-03-26
    [data_privacy_consent] => 1
    [family_members] => Array
        (
            [0] => Array
                (
                    [name] => SHEEN JAY GAYO
                    [relation] => Wife
                    [birthdate] => 1991-09-06
                    [age] => 34
                    [sex] => Female
                    [education] => COLLEGE GRADUATE
                    [occupation] => Saleswoman
                    [remarks] => 
                    [status] => active
                )

            [1] => Array
                (
                    [name] => ZOE NORIEN GAYO
                    [relation] => Daughter
                    [birthdate] => 2016-03-25
                    [age] => 10
                    [sex] => Female
                    [education] => GRADE SCHOOL
                    [occupation] => Student
                    [remarks] => 
                    [status] => active
                )

            [2] => Array
                (
                    [name] => ZOELA KEAN GAYO
                    [relation] => Daughter
                    [birthdate] => 2024-12-26
                    [age] => 1
                    [sex] => Female
                    [education] => 
                    [occupation] => 
                    [remarks] => 
                    [status] => active
                )

        )

)

DEBUG - 2026-04-06 10:36:26 --> Inserted resident ID: 144, Name: JOHN RAYMUND GAYO
DEBUG - 2026-04-06 10:36:26 --> Inserted family member: SHEEN JAY GAYO
DEBUG - 2026-04-06 10:36:26 --> Inserted family member: ZOE NORIEN GAYO
DEBUG - 2026-04-06 10:36:26 --> Inserted family member: ZOELA KEAN GAYO
DEBUG - 2026-04-06 10:36:26 --> Checking row 2106: Array
(
    [0] => 
    [1] => 
    [2] => Department of Social Welfare and Development
    [3] => 
    [4] => 
    [5] => 
    [6] => 
    [7] => 
    [8] => 
    [9] => 
    [10] => 
    [11] => 
    [12] => 
    [13] => BENEFICIARY'S COPY
    [14] => 
    [15] => 
)

DEBUG - 2026-04-06 10:36:26 --> Checking row 2107: Array
(
    [0] => 
    [1] => 
    [2] => FAMILY ASSISTANCE CARD IN EMERGENCIES AND DISASTERS (FACED)
    [3] => 
    [4] => 
    [5] => 
    [6] => 
    [7] => 
    [8] => 
    [9] => 
    [10] => 
    [11] => 
    [12] => 
    [13] => SERIAL NUMBER: 0071
    [14] => 
    [15] => 
)

DEBUG - 2026-04-06 10:36:26 --> Checking row 2108: Array
(
    [0] => LOCATION OF THE AFFECTED FAMILY
    [1] => 
    [2] => 
    [3] => 
    [4] => 
    [5] => 
    [6] => 
    [7] => 
    [8] => 
    [9] => 
    [10] => 
    [11] => 
    [12] => 
    [13] => 
    [14] => 
    [15] => 
)

DEBUG - 2026-04-06 10:36:26 --> Checking row 2109: Array
(
    [0] => 1. REGION
REGION 10
    [1] => 
    [2] => 
    [3] => 2. PROVINCE
CAMIGUIN
    [4] => 
    [5] => 
    [6] => 3. DISTRICT

    [7] => 
    [8] => 
    [9] => 4. CITY/MUNICIPALITY
MAMBAJAO
    [10] => 
    [11] => 
    [12] => 5. BARANGAY
POBLACION
    [13] => 
    [14] => 6. EVACUATION CENTER/SITE
MAMBAJAO CENTRAL SCHOOL
    [15] => 
)

DEBUG - 2026-04-06 10:36:26 --> Checking row 2110: Array
(
    [0] => 
    [1] => 
    [2] => 
    [3] => 
    [4] => 
    [5] => 
    [6] => 
    [7] => 
    [8] => 
    [9] => 
    [10] => 
    [11] => 
    [12] => 
    [13] => 
    [14] => 
    [15] => 
)

DEBUG - 2026-04-06 10:36:26 --> Checking row 2111: Array
(
    [0] => HEAD OF THE FAMILY
    [1] => 
    [2] => 
    [3] => 
    [4] => 
    [5] => 
    [6] => 
    [7] => 
    [8] => 
    [9] => 
    [10] => 
    [11] => 
    [12] => 
    [13] => 
    [14] => 
    [15] => 
)

DEBUG - 2026-04-06 10:36:26 --> Found 'HEAD OF THE FAMILY' at row 2111, column 0
DEBUG - 2026-04-06 10:36:26 --> parseFacedCard called with startRow: 2111
DEBUG - 2026-04-06 10:36:26 --> Found household_no: 0071
DEBUG - 2026-04-06 10:36:26 --> Family header at row 2120 → data from 2121
DEBUG - 2026-04-06 10:36:26 --> Family member: ROMANITO BULAN
DEBUG - 2026-04-06 10:36:26 --> Family member: RALF JAY BULAN
DEBUG - 2026-04-06 10:36:26 --> Family member: REGINE JAY BULAN
DEBUG - 2026-04-06 10:36:26 --> Parsed: REINA BULAN | HH#: 0071 | Members: 3
DEBUG - 2026-04-06 10:36:26 --> Parsed resident data: Array
(
    [household_no] => 0071
    [region] => REGION 10
    [province] => CAMIGUIN
    [district] => 
    [city_municipality] => MAMBAJAO
    [barangay] => POBLACION
    [evacuation_center] => MAMBAJAO CENTRAL SCHOOL
    [last_name] => BULAN
    [civil_status] => Married
    [mother_maiden_name] => JOSEFA CUAJAO BUNGLAY
    [first_name] => REINA
    [religion] => Roman Catholic
    [occupation] => Babysitter
    [middle_name] => BUNGLAY
    [name_extension] => 
    [age] => 61
    [birthdate] => 1964-07-01
    [birthplace] => MABINI ST. POBLACION
    [sex] => Female
    [monthly_income] => 3000
    [id_card_presented] => SENIOR ID
    [id_card_number] => 7618
    [contact_number] => 09358568410
    [house_no] => 
    [street] => Tapon
    [subdivision] => 
    [permanent_barangay] => Poblacion
    [permanent_city] => Mambajao
    [permanent_province] => Camiguin
    [zip_code] => 
    [is_4ps_beneficiary] => 0
    [vulnerable_older_persons] => 2
    [vulnerable_pregnant] => 0
    [vulnerable_lactating] => 0
    [vulnerable_pwd] => 0
    [ownership_status] => Owner
    [shelter_damage] => No Damage
    [registration_date] => 2026-03-26
    [data_privacy_consent] => 1
    [family_members] => Array
        (
            [0] => Array
                (
                    [name] => ROMANITO BULAN
                    [relation] => Husband
                    [birthdate] => 1962-03-12
                    [age] => 64
                    [sex] => Male
                    [education] => HIGHSCHOOL GRAD
                    [occupation] => Welder
                    [remarks] => 
                    [status] => active
                )

            [1] => Array
                (
                    [name] => RALF JAY BULAN
                    [relation] => Son
                    [birthdate] => 1994-05-03
                    [age] => 31
                    [sex] => Male
                    [education] => COLLEGE GRADUATE
                    [occupation] => Staff
                    [remarks] => 
                    [status] => active
                )

            [2] => Array
                (
                    [name] => REGINE JAY BULAN
                    [relation] => Daughter
                    [birthdate] => 2003-09-21
                    [age] => 22
                    [sex] => Female
                    [education] => COLLEGE
                    [occupation] => Student
                    [remarks] => 
                    [status] => active
                )

        )

)

DEBUG - 2026-04-06 10:36:26 --> Inserted resident ID: 145, Name: REINA BULAN
DEBUG - 2026-04-06 10:36:26 --> Inserted family member: ROMANITO BULAN
DEBUG - 2026-04-06 10:36:26 --> Inserted family member: RALF JAY BULAN
DEBUG - 2026-04-06 10:36:26 --> Inserted family member: REGINE JAY BULAN
DEBUG - 2026-04-06 10:36:26 --> Checking row 2136: Array
(
    [0] => 
    [1] => 
    [2] => Department of Social Welfare and Development
    [3] => 
    [4] => 
    [5] => 
    [6] => 
    [7] => 
    [8] => 
    [9] => 
    [10] => 
    [11] => 
    [12] => 
    [13] => BENEFICIARY'S COPY
    [14] => 
    [15] => 
)

DEBUG - 2026-04-06 10:36:26 --> Checking row 2137: Array
(
    [0] => 
    [1] => 
    [2] => FAMILY ASSISTANCE CARD IN EMERGENCIES AND DISASTERS (FACED)
    [3] => 
    [4] => 
    [5] => 
    [6] => 
    [7] => 
    [8] => 
    [9] => 
    [10] => 
    [11] => 
    [12] => 
    [13] => SERIAL NUMBER: 0072
    [14] => 
    [15] => 
)

DEBUG - 2026-04-06 10:36:26 --> Checking row 2138: Array
(
    [0] => LOCATION OF THE AFFECTED FAMILY
    [1] => 
    [2] => 
    [3] => 
    [4] => 
    [5] => 
    [6] => 
    [7] => 
    [8] => 
    [9] => 
    [10] => 
    [11] => 
    [12] => 
    [13] => 
    [14] => 
    [15] => 
)

DEBUG - 2026-04-06 10:36:26 --> Checking row 2139: Array
(
    [0] => 1. REGION
REGION 10
    [1] => 
    [2] => 
    [3] => 2. PROVINCE
CAMIGUIN
    [4] => 
    [5] => 
    [6] => 3. DISTRICT

    [7] => 
    [8] => 
    [9] => 4. CITY/MUNICIPALITY
MAMBAJAO
    [10] => 
    [11] => 
    [12] => 5. BARANGAY
POBLACION
    [13] => 
    [14] => 6. EVACUATION CENTER/SITE
MAMBAJAO CENTRAL SCHOOL
    [15] => 
)

DEBUG - 2026-04-06 10:36:26 --> Checking row 2140: Array
(
    [0] => 
    [1] => 
    [2] => 
    [3] => 
    [4] => 
    [5] => 
    [6] => 
    [7] => 
    [8] => 
    [9] => 
    [10] => 
    [11] => 
    [12] => 
    [13] => 
    [14] => 
    [15] => 
)

DEBUG - 2026-04-06 10:36:26 --> Checking row 2141: Array
(
    [0] => HEAD OF THE FAMILY
    [1] => 
    [2] => 
    [3] => 
    [4] => 
    [5] => 
    [6] => 
    [7] => 
    [8] => 
    [9] => 
    [10] => 
    [11] => 
    [12] => 
    [13] => 
    [14] => 
    [15] => 
)

DEBUG - 2026-04-06 10:36:26 --> Found 'HEAD OF THE FAMILY' at row 2141, column 0
DEBUG - 2026-04-06 10:36:26 --> parseFacedCard called with startRow: 2141
DEBUG - 2026-04-06 10:36:26 --> Found household_no: 0072
DEBUG - 2026-04-06 10:36:26 --> Family header at row 2150 → data from 2151
DEBUG - 2026-04-06 10:36:26 --> Family member: LEONARDO GAYO JR.
DEBUG - 2026-04-06 10:36:26 --> Parsed: NORA GAYO | HH#: 0072 | Members: 1
DEBUG - 2026-04-06 10:36:26 --> Parsed resident data: Array
(
    [household_no] => 0072
    [region] => REGION 10
    [province] => CAMIGUIN
    [district] => 
    [city_municipality] => MAMBAJAO
    [barangay] => POBLACION
    [evacuation_center] => MAMBAJAO CENTRAL SCHOOL
    [last_name] => GAYO
    [civil_status] => Married
    [mother_maiden_name] => VICENTA ROMERO TIZON
    [first_name] => NORA
    [religion] => Roman Catholic
    [occupation] => Housewife
    [middle_name] => LIBRES
    [name_extension] => 
    [age] => 61
    [birthdate] => 1965-03-15
    [birthplace] => TAPON
    [sex] => Female
    [monthly_income] => 0
    [id_card_presented] => SENIOR ID
    [id_card_number] => 
    [contact_number] => 09495644889
    [house_no] => 
    [street] => Tapon
    [subdivision] => 
    [permanent_barangay] => Poblacion
    [permanent_city] => Mambajao
    [permanent_province] => Camiguin
    [zip_code] => 
    [is_4ps_beneficiary] => 0
    [vulnerable_older_persons] => 2
    [vulnerable_pregnant] => 0
    [vulnerable_lactating] => 0
    [vulnerable_pwd] => 0
    [ownership_status] => Owner
    [shelter_damage] => No Damage
    [registration_date] => 2026-03-26
    [data_privacy_consent] => 1
    [family_members] => Array
        (
            [0] => Array
                (
                    [name] => LEONARDO GAYO JR.
                    [relation] => Husband
                    [birthdate] => 1958-11-22
                    [age] => 67
                    [sex] => Male
                    [education] => COLLEGE GRADUATE
                    [occupation] => Retired
                    [remarks] => 
                    [status] => active
                )

        )

)

DEBUG - 2026-04-06 10:36:26 --> Inserted resident ID: 146, Name: NORA GAYO
DEBUG - 2026-04-06 10:36:26 --> Inserted family member: LEONARDO GAYO JR.
DEBUG - 2026-04-06 10:36:26 --> Checking row 2166: Array
(
    [0] => 
    [1] => 
    [2] => Department of Social Welfare and Development
    [3] => 
    [4] => 
    [5] => 
    [6] => 
    [7] => 
    [8] => 
    [9] => 
    [10] => 
    [11] => 
    [12] => 
    [13] => BENEFICIARY'S COPY
    [14] => 
    [15] => 
)

DEBUG - 2026-04-06 10:36:26 --> Checking row 2167: Array
(
    [0] => 
    [1] => 
    [2] => FAMILY ASSISTANCE CARD IN EMERGENCIES AND DISASTERS (FACED)
    [3] => 
    [4] => 
    [5] => 
    [6] => 
    [7] => 
    [8] => 
    [9] => 
    [10] => 
    [11] => 
    [12] => 
    [13] => SERIAL NUMBER: 0073
    [14] => 
    [15] => 
)

DEBUG - 2026-04-06 10:36:26 --> Checking row 2168: Array
(
    [0] => LOCATION OF THE AFFECTED FAMILY
    [1] => 
    [2] => 
    [3] => 
    [4] => 
    [5] => 
    [6] => 
    [7] => 
    [8] => 
    [9] => 
    [10] => 
    [11] => 
    [12] => 
    [13] => 
    [14] => 
    [15] => 
)

DEBUG - 2026-04-06 10:36:26 --> Checking row 2169: Array
(
    [0] => 1. REGION
REGION 10
    [1] => 
    [2] => 
    [3] => 2. PROVINCE
CAMIGUIN
    [4] => 
    [5] => 
    [6] => 3. DISTRICT

    [7] => 
    [8] => 
    [9] => 4. CITY/MUNICIPALITY
MAMBAJAO
    [10] => 
    [11] => 
    [12] => 5. BARANGAY
POBLACION
    [13] => 
    [14] => 6. EVACUATION CENTER/SITE
MAMBAJAO CENTRAL SCHOOL
    [15] => 
)

DEBUG - 2026-04-06 10:36:26 --> Checking row 2170: Array
(
    [0] => 
    [1] => 
    [2] => 
    [3] => 
    [4] => 
    [5] => 
    [6] => 
    [7] => 
    [8] => 
    [9] => 
    [10] => 
    [11] => 
    [12] => 
    [13] => 
    [14] => 
    [15] => 
)

DEBUG - 2026-04-06 10:36:26 --> Checking row 2171: Array
(
    [0] => HEAD OF THE FAMILY
    [1] => 
    [2] => 
    [3] => 
    [4] => 
    [5] => 
    [6] => 
    [7] => 
    [8] => 
    [9] => 
    [10] => 
    [11] => 
    [12] => 
    [13] => 
    [14] => 
    [15] => 
)

DEBUG - 2026-04-06 10:36:26 --> Found 'HEAD OF THE FAMILY' at row 2171, column 0
DEBUG - 2026-04-06 10:36:26 --> parseFacedCard called with startRow: 2171
DEBUG - 2026-04-06 10:36:26 --> Found household_no: 0073
DEBUG - 2026-04-06 10:36:26 --> Family header at row 2180 → data from 2181
DEBUG - 2026-04-06 10:36:26 --> Family member: JOVEL P. DAHAN
DEBUG - 2026-04-06 10:36:26 --> Family member: KYLE DAHAN
DEBUG - 2026-04-06 10:36:26 --> Family member: ALTHEA KIM DAHAN
DEBUG - 2026-04-06 10:36:26 --> Family member: JAHANA DAHAN
DEBUG - 2026-04-06 10:36:26 --> Parsed: ARNEL DAHAN | HH#: 0073 | Members: 4
DEBUG - 2026-04-06 10:36:26 --> Parsed resident data: Array
(
    [household_no] => 0073
    [region] => REGION 10
    [province] => CAMIGUIN
    [district] => 
    [city_municipality] => MAMBAJAO
    [barangay] => POBLACION
    [evacuation_center] => MAMBAJAO CENTRAL SCHOOL
    [last_name] => DAHAN
    [civil_status] => Married
    [mother_maiden_name] => ESTHER LABADAN FABE
    [first_name] => ARNEL
    [religion] => Roman Catholic
    [occupation] => Laborer
    [middle_name] => FABE
    [name_extension] => 
    [age] => 38
    [birthdate] => 1987-04-26
    [birthplace] => TAPON
    [sex] => Male
    [monthly_income] => 8000
    [id_card_presented] => VOTER'S ID
    [id_card_number] => 
    [contact_number] => 09091111098
    [house_no] => 
    [street] => Tapon
    [subdivision] => 
    [permanent_barangay] => Poblacion
    [permanent_city] => Mambajao
    [permanent_province] => Camiguin
    [zip_code] => 9100
    [is_4ps_beneficiary] => 0
    [vulnerable_older_persons] => 0
    [vulnerable_pregnant] => 0
    [vulnerable_lactating] => 0
    [vulnerable_pwd] => 0
    [ownership_status] => Owner
    [shelter_damage] => No Damage
    [registration_date] => 2026-03-26
    [data_privacy_consent] => 1
    [family_members] => Array
        (
            [0] => Array
                (
                    [name] => JOVEL P. DAHAN
                    [relation] => Wife
                    [birthdate] => 1986-11-13
                    [age] => 39
                    [sex] => Female
                    [education] => COLLEGE LEVEL
                    [occupation] => Housewife
                    [remarks] => 
                    [status] => active
                )

            [1] => Array
                (
                    [name] => KYLE DAHAN
                    [relation] => Daughter
                    [birthdate] => 2011-07-21
                    [age] => 14
                    [sex] => Female
                    [education] => HIGHSCHOOL
                    [occupation] => Student
                    [remarks] => 
                    [status] => active
                )

            [2] => Array
                (
                    [name] => ALTHEA KIM DAHAN
                    [relation] => Daughter
                    [birthdate] => 2016-04-30
                    [age] => 9
                    [sex] => Female
                    [education] => ELEMENTARY
                    [occupation] => Student
                    [remarks] => 
                    [status] => active
                )

            [3] => Array
                (
                    [name] => JAHANA DAHAN
                    [relation] => Daughter
                    [birthdate] => 2022-12-22
                    [age] => 3
                    [sex] => Female
                    [education] => DAYCARE
                    [occupation] => Student
                    [remarks] => 
                    [status] => active
                )

        )

)

DEBUG - 2026-04-06 10:36:26 --> Inserted resident ID: 147, Name: ARNEL DAHAN
DEBUG - 2026-04-06 10:36:26 --> Inserted family member: JOVEL P. DAHAN
DEBUG - 2026-04-06 10:36:26 --> Inserted family member: KYLE DAHAN
DEBUG - 2026-04-06 10:36:26 --> Inserted family member: ALTHEA KIM DAHAN
DEBUG - 2026-04-06 10:36:26 --> Inserted family member: JAHANA DAHAN
DEBUG - 2026-04-06 10:36:26 --> Checking row 2196: Array
(
    [0] => 
    [1] => 
    [2] => Department of Social Welfare and Development
    [3] => 
    [4] => 
    [5] => 
    [6] => 
    [7] => 
    [8] => 
    [9] => 
    [10] => 
    [11] => 
    [12] => 
    [13] => BENEFICIARY'S COPY
    [14] => 
    [15] => 
)

DEBUG - 2026-04-06 10:36:26 --> Checking row 2197: Array
(
    [0] => 
    [1] => 
    [2] => FAMILY ASSISTANCE CARD IN EMERGENCIES AND DISASTERS (FACED)
    [3] => 
    [4] => 
    [5] => 
    [6] => 
    [7] => 
    [8] => 
    [9] => 
    [10] => 
    [11] => 
    [12] => 
    [13] => SERIAL NUMBER: 0074
    [14] => 
    [15] => 
)

DEBUG - 2026-04-06 10:36:26 --> Checking row 2198: Array
(
    [0] => LOCATION OF THE AFFECTED FAMILY
    [1] => 
    [2] => 
    [3] => 
    [4] => 
    [5] => 
    [6] => 
    [7] => 
    [8] => 
    [9] => 
    [10] => 
    [11] => 
    [12] => 
    [13] => 
    [14] => 
    [15] => 
)

DEBUG - 2026-04-06 10:36:26 --> Checking row 2199: Array
(
    [0] => 1. REGION
REGION 10
    [1] => 
    [2] => 
    [3] => 2. PROVINCE
CAMIGUIN
    [4] => 
    [5] => 
    [6] => 3. DISTRICT

    [7] => 
    [8] => 
    [9] => 4. CITY/MUNICIPALITY
MAMBAJAO
    [10] => 
    [11] => 
    [12] => 5. BARANGAY
POBLACION
    [13] => 
    [14] => 6. EVACUATION CENTER/SITE

    [15] => 
)

DEBUG - 2026-04-06 10:36:26 --> Checking row 2200: Array
(
    [0] => 
    [1] => 
    [2] => 
    [3] => 
    [4] => 
    [5] => 
    [6] => 
    [7] => 
    [8] => 
    [9] => 
    [10] => 
    [11] => 
    [12] => 
    [13] => 
    [14] => 
    [15] => 
)

DEBUG - 2026-04-06 10:36:26 --> Checking row 2201: Array
(
    [0] => HEAD OF THE FAMILY
    [1] => 
    [2] => 
    [3] => 
    [4] => 
    [5] => 
    [6] => 
    [7] => 
    [8] => 
    [9] => 
    [10] => 
    [11] => 
    [12] => 
    [13] => 
    [14] => 
    [15] => 
)

DEBUG - 2026-04-06 10:36:26 --> Found 'HEAD OF THE FAMILY' at row 2201, column 0
DEBUG - 2026-04-06 10:36:26 --> parseFacedCard called with startRow: 2201
DEBUG - 2026-04-06 10:36:26 --> Found household_no: 0074
DEBUG - 2026-04-06 10:36:26 --> Family header at row 2210 → data from 2211
DEBUG - 2026-04-06 10:36:26 --> Family member: JESUS JAMON
DEBUG - 2026-04-06 10:36:26 --> Family member: CHARLIE TIZON
DEBUG - 2026-04-06 10:36:26 --> Family member: JAYLORD JAMON
DEBUG - 2026-04-06 10:36:26 --> Parsed: JUVY MAQUIDAJO | HH#: 0074 | Members: 3
DEBUG - 2026-04-06 10:36:26 --> Parsed resident data: Array
(
    [household_no] => 0074
    [region] => REGION 10
    [province] => CAMIGUIN
    [district] => 
    [city_municipality] => MAMBAJAO
    [barangay] => POBLACION
    [evacuation_center] => 
    [last_name] => MAQUIDAJO
    [civil_status] => Single
    [mother_maiden_name] => 
    [first_name] => JUVY
    [religion] => Roman Catholic
    [occupation] => 
    [middle_name] => PILLAROSTE
    [name_extension] => 
    [age] => 29
    [birthdate] => 1997-02-04
    [birthplace] => CGH, MAMBAJAO, CAMIGUIN
    [sex] => Female
    [monthly_income] => 0
    [id_card_presented] => 
    [id_card_number] => 
    [house_no] => 
    [street] => Tapon
    [subdivision] => 
    [permanent_barangay] => Poblacion
    [permanent_city] => Mambajao
    [permanent_province] => Camiguin
    [zip_code] => 9100
    [is_4ps_beneficiary] => 0
    [vulnerable_older_persons] => 0
    [vulnerable_pregnant] => 0
    [vulnerable_lactating] => 0
    [vulnerable_pwd] => 0
    [ownership_status] => Owner
    [shelter_damage] => No Damage
    [registration_date] => 2026-03-26
    [data_privacy_consent] => 1
    [contact_number] => 
    [family_members] => Array
        (
            [0] => Array
                (
                    [name] => JESUS JAMON
                    [relation] => Live-in Partner
                    [birthdate] => 1997-12-25
                    [age] => 28
                    [sex] => Male
                    [education] => HIGHSCHOOL LEVEL
                    [occupation] => Laborer
                    [remarks] => 
                    [status] => active
                )

            [1] => Array
                (
                    [name] => CHARLIE TIZON
                    [relation] => Cousin
                    [birthdate] => 1998-04-03
                    [age] => 27
                    [sex] => Male
                    [education] => COLLEGE LEVEL
                    [occupation] => Laborer
                    [remarks] => 
                    [status] => active
                )

            [2] => Array
                (
                    [name] => JAYLORD JAMON
                    [relation] => Son
                    [birthdate] => 2019-02-10
                    [age] => 7
                    [sex] => Male
                    [education] => 
                    [occupation] => 
                    [remarks] => 
                    [status] => active
                )

        )

)

DEBUG - 2026-04-06 10:36:26 --> Inserted resident ID: 148, Name: JUVY MAQUIDAJO
DEBUG - 2026-04-06 10:36:26 --> Inserted family member: JESUS JAMON
DEBUG - 2026-04-06 10:36:26 --> Inserted family member: CHARLIE TIZON
DEBUG - 2026-04-06 10:36:26 --> Inserted family member: JAYLORD JAMON
DEBUG - 2026-04-06 10:36:26 --> Checking row 2226: Array
(
    [0] => 
    [1] => 
    [2] => Department of Social Welfare and Development
    [3] => 
    [4] => 
    [5] => 
    [6] => 
    [7] => 
    [8] => 
    [9] => 
    [10] => 
    [11] => 
    [12] => 
    [13] => BENEFICIARY'S COPY
    [14] => 
    [15] => 
)

DEBUG - 2026-04-06 10:36:26 --> Checking row 2227: Array
(
    [0] => 
    [1] => 
    [2] => FAMILY ASSISTANCE CARD IN EMERGENCIES AND DISASTERS (FACED)
    [3] => 
    [4] => 
    [5] => 
    [6] => 
    [7] => 
    [8] => 
    [9] => 
    [10] => 
    [11] => 
    [12] => 
    [13] => SERIAL NUMBER: 0075
    [14] => 
    [15] => 
)

DEBUG - 2026-04-06 10:36:26 --> Checking row 2228: Array
(
    [0] => LOCATION OF THE AFFECTED FAMILY
    [1] => 
    [2] => 
    [3] => 
    [4] => 
    [5] => 
    [6] => 
    [7] => 
    [8] => 
    [9] => 
    [10] => 
    [11] => 
    [12] => 
    [13] => 
    [14] => 
    [15] => 
)

DEBUG - 2026-04-06 10:36:26 --> Checking row 2229: Array
(
    [0] => 1. REGION
REGION 10
    [1] => 
    [2] => 
    [3] => 2. PROVINCE
CAMIGUIN
    [4] => 
    [5] => 
    [6] => 3. DISTRICT

    [7] => 
    [8] => 
    [9] => 4. CITY/MUNICIPALITY
MAMBAJAO
    [10] => 
    [11] => 
    [12] => 5. BARANGAY
POBLACION
    [13] => 
    [14] => 6. EVACUATION CENTER/SITE

    [15] => 
)

DEBUG - 2026-04-06 10:36:26 --> Checking row 2230: Array
(
    [0] => 
    [1] => 
    [2] => 
    [3] => 
    [4] => 
    [5] => 
    [6] => 
    [7] => 
    [8] => 
    [9] => 
    [10] => 
    [11] => 
    [12] => 
    [13] => 
    [14] => 
    [15] => 
)

DEBUG - 2026-04-06 10:36:26 --> Checking row 2231: Array
(
    [0] => HEAD OF THE FAMILY
    [1] => 
    [2] => 
    [3] => 
    [4] => 
    [5] => 
    [6] => 
    [7] => 
    [8] => 
    [9] => 
    [10] => 
    [11] => 
    [12] => 
    [13] => 
    [14] => 
    [15] => 
)

DEBUG - 2026-04-06 10:36:26 --> Found 'HEAD OF THE FAMILY' at row 2231, column 0
DEBUG - 2026-04-06 10:36:26 --> parseFacedCard called with startRow: 2231
DEBUG - 2026-04-06 10:36:26 --> Found household_no: 0075
DEBUG - 2026-04-06 10:36:26 --> Family header at row 2240 → data from 2241
DEBUG - 2026-04-06 10:36:26 --> Family member: ALVITHS L. IBALE
DEBUG - 2026-04-06 10:36:26 --> Family member: MARYKEE H. DUMANGCAS
DEBUG - 2026-04-06 10:36:26 --> Family member: ADRIAN JARDIN
DEBUG - 2026-04-06 10:36:26 --> Family member: ALDY H. DUMANGCAS
DEBUG - 2026-04-06 10:36:26 --> Family member: ALZEKAN H. DUMANGCAS
DEBUG - 2026-04-06 10:36:26 --> Family member: CHRIST ICEL DUMANGCAS
DEBUG - 2026-04-06 10:36:26 --> Family member: CHRIST LAURENCE DUMANGCAS
DEBUG - 2026-04-06 10:36:26 --> Family member: BRIANNA DUMANGCAS
DEBUG - 2026-04-06 10:36:26 --> Parsed: MELODY DUMANGCAS | HH#: 0075 | Members: 8
DEBUG - 2026-04-06 10:36:26 --> Parsed resident data: Array
(
    [household_no] => 0075
    [region] => REGION 10
    [province] => CAMIGUIN
    [district] => 
    [city_municipality] => MAMBAJAO
    [barangay] => POBLACION
    [evacuation_center] => 
    [last_name] => DUMANGCAS
    [civil_status] => Single
    [mother_maiden_name] => 
    [first_name] => MELODY
    [religion] => Roman Catholic
    [occupation] => Housewife
    [middle_name] => HERRERA
    [name_extension] => 
    [age] => 43
    [birthdate] => 1982-12-29
    [birthplace] => TAPON
    [sex] => Female
    [monthly_income] => 0
    [id_card_presented] => VOTER'S ID
    [id_card_number] => 
    [contact_number] => 09535163032
    [house_no] => 
    [street] => Tapon
    [subdivision] => 
    [permanent_barangay] => Poblacion
    [permanent_city] => Mambajao
    [permanent_province] => Camiguin
    [zip_code] => 
    [is_4ps_beneficiary] => 0
    [vulnerable_older_persons] => 0
    [vulnerable_pregnant] => 0
    [vulnerable_lactating] => 0
    [vulnerable_pwd] => 0
    [ownership_status] => Owner
    [shelter_damage] => No Damage
    [registration_date] => 2026-03-26
    [data_privacy_consent] => 1
    [family_members] => Array
        (
            [0] => Array
                (
                    [name] => ALVITHS L. IBALE
                    [relation] => Live-in Partner
                    [birthdate] => 1983-01-28
                    [age] => 43
                    [sex] => Male
                    [education] => COLLEGE GRADUATE
                    [occupation] => Laborer
                    [remarks] => 
                    [status] => active
                )

            [1] => Array
                (
                    [name] => MARYKEE H. DUMANGCAS
                    [relation] => Daughter
                    [birthdate] => 2002-10-27
                    [age] => 23
                    [sex] => Female
                    [education] => COLLEGE
                    [occupation] => Student
                    [remarks] => 
                    [status] => active
                )

            [2] => Array
                (
                    [name] => ADRIAN JARDIN
                    [relation] => Son-in-law
                    [birthdate] => 2003-02-13
                    [age] => 23
                    [sex] => Male
                    [education] => COLLEGE
                    [occupation] => Student
                    [remarks] => 
                    [status] => active
                )

            [3] => Array
                (
                    [name] => ALDY H. DUMANGCAS
                    [relation] => Son
                    [birthdate] => 2008-02-05
                    [age] => 18
                    [sex] => Male
                    [education] => HIGHSCHOOL
                    [occupation] => Student
                    [remarks] => 
                    [status] => active
                )

            [4] => Array
                (
                    [name] => ALZEKAN H. DUMANGCAS
                    [relation] => Daughter
                    [birthdate] => 2010-06-03
                    [age] => 15
                    [sex] => Male
                    [education] => HIGHSCHOOL
                    [occupation] => Student
                    [remarks] => 
                    [status] => active
                )

            [5] => Array
                (
                    [name] => CHRIST ICEL DUMANGCAS
                    [relation] => Son
                    [birthdate] => 2015-08-07
                    [age] => 10
                    [sex] => Male
                    [education] => ELEMENTARY
                    [occupation] => Student
                    [remarks] => 
                    [status] => active
                )

            [6] => Array
                (
                    [name] => CHRIST LAURENCE DUMANGCAS
                    [relation] => Son
                    [birthdate] => 
                    [age] => 0
                    [sex] => Male
                    [education] => ELEMENTARY
                    [occupation] => Student
                    [remarks] => 
                    [status] => active
                )

            [7] => Array
                (
                    [name] => BRIANNA DUMANGCAS
                    [relation] => Daughter
                    [birthdate] => 2023-09-20
                    [age] => 2
                    [sex] => Female
                    [education] => 
                    [occupation] => 
                    [remarks] => 
                    [status] => active
                )

        )

)

DEBUG - 2026-04-06 10:36:26 --> Inserted resident ID: 149, Name: MELODY DUMANGCAS
DEBUG - 2026-04-06 10:36:26 --> Inserted family member: ALVITHS L. IBALE
DEBUG - 2026-04-06 10:36:26 --> Inserted family member: MARYKEE H. DUMANGCAS
DEBUG - 2026-04-06 10:36:26 --> Inserted family member: ADRIAN JARDIN
DEBUG - 2026-04-06 10:36:26 --> Inserted family member: ALDY H. DUMANGCAS
DEBUG - 2026-04-06 10:36:26 --> Inserted family member: ALZEKAN H. DUMANGCAS
DEBUG - 2026-04-06 10:36:26 --> Inserted family member: CHRIST ICEL DUMANGCAS
DEBUG - 2026-04-06 10:36:26 --> Inserted family member: CHRIST LAURENCE DUMANGCAS
DEBUG - 2026-04-06 10:36:26 --> Inserted family member: BRIANNA DUMANGCAS
DEBUG - 2026-04-06 10:36:26 --> Checking row 2256: Array
(
    [0] => 
    [1] => 
    [2] => 
    [3] => 
    [4] => 
    [5] => 
    [6] => 
    [7] => 
    [8] => 
    [9] => 
    [10] => 
    [11] => 
    [12] => 
    [13] => 
    [14] => 
    [15] => 
)

DEBUG - 2026-04-06 10:36:26 --> Checking row 2257: Array
(
    [0] => 
    [1] => 
    [2] => 
    [3] => 
    [4] => 
    [5] => 
    [6] => 
    [7] => 
    [8] => 
    [9] => 
    [10] => 
    [11] => 
    [12] => 
    [13] => 
    [14] => 
    [15] => 
)

DEBUG - 2026-04-06 10:36:26 --> Checking row 2258: Array
(
    [0] => DSWD Logo
    [1] => 
    [2] => Republic of the Philippines
    [3] => 
    [4] => 
    [5] => 
    [6] => 
    [7] => 
    [8] => 
    [9] => 
    [10] => 
    [11] => 
    [12] => 
    [13] => THIS CARD IS NOT FOR SALE
    [14] => 
    [15] => 
)

DEBUG - 2026-04-06 10:36:26 --> Checking row 2259: Array
(
    [0] => 
    [1] => 
    [2] => Department of Social Welfare and Development
    [3] => 
    [4] => 
    [5] => 
    [6] => 
    [7] => 
    [8] => 
    [9] => 
    [10] => 
    [11] => 
    [12] => 
    [13] => BENEFICIARY'S COPY
    [14] => 
    [15] => 
)

DEBUG - 2026-04-06 10:36:26 --> Checking row 2260: Array
(
    [0] => 
    [1] => 
    [2] => FAMILY ASSISTANCE CARD IN EMERGENCIES AND DISASTERS (FACED)
    [3] => 
    [4] => 
    [5] => 
    [6] => 
    [7] => 
    [8] => 
    [9] => 
    [10] => 
    [11] => 
    [12] => 
    [13] => SERIAL NUMBER: 0076
    [14] => 
    [15] => 
)

DEBUG - 2026-04-06 10:36:26 --> Checking row 2261: Array
(
    [0] => LOCATION OF THE AFFECTED FAMILY
    [1] => 
    [2] => 
    [3] => 
    [4] => 
    [5] => 
    [6] => 
    [7] => 
    [8] => 
    [9] => 
    [10] => 
    [11] => 
    [12] => 
    [13] => 
    [14] => 
    [15] => 
)

DEBUG - 2026-04-06 10:36:26 --> Checking row 2262: Array
(
    [0] => 1. REGION
REGION 10
    [1] => 
    [2] => 
    [3] => 2. PROVINCE
CAMIGUIN
    [4] => 
    [5] => 
    [6] => 3. DISTRICT

    [7] => 
    [8] => 
    [9] => 4. CITY/MUNICIPALITY
MAMBAJAO
    [10] => 
    [11] => 
    [12] => 5. BARANGAY
POBLACION
    [13] => 
    [14] => 6. EVACUATION CENTER/SITE
MAMBAJAO CENTRAL SCHOOL
    [15] => 
)

DEBUG - 2026-04-06 10:36:26 --> Checking row 2263: Array
(
    [0] => 
    [1] => 
    [2] => 
    [3] => 
    [4] => 
    [5] => 
    [6] => 
    [7] => 
    [8] => 
    [9] => 
    [10] => 
    [11] => 
    [12] => 
    [13] => 
    [14] => 
    [15] => 
)

DEBUG - 2026-04-06 10:36:26 --> Checking row 2264: Array
(
    [0] => HEAD OF THE FAMILY
    [1] => 
    [2] => 
    [3] => 
    [4] => 
    [5] => 
    [6] => 
    [7] => 
    [8] => 
    [9] => 
    [10] => 
    [11] => 
    [12] => 
    [13] => 
    [14] => 
    [15] => 
)

DEBUG - 2026-04-06 10:36:26 --> Found 'HEAD OF THE FAMILY' at row 2264, column 0
DEBUG - 2026-04-06 10:36:26 --> parseFacedCard called with startRow: 2264
DEBUG - 2026-04-06 10:36:26 --> Found household_no: 0076
DEBUG - 2026-04-06 10:36:26 --> Family header at row 2273 → data from 2274
DEBUG - 2026-04-06 10:36:26 --> Family member: JANE MAREY RANOCO
DEBUG - 2026-04-06 10:36:26 --> Family member: JASPER JEFF RANOCO
DEBUG - 2026-04-06 10:36:26 --> Parsed: REY RANOCO | HH#: 0076 | Members: 2
DEBUG - 2026-04-06 10:36:26 --> Parsed resident data: Array
(
    [household_no] => 0076
    [region] => REGION 10
    [province] => CAMIGUIN
    [district] => 
    [city_municipality] => MAMBAJAO
    [barangay] => POBLACION
    [evacuation_center] => MAMBAJAO CENTRAL SCHOOL
    [last_name] => RANOCO
    [civil_status] => Single
    [mother_maiden_name] => LUDIA SUMA
    [first_name] => REY
    [religion] => Roman Catholic
    [occupation] => 
    [middle_name] => SUMA
    [name_extension] => 
    [age] => 49
    [birthdate] => 1976-05-05
    [birthplace] => CAGAYAN DE ORO CITY
    [sex] => Male
    [monthly_income] => 10000
    [id_card_presented] => UMID ID
    [id_card_number] => 
    [contact_number] => 09099088078
    [house_no] => 
    [street] => Boloc-boloc
    [subdivision] => 
    [permanent_barangay] => Poblacion
    [permanent_city] => Mambajao
    [permanent_province] => Camiguin
    [zip_code] => 
    [is_4ps_beneficiary] => 0
    [vulnerable_older_persons] => 0
    [vulnerable_pregnant] => 0
    [vulnerable_lactating] => 0
    [vulnerable_pwd] => 0
    [ownership_status] => Owner
    [shelter_damage] => No Damage
    [registration_date] => 2026-03-26
    [data_privacy_consent] => 1
    [family_members] => Array
        (
            [0] => Array
                (
                    [name] => JANE MAREY RANOCO
                    [relation] => 
                    [birthdate] => 2018-11-14
                    [age] => 7
                    [sex] => Female
                    [education] => ELEMENTARY
                    [occupation] => 
                    [remarks] => 
                    [status] => active
                )

            [1] => Array
                (
                    [name] => JASPER JEFF RANOCO
                    [relation] => 
                    [birthdate] => 2022-06-28
                    [age] => 3
                    [sex] => Male
                    [education] => 
                    [occupation] => 
                    [remarks] => 
                    [status] => active
                )

        )

)

DEBUG - 2026-04-06 10:36:26 --> Inserted resident ID: 150, Name: REY RANOCO
DEBUG - 2026-04-06 10:36:26 --> Inserted family member: JANE MAREY RANOCO
DEBUG - 2026-04-06 10:36:26 --> Inserted family member: JASPER JEFF RANOCO
DEBUG - 2026-04-06 10:36:26 --> Checking row 2289: Array
(
    [0] => 
    [1] => 
    [2] => Department of Social Welfare and Development
    [3] => 
    [4] => 
    [5] => 
    [6] => 
    [7] => 
    [8] => 
    [9] => 
    [10] => 
    [11] => 
    [12] => 
    [13] => BENEFICIARY'S COPY
    [14] => 
    [15] => 
)

DEBUG - 2026-04-06 10:36:26 --> Checking row 2290: Array
(
    [0] => 
    [1] => 
    [2] => FAMILY ASSISTANCE CARD IN EMERGENCIES AND DISASTERS (FACED)
    [3] => 
    [4] => 
    [5] => 
    [6] => 
    [7] => 
    [8] => 
    [9] => 
    [10] => 
    [11] => 
    [12] => 
    [13] => SERIAL NUMBER: 0077
    [14] => 
    [15] => 
)

DEBUG - 2026-04-06 10:36:26 --> Checking row 2291: Array
(
    [0] => LOCATION OF THE AFFECTED FAMILY
    [1] => 
    [2] => 
    [3] => 
    [4] => 
    [5] => 
    [6] => 
    [7] => 
    [8] => 
    [9] => 
    [10] => 
    [11] => 
    [12] => 
    [13] => 
    [14] => 
    [15] => 
)

DEBUG - 2026-04-06 10:36:26 --> Checking row 2292: Array
(
    [0] => 1. REGION
REGION 10
    [1] => 
    [2] => 
    [3] => 2. PROVINCE
CAMIGUIN
    [4] => 
    [5] => 
    [6] => 3. DISTRICT

    [7] => 
    [8] => 
    [9] => 4. CITY/MUNICIPALITY
MAMBAJAO
    [10] => 
    [11] => 
    [12] => 5. BARANGAY
POBLACION
    [13] => 
    [14] => 6. EVACUATION CENTER/SITE

    [15] => 
)

DEBUG - 2026-04-06 10:36:26 --> Checking row 2293: Array
(
    [0] => 
    [1] => 
    [2] => 
    [3] => 
    [4] => 
    [5] => 
    [6] => 
    [7] => 
    [8] => 
    [9] => 
    [10] => 
    [11] => 
    [12] => 
    [13] => 
    [14] => 
    [15] => 
)

DEBUG - 2026-04-06 10:36:26 --> Checking row 2294: Array
(
    [0] => HEAD OF THE FAMILY
    [1] => 
    [2] => 
    [3] => 
    [4] => 
    [5] => 
    [6] => 
    [7] => 
    [8] => 
    [9] => 
    [10] => 
    [11] => 
    [12] => 
    [13] => 
    [14] => 
    [15] => 
)

DEBUG - 2026-04-06 10:36:27 --> Found 'HEAD OF THE FAMILY' at row 2294, column 0
DEBUG - 2026-04-06 10:36:27 --> parseFacedCard called with startRow: 2294
DEBUG - 2026-04-06 10:36:27 --> Found household_no: 0077
DEBUG - 2026-04-06 10:36:27 --> Family header at row 2303 → data from 2304
DEBUG - 2026-04-06 10:36:27 --> Family member: NARIA YLLAJAY JAMPIT
DEBUG - 2026-04-06 10:36:27 --> Family member: MARA YSABELLE
DEBUG - 2026-04-06 10:36:27 --> Parsed: PRESCILLA GARILLO | HH#: 0077 | Members: 2
DEBUG - 2026-04-06 10:36:27 --> Parsed resident data: Array
(
    [household_no] => 0077
    [region] => REGION 10
    [province] => CAMIGUIN
    [district] => 
    [city_municipality] => MAMBAJAO
    [barangay] => POBLACION
    [evacuation_center] => 
    [last_name] => GARILLO
    [civil_status] => Single
    [mother_maiden_name] => EUGENIA CADELIÑA
    [first_name] => PRESCILLA
    [religion] => Roman Catholic
    [occupation] => Laundry
    [middle_name] => CADELIÑA
    [name_extension] => 
    [age] => 24
    [birthdate] => 2002-01-21
    [birthplace] => TAPON
    [sex] => Female
    [monthly_income] => 1400
    [id_card_presented] => PHILHEALTH CARD
    [id_card_number] => 
    [contact_number] => 09066663546
    [house_no] => 
    [street] => Boloc-boloc
    [subdivision] => 
    [permanent_barangay] => Poblacion
    [permanent_city] => Mambajao
    [permanent_province] => Camiguin
    [zip_code] => 
    [is_4ps_beneficiary] => 0
    [vulnerable_older_persons] => 0
    [vulnerable_pregnant] => 0
    [vulnerable_lactating] => 0
    [vulnerable_pwd] => 0
    [ownership_status] => Owner
    [shelter_damage] => No Damage
    [registration_date] => 2026-03-26
    [data_privacy_consent] => 1
    [family_members] => Array
        (
            [0] => Array
                (
                    [name] => NARIA YLLAJAY JAMPIT
                    [relation] => Daughter
                    [birthdate] => 2023-12-30
                    [age] => 2
                    [sex] => Female
                    [education] => 
                    [occupation] => 
                    [remarks] => 
                    [status] => active
                )

            [1] => Array
                (
                    [name] => MARA YSABELLE
                    [relation] => Daughter
                    [birthdate] => 2025-04-11
                    [age] => 0
                    [sex] => Female
                    [education] => 
                    [occupation] => 
                    [remarks] => 
                    [status] => active
                )

        )

)

DEBUG - 2026-04-06 10:36:27 --> Inserted resident ID: 151, Name: PRESCILLA GARILLO
DEBUG - 2026-04-06 10:36:27 --> Inserted family member: NARIA YLLAJAY JAMPIT
DEBUG - 2026-04-06 10:36:27 --> Inserted family member: MARA YSABELLE
DEBUG - 2026-04-06 10:36:27 --> Checking row 2319: Array
(
    [0] => 
    [1] => 
    [2] => Department of Social Welfare and Development
    [3] => 
    [4] => 
    [5] => 
    [6] => 
    [7] => 
    [8] => 
    [9] => 
    [10] => 
    [11] => 
    [12] => 
    [13] => BENEFICIARY'S COPY
    [14] => 
    [15] => 
)

DEBUG - 2026-04-06 10:36:27 --> Checking row 2320: Array
(
    [0] => 
    [1] => 
    [2] => FAMILY ASSISTANCE CARD IN EMERGENCIES AND DISASTERS (FACED)
    [3] => 
    [4] => 
    [5] => 
    [6] => 
    [7] => 
    [8] => 
    [9] => 
    [10] => 
    [11] => 
    [12] => 
    [13] => SERIAL NUMBER: 0078
    [14] => 
    [15] => 
)

DEBUG - 2026-04-06 10:36:27 --> Checking row 2321: Array
(
    [0] => LOCATION OF THE AFFECTED FAMILY
    [1] => 
    [2] => 
    [3] => 
    [4] => 
    [5] => 
    [6] => 
    [7] => 
    [8] => 
    [9] => 
    [10] => 
    [11] => 
    [12] => 
    [13] => 
    [14] => 
    [15] => 
)

DEBUG - 2026-04-06 10:36:27 --> Checking row 2322: Array
(
    [0] => 1. REGION
REGION 10
    [1] => 
    [2] => 
    [3] => 2. PROVINCE
CAMIGUIN
    [4] => 
    [5] => 
    [6] => 3. DISTRICT

    [7] => 
    [8] => 
    [9] => 4. CITY/MUNICIPALITY
MAMBAJAO
    [10] => 
    [11] => 
    [12] => 5. BARANGAY
POBLACION
    [13] => 
    [14] => 6. EVACUATION CENTER/SITE
MAMBAJAO CENTRAL SCHOOL
    [15] => 
)

DEBUG - 2026-04-06 10:36:27 --> Checking row 2323: Array
(
    [0] => 
    [1] => 
    [2] => 
    [3] => 
    [4] => 
    [5] => 
    [6] => 
    [7] => 
    [8] => 
    [9] => 
    [10] => 
    [11] => 
    [12] => 
    [13] => 
    [14] => 
    [15] => 
)

DEBUG - 2026-04-06 10:36:27 --> Checking row 2324: Array
(
    [0] => HEAD OF THE FAMILY
    [1] => 
    [2] => 
    [3] => 
    [4] => 
    [5] => 
    [6] => 
    [7] => 
    [8] => 
    [9] => 
    [10] => 
    [11] => 
    [12] => 
    [13] => 
    [14] => 
    [15] => 
)

DEBUG - 2026-04-06 10:36:27 --> Found 'HEAD OF THE FAMILY' at row 2324, column 0
DEBUG - 2026-04-06 10:36:27 --> parseFacedCard called with startRow: 2324
DEBUG - 2026-04-06 10:36:27 --> Found household_no: 0078
DEBUG - 2026-04-06 10:36:27 --> Family header at row 2333 → data from 2334
DEBUG - 2026-04-06 10:36:27 --> Family member: MICHAEL MANGACAN
DEBUG - 2026-04-06 10:36:27 --> Family member: JETRO MANGACAN
DEBUG - 2026-04-06 10:36:27 --> Family member: JOSON MANGACAN
DEBUG - 2026-04-06 10:36:27 --> Parsed: CHARLOT LACORTE | HH#: 0078 | Members: 3
DEBUG - 2026-04-06 10:36:27 --> Parsed resident data: Array
(
    [household_no] => 0078
    [region] => REGION 10
    [province] => CAMIGUIN
    [district] => 
    [city_municipality] => MAMBAJAO
    [barangay] => POBLACION
    [evacuation_center] => MAMBAJAO CENTRAL SCHOOL
    [last_name] => LACORTE
    [civil_status] => Single
    [mother_maiden_name] => ALONA TULO
    [first_name] => CHARLOT
    [religion] => Roman Catholic
    [occupation] => Housewife
    [middle_name] => BACAUHAN
    [name_extension] => 
    [age] => 37
    [birthdate] => 1988-07-25
    [birthplace] => DAVAO CITY
    [sex] => Female
    [monthly_income] => 3000
    [id_card_presented] => VOTER'S ID
    [id_card_number] => 
    [contact_number] => 09515297332
    [house_no] => 
    [street] => Boloc-boloc
    [subdivision] => 
    [permanent_barangay] => Poblacion
    [permanent_city] => Mambajao
    [permanent_province] => Camiguin
    [zip_code] => 
    [is_4ps_beneficiary] => 0
    [vulnerable_older_persons] => 0
    [vulnerable_pregnant] => 0
    [vulnerable_lactating] => 0
    [vulnerable_pwd] => 0
    [ownership_status] => Owner
    [shelter_damage] => No Damage
    [registration_date] => 2026-03-26
    [data_privacy_consent] => 1
    [family_members] => Array
        (
            [0] => Array
                (
                    [name] => MICHAEL MANGACAN
                    [relation] => Live-in Partner
                    [birthdate] => 1994-09-19
                    [age] => 31
                    [sex] => Male
                    [education] => HIGHSCHOOL GRAD
                    [occupation] => Fisherman
                    [remarks] => 3000
                    [status] => active
                )

            [1] => Array
                (
                    [name] => JETRO MANGACAN
                    [relation] => Step-daughter
                    [birthdate] => 2017-06-17
                    [age] => 8
                    [sex] => Female
                    [education] => ELEMENTARY
                    [occupation] => Student
                    [remarks] => 
                    [status] => active
                )

            [2] => Array
                (
                    [name] => JOSON MANGACAN
                    [relation] => Son
                    [birthdate] => 2023-01-28
                    [age] => 3
                    [sex] => Male
                    [education] => 
                    [occupation] => 
                    [remarks] => 
                    [status] => active
                )

        )

)

DEBUG - 2026-04-06 10:36:27 --> Inserted resident ID: 152, Name: CHARLOT LACORTE
DEBUG - 2026-04-06 10:36:27 --> Inserted family member: MICHAEL MANGACAN
DEBUG - 2026-04-06 10:36:27 --> Inserted family member: JETRO MANGACAN
DEBUG - 2026-04-06 10:36:27 --> Inserted family member: JOSON MANGACAN
DEBUG - 2026-04-06 10:36:27 --> Checking row 2349: Array
(
    [0] => 
    [1] => 
    [2] => Department of Social Welfare and Development
    [3] => 
    [4] => 
    [5] => 
    [6] => 
    [7] => 
    [8] => 
    [9] => 
    [10] => 
    [11] => 
    [12] => 
    [13] => BENEFICIARY'S COPY
    [14] => 
    [15] => 
)

DEBUG - 2026-04-06 10:36:27 --> Checking row 2350: Array
(
    [0] => 
    [1] => 
    [2] => FAMILY ASSISTANCE CARD IN EMERGENCIES AND DISASTERS (FACED)
    [3] => 
    [4] => 
    [5] => 
    [6] => 
    [7] => 
    [8] => 
    [9] => 
    [10] => 
    [11] => 
    [12] => 
    [13] => SERIAL NUMBER: 0079
    [14] => 
    [15] => 
)

DEBUG - 2026-04-06 10:36:27 --> Checking row 2351: Array
(
    [0] => LOCATION OF THE AFFECTED FAMILY
    [1] => 
    [2] => 
    [3] => 
    [4] => 
    [5] => 
    [6] => 
    [7] => 
    [8] => 
    [9] => 
    [10] => 
    [11] => 
    [12] => 
    [13] => 
    [14] => 
    [15] => 
)

DEBUG - 2026-04-06 10:36:27 --> Checking row 2352: Array
(
    [0] => 1. REGION
REGION 10
    [1] => 
    [2] => 
    [3] => 2. PROVINCE
CAMIGUIN
    [4] => 
    [5] => 
    [6] => 3. DISTRICT

    [7] => 
    [8] => 
    [9] => 4. CITY/MUNICIPALITY
MAMBAJAO
    [10] => 
    [11] => 
    [12] => 5. BARANGAY
POBLACION
    [13] => 
    [14] => 6. EVACUATION CENTER/SITE

    [15] => 
)

DEBUG - 2026-04-06 10:36:27 --> Checking row 2353: Array
(
    [0] => 
    [1] => 
    [2] => 
    [3] => 
    [4] => 
    [5] => 
    [6] => 
    [7] => 
    [8] => 
    [9] => 
    [10] => 
    [11] => 
    [12] => 
    [13] => 
    [14] => 
    [15] => 
)

DEBUG - 2026-04-06 10:36:27 --> Checking row 2354: Array
(
    [0] => HEAD OF THE FAMILY
    [1] => 
    [2] => 
    [3] => 
    [4] => 
    [5] => 
    [6] => 
    [7] => 
    [8] => 
    [9] => 
    [10] => 
    [11] => 
    [12] => 
    [13] => 
    [14] => 
    [15] => 
)

DEBUG - 2026-04-06 10:36:27 --> Found 'HEAD OF THE FAMILY' at row 2354, column 0
DEBUG - 2026-04-06 10:36:27 --> parseFacedCard called with startRow: 2354
DEBUG - 2026-04-06 10:36:27 --> Found household_no: 0079
DEBUG - 2026-04-06 10:36:27 --> Family header at row 2363 → data from 2364
DEBUG - 2026-04-06 10:36:27 --> Family member: JONATHAN MANGACA
DEBUG - 2026-04-06 10:36:27 --> Family member: NATHAN MANGACA
DEBUG - 2026-04-06 10:36:27 --> Family member: KIAN MANGACA
DEBUG - 2026-04-06 10:36:27 --> Parsed: IVONNE MANGACA | HH#: 0079 | Members: 3
DEBUG - 2026-04-06 10:36:27 --> Parsed resident data: Array
(
    [household_no] => 0079
    [region] => REGION 10
    [province] => CAMIGUIN
    [district] => 
    [city_municipality] => MAMBAJAO
    [barangay] => POBLACION
    [evacuation_center] => 
    [last_name] => MANGACA
    [civil_status] => Married
    [mother_maiden_name] => TEOFE GALOS
    [first_name] => IVONNE
    [religion] => Roman Catholic
    [occupation] => None
    [middle_name] => POPERA
    [name_extension] => 
    [age] => 28
    [birthdate] => 1998-02-08
    [birthplace] => 
    [sex] => Female
    [monthly_income] => 0
    [id_card_presented] => 
    [id_card_number] => 
    [contact_number] => 09100312729
    [house_no] => 
    [street] => Boloc-boloc
    [subdivision] => 
    [permanent_barangay] => Poblacion
    [permanent_city] => Mambajao
    [permanent_province] => Camiguin
    [zip_code] => 9100
    [is_4ps_beneficiary] => 0
    [vulnerable_older_persons] => 0
    [vulnerable_pregnant] => 0
    [vulnerable_lactating] => 0
    [vulnerable_pwd] => 0
    [ownership_status] => Owner
    [shelter_damage] => No Damage
    [registration_date] => 2026-03-26
    [data_privacy_consent] => 1
    [family_members] => Array
        (
            [0] => Array
                (
                    [name] => JONATHAN MANGACA
                    [relation] => Husband
                    [birthdate] => 1991-11-11
                    [age] => 34
                    [sex] => Male
                    [education] => VOCATIONAL
                    [occupation] => 
                    [remarks] => 
                    [status] => active
                )

            [1] => Array
                (
                    [name] => NATHAN MANGACA
                    [relation] => Son
                    [birthdate] => 2023-05-27
                    [age] => 2
                    [sex] => Male
                    [education] => 
                    [occupation] => 
                    [remarks] => 
                    [status] => active
                )

            [2] => Array
                (
                    [name] => KIAN MANGACA
                    [relation] => Son
                    [birthdate] => 2025-04-03
                    [age] => 0
                    [sex] => Male
                    [education] => 
                    [occupation] => 
                    [remarks] => 
                    [status] => active
                )

        )

)

DEBUG - 2026-04-06 10:36:27 --> Inserted resident ID: 153, Name: IVONNE MANGACA
DEBUG - 2026-04-06 10:36:27 --> Inserted family member: JONATHAN MANGACA
DEBUG - 2026-04-06 10:36:27 --> Inserted family member: NATHAN MANGACA
DEBUG - 2026-04-06 10:36:27 --> Inserted family member: KIAN MANGACA
DEBUG - 2026-04-06 10:36:27 --> Checking row 2379: Array
(
    [0] => 
    [1] => 
    [2] => Department of Social Welfare and Development
    [3] => 
    [4] => 
    [5] => 
    [6] => 
    [7] => 
    [8] => 
    [9] => 
    [10] => 
    [11] => 
    [12] => 
    [13] => BENEFICIARY'S COPY
    [14] => 
    [15] => 
)

DEBUG - 2026-04-06 10:36:27 --> Checking row 2380: Array
(
    [0] => 
    [1] => 
    [2] => FAMILY ASSISTANCE CARD IN EMERGENCIES AND DISASTERS (FACED)
    [3] => 
    [4] => 
    [5] => 
    [6] => 
    [7] => 
    [8] => 
    [9] => 
    [10] => 
    [11] => 
    [12] => 
    [13] => SERIAL NUMBER: 0080
    [14] => 
    [15] => 
)

DEBUG - 2026-04-06 10:36:27 --> Checking row 2381: Array
(
    [0] => LOCATION OF THE AFFECTED FAMILY
    [1] => 
    [2] => 
    [3] => 
    [4] => 
    [5] => 
    [6] => 
    [7] => 
    [8] => 
    [9] => 
    [10] => 
    [11] => 
    [12] => 
    [13] => 
    [14] => 
    [15] => 
)

DEBUG - 2026-04-06 10:36:27 --> Checking row 2382: Array
(
    [0] => 1. REGION
REGION 10
    [1] => 
    [2] => 
    [3] => 2. PROVINCE
CAMIGUIN
    [4] => 
    [5] => 
    [6] => 3. DISTRICT

    [7] => 
    [8] => 
    [9] => 4. CITY/MUNICIPALITY
MAMBAJAO
    [10] => 
    [11] => 
    [12] => 5. BARANGAY
POBLACION
    [13] => 
    [14] => 6. EVACUATION CENTER/SITE
MAMBAJAO CENTRAL SCHOOL
    [15] => 
)

DEBUG - 2026-04-06 10:36:27 --> Checking row 2383: Array
(
    [0] => 
    [1] => 
    [2] => 
    [3] => 
    [4] => 
    [5] => 
    [6] => 
    [7] => 
    [8] => 
    [9] => 
    [10] => 
    [11] => 
    [12] => 
    [13] => 
    [14] => 
    [15] => 
)

DEBUG - 2026-04-06 10:36:27 --> Checking row 2384: Array
(
    [0] => HEAD OF THE FAMILY
    [1] => 
    [2] => 
    [3] => 
    [4] => 
    [5] => 
    [6] => 
    [7] => 
    [8] => 
    [9] => 
    [10] => 
    [11] => 
    [12] => 
    [13] => 
    [14] => 
    [15] => 
)

DEBUG - 2026-04-06 10:36:27 --> Found 'HEAD OF THE FAMILY' at row 2384, column 0
DEBUG - 2026-04-06 10:36:27 --> parseFacedCard called with startRow: 2384
DEBUG - 2026-04-06 10:36:27 --> Found household_no: 0080
DEBUG - 2026-04-06 10:36:27 --> Family header at row 2393 → data from 2394
DEBUG - 2026-04-06 10:36:27 --> Family member: DEXTER PITOGO
DEBUG - 2026-04-06 10:36:27 --> Family member: MERLIN PITOGO
DEBUG - 2026-04-06 10:36:27 --> Family member: JOHN LESTER PITOGO
DEBUG - 2026-04-06 10:36:27 --> Family member: DEXTER PITOGO JR.
DEBUG - 2026-04-06 10:36:27 --> Parsed: JAY MARC PITOGO | HH#: 0080 | Members: 4
DEBUG - 2026-04-06 10:36:27 --> Parsed resident data: Array
(
    [household_no] => 0080
    [region] => REGION 10
    [province] => CAMIGUIN
    [district] => 
    [city_municipality] => MAMBAJAO
    [barangay] => POBLACION
    [evacuation_center] => MAMBAJAO CENTRAL SCHOOL
    [last_name] => PITOGO
    [civil_status] => Single
    [mother_maiden_name] => MERLIN SIBUG
    [first_name] => JAY MARC
    [religion] => Roman Catholic
    [occupation] => Student
    [middle_name] => SIBUG
    [name_extension] => 
    [age] => 22
    [birthdate] => 2003-06-30
    [birthplace] => BOLOC-BOLOC
    [sex] => Male
    [monthly_income] => 8000
    [id_card_presented] => DRIVER'S LICENSE
    [id_card_number] => 
    [contact_number] => 09072800104
    [house_no] => 
    [street] => Boloc-boloc
    [subdivision] => 
    [permanent_barangay] => Poblacion
    [permanent_city] => Mambajao
    [permanent_province] => Camiguin
    [zip_code] => 
    [is_4ps_beneficiary] => 0
    [vulnerable_older_persons] => 0
    [vulnerable_pregnant] => 0
    [vulnerable_lactating] => 0
    [vulnerable_pwd] => 0
    [ownership_status] => Owner
    [shelter_damage] => No Damage
    [registration_date] => 2026-03-26
    [data_privacy_consent] => 1
    [family_members] => Array
        (
            [0] => Array
                (
                    [name] => DEXTER PITOGO
                    [relation] => Father
                    [birthdate] => 1977-04-16
                    [age] => 48
                    [sex] => Male
                    [education] => COLLEGE LEVEL
                    [occupation] => Driver
                    [remarks] => 5,000
                    [status] => active
                )

            [1] => Array
                (
                    [name] => MERLIN PITOGO
                    [relation] => Mother
                    [birthdate] => 1978-03-23
                    [age] => 48
                    [sex] => Male
                    [education] => HIGHSCHOOL GRAD
                    [occupation] => Tailor
                    [remarks] => 3,000
                    [status] => active
                )

            [2] => Array
                (
                    [name] => JOHN LESTER PITOGO
                    [relation] => Brother
                    [birthdate] => 2001-04-21
                    [age] => 24
                    [sex] => Male
                    [education] => COLLEGE LEVEL
                    [occupation] => Student
                    [remarks] => 
                    [status] => active
                )

            [3] => Array
                (
                    [name] => DEXTER PITOGO JR.
                    [relation] => Brother
                    [birthdate] => 2013-08-17
                    [age] => 12
                    [sex] => Male
                    [education] => HIGHSCHOOL
                    [occupation] => Student
                    [remarks] => 
                    [status] => active
                )

        )

)

DEBUG - 2026-04-06 10:36:27 --> Inserted resident ID: 154, Name: JAY MARC PITOGO
DEBUG - 2026-04-06 10:36:27 --> Inserted family member: DEXTER PITOGO
DEBUG - 2026-04-06 10:36:27 --> Inserted family member: MERLIN PITOGO
DEBUG - 2026-04-06 10:36:27 --> Inserted family member: JOHN LESTER PITOGO
DEBUG - 2026-04-06 10:36:27 --> Inserted family member: DEXTER PITOGO JR.
DEBUG - 2026-04-06 10:36:27 --> Checking row 2409: Array
(
    [0] => 
    [1] => 
    [2] => Department of Social Welfare and Development
    [3] => 
    [4] => 
    [5] => 
    [6] => 
    [7] => 
    [8] => 
    [9] => 
    [10] => 
    [11] => 
    [12] => 
    [13] => BENEFICIARY'S COPY
    [14] => 
    [15] => 
)

DEBUG - 2026-04-06 10:36:27 --> Checking row 2410: Array
(
    [0] => 
    [1] => 
    [2] => FAMILY ASSISTANCE CARD IN EMERGENCIES AND DISASTERS (FACED)
    [3] => 
    [4] => 
    [5] => 
    [6] => 
    [7] => 
    [8] => 
    [9] => 
    [10] => 
    [11] => 
    [12] => 
    [13] => SERIAL NUMBER: 0081
    [14] => 
    [15] => 
)

DEBUG - 2026-04-06 10:36:27 --> Checking row 2411: Array
(
    [0] => LOCATION OF THE AFFECTED FAMILY
    [1] => 
    [2] => 
    [3] => 
    [4] => 
    [5] => 
    [6] => 
    [7] => 
    [8] => 
    [9] => 
    [10] => 
    [11] => 
    [12] => 
    [13] => 
    [14] => 
    [15] => 
)

DEBUG - 2026-04-06 10:36:27 --> Checking row 2412: Array
(
    [0] => 1. REGION
REGION 10
    [1] => 
    [2] => 
    [3] => 2. PROVINCE
CAMIGUIN
    [4] => 
    [5] => 
    [6] => 3. DISTRICT

    [7] => 
    [8] => 
    [9] => 4. CITY/MUNICIPALITY
MAMBAJAO
    [10] => 
    [11] => 
    [12] => 5. BARANGAY
POBLACION
    [13] => 
    [14] => 6. EVACUATION CENTER/SITE

    [15] => 
)

DEBUG - 2026-04-06 10:36:27 --> Checking row 2413: Array
(
    [0] => 
    [1] => 
    [2] => 
    [3] => 
    [4] => 
    [5] => 
    [6] => 
    [7] => 
    [8] => 
    [9] => 
    [10] => 
    [11] => 
    [12] => 
    [13] => 
    [14] => 
    [15] => 
)

DEBUG - 2026-04-06 10:36:27 --> Checking row 2414: Array
(
    [0] => HEAD OF THE FAMILY
    [1] => 
    [2] => 
    [3] => 
    [4] => 
    [5] => 
    [6] => 
    [7] => 
    [8] => 
    [9] => 
    [10] => 
    [11] => 
    [12] => 
    [13] => 
    [14] => 
    [15] => 
)

DEBUG - 2026-04-06 10:36:27 --> Found 'HEAD OF THE FAMILY' at row 2414, column 0
DEBUG - 2026-04-06 10:36:27 --> parseFacedCard called with startRow: 2414
DEBUG - 2026-04-06 10:36:27 --> Found household_no: 0081
DEBUG - 2026-04-06 10:36:27 --> Family header at row 2423 → data from 2424
DEBUG - 2026-04-06 10:36:27 --> Family member: CRIS ROSAL
DEBUG - 2026-04-06 10:36:27 --> Family member: ANNIE ROSAL
DEBUG - 2026-04-06 10:36:27 --> Family member: DEA SHAINE ROSAL
DEBUG - 2026-04-06 10:36:27 --> Family member: ENZA BEATRICE ROSAL
DEBUG - 2026-04-06 10:36:27 --> Parsed: CHRISTINE MAE ROSAL | HH#: 0081 | Members: 4
DEBUG - 2026-04-06 10:36:27 --> Parsed resident data: Array
(
    [household_no] => 0081
    [region] => REGION 10
    [province] => CAMIGUIN
    [district] => 
    [city_municipality] => MAMBAJAO
    [barangay] => POBLACION
    [evacuation_center] => 
    [last_name] => ROSAL
    [civil_status] => Single
    [mother_maiden_name] => JAMIE BACSARSA
    [first_name] => CHRISTINE MAE
    [religion] => Roman Catholic
    [occupation] => Ofw
    [middle_name] => BACSARSA
    [name_extension] => 
    [age] => 35
    [birthdate] => 1991-01-19
    [birthplace] => MAMBAJAO, CAMIGUIN
    [sex] => Female
    [monthly_income] => 0
    [id_card_presented] => 
    [id_card_number] => 
    [house_no] => 
    [street] => Tapon
    [subdivision] => 
    [permanent_barangay] => Poblacion
    [permanent_city] => Mambajao
    [permanent_province] => Camiguin
    [zip_code] => 
    [is_4ps_beneficiary] => 0
    [vulnerable_older_persons] => 2
    [vulnerable_pregnant] => 0
    [vulnerable_lactating] => 0
    [vulnerable_pwd] => 0
    [ownership_status] => Owner
    [shelter_damage] => No Damage
    [registration_date] => 2026-03-26
    [data_privacy_consent] => 1
    [contact_number] => 
    [family_members] => Array
        (
            [0] => Array
                (
                    [name] => CRIS ROSAL
                    [relation] => Father
                    [birthdate] => 1960-10-27
                    [age] => 65
                    [sex] => Male
                    [education] => COLLEGE LEVEL
                    [occupation] => 
                    [remarks] => 
                    [status] => active
                )

            [1] => Array
                (
                    [name] => ANNIE ROSAL
                    [relation] => Mother
                    [birthdate] => 1962-11-14
                    [age] => 63
                    [sex] => Female
                    [education] => COLLEGE LEVEL
                    [occupation] => 
                    [remarks] => 
                    [status] => active
                )

            [2] => Array
                (
                    [name] => DEA SHAINE ROSAL
                    [relation] => Niece
                    [birthdate] => 2008-12-26
                    [age] => 17
                    [sex] => Female
                    [education] => HIGHSCHOOL
                    [occupation] => Student
                    [remarks] => 
                    [status] => active
                )

            [3] => Array
                (
                    [name] => ENZA BEATRICE ROSAL
                    [relation] => Daughter
                    [birthdate] => 2025-09-25
                    [age] => 0
                    [sex] => Female
                    [education] => 
                    [occupation] => 
                    [remarks] => 
                    [status] => active
                )

        )

)

DEBUG - 2026-04-06 10:36:27 --> Inserted resident ID: 155, Name: CHRISTINE MAE ROSAL
DEBUG - 2026-04-06 10:36:27 --> Inserted family member: CRIS ROSAL
DEBUG - 2026-04-06 10:36:27 --> Inserted family member: ANNIE ROSAL
DEBUG - 2026-04-06 10:36:27 --> Inserted family member: DEA SHAINE ROSAL
DEBUG - 2026-04-06 10:36:27 --> Inserted family member: ENZA BEATRICE ROSAL
DEBUG - 2026-04-06 10:36:27 --> Checking row 2439: Array
(
    [0] => 
    [1] => 
    [2] => Department of Social Welfare and Development
    [3] => 
    [4] => 
    [5] => 
    [6] => 
    [7] => 
    [8] => 
    [9] => 
    [10] => 
    [11] => 
    [12] => 
    [13] => BENEFICIARY'S COPY
    [14] => 
    [15] => 
)

DEBUG - 2026-04-06 10:36:27 --> Checking row 2440: Array
(
    [0] => 
    [1] => 
    [2] => FAMILY ASSISTANCE CARD IN EMERGENCIES AND DISASTERS (FACED)
    [3] => 
    [4] => 
    [5] => 
    [6] => 
    [7] => 
    [8] => 
    [9] => 
    [10] => 
    [11] => 
    [12] => 
    [13] => SERIAL NUMBER: 0082
    [14] => 
    [15] => 
)

DEBUG - 2026-04-06 10:36:27 --> Checking row 2441: Array
(
    [0] => LOCATION OF THE AFFECTED FAMILY
    [1] => 
    [2] => 
    [3] => 
    [4] => 
    [5] => 
    [6] => 
    [7] => 
    [8] => 
    [9] => 
    [10] => 
    [11] => 
    [12] => 
    [13] => 
    [14] => 
    [15] => 
)

DEBUG - 2026-04-06 10:36:27 --> Checking row 2442: Array
(
    [0] => 1. REGION
REGION 10
    [1] => 
    [2] => 
    [3] => 2. PROVINCE
CAMIGUIN
    [4] => 
    [5] => 
    [6] => 3. DISTRICT

    [7] => 
    [8] => 
    [9] => 4. CITY/MUNICIPALITY
MAMBAJAO
    [10] => 
    [11] => 
    [12] => 5. BARANGAY
POBLACION
    [13] => 
    [14] => 6. EVACUATION CENTER/SITE
MAMBAJAO CENTRAL SCHOOL
    [15] => 
)

DEBUG - 2026-04-06 10:36:27 --> Checking row 2443: Array
(
    [0] => 
    [1] => 
    [2] => 
    [3] => 
    [4] => 
    [5] => 
    [6] => 
    [7] => 
    [8] => 
    [9] => 
    [10] => 
    [11] => 
    [12] => 
    [13] => 
    [14] => 
    [15] => 
)

DEBUG - 2026-04-06 10:36:27 --> Checking row 2444: Array
(
    [0] => HEAD OF THE FAMILY
    [1] => 
    [2] => 
    [3] => 
    [4] => 
    [5] => 
    [6] => 
    [7] => 
    [8] => 
    [9] => 
    [10] => 
    [11] => 
    [12] => 
    [13] => 
    [14] => 
    [15] => 
)

DEBUG - 2026-04-06 10:36:27 --> Found 'HEAD OF THE FAMILY' at row 2444, column 0
DEBUG - 2026-04-06 10:36:27 --> parseFacedCard called with startRow: 2444
DEBUG - 2026-04-06 10:36:27 --> Found household_no: 0082
DEBUG - 2026-04-06 10:36:27 --> Family header at row 2453 → data from 2454
DEBUG - 2026-04-06 10:36:27 --> Family member: NESTOR SINO
DEBUG - 2026-04-06 10:36:27 --> Parsed: VICKY SINO | HH#: 0082 | Members: 1
DEBUG - 2026-04-06 10:36:27 --> Parsed resident data: Array
(
    [household_no] => 0082
    [region] => REGION 10
    [province] => CAMIGUIN
    [district] => 
    [city_municipality] => MAMBAJAO
    [barangay] => POBLACION
    [evacuation_center] => MAMBAJAO CENTRAL SCHOOL
    [last_name] => SINO
    [civil_status] => Married
    [mother_maiden_name] => LEONITA BACLAYO
    [first_name] => VICKY
    [religion] => Roman Catholic
    [occupation] => Vendor
    [middle_name] => MONTALBA
    [name_extension] => 
    [age] => 59
    [birthdate] => 1966-05-28
    [birthplace] => CABUAN, POBLACION
    [sex] => Female
    [monthly_income] => 5000
    [id_card_presented] => NATIONAL ID
    [id_card_number] => 
    [contact_number] => 09658665273
    [house_no] => 
    [street] => Cabuan
    [subdivision] => 
    [permanent_barangay] => Poblacion
    [permanent_city] => Mambajao
    [permanent_province] => Camiguin
    [zip_code] => 
    [is_4ps_beneficiary] => 0
    [vulnerable_older_persons] => 1
    [vulnerable_pregnant] => 0
    [vulnerable_lactating] => 0
    [vulnerable_pwd] => 0
    [ownership_status] => Owner
    [shelter_damage] => No Damage
    [registration_date] => 2026-03-26
    [data_privacy_consent] => 1
    [family_members] => Array
        (
            [0] => Array
                (
                    [name] => NESTOR SINO
                    [relation] => Husband
                    [birthdate] => 1963-01-07
                    [age] => 63
                    [sex] => Male
                    [education] => ELEMENTARY GRADUATE
                    [occupation] => Fisherman
                    [remarks] => 5,000
                    [status] => active
                )

        )

)

DEBUG - 2026-04-06 10:36:27 --> Inserted resident ID: 156, Name: VICKY SINO
DEBUG - 2026-04-06 10:36:27 --> Inserted family member: NESTOR SINO
DEBUG - 2026-04-06 10:36:27 --> Checking row 2469: Array
(
    [0] => 
    [1] => 
    [2] => Department of Social Welfare and Development
    [3] => 
    [4] => 
    [5] => 
    [6] => 
    [7] => 
    [8] => 
    [9] => 
    [10] => 
    [11] => 
    [12] => 
    [13] => BENEFICIARY'S COPY
    [14] => 
    [15] => 
)

DEBUG - 2026-04-06 10:36:27 --> Checking row 2470: Array
(
    [0] => 
    [1] => 
    [2] => FAMILY ASSISTANCE CARD IN EMERGENCIES AND DISASTERS (FACED)
    [3] => 
    [4] => 
    [5] => 
    [6] => 
    [7] => 
    [8] => 
    [9] => 
    [10] => 
    [11] => 
    [12] => 
    [13] => SERIAL NUMBER: 0083
    [14] => 
    [15] => 
)

DEBUG - 2026-04-06 10:36:27 --> Checking row 2471: Array
(
    [0] => LOCATION OF THE AFFECTED FAMILY
    [1] => 
    [2] => 
    [3] => 
    [4] => 
    [5] => 
    [6] => 
    [7] => 
    [8] => 
    [9] => 
    [10] => 
    [11] => 
    [12] => 
    [13] => 
    [14] => 
    [15] => 
)

DEBUG - 2026-04-06 10:36:27 --> Checking row 2472: Array
(
    [0] => 1. REGION

    [1] => 
    [2] => 
    [3] => 2. PROVINCE

    [4] => 
    [5] => 
    [6] => 3. DISTRICT

    [7] => 
    [8] => 
    [9] => 4. CITY/MUNICIPALITY

    [10] => 
    [11] => 
    [12] => 5. BARANGAY
.
    [13] => 
    [14] => 6. EVACUATION CENTER/SITE
CENTRAL SCHOOL
    [15] => 
)

DEBUG - 2026-04-06 10:36:27 --> Checking row 2473: Array
(
    [0] => 
    [1] => 
    [2] => 
    [3] => 
    [4] => 
    [5] => 
    [6] => 
    [7] => 
    [8] => 
    [9] => 
    [10] => 
    [11] => 
    [12] => 
    [13] => 
    [14] => 
    [15] => 
)

DEBUG - 2026-04-06 10:36:27 --> Checking row 2474: Array
(
    [0] => HEAD OF THE FAMILY
    [1] => 
    [2] => 
    [3] => 
    [4] => 
    [5] => 
    [6] => 
    [7] => 
    [8] => 
    [9] => 
    [10] => 
    [11] => 
    [12] => 
    [13] => 
    [14] => 
    [15] => 
)

DEBUG - 2026-04-06 10:36:27 --> Found 'HEAD OF THE FAMILY' at row 2474, column 0
DEBUG - 2026-04-06 10:36:27 --> parseFacedCard called with startRow: 2474
DEBUG - 2026-04-06 10:36:27 --> Found household_no: 0083
DEBUG - 2026-04-06 10:36:27 --> Family header at row 2483 → data from 2484
DEBUG - 2026-04-06 10:36:27 --> Family member: OLIVER GARILLO
DEBUG - 2026-04-06 10:36:27 --> Parsed: JO-ANNE INSIO | HH#: 0083 | Members: 1
DEBUG - 2026-04-06 10:36:27 --> Parsed resident data: Array
(
    [household_no] => 0083
    [region] => 
    [province] => 
    [district] => 
    [city_municipality] => 
    [barangay] => .
    [evacuation_center] => CENTRAL SCHOOL
    [last_name] => INSIO
    [civil_status] => Single
    [mother_maiden_name] => LAGADA
    [first_name] => JO-ANNE
    [religion] => Catholic
    [occupation] => None
    [middle_name] => MALALAY
    [name_extension] => 
    [age] => 26
    [birthdate] => 1999-04-30
    [birthplace] => RONDA CEBU
    [sex] => Female
    [monthly_income] => 0
    [id_card_presented] => 
    [id_card_number] => 
    [is_4ps_beneficiary] => 0
    [vulnerable_older_persons] => 0
    [vulnerable_pregnant] => 0
    [vulnerable_lactating] => 0
    [vulnerable_pwd] => 0
    [ownership_status] => Owner
    [shelter_damage] => No Damage
    [registration_date] => 2026-03-30
    [data_privacy_consent] => 1
    [contact_number] => 
    [family_members] => Array
        (
            [0] => Array
                (
                    [name] => OLIVER GARILLO
                    [relation] => Live-in
                    [birthdate] => 1999-01-11
                    [age] => 27
                    [sex] => Male
                    [education] => COLLEGE GRADUATE
                    [occupation] => 
                    [remarks] => 
                    [status] => active
                )

        )

)

DEBUG - 2026-04-06 10:36:27 --> Inserted resident ID: 157, Name: JO-ANNE INSIO
DEBUG - 2026-04-06 10:36:27 --> Inserted family member: OLIVER GARILLO
DEBUG - 2026-04-06 10:36:27 --> Checking row 2499: Array
(
    [0] => 
    [1] => 
    [2] => Department of Social Welfare and Development
    [3] => 
    [4] => 
    [5] => 
    [6] => 
    [7] => 
    [8] => 
    [9] => 
    [10] => 
    [11] => 
    [12] => 
    [13] => BENEFICIARY'S COPY
    [14] => 
    [15] => 
)

DEBUG - 2026-04-06 10:36:27 --> Checking row 2500: Array
(
    [0] => 
    [1] => 
    [2] => FAMILY ASSISTANCE CARD IN EMERGENCIES AND DISASTERS (FACED)
    [3] => 
    [4] => 
    [5] => 
    [6] => 
    [7] => 
    [8] => 
    [9] => 
    [10] => 
    [11] => 
    [12] => 
    [13] => SERIAL NUMBER: 0084
    [14] => 
    [15] => 
)

DEBUG - 2026-04-06 10:36:27 --> Checking row 2501: Array
(
    [0] => LOCATION OF THE AFFECTED FAMILY
    [1] => 
    [2] => 
    [3] => 
    [4] => 
    [5] => 
    [6] => 
    [7] => 
    [8] => 
    [9] => 
    [10] => 
    [11] => 
    [12] => 
    [13] => 
    [14] => 
    [15] => 
)

DEBUG - 2026-04-06 10:36:27 --> Checking row 2502: Array
(
    [0] => 1. REGION
X
    [1] => 
    [2] => 
    [3] => 2. PROVINCE
CAMIGUIN
    [4] => 
    [5] => 
    [6] => 3. DISTRICT

    [7] => 
    [8] => 
    [9] => 4. CITY/MUNICIPALITY
MAMBAJAO
    [10] => 
    [11] => 
    [12] => 5. BARANGAY
CABUA-AN POBLACION
    [13] => 
    [14] => 6. EVACUATION CENTER/SITE
CENTRAL SCHOOL
    [15] => 
)

DEBUG - 2026-04-06 10:36:27 --> Checking row 2503: Array
(
    [0] => 
    [1] => 
    [2] => 
    [3] => 
    [4] => 
    [5] => 
    [6] => 
    [7] => 
    [8] => 
    [9] => 
    [10] => 
    [11] => 
    [12] => 
    [13] => 
    [14] => 
    [15] => 
)

DEBUG - 2026-04-06 10:36:27 --> Checking row 2504: Array
(
    [0] => HEAD OF THE FAMILY
    [1] => 
    [2] => 
    [3] => 
    [4] => 
    [5] => 
    [6] => 
    [7] => 
    [8] => 
    [9] => 
    [10] => 
    [11] => 
    [12] => 
    [13] => 
    [14] => 
    [15] => 
)

DEBUG - 2026-04-06 10:36:27 --> Found 'HEAD OF THE FAMILY' at row 2504, column 0
DEBUG - 2026-04-06 10:36:27 --> parseFacedCard called with startRow: 2504
DEBUG - 2026-04-06 10:36:27 --> Found household_no: 0084
DEBUG - 2026-04-06 10:36:27 --> Family header at row 2513 → data from 2514
DEBUG - 2026-04-06 10:36:27 --> Family member: PIOCANO
DEBUG - 2026-04-06 10:36:27 --> Parsed: ROSALINA ISIN | HH#: 0084 | Members: 1
DEBUG - 2026-04-06 10:36:27 --> Parsed resident data: Array
(
    [household_no] => 0084
    [region] => X
    [province] => CAMIGUIN
    [district] => 
    [city_municipality] => MAMBAJAO
    [barangay] => CABUA-AN POBLACION
    [evacuation_center] => CENTRAL SCHOOL
    [last_name] => ISIN
    [civil_status] => Married
    [mother_maiden_name] => BACLATO
    [first_name] => ROSALINA
    [religion] => Catholic
    [occupation] => Fish Vendor
    [middle_name] => MONTALBA
    [name_extension] => 
    [age] => 64
    [birthdate] => 1962-01-03
    [birthplace] => CABUA-AN
    [sex] => Female
    [monthly_income] => 5000
    [id_card_presented] => SENIOR
    [id_card_number] => 
    [contact_number] => 09357802870
    [house_no] => 
    [street] => Cabua-an
    [subdivision] => 
    [permanent_barangay] => Poblacion
    [permanent_city] => Mambajao
    [permanent_province] => Camiguin
    [zip_code] => 
    [is_4ps_beneficiary] => 0
    [vulnerable_older_persons] => 0
    [vulnerable_pregnant] => 0
    [vulnerable_lactating] => 0
    [vulnerable_pwd] => 0
    [ownership_status] => Owner
    [shelter_damage] => No Damage
    [registration_date] => 2026-03-30
    [data_privacy_consent] => 1
    [family_members] => Array
        (
            [0] => Array
                (
                    [name] => PIOCANO
                    [relation] => Son
                    [birthdate] => 2018-02-24
                    [age] => 8
                    [sex] => Male
                    [education] => 
                    [occupation] => 
                    [remarks] => 
                    [status] => active
                )

        )

)

DEBUG - 2026-04-06 10:36:27 --> Inserted resident ID: 158, Name: ROSALINA ISIN
DEBUG - 2026-04-06 10:36:27 --> Inserted family member: PIOCANO
DEBUG - 2026-04-06 10:36:27 --> Checking row 2529: Array
(
    [0] => 
    [1] => 
    [2] => Department of Social Welfare and Development
    [3] => 
    [4] => 
    [5] => 
    [6] => 
    [7] => 
    [8] => 
    [9] => 
    [10] => 
    [11] => 
    [12] => 
    [13] => BENEFICIARY'S COPY
    [14] => 
    [15] => 
)

DEBUG - 2026-04-06 10:36:27 --> Checking row 2530: Array
(
    [0] => 
    [1] => 
    [2] => FAMILY ASSISTANCE CARD IN EMERGENCIES AND DISASTERS (FACED)
    [3] => 
    [4] => 
    [5] => 
    [6] => 
    [7] => 
    [8] => 
    [9] => 
    [10] => 
    [11] => 
    [12] => 
    [13] => SERIAL NUMBER: 0085
    [14] => 
    [15] => 
)

DEBUG - 2026-04-06 10:36:27 --> Checking row 2531: Array
(
    [0] => LOCATION OF THE AFFECTED FAMILY
    [1] => 
    [2] => 
    [3] => 
    [4] => 
    [5] => 
    [6] => 
    [7] => 
    [8] => 
    [9] => 
    [10] => 
    [11] => 
    [12] => 
    [13] => 
    [14] => 
    [15] => 
)

DEBUG - 2026-04-06 10:36:27 --> Checking row 2532: Array
(
    [0] => 1. REGION
REGION X
    [1] => 
    [2] => 
    [3] => 2. PROVINCE
CAMIGUIN
    [4] => 
    [5] => 
    [6] => 3. DISTRICT

    [7] => 
    [8] => 
    [9] => 4. CITY/MUNICIPALITY
MAMBAJAO
    [10] => 
    [11] => 
    [12] => 5. BARANGAY
POBLACION
    [13] => 
    [14] => 6. EVACUATION CENTER/SITE

    [15] => 
)

DEBUG - 2026-04-06 10:36:27 --> Checking row 2533: Array
(
    [0] => 
    [1] => 
    [2] => 
    [3] => 
    [4] => 
    [5] => 
    [6] => 
    [7] => 
    [8] => 
    [9] => 
    [10] => 
    [11] => 
    [12] => 
    [13] => 
    [14] => 
    [15] => 
)

DEBUG - 2026-04-06 10:36:27 --> Checking row 2534: Array
(
    [0] => HEAD OF THE FAMILY
    [1] => 
    [2] => 
    [3] => 
    [4] => 
    [5] => 
    [6] => 
    [7] => 
    [8] => 
    [9] => 
    [10] => 
    [11] => 
    [12] => 
    [13] => 
    [14] => 
    [15] => 
)

DEBUG - 2026-04-06 10:36:27 --> Found 'HEAD OF THE FAMILY' at row 2534, column 0
DEBUG - 2026-04-06 10:36:27 --> parseFacedCard called with startRow: 2534
DEBUG - 2026-04-06 10:36:27 --> Found household_no: 0085
DEBUG - 2026-04-06 10:36:27 --> Family header at row 2543 → data from 2544
DEBUG - 2026-04-06 10:36:27 --> Family member: ERWIN ROMOROSA
DEBUG - 2026-04-06 10:36:27 --> Family member: ZEREF ETHAN
DEBUG - 2026-04-06 10:36:27 --> Family member: ATHENA WYNOÑA
DEBUG - 2026-04-06 10:36:27 --> Parsed: MARIA KATRINA ROMOROSA | HH#: 0085 | Members: 3
DEBUG - 2026-04-06 10:36:27 --> Parsed resident data: Array
(
    [household_no] => 0085
    [region] => REGION X
    [province] => CAMIGUIN
    [district] => 
    [city_municipality] => MAMBAJAO
    [barangay] => POBLACION
    [evacuation_center] => 
    [last_name] => ROMOROSA
    [civil_status] => Married
    [mother_maiden_name] => SEGUNDINA M. DAAÑOZA
    [first_name] => MARIA KATRINA
    [religion] => Roman Catholic
    [occupation] => Teacher
    [middle_name] => DAHAN
    [name_extension] => 
    [age] => 29
    [birthdate] => 1997-03-14
    [birthplace] => MAMBAJAO CAMIGUIN
    [sex] => Female
    [monthly_income] => 0
    [id_card_presented] => 
    [id_card_number] => 
    [contact_number] => 09292102051
    [house_no] => 
    [street] => Tapon
    [subdivision] => 
    [permanent_barangay] => Poblacion
    [permanent_city] => Mambajao
    [permanent_province] => Camiguin
    [zip_code] => 9100
    [is_4ps_beneficiary] => 0
    [vulnerable_older_persons] => 0
    [vulnerable_pregnant] => 0
    [vulnerable_lactating] => 0
    [vulnerable_pwd] => 0
    [ownership_status] => Owner
    [shelter_damage] => No Damage
    [registration_date] => 2026-03-30
    [data_privacy_consent] => 1
    [family_members] => Array
        (
            [0] => Array
                (
                    [name] => ERWIN ROMOROSA
                    [relation] => Husband
                    [birthdate] => 1995-10-18
                    [age] => 30
                    [sex] => Male
                    [education] => 
                    [occupation] => 
                    [remarks] => 
                    [status] => active
                )

            [1] => Array
                (
                    [name] => ZEREF ETHAN
                    [relation] => Son
                    [birthdate] => 2019-11-22
                    [age] => 6
                    [sex] => Male
                    [education] => 
                    [occupation] => 
                    [remarks] => 
                    [status] => active
                )

            [2] => Array
                (
                    [name] => ATHENA WYNOÑA
                    [relation] => Daughter
                    [birthdate] => 2024-02-04
                    [age] => 2
                    [sex] => Female
                    [education] => 
                    [occupation] => 
                    [remarks] => 
                    [status] => active
                )

        )

)

DEBUG - 2026-04-06 10:36:27 --> Inserted resident ID: 159, Name: MARIA KATRINA ROMOROSA
DEBUG - 2026-04-06 10:36:27 --> Inserted family member: ERWIN ROMOROSA
DEBUG - 2026-04-06 10:36:27 --> Inserted family member: ZEREF ETHAN
DEBUG - 2026-04-06 10:36:27 --> Inserted family member: ATHENA WYNOÑA
DEBUG - 2026-04-06 10:36:27 --> Checking row 2559: Array
(
    [0] => 
    [1] => 
    [2] => Department of Social Welfare and Development
    [3] => 
    [4] => 
    [5] => 
    [6] => 
    [7] => 
    [8] => 
    [9] => 
    [10] => 
    [11] => 
    [12] => 
    [13] => BENEFICIARY'S COPY
    [14] => 
    [15] => 
)

DEBUG - 2026-04-06 10:36:27 --> Checking row 2560: Array
(
    [0] => 
    [1] => 
    [2] => FAMILY ASSISTANCE CARD IN EMERGENCIES AND DISASTERS (FACED)
    [3] => 
    [4] => 
    [5] => 
    [6] => 
    [7] => 
    [8] => 
    [9] => 
    [10] => 
    [11] => 
    [12] => 
    [13] => SERIAL NUMBER: 0086
    [14] => 
    [15] => 
)

DEBUG - 2026-04-06 10:36:27 --> Checking row 2561: Array
(
    [0] => LOCATION OF THE AFFECTED FAMILY
    [1] => 
    [2] => 
    [3] => 
    [4] => 
    [5] => 
    [6] => 
    [7] => 
    [8] => 
    [9] => 
    [10] => 
    [11] => 
    [12] => 
    [13] => 
    [14] => 
    [15] => 
)

DEBUG - 2026-04-06 10:36:27 --> Checking row 2562: Array
(
    [0] => 1. REGION
REGION X
    [1] => 
    [2] => 
    [3] => 2. PROVINCE
CAMIGUIN
    [4] => 
    [5] => 
    [6] => 3. DISTRICT

    [7] => 
    [8] => 
    [9] => 4. CITY/MUNICIPALITY
MAMBAJAO
    [10] => 
    [11] => 
    [12] => 5. BARANGAY
TAPON
    [13] => 
    [14] => 6. EVACUATION CENTER/SITE
CENTRAL SCHOOL
    [15] => 
)

DEBUG - 2026-04-06 10:36:27 --> Checking row 2563: Array
(
    [0] => 
    [1] => 
    [2] => 
    [3] => 
    [4] => 
    [5] => 
    [6] => 
    [7] => 
    [8] => 
    [9] => 
    [10] => 
    [11] => 
    [12] => 
    [13] => 
    [14] => 
    [15] => 
)

DEBUG - 2026-04-06 10:36:27 --> Checking row 2564: Array
(
    [0] => HEAD OF THE FAMILY
    [1] => 
    [2] => 
    [3] => 
    [4] => 
    [5] => 
    [6] => 
    [7] => 
    [8] => 
    [9] => 
    [10] => 
    [11] => 
    [12] => 
    [13] => 
    [14] => 
    [15] => 
)

DEBUG - 2026-04-06 10:36:27 --> Found 'HEAD OF THE FAMILY' at row 2564, column 0
DEBUG - 2026-04-06 10:36:27 --> parseFacedCard called with startRow: 2564
DEBUG - 2026-04-06 10:36:27 --> Found household_no: 0086
DEBUG - 2026-04-06 10:36:27 --> Family header at row 2573 → data from 2574
DEBUG - 2026-04-06 10:36:27 --> Family member: PETER JACOB TAGAB
DEBUG - 2026-04-06 10:36:27 --> Family member: PETER TAGAB
DEBUG - 2026-04-06 10:36:27 --> Parsed: JESSIEBELLE BALDELOVAR | HH#: 0086 | Members: 2
DEBUG - 2026-04-06 10:36:27 --> Parsed resident data: Array
(
    [household_no] => 0086
    [region] => REGION X
    [province] => CAMIGUIN
    [district] => 
    [city_municipality] => MAMBAJAO
    [barangay] => TAPON
    [evacuation_center] => CENTRAL SCHOOL
    [last_name] => BALDELOVAR
    [civil_status] => Single
    [mother_maiden_name] => MERAFLOR ABANERÑA
    [first_name] => JESSIEBELLE
    [religion] => Born Again
    [occupation] => House Wife
    [middle_name] => CALAMBA
    [name_extension] => 
    [age] => 41
    [birthdate] => 1984-10-05
    [birthplace] => CDO
    [sex] => Female
    [monthly_income] => 10000
    [id_card_presented] => NATIONAL ID
    [id_card_number] => 
    [house_no] => 
    [street] => Tapon
    [subdivision] => 
    [permanent_barangay] => Poblacion
    [permanent_city] => Mambajao
    [permanent_province] => Camiguin
    [zip_code] => 9100
    [is_4ps_beneficiary] => 0
    [vulnerable_older_persons] => 0
    [vulnerable_pregnant] => 0
    [vulnerable_lactating] => 0
    [vulnerable_pwd] => 0
    [ownership_status] => Owner
    [shelter_damage] => No Damage
    [registration_date] => 2026-03-30
    [data_privacy_consent] => 1
    [contact_number] => 
    [family_members] => Array
        (
            [0] => Array
                (
                    [name] => PETER JACOB TAGAB
                    [relation] => Son
                    [birthdate] => 2020-11-10
                    [age] => 5
                    [sex] => Male
                    [education] => K-2
                    [occupation] => Student
                    [remarks] => 
                    [status] => active
                )

            [1] => Array
                (
                    [name] => PETER TAGAB
                    [relation] => Live-in Partner
                    [birthdate] => 1981-08-19
                    [age] => 44
                    [sex] => Male
                    [education] => COLL
                    [occupation] => Sales Boy
                    [remarks] => 
                    [status] => active
                )

        )

)

DEBUG - 2026-04-06 10:36:27 --> Inserted resident ID: 160, Name: JESSIEBELLE BALDELOVAR
DEBUG - 2026-04-06 10:36:27 --> Inserted family member: PETER JACOB TAGAB
DEBUG - 2026-04-06 10:36:27 --> Inserted family member: PETER TAGAB
DEBUG - 2026-04-06 10:36:27 --> Checking row 2589: Array
(
    [0] => 
    [1] => 
    [2] => Department of Social Welfare and Development
    [3] => 
    [4] => 
    [5] => 
    [6] => 
    [7] => 
    [8] => 
    [9] => 
    [10] => 
    [11] => 
    [12] => 
    [13] => BENEFICIARY'S COPY
    [14] => 
    [15] => 
)

DEBUG - 2026-04-06 10:36:27 --> Checking row 2590: Array
(
    [0] => 
    [1] => 
    [2] => FAMILY ASSISTANCE CARD IN EMERGENCIES AND DISASTERS (FACED)
    [3] => 
    [4] => 
    [5] => 
    [6] => 
    [7] => 
    [8] => 
    [9] => 
    [10] => 
    [11] => 
    [12] => 
    [13] => SERIAL NUMBER: 0087
    [14] => 
    [15] => 
)

DEBUG - 2026-04-06 10:36:27 --> Checking row 2591: Array
(
    [0] => LOCATION OF THE AFFECTED FAMILY
    [1] => 
    [2] => 
    [3] => 
    [4] => 
    [5] => 
    [6] => 
    [7] => 
    [8] => 
    [9] => 
    [10] => 
    [11] => 
    [12] => 
    [13] => 
    [14] => 
    [15] => 
)

DEBUG - 2026-04-06 10:36:27 --> Checking row 2592: Array
(
    [0] => 1. REGION

    [1] => 
    [2] => 
    [3] => 2. PROVINCE

    [4] => 
    [5] => 
    [6] => 3. DISTRICT

    [7] => 
    [8] => 
    [9] => 4. CITY/MUNICIPALITY

    [10] => 
    [11] => 
    [12] => 5. BARANGAY
.
    [13] => 
    [14] => 6. EVACUATION CENTER/SITE

    [15] => 
)

DEBUG - 2026-04-06 10:36:27 --> Checking row 2593: Array
(
    [0] => 
    [1] => 
    [2] => 
    [3] => 
    [4] => 
    [5] => 
    [6] => 
    [7] => 
    [8] => 
    [9] => 
    [10] => 
    [11] => 
    [12] => 
    [13] => 
    [14] => 
    [15] => 
)

DEBUG - 2026-04-06 10:36:27 --> Checking row 2594: Array
(
    [0] => HEAD OF THE FAMILY
    [1] => 
    [2] => 
    [3] => 
    [4] => 
    [5] => 
    [6] => 
    [7] => 
    [8] => 
    [9] => 
    [10] => 
    [11] => 
    [12] => 
    [13] => 
    [14] => 
    [15] => 
)

DEBUG - 2026-04-06 10:36:27 --> Found 'HEAD OF THE FAMILY' at row 2594, column 0
DEBUG - 2026-04-06 10:36:27 --> parseFacedCard called with startRow: 2594
DEBUG - 2026-04-06 10:36:27 --> Found household_no: 0087
DEBUG - 2026-04-06 10:36:27 --> Family header at row 2603 → data from 2604
DEBUG - 2026-04-06 10:36:27 --> Family member: FELIPE C. QUINADA
DEBUG - 2026-04-06 10:36:27 --> Family member: KENTH QUINADA
DEBUG - 2026-04-06 10:36:27 --> Family member: KHYLA QUINADA
DEBUG - 2026-04-06 10:36:27 --> Parsed: VIRGIE QUINADA | HH#: 0087 | Members: 3
DEBUG - 2026-04-06 10:36:27 --> Parsed resident data: Array
(
    [household_no] => 0087
    [region] => 
    [province] => 
    [district] => 
    [city_municipality] => 
    [barangay] => .
    [evacuation_center] => 
    [last_name] => QUINADA
    [civil_status] => Married
    [mother_maiden_name] => MELITUNA A. MACABODBOD
    [first_name] => VIRGIE
    [religion] => Catholic
    [occupation] => Fish Vendor
    [middle_name] => M
    [name_extension] => 
    [age] => 53
    [birthdate] => 1973-01-18
    [birthplace] => NAASAG MAMBAJAO CAMIGUIN
    [sex] => Female
    [monthly_income] => 5000
    [id_card_presented] => NATIONAL ID
    [id_card_number] => 2816-2059-0830-9182
    [contact_number] => 09265586169
    [house_no] => 
    [street] => 
    [subdivision] => 
    [permanent_barangay] => 
    [permanent_city] => Boloc
    [permanent_province] => Boloc
    [zip_code] => 
    [is_4ps_beneficiary] => 0
    [vulnerable_older_persons] => 0
    [vulnerable_pregnant] => 0
    [vulnerable_lactating] => 0
    [vulnerable_pwd] => 0
    [ownership_status] => Owner
    [shelter_damage] => No Damage
    [registration_date] => 2026-03-30
    [data_privacy_consent] => 1
    [family_members] => Array
        (
            [0] => Array
                (
                    [name] => FELIPE C. QUINADA
                    [relation] => Husband
                    [birthdate] => 1964-10-16
                    [age] => 61
                    [sex] => Male
                    [education] => ELEMENTARY GRADUATE
                    [occupation] => 
                    [remarks] => 
                    [status] => active
                )

            [1] => Array
                (
                    [name] => KENTH QUINADA
                    [relation] => Son
                    [birthdate] => 2007-05-13
                    [age] => 18
                    [sex] => Male
                    [education] => COLLEGE
                    [occupation] => Student
                    [remarks] => 
                    [status] => active
                )

            [2] => Array
                (
                    [name] => KHYLA QUINADA
                    [relation] => Daughter
                    [birthdate] => 2012-07-19
                    [age] => 13
                    [sex] => Female
                    [education] => GRADE 8
                    [occupation] => Student
                    [remarks] => 
                    [status] => active
                )

        )

)

DEBUG - 2026-04-06 10:36:27 --> Inserted resident ID: 161, Name: VIRGIE QUINADA
DEBUG - 2026-04-06 10:36:27 --> Inserted family member: FELIPE C. QUINADA
DEBUG - 2026-04-06 10:36:27 --> Inserted family member: KENTH QUINADA
DEBUG - 2026-04-06 10:36:27 --> Inserted family member: KHYLA QUINADA
DEBUG - 2026-04-06 10:36:27 --> Checking row 2619: Array
(
    [0] => 
    [1] => 
    [2] => Department of Social Welfare and Development
    [3] => 
    [4] => 
    [5] => 
    [6] => 
    [7] => 
    [8] => 
    [9] => 
    [10] => 
    [11] => 
    [12] => 
    [13] => BENEFICIARY'S COPY
    [14] => 
    [15] => 
)

DEBUG - 2026-04-06 10:36:27 --> Checking row 2620: Array
(
    [0] => 
    [1] => 
    [2] => FAMILY ASSISTANCE CARD IN EMERGENCIES AND DISASTERS (FACED)
    [3] => 
    [4] => 
    [5] => 
    [6] => 
    [7] => 
    [8] => 
    [9] => 
    [10] => 
    [11] => 
    [12] => 
    [13] => SERIAL NUMBER: 0088
    [14] => 
    [15] => 
)

DEBUG - 2026-04-06 10:36:27 --> Checking row 2621: Array
(
    [0] => LOCATION OF THE AFFECTED FAMILY
    [1] => 
    [2] => 
    [3] => 
    [4] => 
    [5] => 
    [6] => 
    [7] => 
    [8] => 
    [9] => 
    [10] => 
    [11] => 
    [12] => 
    [13] => 
    [14] => 
    [15] => 
)

DEBUG - 2026-04-06 10:36:27 --> Checking row 2622: Array
(
    [0] => 1. REGION
REGION X
    [1] => 
    [2] => 
    [3] => 2. PROVINCE
CAMIGUIN
    [4] => 
    [5] => 
    [6] => 3. DISTRICT

    [7] => 
    [8] => 
    [9] => 4. CITY/MUNICIPALITY
MAMBAJAO
    [10] => 
    [11] => 
    [12] => 5. BARANGAY
TAPON
    [13] => 
    [14] => 6. EVACUATION CENTER/SITE
CENTRAL SCHOOL
    [15] => 
)

DEBUG - 2026-04-06 10:36:27 --> Checking row 2623: Array
(
    [0] => 
    [1] => 
    [2] => 
    [3] => 
    [4] => 
    [5] => 
    [6] => 
    [7] => 
    [8] => 
    [9] => 
    [10] => 
    [11] => 
    [12] => 
    [13] => 
    [14] => 
    [15] => 
)

DEBUG - 2026-04-06 10:36:27 --> Checking row 2624: Array
(
    [0] => HEAD OF THE FAMILY
    [1] => 
    [2] => 
    [3] => 
    [4] => 
    [5] => 
    [6] => 
    [7] => 
    [8] => 
    [9] => 
    [10] => 
    [11] => 
    [12] => 
    [13] => 
    [14] => 
    [15] => 
)

DEBUG - 2026-04-06 10:36:27 --> Found 'HEAD OF THE FAMILY' at row 2624, column 0
DEBUG - 2026-04-06 10:36:27 --> parseFacedCard called with startRow: 2624
DEBUG - 2026-04-06 10:36:27 --> Found household_no: 0088
DEBUG - 2026-04-06 10:36:27 --> Family header at row 2633 → data from 2634
DEBUG - 2026-04-06 10:36:27 --> Family member: ROY DAHANG
DEBUG - 2026-04-06 10:36:27 --> Family member: ALLIYAH GRACE  ACEDES
DEBUG - 2026-04-06 10:36:27 --> Family member: NATHANIEL DAHANG
DEBUG - 2026-04-06 10:36:27 --> Family member: ALEXA ACEDES
DEBUG - 2026-04-06 10:36:27 --> Parsed: ALEXANDRA ACEDES | HH#: 0088 | Members: 4
DEBUG - 2026-04-06 10:36:27 --> Parsed resident data: Array
(
    [household_no] => 0088
    [region] => REGION X
    [province] => CAMIGUIN
    [district] => 
    [city_municipality] => MAMBAJAO
    [barangay] => TAPON
    [evacuation_center] => CENTRAL SCHOOL
    [last_name] => ACEDES
    [civil_status] => Single
    [mother_maiden_name] => 
    [first_name] => ALEXANDRA
    [religion] => Roman Catholic
    [occupation] => 
    [middle_name] => CUYOS
    [name_extension] => 
    [age] => 21
    [birthdate] => 2004-11-18
    [birthplace] => MAMBAJAO CAMIGUIN
    [sex] => Female
    [monthly_income] => 0
    [id_card_presented] => 
    [id_card_number] => 
    [house_no] => 
    [street] => Tapon
    [subdivision] => 
    [permanent_barangay] => Poblacion
    [permanent_city] => Mambajao
    [permanent_province] => Camiguin
    [zip_code] => 9100
    [is_4ps_beneficiary] => 0
    [vulnerable_older_persons] => 0
    [vulnerable_pregnant] => 0
    [vulnerable_lactating] => 0
    [vulnerable_pwd] => 0
    [ownership_status] => Owner
    [shelter_damage] => No Damage
    [registration_date] => 2026-03-30
    [data_privacy_consent] => 1
    [contact_number] => 
    [family_members] => Array
        (
            [0] => Array
                (
                    [name] => ROY DAHANG
                    [relation] => Live-in
                    [birthdate] => 1998-11-24
                    [age] => 27
                    [sex] => Male
                    [education] => ELEM GRAD
                    [occupation] => Labor
                    [remarks] => 
                    [status] => active
                )

            [1] => Array
                (
                    [name] => ALLIYAH GRACE  ACEDES
                    [relation] => Daughter
                    [birthdate] => 2022-02-27
                    [age] => 4
                    [sex] => Female
                    [education] => 
                    [occupation] => 
                    [remarks] => 
                    [status] => active
                )

            [2] => Array
                (
                    [name] => NATHANIEL DAHANG
                    [relation] => Son
                    [birthdate] => 2023-09-09
                    [age] => 2
                    [sex] => Male
                    [education] => 
                    [occupation] => 
                    [remarks] => 
                    [status] => active
                )

            [3] => Array
                (
                    [name] => ALEXA ACEDES
                    [relation] => Daughter
                    [birthdate] => 2025-01-03
                    [age] => 1
                    [sex] => Female
                    [education] => 
                    [occupation] => 
                    [remarks] => 
                    [status] => active
                )

        )

)

DEBUG - 2026-04-06 10:36:27 --> Inserted resident ID: 162, Name: ALEXANDRA ACEDES
DEBUG - 2026-04-06 10:36:27 --> Inserted family member: ROY DAHANG
DEBUG - 2026-04-06 10:36:27 --> Inserted family member: ALLIYAH GRACE  ACEDES
DEBUG - 2026-04-06 10:36:27 --> Inserted family member: NATHANIEL DAHANG
DEBUG - 2026-04-06 10:36:27 --> Inserted family member: ALEXA ACEDES
DEBUG - 2026-04-06 10:36:27 --> Checking row 2649: Array
(
    [0] => 
    [1] => 
    [2] => Department of Social Welfare and Development
    [3] => 
    [4] => 
    [5] => 
    [6] => 
    [7] => 
    [8] => 
    [9] => 
    [10] => 
    [11] => 
    [12] => 
    [13] => BENEFICIARY'S COPY
    [14] => 
    [15] => 
)

DEBUG - 2026-04-06 10:36:27 --> Checking row 2650: Array
(
    [0] => 
    [1] => 
    [2] => FAMILY ASSISTANCE CARD IN EMERGENCIES AND DISASTERS (FACED)
    [3] => 
    [4] => 
    [5] => 
    [6] => 
    [7] => 
    [8] => 
    [9] => 
    [10] => 
    [11] => 
    [12] => 
    [13] => SERIAL NUMBER: 0089
    [14] => 
    [15] => 
)

DEBUG - 2026-04-06 10:36:27 --> Checking row 2651: Array
(
    [0] => LOCATION OF THE AFFECTED FAMILY
    [1] => 
    [2] => 
    [3] => 
    [4] => 
    [5] => 
    [6] => 
    [7] => 
    [8] => 
    [9] => 
    [10] => 
    [11] => 
    [12] => 
    [13] => 
    [14] => 
    [15] => 
)

DEBUG - 2026-04-06 10:36:27 --> Checking row 2652: Array
(
    [0] => 1. REGION

    [1] => 
    [2] => 
    [3] => 2. PROVINCE

    [4] => 
    [5] => 
    [6] => 3. DISTRICT

    [7] => 
    [8] => 
    [9] => 4. CITY/MUNICIPALITY

    [10] => 
    [11] => 
    [12] => 5. BARANGAY
.
    [13] => 
    [14] => 6. EVACUATION CENTER/SITE

    [15] => 
)

DEBUG - 2026-04-06 10:36:27 --> Checking row 2653: Array
(
    [0] => 
    [1] => 
    [2] => 
    [3] => 
    [4] => 
    [5] => 
    [6] => 
    [7] => 
    [8] => 
    [9] => 
    [10] => 
    [11] => 
    [12] => 
    [13] => 
    [14] => 
    [15] => 
)

DEBUG - 2026-04-06 10:36:27 --> Checking row 2654: Array
(
    [0] => HEAD OF THE FAMILY
    [1] => 
    [2] => 
    [3] => 
    [4] => 
    [5] => 
    [6] => 
    [7] => 
    [8] => 
    [9] => 
    [10] => 
    [11] => 
    [12] => 
    [13] => 
    [14] => 
    [15] => 
)

DEBUG - 2026-04-06 10:36:27 --> Found 'HEAD OF THE FAMILY' at row 2654, column 0
DEBUG - 2026-04-06 10:36:27 --> parseFacedCard called with startRow: 2654
DEBUG - 2026-04-06 10:36:27 --> Found household_no: 0089
DEBUG - 2026-04-06 10:36:27 --> Family header at row 2663 → data from 2664
DEBUG - 2026-04-06 10:36:27 --> Family member: SONIA PITOGO
DEBUG - 2026-04-06 10:36:27 --> Family member: SUMMY DAGAAS
DEBUG - 2026-04-06 10:36:27 --> Family member: KELVIN JAMES DAGAAS
DEBUG - 2026-04-06 10:36:27 --> Family member: SAMANTHA JACE DAGAAS
DEBUG - 2026-04-06 10:36:27 --> Parsed: JANICE DAGAAS | HH#: 0089 | Members: 4
DEBUG - 2026-04-06 10:36:27 --> Parsed resident data: Array
(
    [household_no] => 0089
    [region] => 
    [province] => 
    [district] => 
    [city_municipality] => 
    [barangay] => .
    [evacuation_center] => 
    [last_name] => DAGAAS
    [civil_status] => Married
    [mother_maiden_name] => SONIA R. TUTO
    [first_name] => JANICE
    [religion] => Catholic
    [occupation] => Housewife
    [middle_name] => P.
    [name_extension] => 
    [age] => 35
    [birthdate] => 1990-06-12
    [birthplace] => POBLACION
    [sex] => Female
    [monthly_income] => 0
    [id_card_presented] => SSS
    [id_card_number] => 0111-3865054-1
    [contact_number] => 09531670814
    [house_no] => 
    [street] => 
    [subdivision] => 
    [permanent_barangay] => 
    [permanent_city] => Boloc
    [permanent_province] => Boloc
    [zip_code] => 
    [is_4ps_beneficiary] => 0
    [vulnerable_older_persons] => 0
    [vulnerable_pregnant] => 0
    [vulnerable_lactating] => 0
    [vulnerable_pwd] => 0
    [ownership_status] => Owner
    [shelter_damage] => No Damage
    [registration_date] => 2026-03-30
    [data_privacy_consent] => 1
    [family_members] => Array
        (
            [0] => Array
                (
                    [name] => SONIA PITOGO
                    [relation] => Mother
                    [birthdate] => 1955-11-26
                    [age] => 70
                    [sex] => Female
                    [education] => ELEMENTARY
                    [occupation] => Senior
                    [remarks] => 
                    [status] => active
                )

            [1] => Array
                (
                    [name] => SUMMY DAGAAS
                    [relation] => Husband
                    [birthdate] => 1992-01-24
                    [age] => 34
                    [sex] => Male
                    [education] => HIGHSCHOOL
                    [occupation] => Timekeeper
                    [remarks] => 
                    [status] => active
                )

            [2] => Array
                (
                    [name] => KELVIN JAMES DAGAAS
                    [relation] => Son
                    [birthdate] => 2011-07-06
                    [age] => 14
                    [sex] => Male
                    [education] => GRADE 9
                    [occupation] => Student
                    [remarks] => 
                    [status] => active
                )

            [3] => Array
                (
                    [name] => SAMANTHA JACE DAGAAS
                    [relation] => Daughter
                    [birthdate] => 2015-07-26
                    [age] => 10
                    [sex] => Female
                    [education] => GRADE 5
                    [occupation] => Student
                    [remarks] => 
                    [status] => active
                )

        )

)

DEBUG - 2026-04-06 10:36:27 --> Inserted resident ID: 163, Name: JANICE DAGAAS
DEBUG - 2026-04-06 10:36:27 --> Inserted family member: SONIA PITOGO
DEBUG - 2026-04-06 10:36:27 --> Inserted family member: SUMMY DAGAAS
DEBUG - 2026-04-06 10:36:27 --> Inserted family member: KELVIN JAMES DAGAAS
DEBUG - 2026-04-06 10:36:27 --> Inserted family member: SAMANTHA JACE DAGAAS
DEBUG - 2026-04-06 10:36:27 --> Checking row 2679: Array
(
    [0] => 
    [1] => 
    [2] => Department of Social Welfare and Development
    [3] => 
    [4] => 
    [5] => 
    [6] => 
    [7] => 
    [8] => 
    [9] => 
    [10] => 
    [11] => 
    [12] => 
    [13] => BENEFICIARY'S COPY
    [14] => 
    [15] => 
)

DEBUG - 2026-04-06 10:36:27 --> Checking row 2680: Array
(
    [0] => 
    [1] => 
    [2] => FAMILY ASSISTANCE CARD IN EMERGENCIES AND DISASTERS (FACED)
    [3] => 
    [4] => 
    [5] => 
    [6] => 
    [7] => 
    [8] => 
    [9] => 
    [10] => 
    [11] => 
    [12] => 
    [13] => SERIAL NUMBER: 0090
    [14] => 
    [15] => 
)

DEBUG - 2026-04-06 10:36:27 --> Checking row 2681: Array
(
    [0] => LOCATION OF THE AFFECTED FAMILY
    [1] => 
    [2] => 
    [3] => 
    [4] => 
    [5] => 
    [6] => 
    [7] => 
    [8] => 
    [9] => 
    [10] => 
    [11] => 
    [12] => 
    [13] => 
    [14] => 
    [15] => 
)

DEBUG - 2026-04-06 10:36:27 --> Checking row 2682: Array
(
    [0] => 1. REGION
REGION X
    [1] => 
    [2] => 
    [3] => 2. PROVINCE
CAMIGUIN
    [4] => 
    [5] => 
    [6] => 3. DISTRICT

    [7] => 
    [8] => 
    [9] => 4. CITY/MUNICIPALITY
MAMBAJAO
    [10] => 
    [11] => 
    [12] => 5. BARANGAY
TAPON
    [13] => 
    [14] => 6. EVACUATION CENTER/SITE
CENTRAL SCHOOL
    [15] => 
)

DEBUG - 2026-04-06 10:36:27 --> Checking row 2683: Array
(
    [0] => 
    [1] => 
    [2] => 
    [3] => 
    [4] => 
    [5] => 
    [6] => 
    [7] => 
    [8] => 
    [9] => 
    [10] => 
    [11] => 
    [12] => 
    [13] => 
    [14] => 
    [15] => 
)

DEBUG - 2026-04-06 10:36:27 --> Checking row 2684: Array
(
    [0] => HEAD OF THE FAMILY
    [1] => 
    [2] => 
    [3] => 
    [4] => 
    [5] => 
    [6] => 
    [7] => 
    [8] => 
    [9] => 
    [10] => 
    [11] => 
    [12] => 
    [13] => 
    [14] => 
    [15] => 
)

DEBUG - 2026-04-06 10:36:27 --> Found 'HEAD OF THE FAMILY' at row 2684, column 0
DEBUG - 2026-04-06 10:36:27 --> parseFacedCard called with startRow: 2684
DEBUG - 2026-04-06 10:36:27 --> Found household_no: 0090
DEBUG - 2026-04-06 10:36:27 --> Family header at row 2693 → data from 2694
DEBUG - 2026-04-06 10:36:27 --> Family member: FRANCES MANGUCA
DEBUG - 2026-04-06 10:36:27 --> Family member: JARYL GALAPATE
DEBUG - 2026-04-06 10:36:27 --> Family member: JEAH GALAPATE
DEBUG - 2026-04-06 10:36:27 --> Family member: JEANAH GALAPATE
DEBUG - 2026-04-06 10:36:27 --> Parsed: APPLE MAE GALAPATE | HH#: 0090 | Members: 4
DEBUG - 2026-04-06 10:36:27 --> Parsed resident data: Array
(
    [household_no] => 0090
    [region] => REGION X
    [province] => CAMIGUIN
    [district] => 
    [city_municipality] => MAMBAJAO
    [barangay] => TAPON
    [evacuation_center] => CENTRAL SCHOOL
    [last_name] => GALAPATE
    [civil_status] => Single
    [mother_maiden_name] => GUIA D. GALAPATE
    [first_name] => APPLE MAE
    [religion] => Roman Catholic
    [occupation] => House Wife
    [middle_name] => D
    [name_extension] => 
    [age] => 23
    [birthdate] => 2002-04-03
    [birthplace] => MANILA
    [sex] => Female
    [monthly_income] => 0
    [id_card_presented] => PHIL HEALTH
    [id_card_number] => 
    [contact_number] => 09100312729
    [is_4ps_beneficiary] => 0
    [vulnerable_older_persons] => 0
    [vulnerable_pregnant] => 0
    [vulnerable_lactating] => 0
    [vulnerable_pwd] => 0
    [ownership_status] => Owner
    [shelter_damage] => No Damage
    [registration_date] => 2026-03-30
    [data_privacy_consent] => 1
    [family_members] => Array
        (
            [0] => Array
                (
                    [name] => FRANCES MANGUCA
                    [relation] => Husband
                    [birthdate] => 1998-01-28
                    [age] => 28
                    [sex] => Male
                    [education] => GRADE 8
                    [occupation] => Welder
                    [remarks] => 
                    [status] => active
                )

            [1] => Array
                (
                    [name] => JARYL GALAPATE
                    [relation] => Son
                    [birthdate] => 2019-10-02
                    [age] => 6
                    [sex] => Male
                    [education] => 
                    [occupation] => 
                    [remarks] => 
                    [status] => active
                )

            [2] => Array
                (
                    [name] => JEAH GALAPATE
                    [relation] => Daughter
                    [birthdate] => 2022-02-06
                    [age] => 4
                    [sex] => Female
                    [education] => TRADER
                    [occupation] => 
                    [remarks] => 
                    [status] => active
                )

            [3] => Array
                (
                    [name] => JEANAH GALAPATE
                    [relation] => Daughter
                    [birthdate] => 2025-06-15
                    [age] => 0
                    [sex] => Female
                    [education] => 
                    [occupation] => 
                    [remarks] => 
                    [status] => active
                )

        )

)

DEBUG - 2026-04-06 10:36:27 --> Inserted resident ID: 164, Name: APPLE MAE GALAPATE
DEBUG - 2026-04-06 10:36:27 --> Inserted family member: FRANCES MANGUCA
DEBUG - 2026-04-06 10:36:27 --> Inserted family member: JARYL GALAPATE
DEBUG - 2026-04-06 10:36:27 --> Inserted family member: JEAH GALAPATE
DEBUG - 2026-04-06 10:36:27 --> Inserted family member: JEANAH GALAPATE
DEBUG - 2026-04-06 10:36:27 --> Checking row 2709: Array
(
    [0] => 
    [1] => 
    [2] => Department of Social Welfare and Development
    [3] => 
    [4] => 
    [5] => 
    [6] => 
    [7] => 
    [8] => 
    [9] => 
    [10] => 
    [11] => 
    [12] => 
    [13] => BENEFICIARY'S COPY
    [14] => 
    [15] => 
)

DEBUG - 2026-04-06 10:36:27 --> Checking row 2710: Array
(
    [0] => 
    [1] => 
    [2] => FAMILY ASSISTANCE CARD IN EMERGENCIES AND DISASTERS (FACED)
    [3] => 
    [4] => 
    [5] => 
    [6] => 
    [7] => 
    [8] => 
    [9] => 
    [10] => 
    [11] => 
    [12] => 
    [13] => SERIAL NUMBER: 0091
    [14] => 
    [15] => 
)

DEBUG - 2026-04-06 10:36:27 --> Checking row 2711: Array
(
    [0] => LOCATION OF THE AFFECTED FAMILY
    [1] => 
    [2] => 
    [3] => 
    [4] => 
    [5] => 
    [6] => 
    [7] => 
    [8] => 
    [9] => 
    [10] => 
    [11] => 
    [12] => 
    [13] => 
    [14] => 
    [15] => 
)

DEBUG - 2026-04-06 10:36:27 --> Checking row 2712: Array
(
    [0] => 1. REGION
REGION X
    [1] => 
    [2] => 
    [3] => 2. PROVINCE
CAMIGUIN
    [4] => 
    [5] => 
    [6] => 3. DISTRICT

    [7] => 
    [8] => 
    [9] => 4. CITY/MUNICIPALITY
MAMBAJAO
    [10] => 
    [11] => 
    [12] => 5. BARANGAY
POBLACION
    [13] => 
    [14] => 6. EVACUATION CENTER/SITE
CENTRAL SCHOOL
    [15] => 
)

DEBUG - 2026-04-06 10:36:27 --> Checking row 2713: Array
(
    [0] => 
    [1] => 
    [2] => 
    [3] => 
    [4] => 
    [5] => 
    [6] => 
    [7] => 
    [8] => 
    [9] => 
    [10] => 
    [11] => 
    [12] => 
    [13] => 
    [14] => 
    [15] => 
)

DEBUG - 2026-04-06 10:36:27 --> Checking row 2714: Array
(
    [0] => HEAD OF THE FAMILY
    [1] => 
    [2] => 
    [3] => 
    [4] => 
    [5] => 
    [6] => 
    [7] => 
    [8] => 
    [9] => 
    [10] => 
    [11] => 
    [12] => 
    [13] => 
    [14] => 
    [15] => 
)

DEBUG - 2026-04-06 10:36:27 --> Found 'HEAD OF THE FAMILY' at row 2714, column 0
DEBUG - 2026-04-06 10:36:27 --> parseFacedCard called with startRow: 2714
DEBUG - 2026-04-06 10:36:27 --> Found household_no: 0091
DEBUG - 2026-04-06 10:36:27 --> Family header at row 2723 → data from 2724
DEBUG - 2026-04-06 10:36:27 --> Family member: HASANAL PAMASTORA
DEBUG - 2026-04-06 10:36:27 --> Family member: PRINCESS SAIPAHMAATORA
DEBUG - 2026-04-06 10:36:27 --> Family member: HASHNIAH MASTORA
DEBUG - 2026-04-06 10:36:27 --> Family member: HASHIM MASTORA
DEBUG - 2026-04-06 10:36:27 --> Family member: NOR AKIFAH
DEBUG - 2026-04-06 10:36:27 --> Family member: ZARAH ALIYAH MASTORA
DEBUG - 2026-04-06 10:36:27 --> Parsed: JOMAIRA MASINRA | HH#: 0091 | Members: 6
DEBUG - 2026-04-06 10:36:27 --> Parsed resident data: Array
(
    [household_no] => 0091
    [region] => REGION X
    [province] => CAMIGUIN
    [district] => 
    [city_municipality] => MAMBAJAO
    [barangay] => POBLACION
    [evacuation_center] => CENTRAL SCHOOL
    [last_name] => MASINRA
    [civil_status] => Married
    [mother_maiden_name] => LORENA CAMASA MANGENIG
    [first_name] => JOMAIRA
    [religion] => Islam
    [occupation] => 
    [middle_name] => BASMAN
    [name_extension] => 
    [age] => 42
    [birthdate] => 1983-08-20
    [birthplace] => MAMBAJAO CAMIGUIN
    [sex] => Female
    [monthly_income] => 0
    [id_card_presented] => 
    [id_card_number] => 
    [house_no] => 
    [street] => Boloc²
    [subdivision] => 
    [permanent_barangay] => Poblacion
    [permanent_city] => Mambajao
    [permanent_province] => Camiguin
    [zip_code] => 9100
    [is_4ps_beneficiary] => 0
    [vulnerable_older_persons] => 0
    [vulnerable_pregnant] => 0
    [vulnerable_lactating] => 0
    [vulnerable_pwd] => 0
    [ownership_status] => Owner
    [shelter_damage] => No Damage
    [registration_date] => 2026-03-30
    [data_privacy_consent] => 1
    [contact_number] => 
    [family_members] => Array
        (
            [0] => Array
                (
                    [name] => HASANAL PAMASTORA
                    [relation] => Husband
                    [birthdate] => 1978-09-28
                    [age] => 47
                    [sex] => Male
                    [education] => COLLEGE GRAD
                    [occupation] => Grit- Employee
                    [remarks] => 
                    [status] => active
                )

            [1] => Array
                (
                    [name] => PRINCESS SAIPAHMAATORA
                    [relation] => Daughter
                    [birthdate] => 2008-04-18
                    [age] => 17
                    [sex] => Female
                    [education] => HIGHSCHOOL
                    [occupation] => 
                    [remarks] => 
                    [status] => active
                )

            [2] => Array
                (
                    [name] => HASHNIAH MASTORA
                    [relation] => Daughter
                    [birthdate] => 2011-08-05
                    [age] => 14
                    [sex] => Female
                    [education] => HIGHSCHOOL
                    [occupation] => 
                    [remarks] => 
                    [status] => active
                )

            [3] => Array
                (
                    [name] => HASHIM MASTORA
                    [relation] => Son
                    [birthdate] => 2014-05-09
                    [age] => 11
                    [sex] => Male
                    [education] => ELEM
                    [occupation] => 
                    [remarks] => 
                    [status] => active
                )

            [4] => Array
                (
                    [name] => NOR AKIFAH
                    [relation] => Daughter
                    [birthdate] => 2016-11-07
                    [age] => 9
                    [sex] => Female
                    [education] => ELEMENTARY
                    [occupation] => 
                    [remarks] => 
                    [status] => active
                )

            [5] => Array
                (
                    [name] => ZARAH ALIYAH MASTORA
                    [relation] => Daughter
                    [birthdate] => 2025-09-20
                    [age] => 0
                    [sex] => Female
                    [education] => 
                    [occupation] => 
                    [remarks] => 
                    [status] => active
                )

        )

)

DEBUG - 2026-04-06 10:36:27 --> Inserted resident ID: 165, Name: JOMAIRA MASINRA
DEBUG - 2026-04-06 10:36:27 --> Inserted family member: HASANAL PAMASTORA
DEBUG - 2026-04-06 10:36:27 --> Inserted family member: PRINCESS SAIPAHMAATORA
DEBUG - 2026-04-06 10:36:27 --> Inserted family member: HASHNIAH MASTORA
DEBUG - 2026-04-06 10:36:27 --> Inserted family member: HASHIM MASTORA
DEBUG - 2026-04-06 10:36:27 --> Inserted family member: NOR AKIFAH
DEBUG - 2026-04-06 10:36:27 --> Inserted family member: ZARAH ALIYAH MASTORA
DEBUG - 2026-04-06 10:36:27 --> Checking row 2739: Array
(
    [0] => DSWD Logo
    [1] => 
    [2] => Republic of the Philippines
    [3] => 
    [4] => 
    [5] => 
    [6] => 
    [7] => 
    [8] => 
    [9] => 
    [10] => 
    [11] => 
    [12] => 
    [13] => THIS CARD IS NOT FOR SALE
    [14] => 
    [15] => 
)

DEBUG - 2026-04-06 10:36:27 --> Checking row 2740: Array
(
    [0] => 
    [1] => 
    [2] => Department of Social Welfare and Development
    [3] => 
    [4] => 
    [5] => 
    [6] => 
    [7] => 
    [8] => 
    [9] => 
    [10] => 
    [11] => 
    [12] => 
    [13] => BENEFICIARY'S COPY
    [14] => 
    [15] => 
)

DEBUG - 2026-04-06 10:36:27 --> Checking row 2741: Array
(
    [0] => 
    [1] => 
    [2] => FAMILY ASSISTANCE CARD IN EMERGENCIES AND DISASTERS (FACED)
    [3] => 
    [4] => 
    [5] => 
    [6] => 
    [7] => 
    [8] => 
    [9] => 
    [10] => 
    [11] => 
    [12] => 
    [13] => SERIAL NUMBER: 0092
    [14] => 
    [15] => 
)

DEBUG - 2026-04-06 10:36:27 --> Checking row 2742: Array
(
    [0] => LOCATION OF THE AFFECTED FAMILY
    [1] => 
    [2] => 
    [3] => 
    [4] => 
    [5] => 
    [6] => 
    [7] => 
    [8] => 
    [9] => 
    [10] => 
    [11] => 
    [12] => 
    [13] => 
    [14] => 
    [15] => 
)

DEBUG - 2026-04-06 10:36:27 --> Checking row 2743: Array
(
    [0] => 1. REGION

    [1] => 
    [2] => 
    [3] => 2. PROVINCE

    [4] => 
    [5] => 
    [6] => 3. DISTRICT

    [7] => 
    [8] => 
    [9] => 4. CITY/MUNICIPALITY

    [10] => 
    [11] => 
    [12] => 5. BARANGAY
.
    [13] => 
    [14] => 6. EVACUATION CENTER/SITE
CENTRAL SCHOOL
    [15] => 
)

DEBUG - 2026-04-06 10:36:27 --> Checking row 2744: Array
(
    [0] => 
    [1] => 
    [2] => 
    [3] => 
    [4] => 
    [5] => 
    [6] => 
    [7] => 
    [8] => 
    [9] => 
    [10] => 
    [11] => 
    [12] => 
    [13] => 
    [14] => 
    [15] => 
)

DEBUG - 2026-04-06 10:36:27 --> Checking row 2745: Array
(
    [0] => HEAD OF THE FAMILY
    [1] => 
    [2] => 
    [3] => 
    [4] => 
    [5] => 
    [6] => 
    [7] => 
    [8] => 
    [9] => 
    [10] => 
    [11] => 
    [12] => 
    [13] => 
    [14] => 
    [15] => 
)

DEBUG - 2026-04-06 10:36:27 --> Found 'HEAD OF THE FAMILY' at row 2745, column 0
DEBUG - 2026-04-06 10:36:27 --> parseFacedCard called with startRow: 2745
DEBUG - 2026-04-06 10:36:27 --> Found household_no: 0092
DEBUG - 2026-04-06 10:36:27 --> Family header at row 2754 → data from 2755
DEBUG - 2026-04-06 10:36:27 --> Family member: RUBELYN CAILING
DEBUG - 2026-04-06 10:36:27 --> Family member: ROBERTO CANINDO
DEBUG - 2026-04-06 10:36:27 --> Family member: JOELLEN LAGRADA
DEBUG - 2026-04-06 10:36:27 --> Family member: RIANNA DENNIS CAILING
DEBUG - 2026-04-06 10:36:27 --> Family member: INA CAILING
DEBUG - 2026-04-06 10:36:27 --> Family member: RIAN JOSE CAILING
DEBUG - 2026-04-06 10:36:27 --> Family member: JOHN GABRIEL CANINDO
DEBUG - 2026-04-06 10:36:27 --> Family member: ISABEL CANINDO
DEBUG - 2026-04-06 10:36:27 --> Parsed: ELITA CAILING | HH#: 0092 | Members: 8
DEBUG - 2026-04-06 10:36:27 --> Parsed resident data: Array
(
    [household_no] => 0092
    [region] => 
    [province] => 
    [district] => 
    [city_municipality] => 
    [barangay] => .
    [evacuation_center] => CENTRAL SCHOOL
    [last_name] => CAILING
    [civil_status] => Married
    [mother_maiden_name] => DECEASED
    [first_name] => ELITA
    [religion] => Catholic
    [occupation] => Housewife/vendor
    [middle_name] => CANINDO
    [name_extension] => 
    [age] => 71
    [birthdate] => 1954-12-11
    [birthplace] => MASBATI
    [sex] => Female
    [monthly_income] => 1000
    [id_card_presented] => SC
    [id_card_number] => 
    [contact_number] => 09368220787
    [house_no] => 
    [street] => Cabua-an
    [subdivision] => 
    [permanent_barangay] => Poblacion
    [permanent_city] => Mambajao
    [permanent_province] => Camiguin
    [zip_code] => 9100
    [is_4ps_beneficiary] => 1
    [vulnerable_older_persons] => 0
    [vulnerable_pregnant] => 0
    [vulnerable_lactating] => 1
    [vulnerable_pwd] => 0
    [ownership_status] => Owner
    [shelter_damage] => No Damage
    [registration_date] => 2026-03-30
    [data_privacy_consent] => 1
    [family_members] => Array
        (
            [0] => Array
                (
                    [name] => RUBELYN CAILING
                    [relation] => Daughter
                    [birthdate] => 1990-02-12
                    [age] => 36
                    [sex] => Female
                    [education] => HIGHSCHOOL GRADUATE
                    [occupation] => Private Employee
                    [remarks] => 10000
                    [status] => active
                )

            [1] => Array
                (
                    [name] => ROBERTO CANINDO
                    [relation] => Son
                    [birthdate] => 1997-10-10
                    [age] => 28
                    [sex] => Male
                    [education] => GRADE 10
                    [occupation] => Carwash
                    [remarks] => 
                    [status] => active
                )

            [2] => Array
                (
                    [name] => JOELLEN LAGRADA
                    [relation] => Daughter In Law
                    [birthdate] => 1996-08-25
                    [age] => 29
                    [sex] => Female
                    [education] => COLLEGE LEVEL
                    [occupation] => Housewife
                    [remarks] => 
                    [status] => active
                )

            [3] => Array
                (
                    [name] => RIANNA DENNIS CAILING
                    [relation] => Granddaughter
                    [birthdate] => 2010-10-10
                    [age] => 15
                    [sex] => Female
                    [education] => GRADE 10
                    [occupation] => Student
                    [remarks] => 
                    [status] => active
                )

            [4] => Array
                (
                    [name] => INA CAILING
                    [relation] => Granddaughter
                    [birthdate] => 2011-01-16
                    [age] => 15
                    [sex] => Female
                    [education] => GRADE 7
                    [occupation] => Student
                    [remarks] => 
                    [status] => active
                )

            [5] => Array
                (
                    [name] => RIAN JOSE CAILING
                    [relation] => Grandson
                    [birthdate] => 2014-08-06
                    [age] => 11
                    [sex] => Female
                    [education] => GRADE 5
                    [occupation] => Student
                    [remarks] => 
                    [status] => active
                )

            [6] => Array
                (
                    [name] => JOHN GABRIEL CANINDO
                    [relation] => Grandson
                    [birthdate] => 2020-06-26
                    [age] => 5
                    [sex] => Male
                    [education] => K-1
                    [occupation] => Student
                    [remarks] => 
                    [status] => active
                )

            [7] => Array
                (
                    [name] => ISABEL CANINDO
                    [relation] => Granddaughter
                    [birthdate] => 2024-08-16
                    [age] => 1
                    [sex] => Male
                    [education] => 
                    [occupation] => 
                    [remarks] => 
                    [status] => active
                )

        )

)

DEBUG - 2026-04-06 10:36:27 --> Inserted resident ID: 166, Name: ELITA CAILING
DEBUG - 2026-04-06 10:36:27 --> Inserted family member: RUBELYN CAILING
DEBUG - 2026-04-06 10:36:27 --> Inserted family member: ROBERTO CANINDO
DEBUG - 2026-04-06 10:36:27 --> Inserted family member: JOELLEN LAGRADA
DEBUG - 2026-04-06 10:36:27 --> Inserted family member: RIANNA DENNIS CAILING
DEBUG - 2026-04-06 10:36:27 --> Inserted family member: INA CAILING
DEBUG - 2026-04-06 10:36:27 --> Inserted family member: RIAN JOSE CAILING
DEBUG - 2026-04-06 10:36:27 --> Inserted family member: JOHN GABRIEL CANINDO
DEBUG - 2026-04-06 10:36:27 --> Inserted family member: ISABEL CANINDO
DEBUG - 2026-04-06 10:36:27 --> Checking row 2770: Array
(
    [0] => 
    [1] => 
    [2] => 
    [3] => 
    [4] => 
    [5] => 
    [6] => 
    [7] => 
    [8] => 
    [9] => 
    [10] => 
    [11] => 
    [12] => 
    [13] => 
    [14] => 
    [15] => 
)

DEBUG - 2026-04-06 10:36:27 --> Checking row 2771: Array
(
    [0] => 
    [1] => 
    [2] => 
    [3] => 
    [4] => 
    [5] => 
    [6] => 
    [7] => 
    [8] => 
    [9] => 
    [10] => 
    [11] => 
    [12] => 
    [13] => 
    [14] => 
    [15] => 
)

DEBUG - 2026-04-06 10:36:27 --> Checking row 2772: Array
(
    [0] => DSWD Logo
    [1] => 
    [2] => Republic of the Philippines
    [3] => 
    [4] => 
    [5] => 
    [6] => 
    [7] => 
    [8] => 
    [9] => 
    [10] => 
    [11] => 
    [12] => 
    [13] => THIS CARD IS NOT FOR SALE
    [14] => 
    [15] => 
)

DEBUG - 2026-04-06 10:36:27 --> Checking row 2773: Array
(
    [0] => 
    [1] => 
    [2] => Department of Social Welfare and Development
    [3] => 
    [4] => 
    [5] => 
    [6] => 
    [7] => 
    [8] => 
    [9] => 
    [10] => 
    [11] => 
    [12] => 
    [13] => BENEFICIARY'S COPY
    [14] => 
    [15] => 
)

DEBUG - 2026-04-06 10:36:27 --> Checking row 2774: Array
(
    [0] => 
    [1] => 
    [2] => FAMILY ASSISTANCE CARD IN EMERGENCIES AND DISASTERS (FACED)
    [3] => 
    [4] => 
    [5] => 
    [6] => 
    [7] => 
    [8] => 
    [9] => 
    [10] => 
    [11] => 
    [12] => 
    [13] => SERIAL NUMBER: 0093
    [14] => 
    [15] => 
)

DEBUG - 2026-04-06 10:36:27 --> Checking row 2775: Array
(
    [0] => LOCATION OF THE AFFECTED FAMILY
    [1] => 
    [2] => 
    [3] => 
    [4] => 
    [5] => 
    [6] => 
    [7] => 
    [8] => 
    [9] => 
    [10] => 
    [11] => 
    [12] => 
    [13] => 
    [14] => 
    [15] => 
)

DEBUG - 2026-04-06 10:36:27 --> Checking row 2776: Array
(
    [0] => 1. REGION

    [1] => 
    [2] => 
    [3] => 2. PROVINCE

    [4] => 
    [5] => 
    [6] => 3. DISTRICT

    [7] => 
    [8] => 
    [9] => 4. CITY/MUNICIPALITY

    [10] => 
    [11] => 
    [12] => 5. BARANGAY
.
    [13] => 
    [14] => 6. EVACUATION CENTER/SITE

    [15] => 
)

DEBUG - 2026-04-06 10:36:27 --> Checking row 2777: Array
(
    [0] => 
    [1] => 
    [2] => 
    [3] => 
    [4] => 
    [5] => 
    [6] => 
    [7] => 
    [8] => 
    [9] => 
    [10] => 
    [11] => 
    [12] => 
    [13] => 
    [14] => 
    [15] => 
)

DEBUG - 2026-04-06 10:36:27 --> Checking row 2778: Array
(
    [0] => HEAD OF THE FAMILY
    [1] => 
    [2] => 
    [3] => 
    [4] => 
    [5] => 
    [6] => 
    [7] => 
    [8] => 
    [9] => 
    [10] => 
    [11] => 
    [12] => 
    [13] => 
    [14] => 
    [15] => 
)

DEBUG - 2026-04-06 10:36:27 --> Found 'HEAD OF THE FAMILY' at row 2778, column 0
DEBUG - 2026-04-06 10:36:27 --> parseFacedCard called with startRow: 2778
DEBUG - 2026-04-06 10:36:27 --> Found household_no: 0093
DEBUG - 2026-04-06 10:36:27 --> Family header at row 2787 → data from 2788
DEBUG - 2026-04-06 10:36:27 --> Family member: JEFFREY PASQUITO
DEBUG - 2026-04-06 10:36:27 --> Family member: RCAH JEAN
DEBUG - 2026-04-06 10:36:27 --> Family member: HEFFORD ZAD
DEBUG - 2026-04-06 10:36:27 --> Parsed: ALTHEA EIVON SARANILLO | HH#: 0093 | Members: 3
DEBUG - 2026-04-06 10:36:27 --> Parsed resident data: Array
(
    [household_no] => 0093
    [region] => 
    [province] => 
    [district] => 
    [city_municipality] => 
    [barangay] => .
    [evacuation_center] => 
    [last_name] => SARANILLO
    [civil_status] => Single
    [mother_maiden_name] => ACEBES
    [first_name] => ALTHEA EIVON
    [religion] => Roman Catholic
    [occupation] => Food Vending
    [middle_name] => ACEBES
    [name_extension] => 
    [age] => 19
    [birthdate] => 2006-11-16
    [birthplace] => TAPON
    [sex] => Female
    [monthly_income] => 3000
    [id_card_presented] => NATIONAL ID
    [id_card_number] => 
    [contact_number] => 09971041766
    [house_no] => 
    [street] => 
    [subdivision] => 
    [permanent_barangay] => 
    [permanent_city] => 
    [permanent_province] => Tapon
    [zip_code] => 
    [is_4ps_beneficiary] => 0
    [vulnerable_older_persons] => 0
    [vulnerable_pregnant] => 0
    [vulnerable_lactating] => 0
    [vulnerable_pwd] => 0
    [ownership_status] => Owner
    [shelter_damage] => No Damage
    [registration_date] => 2026-03-30
    [data_privacy_consent] => 1
    [family_members] => Array
        (
            [0] => Array
                (
                    [name] => JEFFREY PASQUITO
                    [relation] => 
                    [birthdate] => 1996-08-26
                    [age] => 29
                    [sex] => Male
                    [education] => HIGHSCHOOL
                    [occupation] => 
                    [remarks] => 
                    [status] => active
                )

            [1] => Array
                (
                    [name] => RCAH JEAN
                    [relation] => 
                    [birthdate] => 2021-09-29
                    [age] => 4
                    [sex] => Female
                    [education] => DAYCARE
                    [occupation] => 
                    [remarks] => 
                    [status] => active
                )

            [2] => Array
                (
                    [name] => HEFFORD ZAD
                    [relation] => 
                    [birthdate] => 2023-05-10
                    [age] => 2
                    [sex] => Male
                    [education] => 
                    [occupation] => 
                    [remarks] => 
                    [status] => active
                )

        )

)

DEBUG - 2026-04-06 10:36:27 --> Inserted resident ID: 167, Name: ALTHEA EIVON SARANILLO
DEBUG - 2026-04-06 10:36:27 --> Inserted family member: JEFFREY PASQUITO
DEBUG - 2026-04-06 10:36:27 --> Inserted family member: RCAH JEAN
DEBUG - 2026-04-06 10:36:27 --> Inserted family member: HEFFORD ZAD
DEBUG - 2026-04-06 10:36:27 --> Checking row 2803: Array
(
    [0] => 
    [1] => 
    [2] => Department of Social Welfare and Development
    [3] => 
    [4] => 
    [5] => 
    [6] => 
    [7] => 
    [8] => 
    [9] => 
    [10] => 
    [11] => 
    [12] => 
    [13] => BENEFICIARY'S COPY
    [14] => 
    [15] => 
)

DEBUG - 2026-04-06 10:36:27 --> Checking row 2804: Array
(
    [0] => 
    [1] => 
    [2] => FAMILY ASSISTANCE CARD IN EMERGENCIES AND DISASTERS (FACED)
    [3] => 
    [4] => 
    [5] => 
    [6] => 
    [7] => 
    [8] => 
    [9] => 
    [10] => 
    [11] => 
    [12] => 
    [13] => SERIAL NUMBER: 0094
    [14] => 
    [15] => 
)

DEBUG - 2026-04-06 10:36:27 --> Checking row 2805: Array
(
    [0] => LOCATION OF THE AFFECTED FAMILY
    [1] => 
    [2] => 
    [3] => 
    [4] => 
    [5] => 
    [6] => 
    [7] => 
    [8] => 
    [9] => 
    [10] => 
    [11] => 
    [12] => 
    [13] => 
    [14] => 
    [15] => 
)

DEBUG - 2026-04-06 10:36:27 --> Checking row 2806: Array
(
    [0] => 1. REGION
REGION X
    [1] => 
    [2] => 
    [3] => 2. PROVINCE
CAMIGUIN
    [4] => 
    [5] => 
    [6] => 3. DISTRICT

    [7] => 
    [8] => 
    [9] => 4. CITY/MUNICIPALITY
MAMBAJAO
    [10] => 
    [11] => 
    [12] => 5. BARANGAY
POBLACION
    [13] => 
    [14] => 6. EVACUATION CENTER/SITE
CENTRAL SCHOOL
    [15] => 
)

DEBUG - 2026-04-06 10:36:27 --> Checking row 2807: Array
(
    [0] => 
    [1] => 
    [2] => 
    [3] => 
    [4] => 
    [5] => 
    [6] => 
    [7] => 
    [8] => 
    [9] => 
    [10] => 
    [11] => 
    [12] => 
    [13] => 
    [14] => 
    [15] => 
)

DEBUG - 2026-04-06 10:36:27 --> Checking row 2808: Array
(
    [0] => HEAD OF THE FAMILY
    [1] => 
    [2] => 
    [3] => 
    [4] => 
    [5] => 
    [6] => 
    [7] => 
    [8] => 
    [9] => 
    [10] => 
    [11] => 
    [12] => 
    [13] => 
    [14] => 
    [15] => 
)

DEBUG - 2026-04-06 10:36:27 --> Found 'HEAD OF THE FAMILY' at row 2808, column 0
DEBUG - 2026-04-06 10:36:27 --> parseFacedCard called with startRow: 2808
DEBUG - 2026-04-06 10:36:27 --> Found household_no: 0094
DEBUG - 2026-04-06 10:36:27 --> Family header at row 2817 → data from 2818
DEBUG - 2026-04-06 10:36:27 --> Family member: ROSFEL ISIN
DEBUG - 2026-04-06 10:36:27 --> Family member: ANGEL ROSE ISIN
DEBUG - 2026-04-06 10:36:27 --> Parsed: MA. JANET ISIN | HH#: 0094 | Members: 2
DEBUG - 2026-04-06 10:36:27 --> Parsed resident data: Array
(
    [household_no] => 0094
    [region] => REGION X
    [province] => CAMIGUIN
    [district] => 
    [city_municipality] => MAMBAJAO
    [barangay] => POBLACION
    [evacuation_center] => CENTRAL SCHOOL
    [last_name] => ISIN
    [civil_status] => Married
    [mother_maiden_name] => GALENDEZ
    [first_name] => MA. JANET
    [religion] => Roman Catholic
    [occupation] => None
    [middle_name] => ODARYE
    [name_extension] => 
    [age] => 43
    [birthdate] => 1983-01-22
    [birthplace] => JAGNA BOHOL
    [sex] => Female
    [monthly_income] => 5000
    [id_card_presented] => NATIONAL ID
    [id_card_number] => 
    [house_no] => 
    [street] => Cabuaan
    [subdivision] => 
    [permanent_barangay] => Poblacion
    [permanent_city] => Mambajao
    [permanent_province] => Camiguin
    [zip_code] => 9100
    [is_4ps_beneficiary] => 0
    [vulnerable_older_persons] => 0
    [vulnerable_pregnant] => 0
    [vulnerable_lactating] => 0
    [vulnerable_pwd] => 0
    [ownership_status] => Owner
    [shelter_damage] => No Damage
    [registration_date] => 2026-03-30
    [data_privacy_consent] => 1
    [contact_number] => 
    [family_members] => Array
        (
            [0] => Array
                (
                    [name] => ROSFEL ISIN
                    [relation] => Husband
                    [birthdate] => 1981-04-25
                    [age] => 44
                    [sex] => Male
                    [education] => ELEMENTARY
                    [occupation] => Laborer
                    [remarks] => 
                    [status] => active
                )

            [1] => Array
                (
                    [name] => ANGEL ROSE ISIN
                    [relation] => Daughter
                    [birthdate] => 2015-09-15
                    [age] => 10
                    [sex] => Female
                    [education] => ELEM
                    [occupation] => Student
                    [remarks] => 
                    [status] => active
                )

        )

)

DEBUG - 2026-04-06 10:36:27 --> Inserted resident ID: 168, Name: MA. JANET ISIN
DEBUG - 2026-04-06 10:36:27 --> Inserted family member: ROSFEL ISIN
DEBUG - 2026-04-06 10:36:27 --> Inserted family member: ANGEL ROSE ISIN
DEBUG - 2026-04-06 10:36:27 --> Checking row 2833: Array
(
    [0] => 
    [1] => 
    [2] => Department of Social Welfare and Development
    [3] => 
    [4] => 
    [5] => 
    [6] => 
    [7] => 
    [8] => 
    [9] => 
    [10] => 
    [11] => 
    [12] => 
    [13] => BENEFICIARY'S COPY
    [14] => 
    [15] => 
)

DEBUG - 2026-04-06 10:36:27 --> Checking row 2834: Array
(
    [0] => 
    [1] => 
    [2] => FAMILY ASSISTANCE CARD IN EMERGENCIES AND DISASTERS (FACED)
    [3] => 
    [4] => 
    [5] => 
    [6] => 
    [7] => 
    [8] => 
    [9] => 
    [10] => 
    [11] => 
    [12] => 
    [13] => SERIAL NUMBER: 0095
    [14] => 
    [15] => 
)

DEBUG - 2026-04-06 10:36:27 --> Checking row 2835: Array
(
    [0] => LOCATION OF THE AFFECTED FAMILY
    [1] => 
    [2] => 
    [3] => 
    [4] => 
    [5] => 
    [6] => 
    [7] => 
    [8] => 
    [9] => 
    [10] => 
    [11] => 
    [12] => 
    [13] => 
    [14] => 
    [15] => 
)

DEBUG - 2026-04-06 10:36:27 --> Checking row 2836: Array
(
    [0] => 1. REGION
REGION X
    [1] => 
    [2] => 
    [3] => 2. PROVINCE
CAMIGUIN
    [4] => 
    [5] => 
    [6] => 3. DISTRICT

    [7] => 
    [8] => 
    [9] => 4. CITY/MUNICIPALITY
MAMBAJAO
    [10] => 
    [11] => 
    [12] => 5. BARANGAY
POBLACION
    [13] => 
    [14] => 6. EVACUATION CENTER/SITE
CENTRAL SCHOOL
    [15] => 
)

DEBUG - 2026-04-06 10:36:27 --> Checking row 2837: Array
(
    [0] => 
    [1] => 
    [2] => 
    [3] => 
    [4] => 
    [5] => 
    [6] => 
    [7] => 
    [8] => 
    [9] => 
    [10] => 
    [11] => 
    [12] => 
    [13] => 
    [14] => 
    [15] => 
)

DEBUG - 2026-04-06 10:36:27 --> Checking row 2838: Array
(
    [0] => HEAD OF THE FAMILY
    [1] => 
    [2] => 
    [3] => 
    [4] => 
    [5] => 
    [6] => 
    [7] => 
    [8] => 
    [9] => 
    [10] => 
    [11] => 
    [12] => 
    [13] => 
    [14] => 
    [15] => 
)

DEBUG - 2026-04-06 10:36:27 --> Found 'HEAD OF THE FAMILY' at row 2838, column 0
DEBUG - 2026-04-06 10:36:27 --> parseFacedCard called with startRow: 2838
DEBUG - 2026-04-06 10:36:27 --> Found household_no: 0095
DEBUG - 2026-04-06 10:36:27 --> Family header at row 2847 → data from 2848
DEBUG - 2026-04-06 10:36:27 --> Family member: RYLIE
DEBUG - 2026-04-06 10:36:27 --> Family member: ROME
DEBUG - 2026-04-06 10:36:27 --> Parsed: MARY ANN LABI | HH#: 0095 | Members: 2
DEBUG - 2026-04-06 10:36:27 --> Parsed resident data: Array
(
    [household_no] => 0095
    [region] => REGION X
    [province] => CAMIGUIN
    [district] => 
    [city_municipality] => MAMBAJAO
    [barangay] => POBLACION
    [evacuation_center] => CENTRAL SCHOOL
    [last_name] => LABI
    [civil_status] => Married
    [mother_maiden_name] => MERLITA MONTALBA
    [first_name] => MARY ANN
    [religion] => Roman Catholic
    [occupation] => Washer
    [middle_name] => MONTALBA
    [name_extension] => 
    [age] => 41
    [birthdate] => 1984-04-07
    [birthplace] => CABUAAN
    [sex] => Female
    [monthly_income] => 5000
    [id_card_presented] => NATIONAL ID
    [id_card_number] => 
    [contact_number] => 639510548827
    [house_no] => 
    [street] => 
    [subdivision] => 
    [permanent_barangay] => 
    [permanent_city] => 
    [permanent_province] => Cabuaan
    [zip_code] => 
    [is_4ps_beneficiary] => 0
    [vulnerable_older_persons] => 0
    [vulnerable_pregnant] => 0
    [vulnerable_lactating] => 0
    [vulnerable_pwd] => 0
    [ownership_status] => Owner
    [shelter_damage] => No Damage
    [registration_date] => 2026-03-30
    [data_privacy_consent] => 1
    [family_members] => Array
        (
            [0] => Array
                (
                    [name] => RYLIE
                    [relation] => Son
                    [birthdate] => 
                    [age] => 0
                    [sex] => Male
                    [education] => 
                    [occupation] => 
                    [remarks] => 
                    [status] => active
                )

            [1] => Array
                (
                    [name] => ROME
                    [relation] => Father
                    [birthdate] => 
                    [age] => 0
                    [sex] => Male
                    [education] => 
                    [occupation] => 
                    [remarks] => 
                    [status] => active
                )

        )

)

DEBUG - 2026-04-06 10:36:27 --> Inserted resident ID: 169, Name: MARY ANN LABI
DEBUG - 2026-04-06 10:36:27 --> Inserted family member: RYLIE
DEBUG - 2026-04-06 10:36:27 --> Inserted family member: ROME
DEBUG - 2026-04-06 10:36:27 --> Checking row 2863: Array
(
    [0] => 
    [1] => 
    [2] => Department of Social Welfare and Development
    [3] => 
    [4] => 
    [5] => 
    [6] => 
    [7] => 
    [8] => 
    [9] => 
    [10] => 
    [11] => 
    [12] => 
    [13] => BENEFICIARY'S COPY
    [14] => 
    [15] => 
)

DEBUG - 2026-04-06 10:36:27 --> Checking row 2864: Array
(
    [0] => 
    [1] => 
    [2] => FAMILY ASSISTANCE CARD IN EMERGENCIES AND DISASTERS (FACED)
    [3] => 
    [4] => 
    [5] => 
    [6] => 
    [7] => 
    [8] => 
    [9] => 
    [10] => 
    [11] => 
    [12] => 
    [13] => SERIAL NUMBER: 0096
    [14] => 
    [15] => 
)

DEBUG - 2026-04-06 10:36:27 --> Checking row 2865: Array
(
    [0] => LOCATION OF THE AFFECTED FAMILY
    [1] => 
    [2] => 
    [3] => 
    [4] => 
    [5] => 
    [6] => 
    [7] => 
    [8] => 
    [9] => 
    [10] => 
    [11] => 
    [12] => 
    [13] => 
    [14] => 
    [15] => 
)

DEBUG - 2026-04-06 10:36:27 --> Checking row 2866: Array
(
    [0] => 1. REGION
REGION X
    [1] => 
    [2] => 
    [3] => 2. PROVINCE
CAMIGUIN
    [4] => 
    [5] => 
    [6] => 3. DISTRICT

    [7] => 
    [8] => 
    [9] => 4. CITY/MUNICIPALITY
MAMBAJAO
    [10] => 
    [11] => 
    [12] => 5. BARANGAY
POBLACION
    [13] => 
    [14] => 6. EVACUATION CENTER/SITE
CENTRAL SCHOOL
    [15] => 
)

DEBUG - 2026-04-06 10:36:27 --> Checking row 2867: Array
(
    [0] => 
    [1] => 
    [2] => 
    [3] => 
    [4] => 
    [5] => 
    [6] => 
    [7] => 
    [8] => 
    [9] => 
    [10] => 
    [11] => 
    [12] => 
    [13] => 
    [14] => 
    [15] => 
)

DEBUG - 2026-04-06 10:36:27 --> Checking row 2868: Array
(
    [0] => HEAD OF THE FAMILY
    [1] => 
    [2] => 
    [3] => 
    [4] => 
    [5] => 
    [6] => 
    [7] => 
    [8] => 
    [9] => 
    [10] => 
    [11] => 
    [12] => 
    [13] => 
    [14] => 
    [15] => 
)

DEBUG - 2026-04-06 10:36:27 --> Found 'HEAD OF THE FAMILY' at row 2868, column 0
DEBUG - 2026-04-06 10:36:27 --> parseFacedCard called with startRow: 2868
DEBUG - 2026-04-06 10:36:27 --> Found household_no: 0096
DEBUG - 2026-04-06 10:36:27 --> Family header at row 2877 → data from 2878
DEBUG - 2026-04-06 10:36:27 --> Family member: RAYMUND
DEBUG - 2026-04-06 10:36:27 --> Family member: PRESTELIZ
DEBUG - 2026-04-06 10:36:27 --> Family member: RCKANT
DEBUG - 2026-04-06 10:36:27 --> Parsed: CHERRY MAE ISIP | HH#: 0096 | Members: 3
DEBUG - 2026-04-06 10:36:27 --> Parsed resident data: Array
(
    [household_no] => 0096
    [region] => REGION X
    [province] => CAMIGUIN
    [district] => 
    [city_municipality] => MAMBAJAO
    [barangay] => POBLACION
    [evacuation_center] => CENTRAL SCHOOL
    [last_name] => ISIP
    [civil_status] => Married
    [mother_maiden_name] => DIONISA PUYOS
    [first_name] => CHERRY MAE
    [religion] => Roman Catholic
    [occupation] => House Wife
    [middle_name] => PUYOS
    [name_extension] => 
    [age] => 32
    [birthdate] => 1993-08-11
    [birthplace] => KITADTAO BUKIDNON
    [sex] => Female
    [monthly_income] => 5000
    [id_card_presented] => NATIONAL ID
    [id_card_number] => 
    [contact_number] => 09357802870
    [house_no] => 
    [street] => 
    [subdivision] => 
    [permanent_barangay] => 
    [permanent_city] => 
    [permanent_province] => Cabuaan
    [zip_code] => 
    [is_4ps_beneficiary] => 0
    [vulnerable_older_persons] => 0
    [vulnerable_pregnant] => 0
    [vulnerable_lactating] => 0
    [vulnerable_pwd] => 0
    [ownership_status] => Owner
    [shelter_damage] => No Damage
    [registration_date] => 2026-03-30
    [data_privacy_consent] => 1
    [family_members] => Array
        (
            [0] => Array
                (
                    [name] => RAYMUND
                    [relation] => Father
                    [birthdate] => 1991-04-06
                    [age] => 34
                    [sex] => Male
                    [education] => 
                    [occupation] => 
                    [remarks] => 
                    [status] => active
                )

            [1] => Array
                (
                    [name] => PRESTELIZ
                    [relation] => Son
                    [birthdate] => 
                    [age] => 0
                    [sex] => Male
                    [education] => 
                    [occupation] => 
                    [remarks] => 
                    [status] => active
                )

            [2] => Array
                (
                    [name] => RCKANT
                    [relation] => Son
                    [birthdate] => 
                    [age] => 0
                    [sex] => Male
                    [education] => 
                    [occupation] => 
                    [remarks] => 
                    [status] => active
                )

        )

)

DEBUG - 2026-04-06 10:36:27 --> Inserted resident ID: 170, Name: CHERRY MAE ISIP
DEBUG - 2026-04-06 10:36:27 --> Inserted family member: RAYMUND
DEBUG - 2026-04-06 10:36:27 --> Inserted family member: PRESTELIZ
DEBUG - 2026-04-06 10:36:27 --> Inserted family member: RCKANT
DEBUG - 2026-04-06 10:36:27 --> Checking row 2893: Array
(
    [0] => 
    [1] => 
    [2] => Department of Social Welfare and Development
    [3] => 
    [4] => 
    [5] => 
    [6] => 
    [7] => 
    [8] => 
    [9] => 
    [10] => 
    [11] => 
    [12] => 
    [13] => BENEFICIARY'S COPY
    [14] => 
    [15] => 
)

DEBUG - 2026-04-06 10:36:27 --> Checking row 2894: Array
(
    [0] => 
    [1] => 
    [2] => FAMILY ASSISTANCE CARD IN EMERGENCIES AND DISASTERS (FACED)
    [3] => 
    [4] => 
    [5] => 
    [6] => 
    [7] => 
    [8] => 
    [9] => 
    [10] => 
    [11] => 
    [12] => 
    [13] => SERIAL NUMBER: 0097
    [14] => 
    [15] => 
)

DEBUG - 2026-04-06 10:36:27 --> Checking row 2895: Array
(
    [0] => LOCATION OF THE AFFECTED FAMILY
    [1] => 
    [2] => 
    [3] => 
    [4] => 
    [5] => 
    [6] => 
    [7] => 
    [8] => 
    [9] => 
    [10] => 
    [11] => 
    [12] => 
    [13] => 
    [14] => 
    [15] => 
)

DEBUG - 2026-04-06 10:36:27 --> Checking row 2896: Array
(
    [0] => 1. REGION
REGION X
    [1] => 
    [2] => 
    [3] => 2. PROVINCE
CAMIGUIN
    [4] => 
    [5] => 
    [6] => 3. DISTRICT

    [7] => 
    [8] => 
    [9] => 4. CITY/MUNICIPALITY
MAMBAJAO
    [10] => 
    [11] => 
    [12] => 5. BARANGAY
POBLACION
    [13] => 
    [14] => 6. EVACUATION CENTER/SITE
CENTRAL SCHOOL
    [15] => 
)

DEBUG - 2026-04-06 10:36:27 --> Checking row 2897: Array
(
    [0] => 
    [1] => 
    [2] => 
    [3] => 
    [4] => 
    [5] => 
    [6] => 
    [7] => 
    [8] => 
    [9] => 
    [10] => 
    [11] => 
    [12] => 
    [13] => 
    [14] => 
    [15] => 
)

DEBUG - 2026-04-06 10:36:27 --> Checking row 2898: Array
(
    [0] => HEAD OF THE FAMILY
    [1] => 
    [2] => 
    [3] => 
    [4] => 
    [5] => 
    [6] => 
    [7] => 
    [8] => 
    [9] => 
    [10] => 
    [11] => 
    [12] => 
    [13] => 
    [14] => 
    [15] => 
)

DEBUG - 2026-04-06 10:36:27 --> Found 'HEAD OF THE FAMILY' at row 2898, column 0
DEBUG - 2026-04-06 10:36:27 --> parseFacedCard called with startRow: 2898
DEBUG - 2026-04-06 10:36:27 --> Found household_no: 0097
DEBUG - 2026-04-06 10:36:27 --> Family header at row 2907 → data from 2908
DEBUG - 2026-04-06 10:36:27 --> Family member: IRENEO ISIN
DEBUG - 2026-04-06 10:36:27 --> Parsed: JUANITA MONTALBA | HH#: 0097 | Members: 1
DEBUG - 2026-04-06 10:36:27 --> Parsed resident data: Array
(
    [household_no] => 0097
    [region] => REGION X
    [province] => CAMIGUIN
    [district] => 
    [city_municipality] => MAMBAJAO
    [barangay] => POBLACION
    [evacuation_center] => CENTRAL SCHOOL
    [last_name] => MONTALBA
    [civil_status] => Widowed
    [mother_maiden_name] => LEONITA BACLAYO
    [first_name] => JUANITA
    [religion] => Roman Catholic
    [occupation] => Housewife
    [middle_name] => BACLAYO
    [name_extension] => 
    [age] => 70
    [birthdate] => 1955-09-09
    [birthplace] => CABUAAN
    [sex] => Female
    [monthly_income] => 0
    [id_card_presented] => SENIOR ID
    [id_card_number] => 
    [house_no] => 
    [street] => Cabuaan
    [subdivision] => 
    [permanent_barangay] => Poblacion
    [permanent_city] => Mambajao
    [permanent_province] => Camiguin
    [zip_code] => 9100
    [is_4ps_beneficiary] => 0
    [vulnerable_older_persons] => 0
    [vulnerable_pregnant] => 0
    [vulnerable_lactating] => 0
    [vulnerable_pwd] => 0
    [ownership_status] => Owner
    [shelter_damage] => No Damage
    [registration_date] => 2026-03-30
    [data_privacy_consent] => 1
    [contact_number] => 
    [family_members] => Array
        (
            [0] => Array
                (
                    [name] => IRENEO ISIN
                    [relation] => Commonlaw
                    [birthdate] => 1964-07-03
                    [age] => 61
                    [sex] => Male
                    [education] => HIGHSCHOOL GRADUATE
                    [occupation] => Fisher Man
                    [remarks] => 
                    [status] => active
                )

        )

)

DEBUG - 2026-04-06 10:36:27 --> Inserted resident ID: 171, Name: JUANITA MONTALBA
DEBUG - 2026-04-06 10:36:27 --> Inserted family member: IRENEO ISIN
DEBUG - 2026-04-06 10:36:27 --> Checking row 2923: Array
(
    [0] => 
    [1] => 
    [2] => Department of Social Welfare and Development
    [3] => 
    [4] => 
    [5] => 
    [6] => 
    [7] => 
    [8] => 
    [9] => 
    [10] => 
    [11] => 
    [12] => 
    [13] => BENEFICIARY'S COPY
    [14] => 
    [15] => 
)

DEBUG - 2026-04-06 10:36:27 --> Checking row 2924: Array
(
    [0] => 
    [1] => 
    [2] => FAMILY ASSISTANCE CARD IN EMERGENCIES AND DISASTERS (FACED)
    [3] => 
    [4] => 
    [5] => 
    [6] => 
    [7] => 
    [8] => 
    [9] => 
    [10] => 
    [11] => 
    [12] => 
    [13] => SERIAL NUMBER: 0098
    [14] => 
    [15] => 
)

DEBUG - 2026-04-06 10:36:27 --> Checking row 2925: Array
(
    [0] => LOCATION OF THE AFFECTED FAMILY
    [1] => 
    [2] => 
    [3] => 
    [4] => 
    [5] => 
    [6] => 
    [7] => 
    [8] => 
    [9] => 
    [10] => 
    [11] => 
    [12] => 
    [13] => 
    [14] => 
    [15] => 
)

DEBUG - 2026-04-06 10:36:27 --> Checking row 2926: Array
(
    [0] => 1. REGION
REGION X
    [1] => 
    [2] => 
    [3] => 2. PROVINCE
CAMIGUIN
    [4] => 
    [5] => 
    [6] => 3. DISTRICT

    [7] => 
    [8] => 
    [9] => 4. CITY/MUNICIPALITY
MAMBAJAO
    [10] => 
    [11] => 
    [12] => 5. BARANGAY
POBLACION
    [13] => 
    [14] => 6. EVACUATION CENTER/SITE
CENTRAL SCHOOL
    [15] => 
)

DEBUG - 2026-04-06 10:36:27 --> Checking row 2927: Array
(
    [0] => 
    [1] => 
    [2] => 
    [3] => 
    [4] => 
    [5] => 
    [6] => 
    [7] => 
    [8] => 
    [9] => 
    [10] => 
    [11] => 
    [12] => 
    [13] => 
    [14] => 
    [15] => 
)

DEBUG - 2026-04-06 10:36:27 --> Checking row 2928: Array
(
    [0] => HEAD OF THE FAMILY
    [1] => 
    [2] => 
    [3] => 
    [4] => 
    [5] => 
    [6] => 
    [7] => 
    [8] => 
    [9] => 
    [10] => 
    [11] => 
    [12] => 
    [13] => 
    [14] => 
    [15] => 
)

DEBUG - 2026-04-06 10:36:27 --> Found 'HEAD OF THE FAMILY' at row 2928, column 0
DEBUG - 2026-04-06 10:36:27 --> parseFacedCard called with startRow: 2928
DEBUG - 2026-04-06 10:36:27 --> Found household_no: 0098
DEBUG - 2026-04-06 10:36:27 --> Family header at row 2937 → data from 2938
DEBUG - 2026-04-06 10:36:27 --> Family member: LARAGEN MONTALBA
DEBUG - 2026-04-06 10:36:27 --> Family member: JAYRELLE MONTALBA
DEBUG - 2026-04-06 10:36:27 --> Family member: JOHNRAY MONTALBA
DEBUG - 2026-04-06 10:36:27 --> Parsed: VANNESA MONTALBA | HH#: 0098 | Members: 3
DEBUG - 2026-04-06 10:36:27 --> Parsed resident data: Array
(
    [household_no] => 0098
    [region] => REGION X
    [province] => CAMIGUIN
    [district] => 
    [city_municipality] => MAMBAJAO
    [barangay] => POBLACION
    [evacuation_center] => CENTRAL SCHOOL
    [last_name] => MONTALBA
    [civil_status] => Married
    [mother_maiden_name] => EDEN BINGKAWEL
    [first_name] => VANNESA
    [religion] => Roman Catholic
    [occupation] => Sales Lady
    [middle_name] => AGBU
    [name_extension] => 
    [age] => 40
    [birthdate] => 1985-11-12
    [birthplace] => CABUAAN
    [sex] => Female
    [monthly_income] => 5000
    [id_card_presented] => NATIONAL ID
    [id_card_number] => 
    [house_no] => 
    [street] => Cabuaan
    [subdivision] => 
    [permanent_barangay] => Poblacion
    [permanent_city] => Mambajao
    [permanent_province] => Camiguin
    [zip_code] => 9100
    [is_4ps_beneficiary] => 0
    [vulnerable_older_persons] => 0
    [vulnerable_pregnant] => 0
    [vulnerable_lactating] => 0
    [vulnerable_pwd] => 0
    [ownership_status] => Owner
    [shelter_damage] => No Damage
    [registration_date] => 2026-03-30
    [data_privacy_consent] => 1
    [contact_number] => 
    [family_members] => Array
        (
            [0] => Array
                (
                    [name] => LARAGEN MONTALBA
                    [relation] => Daughter
                    [birthdate] => 2014-06-14
                    [age] => 11
                    [sex] => Female
                    [education] => HIGHSCHOOL
                    [occupation] => Student
                    [remarks] => 
                    [status] => active
                )

            [1] => Array
                (
                    [name] => JAYRELLE MONTALBA
                    [relation] => Son
                    [birthdate] => 2014-06-24
                    [age] => 11
                    [sex] => Male
                    [education] => 
                    [occupation] => 
                    [remarks] => 
                    [status] => active
                )

            [2] => Array
                (
                    [name] => JOHNRAY MONTALBA
                    [relation] => Son
                    [birthdate] => 2016-11-25
                    [age] => 9
                    [sex] => Male
                    [education] => 
                    [occupation] => 
                    [remarks] => 
                    [status] => active
                )

        )

)

DEBUG - 2026-04-06 10:36:27 --> Inserted resident ID: 172, Name: VANNESA MONTALBA
DEBUG - 2026-04-06 10:36:27 --> Inserted family member: LARAGEN MONTALBA
DEBUG - 2026-04-06 10:36:27 --> Inserted family member: JAYRELLE MONTALBA
DEBUG - 2026-04-06 10:36:27 --> Inserted family member: JOHNRAY MONTALBA
DEBUG - 2026-04-06 10:36:27 --> Checking row 2953: Array
(
    [0] => 
    [1] => 
    [2] => Department of Social Welfare and Development
    [3] => 
    [4] => 
    [5] => 
    [6] => 
    [7] => 
    [8] => 
    [9] => 
    [10] => 
    [11] => 
    [12] => 
    [13] => BENEFICIARY'S COPY
    [14] => 
    [15] => 
)

DEBUG - 2026-04-06 10:36:27 --> Checking row 2954: Array
(
    [0] => 
    [1] => 
    [2] => FAMILY ASSISTANCE CARD IN EMERGENCIES AND DISASTERS (FACED)
    [3] => 
    [4] => 
    [5] => 
    [6] => 
    [7] => 
    [8] => 
    [9] => 
    [10] => 
    [11] => 
    [12] => 
    [13] => SERIAL NUMBER: 0099
    [14] => 
    [15] => 
)

DEBUG - 2026-04-06 10:36:27 --> Checking row 2955: Array
(
    [0] => LOCATION OF THE AFFECTED FAMILY
    [1] => 
    [2] => 
    [3] => 
    [4] => 
    [5] => 
    [6] => 
    [7] => 
    [8] => 
    [9] => 
    [10] => 
    [11] => 
    [12] => 
    [13] => 
    [14] => 
    [15] => 
)

DEBUG - 2026-04-06 10:36:27 --> Checking row 2956: Array
(
    [0] => 1. REGION
REGION X
    [1] => 
    [2] => 
    [3] => 2. PROVINCE
CAMIGUIN
    [4] => 
    [5] => 
    [6] => 3. DISTRICT

    [7] => 
    [8] => 
    [9] => 4. CITY/MUNICIPALITY
MAMBAJAO
    [10] => 
    [11] => 
    [12] => 5. BARANGAY
POBLACION
    [13] => 
    [14] => 6. EVACUATION CENTER/SITE
CENTRAL SCHOOL
    [15] => 
)

DEBUG - 2026-04-06 10:36:27 --> Checking row 2957: Array
(
    [0] => 
    [1] => 
    [2] => 
    [3] => 
    [4] => 
    [5] => 
    [6] => 
    [7] => 
    [8] => 
    [9] => 
    [10] => 
    [11] => 
    [12] => 
    [13] => 
    [14] => 
    [15] => 
)

DEBUG - 2026-04-06 10:36:27 --> Checking row 2958: Array
(
    [0] => HEAD OF THE FAMILY
    [1] => 
    [2] => 
    [3] => 
    [4] => 
    [5] => 
    [6] => 
    [7] => 
    [8] => 
    [9] => 
    [10] => 
    [11] => 
    [12] => 
    [13] => 
    [14] => 
    [15] => 
)

DEBUG - 2026-04-06 10:36:27 --> Found 'HEAD OF THE FAMILY' at row 2958, column 0
DEBUG - 2026-04-06 10:36:27 --> parseFacedCard called with startRow: 2958
DEBUG - 2026-04-06 10:36:27 --> Found household_no: 0099
DEBUG - 2026-04-06 10:36:27 --> Family header at row 2967 → data from 2968
DEBUG - 2026-04-06 10:36:27 --> Family member: CHARLIE EBARLE
DEBUG - 2026-04-06 10:36:27 --> Family member: KING CHRIST EBARLE
DEBUG - 2026-04-06 10:36:27 --> Family member: QUEENLYE KAME
DEBUG - 2026-04-06 10:36:27 --> Family member: PRINCESS ANTONETTE SUL-ARON
DEBUG - 2026-04-06 10:36:27 --> Parsed: CONIE EBARLE | HH#: 0099 | Members: 4
DEBUG - 2026-04-06 10:36:27 --> Parsed resident data: Array
(
    [household_no] => 0099
    [region] => REGION X
    [province] => CAMIGUIN
    [district] => 
    [city_municipality] => MAMBAJAO
    [barangay] => POBLACION
    [evacuation_center] => CENTRAL SCHOOL
    [last_name] => EBARLE
    [civil_status] => Married
    [mother_maiden_name] => EVANGELINE BALOS
    [first_name] => CONIE
    [religion] => Roman Catholic
    [occupation] => Housewife
    [middle_name] => SUL-ARON
    [name_extension] => 
    [age] => 32
    [birthdate] => 1993-12-08
    [birthplace] => MAMBAJAO
    [sex] => Female
    [monthly_income] => 0
    [id_card_presented] => PHIL HEALTH
    [id_card_number] => 
    [contact_number] => 09513740018
    [house_no] => 
    [street] => Tapon
    [subdivision] => 
    [permanent_barangay] => Poblacion
    [permanent_city] => Mambajao
    [permanent_province] => Camiguin
    [zip_code] => 9100
    [is_4ps_beneficiary] => 1
    [vulnerable_older_persons] => 0
    [vulnerable_pregnant] => 0
    [vulnerable_lactating] => 0
    [vulnerable_pwd] => 0
    [ownership_status] => Owner
    [shelter_damage] => No Damage
    [registration_date] => 2026-03-30
    [data_privacy_consent] => 1
    [family_members] => Array
        (
            [0] => Array
                (
                    [name] => CHARLIE EBARLE
                    [relation] => Husband
                    [birthdate] => 1993-01-06
                    [age] => 33
                    [sex] => Male
                    [education] => ALS
                    [occupation] => Construction Worker
                    [remarks] => 
                    [status] => active
                )

            [1] => Array
                (
                    [name] => KING CHRIST EBARLE
                    [relation] => Son
                    [birthdate] => 2023-12-21
                    [age] => 2
                    [sex] => Male
                    [education] => 
                    [occupation] => 
                    [remarks] => 
                    [status] => active
                )

            [2] => Array
                (
                    [name] => QUEENLYE KAME
                    [relation] => Daughter
                    [birthdate] => 2015-05-02
                    [age] => 10
                    [sex] => Female
                    [education] => ELEMENTARY
                    [occupation] => Student
                    [remarks] => 
                    [status] => active
                )

            [3] => Array
                (
                    [name] => PRINCESS ANTONETTE SUL-ARON
                    [relation] => Daughter
                    [birthdate] => 2011-06-21
                    [age] => 14
                    [sex] => Female
                    [education] => HIGHSCHOOL
                    [occupation] => Student
                    [remarks] => 
                    [status] => active
                )

        )

)

DEBUG - 2026-04-06 10:36:27 --> Inserted resident ID: 173, Name: CONIE EBARLE
DEBUG - 2026-04-06 10:36:27 --> Inserted family member: CHARLIE EBARLE
DEBUG - 2026-04-06 10:36:27 --> Inserted family member: KING CHRIST EBARLE
DEBUG - 2026-04-06 10:36:27 --> Inserted family member: QUEENLYE KAME
DEBUG - 2026-04-06 10:36:27 --> Inserted family member: PRINCESS ANTONETTE SUL-ARON
DEBUG - 2026-04-06 10:36:27 --> Checking row 2983: Array
(
    [0] => 
    [1] => 
    [2] => Department of Social Welfare and Development
    [3] => 
    [4] => 
    [5] => 
    [6] => 
    [7] => 
    [8] => 
    [9] => 
    [10] => 
    [11] => 
    [12] => 
    [13] => BENEFICIARY'S COPY
    [14] => 
    [15] => 
)

DEBUG - 2026-04-06 10:36:27 --> Checking row 2984: Array
(
    [0] => 
    [1] => 
    [2] => FAMILY ASSISTANCE CARD IN EMERGENCIES AND DISASTERS (FACED)
    [3] => 
    [4] => 
    [5] => 
    [6] => 
    [7] => 
    [8] => 
    [9] => 
    [10] => 
    [11] => 
    [12] => 
    [13] => SERIAL NUMBER: 0100
    [14] => 
    [15] => 
)

DEBUG - 2026-04-06 10:36:27 --> Checking row 2985: Array
(
    [0] => LOCATION OF THE AFFECTED FAMILY
    [1] => 
    [2] => 
    [3] => 
    [4] => 
    [5] => 
    [6] => 
    [7] => 
    [8] => 
    [9] => 
    [10] => 
    [11] => 
    [12] => 
    [13] => 
    [14] => 
    [15] => 
)

DEBUG - 2026-04-06 10:36:27 --> Checking row 2986: Array
(
    [0] => 1. REGION
REGION X
    [1] => 
    [2] => 
    [3] => 2. PROVINCE
CAMIGUIN
    [4] => 
    [5] => 
    [6] => 3. DISTRICT

    [7] => 
    [8] => 
    [9] => 4. CITY/MUNICIPALITY
MAMBAJAO
    [10] => 
    [11] => 
    [12] => 5. BARANGAY
POBLACION
    [13] => 
    [14] => 6. EVACUATION CENTER/SITE
CENTRAL SCHOOL
    [15] => 
)

DEBUG - 2026-04-06 10:36:27 --> Checking row 2987: Array
(
    [0] => 
    [1] => 
    [2] => 
    [3] => 
    [4] => 
    [5] => 
    [6] => 
    [7] => 
    [8] => 
    [9] => 
    [10] => 
    [11] => 
    [12] => 
    [13] => 
    [14] => 
    [15] => 
)

DEBUG - 2026-04-06 10:36:27 --> Checking row 2988: Array
(
    [0] => HEAD OF THE FAMILY
    [1] => 
    [2] => 
    [3] => 
    [4] => 
    [5] => 
    [6] => 
    [7] => 
    [8] => 
    [9] => 
    [10] => 
    [11] => 
    [12] => 
    [13] => 
    [14] => 
    [15] => 
)

DEBUG - 2026-04-06 10:36:27 --> Found 'HEAD OF THE FAMILY' at row 2988, column 0
DEBUG - 2026-04-06 10:36:27 --> parseFacedCard called with startRow: 2988
DEBUG - 2026-04-06 10:36:27 --> Found household_no: 0100
DEBUG - 2026-04-06 10:36:27 --> Family header at row 2997 → data from 2998
DEBUG - 2026-04-06 10:36:27 --> Family member: JOHN GORGONIE EDON
DEBUG - 2026-04-06 10:36:27 --> Family member: HONEY GRACE EDON
DEBUG - 2026-04-06 10:36:27 --> Family member: KID JOHN EDON
DEBUG - 2026-04-06 10:36:27 --> Family member: ELJOHN EDON
DEBUG - 2026-04-06 10:36:27 --> Parsed: RECHELLE CABEGUIN | HH#: 0100 | Members: 4
DEBUG - 2026-04-06 10:36:27 --> Parsed resident data: Array
(
    [household_no] => 0100
    [region] => REGION X
    [province] => CAMIGUIN
    [district] => 
    [city_municipality] => MAMBAJAO
    [barangay] => POBLACION
    [evacuation_center] => CENTRAL SCHOOL
    [last_name] => CABEGUIN
    [civil_status] => Single
    [mother_maiden_name] => RUBINA TIRARIRAY
    [first_name] => RECHELLE
    [religion] => Roman Catholic
    [occupation] => Housewife
    [middle_name] => TIRARIRAY
    [name_extension] => 
    [age] => 29
    [birthdate] => 1996-09-21
    [birthplace] => CGH
    [sex] => Female
    [monthly_income] => 0
    [id_card_presented] => PHIL HEALTH
    [id_card_number] => 
    [contact_number] => 09359016880
    [house_no] => 
    [street] => Tapon
    [subdivision] => 
    [permanent_barangay] => Poblacion
    [permanent_city] => Mambajao
    [permanent_province] => Camiguin
    [zip_code] => 9100
    [is_4ps_beneficiary] => 0
    [vulnerable_older_persons] => 0
    [vulnerable_pregnant] => 0
    [vulnerable_lactating] => 0
    [vulnerable_pwd] => 0
    [ownership_status] => Owner
    [shelter_damage] => No Damage
    [registration_date] => 2026-03-30
    [data_privacy_consent] => 1
    [family_members] => Array
        (
            [0] => Array
                (
                    [name] => JOHN GORGONIE EDON
                    [relation] => Live In Partner
                    [birthdate] => 1988-05-09
                    [age] => 37
                    [sex] => Male
                    [education] => COLLEGE LEVEL
                    [occupation] => Driver
                    [remarks] => 
                    [status] => active
                )

            [1] => Array
                (
                    [name] => HONEY GRACE EDON
                    [relation] => Daughter
                    [birthdate] => 2013-06-14
                    [age] => 12
                    [sex] => Female
                    [education] => HIGHSCHOOL
                    [occupation] => Student
                    [remarks] => 
                    [status] => active
                )

            [2] => Array
                (
                    [name] => KID JOHN EDON
                    [relation] => Son
                    [birthdate] => 2021-01-01
                    [age] => 5
                    [sex] => Male
                    [education] => K1
                    [occupation] => Student
                    [remarks] => 
                    [status] => active
                )

            [3] => Array
                (
                    [name] => ELJOHN EDON
                    [relation] => Son
                    [birthdate] => 2023-01-26
                    [age] => 3
                    [sex] => Male
                    [education] => 
                    [occupation] => 
                    [remarks] => 
                    [status] => active
                )

        )

)

DEBUG - 2026-04-06 10:36:27 --> Inserted resident ID: 174, Name: RECHELLE CABEGUIN
DEBUG - 2026-04-06 10:36:27 --> Inserted family member: JOHN GORGONIE EDON
DEBUG - 2026-04-06 10:36:27 --> Inserted family member: HONEY GRACE EDON
DEBUG - 2026-04-06 10:36:27 --> Inserted family member: KID JOHN EDON
DEBUG - 2026-04-06 10:36:27 --> Inserted family member: ELJOHN EDON
DEBUG - 2026-04-06 10:36:27 --> Checking row 3013: Array
(
    [0] => 
    [1] => 
    [2] => Department of Social Welfare and Development
    [3] => 
    [4] => 
    [5] => 
    [6] => 
    [7] => 
    [8] => 
    [9] => 
    [10] => 
    [11] => 
    [12] => 
    [13] => BENEFICIARY'S COPY
    [14] => 
    [15] => 
)

DEBUG - 2026-04-06 10:36:27 --> Checking row 3014: Array
(
    [0] => 
    [1] => 
    [2] => FAMILY ASSISTANCE CARD IN EMERGENCIES AND DISASTERS (FACED)
    [3] => 
    [4] => 
    [5] => 
    [6] => 
    [7] => 
    [8] => 
    [9] => 
    [10] => 
    [11] => 
    [12] => 
    [13] => SERIAL NUMBER: 0101
    [14] => 
    [15] => 
)

DEBUG - 2026-04-06 10:36:27 --> Checking row 3015: Array
(
    [0] => LOCATION OF THE AFFECTED FAMILY
    [1] => 
    [2] => 
    [3] => 
    [4] => 
    [5] => 
    [6] => 
    [7] => 
    [8] => 
    [9] => 
    [10] => 
    [11] => 
    [12] => 
    [13] => 
    [14] => 
    [15] => 
)

DEBUG - 2026-04-06 10:36:27 --> Checking row 3016: Array
(
    [0] => 1. REGION

    [1] => 
    [2] => 
    [3] => 2. PROVINCE

    [4] => 
    [5] => 
    [6] => 3. DISTRICT

    [7] => 
    [8] => 
    [9] => 4. CITY/MUNICIPALITY

    [10] => 
    [11] => 
    [12] => 5. BARANGAY
.
    [13] => 
    [14] => 6. EVACUATION CENTER/SITE
CENTRAL SCHOOL
    [15] => 
)

DEBUG - 2026-04-06 10:36:27 --> Checking row 3017: Array
(
    [0] => 
    [1] => 
    [2] => 
    [3] => 
    [4] => 
    [5] => 
    [6] => 
    [7] => 
    [8] => 
    [9] => 
    [10] => 
    [11] => 
    [12] => 
    [13] => 
    [14] => 
    [15] => 
)

DEBUG - 2026-04-06 10:36:27 --> Checking row 3018: Array
(
    [0] => HEAD OF THE FAMILY
    [1] => 
    [2] => 
    [3] => 
    [4] => 
    [5] => 
    [6] => 
    [7] => 
    [8] => 
    [9] => 
    [10] => 
    [11] => 
    [12] => 
    [13] => 
    [14] => 
    [15] => 
)

DEBUG - 2026-04-06 10:36:27 --> Found 'HEAD OF THE FAMILY' at row 3018, column 0
DEBUG - 2026-04-06 10:36:27 --> parseFacedCard called with startRow: 3018
DEBUG - 2026-04-06 10:36:27 --> Found household_no: 0101
DEBUG - 2026-04-06 10:36:27 --> Family header at row 3027 → data from 3028
DEBUG - 2026-04-06 10:36:27 --> Family member: JIMME SAMONTE
DEBUG - 2026-04-06 10:36:27 --> Family member: ROWENA GRADO
DEBUG - 2026-04-06 10:36:27 --> Family member: JHIMWEN DONAX
DEBUG - 2026-04-06 10:36:27 --> Family member: JENELLE CRISTA SAMONTE
DEBUG - 2026-04-06 10:36:27 --> Parsed: SHERWEN SAMONTE | HH#: 0101 | Members: 4
DEBUG - 2026-04-06 10:36:27 --> Parsed resident data: Array
(
    [household_no] => 0101
    [region] => 
    [province] => 
    [district] => 
    [city_municipality] => 
    [barangay] => .
    [evacuation_center] => CENTRAL SCHOOL
    [last_name] => SAMONTE
    [civil_status] => Single
    [mother_maiden_name] => ROWENA BOLO
    [first_name] => SHERWEN
    [religion] => Catholic
    [occupation] => Student
    [middle_name] => GRADO
    [name_extension] => 
    [age] => 19
    [birthdate] => 2006-11-18
    [birthplace] => MAMBAJAO
    [sex] => Male
    [monthly_income] => 0
    [id_card_presented] => DRIVER'S LICENSE
    [id_card_number] => 
    [contact_number] => 09105367114
    [house_no] => 
    [street] => Tapon
    [subdivision] => 
    [permanent_barangay] => Poblacion
    [permanent_city] => Mambajao
    [permanent_province] => Camiguin
    [zip_code] => 9100
    [is_4ps_beneficiary] => 0
    [vulnerable_older_persons] => 0
    [vulnerable_pregnant] => 0
    [vulnerable_lactating] => 0
    [vulnerable_pwd] => 0
    [ownership_status] => Owner
    [shelter_damage] => No Damage
    [registration_date] => 2026-03-30
    [data_privacy_consent] => 1
    [family_members] => Array
        (
            [0] => Array
                (
                    [name] => JIMME SAMONTE
                    [relation] => Father
                    [birthdate] => 1972-12-21
                    [age] => 53
                    [sex] => Male
                    [education] => COLLEGE LEVEL
                    [occupation] => Business
                    [remarks] => 20000
                    [status] => active
                )

            [1] => Array
                (
                    [name] => ROWENA GRADO
                    [relation] => Mother
                    [birthdate] => 1979-03-14
                    [age] => 47
                    [sex] => Female
                    [education] => HIGHSCHOOL GRADUATE
                    [occupation] => 
                    [remarks] => 
                    [status] => active
                )

            [2] => Array
                (
                    [name] => JHIMWEN DONAX
                    [relation] => Brother
                    [birthdate] => 2005-06-17
                    [age] => 20
                    [sex] => Male
                    [education] => GRADE 12
                    [occupation] => Student
                    [remarks] => 
                    [status] => active
                )

            [3] => Array
                (
                    [name] => JENELLE CRISTA SAMONTE
                    [relation] => Sister
                    [birthdate] => 2010-12-26
                    [age] => 15
                    [sex] => Female
                    [education] => GRADE 9
                    [occupation] => Student
                    [remarks] => 
                    [status] => active
                )

        )

)

DEBUG - 2026-04-06 10:36:27 --> Inserted resident ID: 175, Name: SHERWEN SAMONTE
DEBUG - 2026-04-06 10:36:27 --> Inserted family member: JIMME SAMONTE
DEBUG - 2026-04-06 10:36:27 --> Inserted family member: ROWENA GRADO
DEBUG - 2026-04-06 10:36:27 --> Inserted family member: JHIMWEN DONAX
DEBUG - 2026-04-06 10:36:27 --> Inserted family member: JENELLE CRISTA SAMONTE
DEBUG - 2026-04-06 10:36:27 --> Checking row 3043: Array
(
    [0] => 
    [1] => 
    [2] => Department of Social Welfare and Development
    [3] => 
    [4] => 
    [5] => 
    [6] => 
    [7] => 
    [8] => 
    [9] => 
    [10] => 
    [11] => 
    [12] => 
    [13] => BENEFICIARY'S COPY
    [14] => 
    [15] => 
)

DEBUG - 2026-04-06 10:36:27 --> Checking row 3044: Array
(
    [0] => 
    [1] => 
    [2] => FAMILY ASSISTANCE CARD IN EMERGENCIES AND DISASTERS (FACED)
    [3] => 
    [4] => 
    [5] => 
    [6] => 
    [7] => 
    [8] => 
    [9] => 
    [10] => 
    [11] => 
    [12] => 
    [13] => SERIAL NUMBER: 0102
    [14] => 
    [15] => 
)

DEBUG - 2026-04-06 10:36:27 --> Checking row 3045: Array
(
    [0] => LOCATION OF THE AFFECTED FAMILY
    [1] => 
    [2] => 
    [3] => 
    [4] => 
    [5] => 
    [6] => 
    [7] => 
    [8] => 
    [9] => 
    [10] => 
    [11] => 
    [12] => 
    [13] => 
    [14] => 
    [15] => 
)

DEBUG - 2026-04-06 10:36:27 --> Checking row 3046: Array
(
    [0] => 1. REGION

    [1] => 
    [2] => 
    [3] => 2. PROVINCE

    [4] => 
    [5] => 
    [6] => 3. DISTRICT

    [7] => 
    [8] => 
    [9] => 4. CITY/MUNICIPALITY

    [10] => 
    [11] => 
    [12] => 5. BARANGAY
.
    [13] => 
    [14] => 6. EVACUATION CENTER/SITE
CENTRAL SCHOOL
    [15] => 
)

DEBUG - 2026-04-06 10:36:27 --> Checking row 3047: Array
(
    [0] => 
    [1] => 
    [2] => 
    [3] => 
    [4] => 
    [5] => 
    [6] => 
    [7] => 
    [8] => 
    [9] => 
    [10] => 
    [11] => 
    [12] => 
    [13] => 
    [14] => 
    [15] => 
)

DEBUG - 2026-04-06 10:36:27 --> Checking row 3048: Array
(
    [0] => HEAD OF THE FAMILY
    [1] => 
    [2] => 
    [3] => 
    [4] => 
    [5] => 
    [6] => 
    [7] => 
    [8] => 
    [9] => 
    [10] => 
    [11] => 
    [12] => 
    [13] => 
    [14] => 
    [15] => 
)

DEBUG - 2026-04-06 10:36:27 --> Found 'HEAD OF THE FAMILY' at row 3048, column 0
DEBUG - 2026-04-06 10:36:27 --> parseFacedCard called with startRow: 3048
DEBUG - 2026-04-06 10:36:27 --> Found household_no: 0102
DEBUG - 2026-04-06 10:36:27 --> Family header at row 3057 → data from 3058
DEBUG - 2026-04-06 10:36:27 --> Family member: PHEA PACULANAN
DEBUG - 2026-04-06 10:36:27 --> Family member: ALEXA PACULANAN
DEBUG - 2026-04-06 10:36:27 --> Parsed: JYARDY PACULANAN | HH#: 0102 | Members: 2
DEBUG - 2026-04-06 10:36:27 --> Parsed resident data: Array
(
    [household_no] => 0102
    [region] => 
    [province] => 
    [district] => 
    [city_municipality] => 
    [barangay] => .
    [evacuation_center] => CENTRAL SCHOOL
    [last_name] => PACULANAN
    [civil_status] => Single
    [mother_maiden_name] => SUSAN ANGGA
    [first_name] => JYARDY
    [religion] => Catholic
    [occupation] => 
    [middle_name] => PANGKIHAY
    [name_extension] => 
    [age] => 33
    [birthdate] => 1992-06-19
    [birthplace] => CLAVERIA
    [sex] => Male
    [monthly_income] => 10000
    [id_card_presented] => DRIVER'S LICENSE
    [id_card_number] => 
    [contact_number] => 09534718663
    [house_no] => 
    [street] => Boloc
    [subdivision] => Boloc
    [permanent_barangay] => Poblacion
    [permanent_city] => Mambajao
    [permanent_province] => Camiguin
    [zip_code] => 9100
    [is_4ps_beneficiary] => 0
    [vulnerable_older_persons] => 0
    [vulnerable_pregnant] => 0
    [vulnerable_lactating] => 0
    [vulnerable_pwd] => 0
    [ownership_status] => Owner
    [shelter_damage] => No Damage
    [registration_date] => 2026-03-30
    [data_privacy_consent] => 1
    [family_members] => Array
        (
            [0] => Array
                (
                    [name] => PHEA PACULANAN
                    [relation] => Daughter
                    [birthdate] => 2019-02-17
                    [age] => 7
                    [sex] => Female
                    [education] => GRADE 1
                    [occupation] => Student
                    [remarks] => 
                    [status] => active
                )

            [1] => Array
                (
                    [name] => ALEXA PACULANAN
                    [relation] => Daughter
                    [birthdate] => 2022-12-24
                    [age] => 3
                    [sex] => Female
                    [education] => 
                    [occupation] => 
                    [remarks] => 
                    [status] => active
                )

        )

)

DEBUG - 2026-04-06 10:36:27 --> Inserted resident ID: 176, Name: JYARDY PACULANAN
DEBUG - 2026-04-06 10:36:27 --> Inserted family member: PHEA PACULANAN
DEBUG - 2026-04-06 10:36:27 --> Inserted family member: ALEXA PACULANAN
DEBUG - 2026-04-06 10:36:27 --> Checking row 3073: Array
(
    [0] => 
    [1] => 
    [2] => Department of Social Welfare and Development
    [3] => 
    [4] => 
    [5] => 
    [6] => 
    [7] => 
    [8] => 
    [9] => 
    [10] => 
    [11] => 
    [12] => 
    [13] => BENEFICIARY'S COPY
    [14] => 
    [15] => 
)

DEBUG - 2026-04-06 10:36:27 --> Checking row 3074: Array
(
    [0] => 
    [1] => 
    [2] => FAMILY ASSISTANCE CARD IN EMERGENCIES AND DISASTERS (FACED)
    [3] => 
    [4] => 
    [5] => 
    [6] => 
    [7] => 
    [8] => 
    [9] => 
    [10] => 
    [11] => 
    [12] => 
    [13] => SERIAL NUMBER: 0103
    [14] => 
    [15] => 
)

DEBUG - 2026-04-06 10:36:27 --> Checking row 3075: Array
(
    [0] => LOCATION OF THE AFFECTED FAMILY
    [1] => 
    [2] => 
    [3] => 
    [4] => 
    [5] => 
    [6] => 
    [7] => 
    [8] => 
    [9] => 
    [10] => 
    [11] => 
    [12] => 
    [13] => 
    [14] => 
    [15] => 
)

DEBUG - 2026-04-06 10:36:27 --> Checking row 3076: Array
(
    [0] => 1. REGION

    [1] => 
    [2] => 
    [3] => 2. PROVINCE

    [4] => 
    [5] => 
    [6] => 3. DISTRICT

    [7] => 
    [8] => 
    [9] => 4. CITY/MUNICIPALITY

    [10] => 
    [11] => 
    [12] => 5. BARANGAY
.
    [13] => 
    [14] => 6. EVACUATION CENTER/SITE
CENTRAL SCHOOL
    [15] => 
)

DEBUG - 2026-04-06 10:36:27 --> Checking row 3077: Array
(
    [0] => 
    [1] => 
    [2] => 
    [3] => 
    [4] => 
    [5] => 
    [6] => 
    [7] => 
    [8] => 
    [9] => 
    [10] => 
    [11] => 
    [12] => 
    [13] => 
    [14] => 
    [15] => 
)

DEBUG - 2026-04-06 10:36:27 --> Checking row 3078: Array
(
    [0] => HEAD OF THE FAMILY
    [1] => 
    [2] => 
    [3] => 
    [4] => 
    [5] => 
    [6] => 
    [7] => 
    [8] => 
    [9] => 
    [10] => 
    [11] => 
    [12] => 
    [13] => 
    [14] => 
    [15] => 
)

DEBUG - 2026-04-06 10:36:27 --> Found 'HEAD OF THE FAMILY' at row 3078, column 0
DEBUG - 2026-04-06 10:36:27 --> parseFacedCard called with startRow: 3078
DEBUG - 2026-04-06 10:36:27 --> Found household_no: 0103
DEBUG - 2026-04-06 10:36:27 --> Family header at row 3087 → data from 3088
DEBUG - 2026-04-06 10:36:27 --> Family member: SUSAN T. PACULANAN
DEBUG - 2026-04-06 10:36:27 --> Family member: OSHYN MAE T. PACULANAN
DEBUG - 2026-04-06 10:36:27 --> Family member: JOBERT T. PACULANAN
DEBUG - 2026-04-06 10:36:27 --> Family member: ICONVIENUS T. PACULANAN
DEBUG - 2026-04-06 10:36:27 --> Family member: ROSE JANE T. PACULANAN
DEBUG - 2026-04-06 10:36:27 --> Parsed: JOSEPH PACULANAN | HH#: 0103 | Members: 5
DEBUG - 2026-04-06 10:36:27 --> Parsed resident data: Array
(
    [household_no] => 0103
    [region] => 
    [province] => 
    [district] => 
    [city_municipality] => 
    [barangay] => .
    [evacuation_center] => CENTRAL SCHOOL
    [last_name] => PACULANAN
    [civil_status] => Married
    [mother_maiden_name] => DECEASED
    [first_name] => JOSEPH
    [religion] => Catholic
    [occupation] => Utility Worker
    [middle_name] => EBDAS
    [name_extension] => 
    [age] => 60
    [birthdate] => 1966-01-14
    [birthplace] => SAGAY
    [sex] => Male
    [monthly_income] => 10000
    [id_card_presented] => NATIONAL ID
    [id_card_number] => 
    [contact_number] => 09676146057
    [house_no] => 
    [street] => Boloc
    [subdivision] => Boloc
    [permanent_barangay] => Poblacion
    [permanent_city] => Mambajao
    [permanent_province] => Camiguin
    [zip_code] => 9100
    [is_4ps_beneficiary] => 0
    [vulnerable_older_persons] => 0
    [vulnerable_pregnant] => 0
    [vulnerable_lactating] => 0
    [vulnerable_pwd] => 0
    [ownership_status] => Owner
    [shelter_damage] => No Damage
    [registration_date] => 2026-03-30
    [data_privacy_consent] => 1
    [family_members] => Array
        (
            [0] => Array
                (
                    [name] => SUSAN T. PACULANAN
                    [relation] => Wife
                    [birthdate] => 1972-10-25
                    [age] => 53
                    [sex] => Female
                    [education] => HIGHSCHOOL LEVEL
                    [occupation] => On-call Lubelles
                    [remarks] => 5000
                    [status] => active
                )

            [1] => Array
                (
                    [name] => OSHYN MAE T. PACULANAN
                    [relation] => Daughter
                    [birthdate] => 2000-05-04
                    [age] => 25
                    [sex] => Female
                    [education] => COLLEGE GRADUATE
                    [occupation] => 
                    [remarks] => 
                    [status] => active
                )

            [2] => Array
                (
                    [name] => JOBERT T. PACULANAN
                    [relation] => Son
                    [birthdate] => 2005-05-15
                    [age] => 20
                    [sex] => Male
                    [education] => SECOND YEAR COLLEGE
                    [occupation] => Student
                    [remarks] => 
                    [status] => active
                )

            [3] => Array
                (
                    [name] => ICONVIENUS T. PACULANAN
                    [relation] => Daughter
                    [birthdate] => 2010-05-16
                    [age] => 15
                    [sex] => Female
                    [education] => GRADE 10
                    [occupation] => Student
                    [remarks] => 
                    [status] => active
                )

            [4] => Array
                (
                    [name] => ROSE JANE T. PACULANAN
                    [relation] => Daughter
                    [birthdate] => 2011-10-07
                    [age] => 14
                    [sex] => Female
                    [education] => GRADE 8
                    [occupation] => Student
                    [remarks] => 
                    [status] => active
                )

        )

)

DEBUG - 2026-04-06 10:36:27 --> Inserted resident ID: 177, Name: JOSEPH PACULANAN
DEBUG - 2026-04-06 10:36:27 --> Inserted family member: SUSAN T. PACULANAN
DEBUG - 2026-04-06 10:36:27 --> Inserted family member: OSHYN MAE T. PACULANAN
DEBUG - 2026-04-06 10:36:27 --> Inserted family member: JOBERT T. PACULANAN
DEBUG - 2026-04-06 10:36:27 --> Inserted family member: ICONVIENUS T. PACULANAN
DEBUG - 2026-04-06 10:36:27 --> Inserted family member: ROSE JANE T. PACULANAN
DEBUG - 2026-04-06 10:36:27 --> Checking row 3103: Array
(
    [0] => 
    [1] => 
    [2] => Department of Social Welfare and Development
    [3] => 
    [4] => 
    [5] => 
    [6] => 
    [7] => 
    [8] => 
    [9] => 
    [10] => 
    [11] => 
    [12] => 
    [13] => BENEFICIARY'S COPY
    [14] => 
    [15] => 
)

DEBUG - 2026-04-06 10:36:27 --> Checking row 3104: Array
(
    [0] => 
    [1] => 
    [2] => FAMILY ASSISTANCE CARD IN EMERGENCIES AND DISASTERS (FACED)
    [3] => 
    [4] => 
    [5] => 
    [6] => 
    [7] => 
    [8] => 
    [9] => 
    [10] => 
    [11] => 
    [12] => 
    [13] => SERIAL NUMBER: 0104
    [14] => 
    [15] => 
)

DEBUG - 2026-04-06 10:36:27 --> Checking row 3105: Array
(
    [0] => LOCATION OF THE AFFECTED FAMILY
    [1] => 
    [2] => 
    [3] => 
    [4] => 
    [5] => 
    [6] => 
    [7] => 
    [8] => 
    [9] => 
    [10] => 
    [11] => 
    [12] => 
    [13] => 
    [14] => 
    [15] => 
)

DEBUG - 2026-04-06 10:36:27 --> Checking row 3106: Array
(
    [0] => 1. REGION
REGION X
    [1] => 
    [2] => 
    [3] => 2. PROVINCE
CAMIGUIN
    [4] => 
    [5] => 
    [6] => 3. DISTRICT

    [7] => 
    [8] => 
    [9] => 4. CITY/MUNICIPALITY
MAMBAJAO
    [10] => 
    [11] => 
    [12] => 5. BARANGAY
BUG-ONG
    [13] => 
    [14] => 6. EVACUATION CENTER/SITE
BUG-ONG ELEMENTARY SCHOOL
    [15] => 
)

DEBUG - 2026-04-06 10:36:27 --> Checking row 3107: Array
(
    [0] => 
    [1] => 
    [2] => 
    [3] => 
    [4] => 
    [5] => 
    [6] => 
    [7] => 
    [8] => 
    [9] => 
    [10] => 
    [11] => 
    [12] => 
    [13] => 
    [14] => 
    [15] => 
)

DEBUG - 2026-04-06 10:36:27 --> Checking row 3108: Array
(
    [0] => HEAD OF THE FAMILY
    [1] => 
    [2] => 
    [3] => 
    [4] => 
    [5] => 
    [6] => 
    [7] => 
    [8] => 
    [9] => 
    [10] => 
    [11] => 
    [12] => 
    [13] => 
    [14] => 
    [15] => 
)

DEBUG - 2026-04-06 10:36:27 --> Found 'HEAD OF THE FAMILY' at row 3108, column 0
DEBUG - 2026-04-06 10:36:27 --> parseFacedCard called with startRow: 3108
DEBUG - 2026-04-06 10:36:27 --> Found household_no: 0104
DEBUG - 2026-04-06 10:36:27 --> Family header at row 3117 → data from 3118
DEBUG - 2026-04-06 10:36:27 --> Family member: MACAS, REYJAN
DEBUG - 2026-04-06 10:36:27 --> Parsed: AURELIA MACAS | HH#: 0104 | Members: 1
DEBUG - 2026-04-06 10:36:27 --> Parsed resident data: Array
(
    [household_no] => 0104
    [region] => REGION X
    [province] => CAMIGUIN
    [district] => 
    [city_municipality] => MAMBAJAO
    [barangay] => BUG-ONG
    [evacuation_center] => BUG-ONG ELEMENTARY SCHOOL
    [last_name] => MACAS
    [civil_status] => Single
    [mother_maiden_name] => ROSITA GAHOT LOPECILLO
    [first_name] => AURELIA
    [religion] => Roman Catholic
    [occupation] => Sales Lady
    [middle_name] => LOPECILLO
    [name_extension] => 
    [age] => 56
    [birthplace] => MAMBAJAO CAMIGUIN
    [sex] => Female
    [monthly_income] => 0
    [id_card_presented] => 
    [id_card_number] => 
    [is_4ps_beneficiary] => 0
    [vulnerable_older_persons] => 0
    [vulnerable_pregnant] => 0
    [vulnerable_lactating] => 0
    [vulnerable_pwd] => 0
    [ownership_status] => Owner
    [shelter_damage] => No Damage
    [registration_date] => 2026-04-06
    [data_privacy_consent] => 1
    [contact_number] => 
    [family_members] => Array
        (
            [0] => Array
                (
                    [name] => MACAS, REYJAN
                    [relation] => Son
                    [birthdate] => 
                    [age] => 0
                    [sex] => Male
                    [education] => 
                    [occupation] => Job Order
                    [remarks] => 
                    [status] => active
                )

        )

)

DEBUG - 2026-04-06 10:36:27 --> Inserted resident ID: 178, Name: AURELIA MACAS
DEBUG - 2026-04-06 10:36:27 --> Inserted family member: MACAS, REYJAN
DEBUG - 2026-04-06 10:36:27 --> Checking row 3133: Array
(
    [0] => 
    [1] => 
    [2] => Department of Social Welfare and Development
    [3] => 
    [4] => 
    [5] => 
    [6] => 
    [7] => 
    [8] => 
    [9] => 
    [10] => 
    [11] => 
    [12] => 
    [13] => BENEFICIARY'S COPY
    [14] => 
    [15] => 
)

DEBUG - 2026-04-06 10:36:27 --> Checking row 3134: Array
(
    [0] => 
    [1] => 
    [2] => FAMILY ASSISTANCE CARD IN EMERGENCIES AND DISASTERS (FACED)
    [3] => 
    [4] => 
    [5] => 
    [6] => 
    [7] => 
    [8] => 
    [9] => 
    [10] => 
    [11] => 
    [12] => 
    [13] => SERIAL NUMBER: 0105
    [14] => 
    [15] => 
)

DEBUG - 2026-04-06 10:36:27 --> Checking row 3135: Array
(
    [0] => LOCATION OF THE AFFECTED FAMILY
    [1] => 
    [2] => 
    [3] => 
    [4] => 
    [5] => 
    [6] => 
    [7] => 
    [8] => 
    [9] => 
    [10] => 
    [11] => 
    [12] => 
    [13] => 
    [14] => 
    [15] => 
)

DEBUG - 2026-04-06 10:36:27 --> Checking row 3136: Array
(
    [0] => 1. REGION
REGION X
    [1] => 
    [2] => 
    [3] => 2. PROVINCE
CAMIGUIN
    [4] => 
    [5] => 
    [6] => 3. DISTRICT

    [7] => 
    [8] => 
    [9] => 4. CITY/MUNICIPALITY
MAMBAJAO
    [10] => 
    [11] => 
    [12] => 5. BARANGAY
BUG-ONG
    [13] => 
    [14] => 6. EVACUATION CENTER/SITE
BUG-ONG ELEMENTARY SCHOOL
    [15] => 
)

DEBUG - 2026-04-06 10:36:27 --> Checking row 3137: Array
(
    [0] => 
    [1] => 
    [2] => 
    [3] => 
    [4] => 
    [5] => 
    [6] => 
    [7] => 
    [8] => 
    [9] => 
    [10] => 
    [11] => 
    [12] => 
    [13] => 
    [14] => 
    [15] => 
)

DEBUG - 2026-04-06 10:36:27 --> Checking row 3138: Array
(
    [0] => HEAD OF THE FAMILY
    [1] => 
    [2] => 
    [3] => 
    [4] => 
    [5] => 
    [6] => 
    [7] => 
    [8] => 
    [9] => 
    [10] => 
    [11] => 
    [12] => 
    [13] => 
    [14] => 
    [15] => 
)

DEBUG - 2026-04-06 10:36:27 --> Found 'HEAD OF THE FAMILY' at row 3138, column 0
DEBUG - 2026-04-06 10:36:27 --> parseFacedCard called with startRow: 3138
DEBUG - 2026-04-06 10:36:27 --> Found household_no: 0105
DEBUG - 2026-04-06 10:36:27 --> Family header at row 3147 → data from 3148
DEBUG - 2026-04-06 10:36:27 --> Family member: TAGOD, EDILLOS JR.
DEBUG - 2026-04-06 10:36:27 --> Family member: TAGOD, ELI MCAIDEN
DEBUG - 2026-04-06 10:36:27 --> Family member: CABILIN, LOREJUN
DEBUG - 2026-04-06 10:36:27 --> Parsed: CLAUDINE CABILIN | HH#: 0105 | Members: 3
DEBUG - 2026-04-06 10:36:27 --> Parsed resident data: Array
(
    [household_no] => 0105
    [region] => REGION X
    [province] => CAMIGUIN
    [district] => 
    [city_municipality] => MAMBAJAO
    [barangay] => BUG-ONG
    [evacuation_center] => BUG-ONG ELEMENTARY SCHOOL
    [last_name] => CABILIN
    [civil_status] => Single
    [mother_maiden_name] => ZENAIDA LOPECILLO MACAS
    [first_name] => CLAUDINE
    [religion] => Roman Catholic
    [occupation] => Housekeeper
    [middle_name] => MACAS
    [name_extension] => 
    [age] => 0
    [birthplace] => MAMBAJAO CAMIGUIN
    [sex] => Female
    [monthly_income] => 0
    [id_card_presented] => 
    [id_card_number] => 
    [house_no] => 
    [street] => Purok
    [subdivision] => 2
    [permanent_barangay] => Bug-ong
    [permanent_city] => Mambajao
    [permanent_province] => Camiguin
    [zip_code] => 9100
    [is_4ps_beneficiary] => 0
    [vulnerable_older_persons] => 0
    [vulnerable_pregnant] => 0
    [vulnerable_lactating] => 0
    [vulnerable_pwd] => 0
    [ownership_status] => Owner
    [shelter_damage] => No Damage
    [registration_date] => 2026-04-06
    [data_privacy_consent] => 1
    [contact_number] => 
    [family_members] => Array
        (
            [0] => Array
                (
                    [name] => TAGOD, EDILLOS JR.
                    [relation] => Partner
                    [birthdate] => 
                    [age] => 0
                    [sex] => Male
                    [education] => 
                    [occupation] => Carpenter
                    [remarks] => 
                    [status] => active
                )

            [1] => Array
                (
                    [name] => TAGOD, ELI MCAIDEN
                    [relation] => Son
                    [birthdate] => 
                    [age] => 0
                    [sex] => Male
                    [education] => 
                    [occupation] => Infant
                    [remarks] => 
                    [status] => active
                )

            [2] => Array
                (
                    [name] => CABILIN, LOREJUN
                    [relation] => Brother
                    [birthdate] => 
                    [age] => 0
                    [sex] => Male
                    [education] => 
                    [occupation] => 
                    [remarks] => 
                    [status] => active
                )

        )

)

DEBUG - 2026-04-06 10:36:27 --> Inserted resident ID: 179, Name: CLAUDINE CABILIN
DEBUG - 2026-04-06 10:36:27 --> Inserted family member: TAGOD, EDILLOS JR.
DEBUG - 2026-04-06 10:36:27 --> Inserted family member: TAGOD, ELI MCAIDEN
DEBUG - 2026-04-06 10:36:27 --> Inserted family member: CABILIN, LOREJUN
DEBUG - 2026-04-06 10:36:27 --> Checking row 3163: Array
(
    [0] => 
    [1] => 
    [2] => Department of Social Welfare and Development
    [3] => 
    [4] => 
    [5] => 
    [6] => 
    [7] => 
    [8] => 
    [9] => 
    [10] => 
    [11] => 
    [12] => 
    [13] => BENEFICIARY'S COPY
    [14] => 
    [15] => 
)

DEBUG - 2026-04-06 10:36:27 --> Checking row 3164: Array
(
    [0] => 
    [1] => 
    [2] => FAMILY ASSISTANCE CARD IN EMERGENCIES AND DISASTERS (FACED)
    [3] => 
    [4] => 
    [5] => 
    [6] => 
    [7] => 
    [8] => 
    [9] => 
    [10] => 
    [11] => 
    [12] => 
    [13] => SERIAL NUMBER: 0106
    [14] => 
    [15] => 
)

DEBUG - 2026-04-06 10:36:27 --> Checking row 3165: Array
(
    [0] => LOCATION OF THE AFFECTED FAMILY
    [1] => 
    [2] => 
    [3] => 
    [4] => 
    [5] => 
    [6] => 
    [7] => 
    [8] => 
    [9] => 
    [10] => 
    [11] => 
    [12] => 
    [13] => 
    [14] => 
    [15] => 
)

DEBUG - 2026-04-06 10:36:27 --> Checking row 3166: Array
(
    [0] => 1. REGION
10
    [1] => 
    [2] => 
    [3] => 2. PROVINCE
CAMIGUIN
    [4] => 
    [5] => 
    [6] => 3. DISTRICT

    [7] => 
    [8] => 
    [9] => 4. CITY/MUNICIPALITY
MAM BAJAO
    [10] => 
    [11] => 
    [12] => 5. BARANGAY
POBLACION
    [13] => 
    [14] => 6. EVACUATION CENTER/SITE
LAKAS
    [15] => 
)

DEBUG - 2026-04-06 10:36:27 --> Checking row 3167: Array
(
    [0] => 
    [1] => 
    [2] => 
    [3] => 
    [4] => 
    [5] => 
    [6] => 
    [7] => 
    [8] => 
    [9] => 
    [10] => 
    [11] => 
    [12] => 
    [13] => 
    [14] => 
    [15] => 
)

DEBUG - 2026-04-06 10:36:27 --> Checking row 3168: Array
(
    [0] => HEAD OF THE FAMILY
    [1] => 
    [2] => 
    [3] => 
    [4] => 
    [5] => 
    [6] => 
    [7] => 
    [8] => 
    [9] => 
    [10] => 
    [11] => 
    [12] => 
    [13] => 
    [14] => 
    [15] => 
)

DEBUG - 2026-04-06 10:36:27 --> Found 'HEAD OF THE FAMILY' at row 3168, column 0
DEBUG - 2026-04-06 10:36:27 --> parseFacedCard called with startRow: 3168
DEBUG - 2026-04-06 10:36:27 --> Found household_no: 0106
DEBUG - 2026-04-06 10:36:27 --> Family header at row 3177 → data from 3178
DEBUG - 2026-04-06 10:36:27 --> Family member: LEXXI RAMOSO
DEBUG - 2026-04-06 10:36:27 --> Family member: RE HERBULARIO
DEBUG - 2026-04-06 10:36:27 --> Family member: RESJAN DOSDOS
DEBUG - 2026-04-06 10:36:27 --> Parsed: JANIA DOSDOS | HH#: 0106 | Members: 3
DEBUG - 2026-04-06 10:36:27 --> Parsed resident data: Array
(
    [household_no] => 0106
    [region] => 10
    [province] => CAMIGUIN
    [district] => 
    [city_municipality] => MAM BAJAO
    [barangay] => POBLACION
    [evacuation_center] => LAKAS
    [last_name] => DOSDOS
    [civil_status] => Single
    [mother_maiden_name] => NOGAS
    [first_name] => JANIA
    [religion] => Roman Catholic
    [occupation] => House Wife
    [middle_name] => LEGUIGAN
    [name_extension] => 
    [age] => 36
    [birthdate] => 1989-07-05
    [birthplace] => DIPOLOG
    [sex] => Female
    [monthly_income] => 0
    [id_card_presented] => 
    [id_card_number] => 
    [contact_number] => 09656800430
    [house_no] => 
    [street] => 
    [subdivision] => 
    [permanent_barangay] => Poblacion
    [permanent_city] => Mambajao
    [permanent_province] => Camiguin
    [zip_code] => 9100
    [is_4ps_beneficiary] => 0
    [vulnerable_older_persons] => 0
    [vulnerable_pregnant] => 0
    [vulnerable_lactating] => 0
    [vulnerable_pwd] => 0
    [ownership_status] => Owner
    [shelter_damage] => No Damage
    [registration_date] => 2026-04-06
    [data_privacy_consent] => 1
    [family_members] => Array
        (
            [0] => Array
                (
                    [name] => LEXXI RAMOSO
                    [relation] => Daughter
                    [birthdate] => 
                    [age] => 0
                    [sex] => Female
                    [education] => 
                    [occupation] => 
                    [remarks] => 
                    [status] => active
                )

            [1] => Array
                (
                    [name] => RE HERBULARIO
                    [relation] => Live-in Partner
                    [birthdate] => 
                    [age] => 0
                    [sex] => Male
                    [education] => 
                    [occupation] => 
                    [remarks] => 
                    [status] => active
                )

            [2] => Array
                (
                    [name] => RESJAN DOSDOS
                    [relation] => Son
                    [birthdate] => 
                    [age] => 0
                    [sex] => Male
                    [education] => 
                    [occupation] => 
                    [remarks] => 
                    [status] => active
                )

        )

)

DEBUG - 2026-04-06 10:36:27 --> Inserted resident ID: 180, Name: JANIA DOSDOS
DEBUG - 2026-04-06 10:36:27 --> Inserted family member: LEXXI RAMOSO
DEBUG - 2026-04-06 10:36:27 --> Inserted family member: RE HERBULARIO
DEBUG - 2026-04-06 10:36:27 --> Inserted family member: RESJAN DOSDOS
DEBUG - 2026-04-06 10:36:27 --> Checking row 3193: Array
(
    [0] => 
    [1] => 
    [2] => Department of Social Welfare and Development
    [3] => 
    [4] => 
    [5] => 
    [6] => 
    [7] => 
    [8] => 
    [9] => 
    [10] => 
    [11] => 
    [12] => 
    [13] => BENEFICIARY'S COPY
    [14] => 
    [15] => 
)

DEBUG - 2026-04-06 10:36:27 --> Checking row 3194: Array
(
    [0] => 
    [1] => 
    [2] => FAMILY ASSISTANCE CARD IN EMERGENCIES AND DISASTERS (FACED)
    [3] => 
    [4] => 
    [5] => 
    [6] => 
    [7] => 
    [8] => 
    [9] => 
    [10] => 
    [11] => 
    [12] => 
    [13] => SERIAL NUMBER: 0107
    [14] => 
    [15] => 
)

DEBUG - 2026-04-06 10:36:27 --> Checking row 3195: Array
(
    [0] => LOCATION OF THE AFFECTED FAMILY
    [1] => 
    [2] => 
    [3] => 
    [4] => 
    [5] => 
    [6] => 
    [7] => 
    [8] => 
    [9] => 
    [10] => 
    [11] => 
    [12] => 
    [13] => 
    [14] => 
    [15] => 
)

DEBUG - 2026-04-06 10:36:27 --> Checking row 3196: Array
(
    [0] => 1. REGION
REGION X
    [1] => 
    [2] => 
    [3] => 2. PROVINCE
CAMIGUIN
    [4] => 
    [5] => 
    [6] => 3. DISTRICT

    [7] => 
    [8] => 
    [9] => 4. CITY/MUNICIPALITY
MAMBAJAO
    [10] => 
    [11] => 
    [12] => 5. BARANGAY
BUG-ONG
    [13] => 
    [14] => 6. EVACUATION CENTER/SITE
BUG-ONG ELEMENTARY SCHOOL
    [15] => 
)

DEBUG - 2026-04-06 10:36:27 --> Checking row 3197: Array
(
    [0] => 
    [1] => 
    [2] => 
    [3] => 
    [4] => 
    [5] => 
    [6] => 
    [7] => 
    [8] => 
    [9] => 
    [10] => 
    [11] => 
    [12] => 
    [13] => 
    [14] => 
    [15] => 
)

DEBUG - 2026-04-06 10:36:27 --> Checking row 3198: Array
(
    [0] => HEAD OF THE FAMILY
    [1] => 
    [2] => 
    [3] => 
    [4] => 
    [5] => 
    [6] => 
    [7] => 
    [8] => 
    [9] => 
    [10] => 
    [11] => 
    [12] => 
    [13] => 
    [14] => 
    [15] => 
)

DEBUG - 2026-04-06 10:36:27 --> Found 'HEAD OF THE FAMILY' at row 3198, column 0
DEBUG - 2026-04-06 10:36:27 --> parseFacedCard called with startRow: 3198
DEBUG - 2026-04-06 10:36:27 --> Found household_no: 0107
DEBUG - 2026-04-06 10:36:27 --> Family header at row 3207 → data from 3208
DEBUG - 2026-04-06 10:36:27 --> Family member: UY, MARYJANE
DEBUG - 2026-04-06 10:36:27 --> Family member: UY, JOVENSON
DEBUG - 2026-04-06 10:36:27 --> Family member: UY,KITH ANTHONY
DEBUG - 2026-04-06 10:36:27 --> Family member: UY, ZYRA MEA
DEBUG - 2026-04-06 10:36:27 --> Family member: UY, WRENLY
DEBUG - 2026-04-06 10:36:27 --> Parsed: PETERSON UY | HH#: 0107 | Members: 5
DEBUG - 2026-04-06 10:36:27 --> Parsed resident data: Array
(
    [household_no] => 0107
    [region] => REGION X
    [province] => CAMIGUIN
    [district] => 
    [city_municipality] => MAMBAJAO
    [barangay] => BUG-ONG
    [evacuation_center] => BUG-ONG ELEMENTARY SCHOOL
    [last_name] => UY
    [civil_status] => Married
    [mother_maiden_name] => 
    [first_name] => PETERSON
    [religion] => Roman Catholic
    [occupation] => 
    [middle_name] => 
    [name_extension] => 
    [age] => 0
    [birthplace] => 
    [sex] => Male
    [monthly_income] => 0
    [id_card_presented] => 
    [id_card_number] => 
    [house_no] => 
    [street] => 
    [subdivision] => 
    [permanent_barangay] => Bug-ong
    [permanent_city] => Mambajao
    [permanent_province] => Camiguin
    [zip_code] => 9100
    [is_4ps_beneficiary] => 0
    [vulnerable_older_persons] => 0
    [vulnerable_pregnant] => 0
    [vulnerable_lactating] => 0
    [vulnerable_pwd] => 0
    [ownership_status] => Owner
    [shelter_damage] => No Damage
    [registration_date] => 2026-04-06
    [data_privacy_consent] => 1
    [contact_number] => 
    [family_members] => Array
        (
            [0] => Array
                (
                    [name] => UY, MARYJANE
                    [relation] => Wife
                    [birthdate] => 
                    [age] => 0
                    [sex] => Male
                    [education] => 
                    [occupation] => 
                    [remarks] => 
                    [status] => active
                )

            [1] => Array
                (
                    [name] => UY, JOVENSON
                    [relation] => Son
                    [birthdate] => 
                    [age] => 0
                    [sex] => Male
                    [education] => 
                    [occupation] => 
                    [remarks] => 
                    [status] => active
                )

            [2] => Array
                (
                    [name] => UY,KITH ANTHONY
                    [relation] => Son
                    [birthdate] => 
                    [age] => 0
                    [sex] => Male
                    [education] => 
                    [occupation] => 
                    [remarks] => 
                    [status] => active
                )

            [3] => Array
                (
                    [name] => UY, ZYRA MEA
                    [relation] => Daughter
                    [birthdate] => 
                    [age] => 0
                    [sex] => Male
                    [education] => 
                    [occupation] => 
                    [remarks] => 
                    [status] => active
                )

            [4] => Array
                (
                    [name] => UY, WRENLY
                    [relation] => 
                    [birthdate] => 
                    [age] => 0
                    [sex] => Male
                    [education] => 
                    [occupation] => 
                    [remarks] => 
                    [status] => active
                )

        )

)

DEBUG - 2026-04-06 10:36:27 --> Inserted resident ID: 181, Name: PETERSON UY
DEBUG - 2026-04-06 10:36:27 --> Inserted family member: UY, MARYJANE
DEBUG - 2026-04-06 10:36:27 --> Inserted family member: UY, JOVENSON
DEBUG - 2026-04-06 10:36:27 --> Inserted family member: UY,KITH ANTHONY
DEBUG - 2026-04-06 10:36:27 --> Inserted family member: UY, ZYRA MEA
DEBUG - 2026-04-06 10:36:27 --> Inserted family member: UY, WRENLY
DEBUG - 2026-04-06 10:36:27 --> Checking row 3223: Array
(
    [0] => 
    [1] => 
    [2] => Department of Social Welfare and Development
    [3] => 
    [4] => 
    [5] => 
    [6] => 
    [7] => 
    [8] => 
    [9] => 
    [10] => 
    [11] => 
    [12] => 
    [13] => BENEFICIARY'S COPY
    [14] => 
    [15] => 
)

DEBUG - 2026-04-06 10:36:27 --> Checking row 3224: Array
(
    [0] => 
    [1] => 
    [2] => FAMILY ASSISTANCE CARD IN EMERGENCIES AND DISASTERS (FACED)
    [3] => 
    [4] => 
    [5] => 
    [6] => 
    [7] => 
    [8] => 
    [9] => 
    [10] => 
    [11] => 
    [12] => 
    [13] => SERIAL NUMBER: 0108
    [14] => 
    [15] => 
)

DEBUG - 2026-04-06 10:36:27 --> Checking row 3225: Array
(
    [0] => LOCATION OF THE AFFECTED FAMILY
    [1] => 
    [2] => 
    [3] => 
    [4] => 
    [5] => 
    [6] => 
    [7] => 
    [8] => 
    [9] => 
    [10] => 
    [11] => 
    [12] => 
    [13] => 
    [14] => 
    [15] => 
)

DEBUG - 2026-04-06 10:36:27 --> Checking row 3226: Array
(
    [0] => 1. REGION
REGION 10
    [1] => 
    [2] => 
    [3] => 2. PROVINCE
CAMIGUIN
    [4] => 
    [5] => 
    [6] => 3. DISTRICT
LONE
    [7] => 
    [8] => 
    [9] => 4. CITY/MUNICIPALITY
MAMBAJAO
    [10] => 
    [11] => 
    [12] => 5. BARANGAY
POBLACION
    [13] => 
    [14] => 6. EVACUATION CENTER/SITE
MAMBAJAO EVACUATION CENTER
    [15] => 
)

DEBUG - 2026-04-06 10:36:27 --> Checking row 3227: Array
(
    [0] => 
    [1] => 
    [2] => 
    [3] => 
    [4] => 
    [5] => 
    [6] => 
    [7] => 
    [8] => 
    [9] => 
    [10] => 
    [11] => 
    [12] => 
    [13] => 
    [14] => 
    [15] => 
)

DEBUG - 2026-04-06 10:36:27 --> Checking row 3228: Array
(
    [0] => HEAD OF THE FAMILY
    [1] => 
    [2] => 
    [3] => 
    [4] => 
    [5] => 
    [6] => 
    [7] => 
    [8] => 
    [9] => 
    [10] => 
    [11] => 
    [12] => 
    [13] => 
    [14] => 
    [15] => 
)

DEBUG - 2026-04-06 10:36:27 --> Found 'HEAD OF THE FAMILY' at row 3228, column 0
DEBUG - 2026-04-06 10:36:27 --> parseFacedCard called with startRow: 3228
DEBUG - 2026-04-06 10:36:27 --> Found household_no: 0108
DEBUG - 2026-04-06 10:36:27 --> Family header at row 3237 → data from 3238
DEBUG - 2026-04-06 10:36:27 --> Family member: TRIXIE DURIAS
DEBUG - 2026-04-06 10:36:27 --> Family member: CHARITY DURIAS
DEBUG - 2026-04-06 10:36:27 --> Family member: AZALLIYAH FAYE DELOS SANTOS
DEBUG - 2026-04-06 10:36:27 --> Parsed: PRINCESS DURIAS | HH#: 0108 | Members: 3
DEBUG - 2026-04-06 10:36:27 --> Parsed resident data: Array
(
    [household_no] => 0108
    [region] => REGION 10
    [province] => CAMIGUIN
    [district] => LONE
    [city_municipality] => MAMBAJAO
    [barangay] => POBLACION
    [evacuation_center] => MAMBAJAO EVACUATION CENTER
    [last_name] => DURIAS
    [civil_status] => Single
    [mother_maiden_name] => ANGELES OPEÑA UBAS
    [first_name] => PRINCESS
    [religion] => Roman Catholic
    [occupation] => Dishwasher
    [middle_name] => UBAS
    [name_extension] => 
    [age] => 25
    [birthdate] => 2000-10-02
    [birthplace] => MAMBAJAO, CAMIGUIN
    [sex] => Female
    [monthly_income] => 6000
    [id_card_presented] => 
    [id_card_number] => 
    [contact_number] => 09368220979
    [house_no] => 
    [street] => Upper
    [subdivision] => Lumad
    [permanent_barangay] => Poblacion
    [permanent_city] => Mambajao
    [permanent_province] => Camiguin
    [zip_code] => 9100
    [is_4ps_beneficiary] => 1
    [vulnerable_older_persons] => 0
    [vulnerable_pregnant] => 0
    [vulnerable_lactating] => 0
    [vulnerable_pwd] => 0
    [ownership_status] => Owner
    [shelter_damage] => No Damage
    [registration_date] => 2026-04-06
    [data_privacy_consent] => 1
    [family_members] => Array
        (
            [0] => Array
                (
                    [name] => TRIXIE DURIAS
                    [relation] => Sister
                    [birthdate] => 2005-09-04
                    [age] => 20
                    [sex] => Female
                    [education] => COLLEGE LEVEL
                    [occupation] => Student
                    [remarks] => 
                    [status] => active
                )

            [1] => Array
                (
                    [name] => CHARITY DURIAS
                    [relation] => Sister
                    [birthdate] => 2015-01-22
                    [age] => 11
                    [sex] => Female
                    [education] => ELEMENTARY LEVEL
                    [occupation] => Student
                    [remarks] => 
                    [status] => active
                )

            [2] => Array
                (
                    [name] => AZALLIYAH FAYE DELOS SANTOS
                    [relation] => Daughter
                    [birthdate] => 2024-06-01
                    [age] => 1
                    [sex] => Female
                    [education] => 
                    [occupation] => 
                    [remarks] => 
                    [status] => active
                )

        )

)

DEBUG - 2026-04-06 10:36:27 --> Inserted resident ID: 182, Name: PRINCESS DURIAS
DEBUG - 2026-04-06 10:36:27 --> Inserted family member: TRIXIE DURIAS
DEBUG - 2026-04-06 10:36:27 --> Inserted family member: CHARITY DURIAS
DEBUG - 2026-04-06 10:36:27 --> Inserted family member: AZALLIYAH FAYE DELOS SANTOS
DEBUG - 2026-04-06 10:36:27 --> Checking row 3253: Array
(
    [0] => 
    [1] => 
    [2] => Department of Social Welfare and Development
    [3] => 
    [4] => 
    [5] => 
    [6] => 
    [7] => 
    [8] => 
    [9] => 
    [10] => 
    [11] => 
    [12] => 
    [13] => BENEFICIARY'S COPY
    [14] => 
    [15] => 
)

DEBUG - 2026-04-06 10:36:27 --> Checking row 3254: Array
(
    [0] => 
    [1] => 
    [2] => FAMILY ASSISTANCE CARD IN EMERGENCIES AND DISASTERS (FACED)
    [3] => 
    [4] => 
    [5] => 
    [6] => 
    [7] => 
    [8] => 
    [9] => 
    [10] => 
    [11] => 
    [12] => 
    [13] => SERIAL NUMBER: 0109
    [14] => 
    [15] => 
)

DEBUG - 2026-04-06 10:36:27 --> Checking row 3255: Array
(
    [0] => LOCATION OF THE AFFECTED FAMILY
    [1] => 
    [2] => 
    [3] => 
    [4] => 
    [5] => 
    [6] => 
    [7] => 
    [8] => 
    [9] => 
    [10] => 
    [11] => 
    [12] => 
    [13] => 
    [14] => 
    [15] => 
)

DEBUG - 2026-04-06 10:36:27 --> Checking row 3256: Array
(
    [0] => 1. REGION
REGION X
    [1] => 
    [2] => 
    [3] => 2. PROVINCE
CAMIGUIN
    [4] => 
    [5] => 
    [6] => 3. DISTRICT

    [7] => 
    [8] => 
    [9] => 4. CITY/MUNICIPALITY
MAMBAJAO
    [10] => 
    [11] => 
    [12] => 5. BARANGAY
BUG-ONG
    [13] => 
    [14] => 6. EVACUATION CENTER/SITE
BUG-ONG ELEMENTARY SCHOOL
    [15] => 
)

DEBUG - 2026-04-06 10:36:27 --> Checking row 3257: Array
(
    [0] => 
    [1] => 
    [2] => 
    [3] => 
    [4] => 
    [5] => 
    [6] => 
    [7] => 
    [8] => 
    [9] => 
    [10] => 
    [11] => 
    [12] => 
    [13] => 
    [14] => 
    [15] => 
)

DEBUG - 2026-04-06 10:36:27 --> Checking row 3258: Array
(
    [0] => HEAD OF THE FAMILY
    [1] => 
    [2] => 
    [3] => 
    [4] => 
    [5] => 
    [6] => 
    [7] => 
    [8] => 
    [9] => 
    [10] => 
    [11] => 
    [12] => 
    [13] => 
    [14] => 
    [15] => 
)

DEBUG - 2026-04-06 10:36:27 --> Found 'HEAD OF THE FAMILY' at row 3258, column 0
DEBUG - 2026-04-06 10:36:27 --> parseFacedCard called with startRow: 3258
DEBUG - 2026-04-06 10:36:27 --> Found household_no: 0109
DEBUG - 2026-04-06 10:36:27 --> Family header at row 3267 → data from 3268
DEBUG - 2026-04-06 10:36:27 --> Family member: BULORON, AURELEPE
DEBUG - 2026-04-06 10:36:27 --> Family member: BULORON, PRINCESS  ALIXYVENS
DEBUG - 2026-04-06 10:36:27 --> Family member: BULORON, PRECIOUS AMANY LEIGHS
DEBUG - 2026-04-06 10:36:27 --> Parsed: JEREMIAH BULORON | HH#: 0109 | Members: 3
DEBUG - 2026-04-06 10:36:27 --> Parsed resident data: Array
(
    [household_no] => 0109
    [region] => REGION X
    [province] => CAMIGUIN
    [district] => 
    [city_municipality] => MAMBAJAO
    [barangay] => BUG-ONG
    [evacuation_center] => BUG-ONG ELEMENTARY SCHOOL
    [last_name] => BULORON
    [civil_status] => Married
    [mother_maiden_name] => 
    [first_name] => JEREMIAH
    [religion] => Roman Catholic
    [occupation] => Teller
    [middle_name] => 
    [name_extension] => 
    [age] => 0
    [birthplace] => 
    [sex] => Male
    [monthly_income] => 0
    [id_card_presented] => 
    [id_card_number] => 
    [house_no] => 
    [street] => Purok
    [subdivision] => 2
    [permanent_barangay] => Bug-ong
    [permanent_city] => Mambajao
    [permanent_province] => Camiguin
    [zip_code] => 9100
    [is_4ps_beneficiary] => 0
    [vulnerable_older_persons] => 0
    [vulnerable_pregnant] => 0
    [vulnerable_lactating] => 0
    [vulnerable_pwd] => 0
    [ownership_status] => Owner
    [shelter_damage] => No Damage
    [registration_date] => 2026-04-06
    [data_privacy_consent] => 1
    [contact_number] => 
    [family_members] => Array
        (
            [0] => Array
                (
                    [name] => BULORON, AURELEPE
                    [relation] => Wife
                    [birthdate] => 
                    [age] => 0
                    [sex] => Male
                    [education] => 
                    [occupation] => 
                    [remarks] => 
                    [status] => active
                )

            [1] => Array
                (
                    [name] => BULORON, PRINCESS  ALIXYVENS
                    [relation] => Daughter
                    [birthdate] => 
                    [age] => 0
                    [sex] => Male
                    [education] => 
                    [occupation] => 
                    [remarks] => 
                    [status] => active
                )

            [2] => Array
                (
                    [name] => BULORON, PRECIOUS AMANY LEIGHS
                    [relation] => Daughter
                    [birthdate] => 
                    [age] => 0
                    [sex] => Male
                    [education] => 
                    [occupation] => 
                    [remarks] => 
                    [status] => active
                )

        )

)

DEBUG - 2026-04-06 10:36:27 --> Inserted resident ID: 183, Name: JEREMIAH BULORON
DEBUG - 2026-04-06 10:36:27 --> Inserted family member: BULORON, AURELEPE
DEBUG - 2026-04-06 10:36:27 --> Inserted family member: BULORON, PRINCESS  ALIXYVENS
DEBUG - 2026-04-06 10:36:27 --> Inserted family member: BULORON, PRECIOUS AMANY LEIGHS
DEBUG - 2026-04-06 10:36:27 --> Checking row 3283: Array
(
    [0] => 
    [1] => 
    [2] => Department of Social Welfare and Development
    [3] => 
    [4] => 
    [5] => 
    [6] => 
    [7] => 
    [8] => 
    [9] => 
    [10] => 
    [11] => 
    [12] => 
    [13] => BENEFICIARY'S COPY
    [14] => 
    [15] => 
)

DEBUG - 2026-04-06 10:36:27 --> Checking row 3284: Array
(
    [0] => 
    [1] => 
    [2] => FAMILY ASSISTANCE CARD IN EMERGENCIES AND DISASTERS (FACED)
    [3] => 
    [4] => 
    [5] => 
    [6] => 
    [7] => 
    [8] => 
    [9] => 
    [10] => 
    [11] => 
    [12] => 
    [13] => SERIAL NUMBER: 0110
    [14] => 
    [15] => 
)

DEBUG - 2026-04-06 10:36:27 --> Checking row 3285: Array
(
    [0] => LOCATION OF THE AFFECTED FAMILY
    [1] => 
    [2] => 
    [3] => 
    [4] => 
    [5] => 
    [6] => 
    [7] => 
    [8] => 
    [9] => 
    [10] => 
    [11] => 
    [12] => 
    [13] => 
    [14] => 
    [15] => 
)

DEBUG - 2026-04-06 10:36:27 --> Checking row 3286: Array
(
    [0] => 1. REGION
REGION 10
    [1] => 
    [2] => 
    [3] => 2. PROVINCE
CAMIGUIN
    [4] => 
    [5] => 
    [6] => 3. DISTRICT
LONE
    [7] => 
    [8] => 
    [9] => 4. CITY/MUNICIPALITY
MAMBAJAO
    [10] => 
    [11] => 
    [12] => 5. BARANGAY
POBLACION
    [13] => 
    [14] => 6. EVACUATION CENTER/SITE

    [15] => 
)

DEBUG - 2026-04-06 10:36:27 --> Checking row 3287: Array
(
    [0] => 
    [1] => 
    [2] => 
    [3] => 
    [4] => 
    [5] => 
    [6] => 
    [7] => 
    [8] => 
    [9] => 
    [10] => 
    [11] => 
    [12] => 
    [13] => 
    [14] => 
    [15] => 
)

DEBUG - 2026-04-06 10:36:27 --> Checking row 3288: Array
(
    [0] => HEAD OF THE FAMILY
    [1] => 
    [2] => 
    [3] => 
    [4] => 
    [5] => 
    [6] => 
    [7] => 
    [8] => 
    [9] => 
    [10] => 
    [11] => 
    [12] => 
    [13] => 
    [14] => 
    [15] => 
)

DEBUG - 2026-04-06 10:36:27 --> Found 'HEAD OF THE FAMILY' at row 3288, column 0
DEBUG - 2026-04-06 10:36:27 --> parseFacedCard called with startRow: 3288
DEBUG - 2026-04-06 10:36:27 --> Found household_no: 0110
DEBUG - 2026-04-06 10:36:27 --> Family header at row 3297 → data from 3298
DEBUG - 2026-04-06 10:36:27 --> Family member: VICTOR DOSDOS JR.
DEBUG - 2026-04-06 10:36:27 --> Parsed: RIO LASTIMOSO | HH#: 0110 | Members: 1
DEBUG - 2026-04-06 10:36:27 --> Parsed resident data: Array
(
    [household_no] => 0110
    [region] => REGION 10
    [province] => CAMIGUIN
    [district] => LONE
    [city_municipality] => MAMBAJAO
    [barangay] => POBLACION
    [evacuation_center] => 
    [last_name] => LASTIMOSO
    [civil_status] => Married
    [mother_maiden_name] => CORNELIA LIQUIGAN
    [first_name] => RIO
    [religion] => Roman Catholic
    [occupation] => Housewife
    [middle_name] => DOSDOS
    [name_extension] => 
    [age] => 51
    [birthdate] => 1975-03-23
    [birthplace] => CAMIGUIN
    [sex] => Female
    [monthly_income] => 0
    [id_card_presented] => 
    [id_card_number] => 
    [house_no] => 
    [street] => Tapon
    [subdivision] => 
    [permanent_barangay] => Poblacion
    [permanent_city] => Mambajao
    [permanent_province] => Camiguin
    [zip_code] => 9100
    [is_4ps_beneficiary] => 0
    [vulnerable_older_persons] => 1
    [vulnerable_pregnant] => 0
    [vulnerable_lactating] => 0
    [vulnerable_pwd] => 0
    [ownership_status] => Owner
    [shelter_damage] => No Damage
    [registration_date] => 2026-04-06
    [data_privacy_consent] => 1
    [contact_number] => 
    [family_members] => Array
        (
            [0] => Array
                (
                    [name] => VICTOR DOSDOS JR.
                    [relation] => Father
                    [birthdate] => 1949-09-22
                    [age] => 76
                    [sex] => Male
                    [education] => 
                    [occupation] => None
                    [remarks] => 
                    [status] => active
                )

        )

)

DEBUG - 2026-04-06 10:36:27 --> Inserted resident ID: 184, Name: RIO LASTIMOSO
DEBUG - 2026-04-06 10:36:27 --> Inserted family member: VICTOR DOSDOS JR.
DEBUG - 2026-04-06 10:36:27 --> Checking row 3313: Array
(
    [0] => 
    [1] => 
    [2] => Department of Social Welfare and Development
    [3] => 
    [4] => 
    [5] => 
    [6] => 
    [7] => 
    [8] => 
    [9] => 
    [10] => 
    [11] => 
    [12] => 
    [13] => BENEFICIARY'S COPY
    [14] => 
    [15] => 
)

DEBUG - 2026-04-06 10:36:27 --> Checking row 3314: Array
(
    [0] => 
    [1] => 
    [2] => FAMILY ASSISTANCE CARD IN EMERGENCIES AND DISASTERS (FACED)
    [3] => 
    [4] => 
    [5] => 
    [6] => 
    [7] => 
    [8] => 
    [9] => 
    [10] => 
    [11] => 
    [12] => 
    [13] => SERIAL NUMBER: 0111
    [14] => 
    [15] => 
)

DEBUG - 2026-04-06 10:36:27 --> Checking row 3315: Array
(
    [0] => LOCATION OF THE AFFECTED FAMILY
    [1] => 
    [2] => 
    [3] => 
    [4] => 
    [5] => 
    [6] => 
    [7] => 
    [8] => 
    [9] => 
    [10] => 
    [11] => 
    [12] => 
    [13] => 
    [14] => 
    [15] => 
)

DEBUG - 2026-04-06 10:36:27 --> Checking row 3316: Array
(
    [0] => 1. REGION
REGION X
    [1] => 
    [2] => 
    [3] => 2. PROVINCE
CAMIGUIN
    [4] => 
    [5] => 
    [6] => 3. DISTRICT

    [7] => 
    [8] => 
    [9] => 4. CITY/MUNICIPALITY
MAMBAJAO
    [10] => 
    [11] => 
    [12] => 5. BARANGAY
BUG-ONG
    [13] => 
    [14] => 6. EVACUATION CENTER/SITE
BUG-ONG ELEMENTARY SCHOOL
    [15] => 
)

DEBUG - 2026-04-06 10:36:27 --> Checking row 3317: Array
(
    [0] => 
    [1] => 
    [2] => 
    [3] => 
    [4] => 
    [5] => 
    [6] => 
    [7] => 
    [8] => 
    [9] => 
    [10] => 
    [11] => 
    [12] => 
    [13] => 
    [14] => 
    [15] => 
)

DEBUG - 2026-04-06 10:36:27 --> Checking row 3318: Array
(
    [0] => HEAD OF THE FAMILY
    [1] => 
    [2] => 
    [3] => 
    [4] => 
    [5] => 
    [6] => 
    [7] => 
    [8] => 
    [9] => 
    [10] => 
    [11] => 
    [12] => 
    [13] => 
    [14] => 
    [15] => 
)

DEBUG - 2026-04-06 10:36:27 --> Found 'HEAD OF THE FAMILY' at row 3318, column 0
DEBUG - 2026-04-06 10:36:27 --> parseFacedCard called with startRow: 3318
DEBUG - 2026-04-06 10:36:27 --> Found household_no: 0111
DEBUG - 2026-04-06 10:36:27 --> Family header at row 3327 → data from 3328
DEBUG - 2026-04-06 10:36:27 --> Family member: LAGUMBAY, GABRIEL KRIS AUSTINO
DEBUG - 2026-04-06 10:36:27 --> Family member: LAGUMBAY, CELESTINE MARY JULEN
DEBUG - 2026-04-06 10:36:27 --> Family member: LAGUMBAY VINCE DARWIN
DEBUG - 2026-04-06 10:36:27 --> Parsed: CAROLYN LAGUMBAY | HH#: 0111 | Members: 3
DEBUG - 2026-04-06 10:36:27 --> Parsed resident data: Array
(
    [household_no] => 0111
    [region] => REGION X
    [province] => CAMIGUIN
    [district] => 
    [city_municipality] => MAMBAJAO
    [barangay] => BUG-ONG
    [evacuation_center] => BUG-ONG ELEMENTARY SCHOOL
    [last_name] => LAGUMBAY
    [civil_status] => Married
    [mother_maiden_name] => SALISE, CATALINE
    [first_name] => CAROLYN
    [religion] => Roman Catholic
    [occupation] => Gov Employee
    [middle_name] => LOPECILLO
    [name_extension] => 
    [age] => 62
    [birthdate] => 1964-01-01
    [birthplace] => MALAYBALAY BUKIDNON
    [sex] => Female
    [monthly_income] => 7000
    [id_card_presented] => 
    [id_card_number] => 
    [house_no] => 
    [street] => Purok
    [subdivision] => 2
    [permanent_barangay] => Bug-ong
    [permanent_city] => Mambajao
    [permanent_province] => Camiguin
    [zip_code] => 9100
    [is_4ps_beneficiary] => 0
    [vulnerable_older_persons] => 0
    [vulnerable_pregnant] => 0
    [vulnerable_lactating] => 0
    [vulnerable_pwd] => 0
    [ownership_status] => Owner
    [shelter_damage] => No Damage
    [registration_date] => 2026-04-06
    [data_privacy_consent] => 1
    [contact_number] => 
    [family_members] => Array
        (
            [0] => Array
                (
                    [name] => LAGUMBAY, GABRIEL KRIS AUSTINO
                    [relation] => Grandson
                    [birthdate] => 
                    [age] => 0
                    [sex] => Male
                    [education] => 
                    [occupation] => 
                    [remarks] => 
                    [status] => active
                )

            [1] => Array
                (
                    [name] => LAGUMBAY, CELESTINE MARY JULEN
                    [relation] => Grand Daughter
                    [birthdate] => 
                    [age] => 0
                    [sex] => Male
                    [education] => 
                    [occupation] => 
                    [remarks] => 
                    [status] => active
                )

            [2] => Array
                (
                    [name] => LAGUMBAY VINCE DARWIN
                    [relation] => Son
                    [birthdate] => 
                    [age] => 0
                    [sex] => Male
                    [education] => 
                    [occupation] => 
                    [remarks] => 
                    [status] => active
                )

        )

)

DEBUG - 2026-04-06 10:36:27 --> Inserted resident ID: 185, Name: CAROLYN LAGUMBAY
DEBUG - 2026-04-06 10:36:27 --> Inserted family member: LAGUMBAY, GABRIEL KRIS AUSTINO
DEBUG - 2026-04-06 10:36:27 --> Inserted family member: LAGUMBAY, CELESTINE MARY JULEN
DEBUG - 2026-04-06 10:36:27 --> Inserted family member: LAGUMBAY VINCE DARWIN
DEBUG - 2026-04-06 10:36:27 --> Checking row 3343: Array
(
    [0] => 
    [1] => 
    [2] => Department of Social Welfare and Development
    [3] => 
    [4] => 
    [5] => 
    [6] => 
    [7] => 
    [8] => 
    [9] => 
    [10] => 
    [11] => 
    [12] => 
    [13] => BENEFICIARY'S COPY
    [14] => 
    [15] => 
)

DEBUG - 2026-04-06 10:36:27 --> Checking row 3344: Array
(
    [0] => 
    [1] => 
    [2] => FAMILY ASSISTANCE CARD IN EMERGENCIES AND DISASTERS (FACED)
    [3] => 
    [4] => 
    [5] => 
    [6] => 
    [7] => 
    [8] => 
    [9] => 
    [10] => 
    [11] => 
    [12] => 
    [13] => SERIAL NUMBER: 0112
    [14] => 
    [15] => 
)

DEBUG - 2026-04-06 10:36:27 --> Checking row 3345: Array
(
    [0] => LOCATION OF THE AFFECTED FAMILY
    [1] => 
    [2] => 
    [3] => 
    [4] => 
    [5] => 
    [6] => 
    [7] => 
    [8] => 
    [9] => 
    [10] => 
    [11] => 
    [12] => 
    [13] => 
    [14] => 
    [15] => 
)

DEBUG - 2026-04-06 10:36:27 --> Checking row 3346: Array
(
    [0] => 1. REGION
REGION 10
    [1] => 
    [2] => 
    [3] => 2. PROVINCE
CAMIGUIN
    [4] => 
    [5] => 
    [6] => 3. DISTRICT

    [7] => 
    [8] => 
    [9] => 4. CITY/MUNICIPALITY
MAMBAJAO
    [10] => 
    [11] => 
    [12] => 5. BARANGAY
POBLACION
    [13] => 
    [14] => 6. EVACUATION CENTER/SITE

    [15] => 
)

DEBUG - 2026-04-06 10:36:27 --> Checking row 3347: Array
(
    [0] => 
    [1] => 
    [2] => 
    [3] => 
    [4] => 
    [5] => 
    [6] => 
    [7] => 
    [8] => 
    [9] => 
    [10] => 
    [11] => 
    [12] => 
    [13] => 
    [14] => 
    [15] => 
)

DEBUG - 2026-04-06 10:36:27 --> Checking row 3348: Array
(
    [0] => HEAD OF THE FAMILY
    [1] => 
    [2] => 
    [3] => 
    [4] => 
    [5] => 
    [6] => 
    [7] => 
    [8] => 
    [9] => 
    [10] => 
    [11] => 
    [12] => 
    [13] => 
    [14] => 
    [15] => 
)

DEBUG - 2026-04-06 10:36:27 --> Found 'HEAD OF THE FAMILY' at row 3348, column 0
DEBUG - 2026-04-06 10:36:27 --> parseFacedCard called with startRow: 3348
DEBUG - 2026-04-06 10:36:27 --> Found household_no: 0112
DEBUG - 2026-04-06 10:36:27 --> Family header at row 3357 → data from 3358
DEBUG - 2026-04-06 10:36:27 --> Family member: LOANA CABILOGAN
DEBUG - 2026-04-06 10:36:27 --> Parsed: CHRISTINE ALCANTAR | HH#: 0112 | Members: 1
DEBUG - 2026-04-06 10:36:27 --> Parsed resident data: Array
(
    [household_no] => 0112
    [region] => REGION 10
    [province] => CAMIGUIN
    [district] => 
    [city_municipality] => MAMBAJAO
    [barangay] => POBLACION
    [evacuation_center] => 
    [last_name] => ALCANTAR
    [civil_status] => Single
    [mother_maiden_name] => SONIA D. TIZON
    [first_name] => CHRISTINE
    [religion] => 
    [occupation] => None
    [middle_name] => TIZON
    [name_extension] => 
    [age] => 27
    [birthdate] => 1998-12-21
    [birthplace] => 
    [sex] => Female
    [monthly_income] => 0
    [id_card_presented] => 
    [id_card_number] => 
    [contact_number] => 09676892906
    [is_4ps_beneficiary] => 0
    [vulnerable_older_persons] => 0
    [vulnerable_pregnant] => 0
    [vulnerable_lactating] => 0
    [vulnerable_pwd] => 0
    [ownership_status] => Owner
    [shelter_damage] => No Damage
    [registration_date] => 2026-04-06
    [data_privacy_consent] => 1
    [family_members] => Array
        (
            [0] => Array
                (
                    [name] => LOANA CABILOGAN
                    [relation] => Live-in Partner
                    [birthdate] => 2003-11-13
                    [age] => 22
                    [sex] => Male
                    [education] => COLLEGE LEVEL
                    [occupation] => Student
                    [remarks] => 
                    [status] => active
                )

        )

)

DEBUG - 2026-04-06 10:36:27 --> Inserted resident ID: 186, Name: CHRISTINE ALCANTAR
DEBUG - 2026-04-06 10:36:27 --> Inserted family member: LOANA CABILOGAN
DEBUG - 2026-04-06 10:36:27 --> Checking row 3373: Array
(
    [0] => 
    [1] => 
    [2] => Department of Social Welfare and Development
    [3] => 
    [4] => 
    [5] => 
    [6] => 
    [7] => 
    [8] => 
    [9] => 
    [10] => 
    [11] => 
    [12] => 
    [13] => BENEFICIARY'S COPY
    [14] => 
    [15] => 
)

DEBUG - 2026-04-06 10:36:27 --> Checking row 3374: Array
(
    [0] => 
    [1] => 
    [2] => FAMILY ASSISTANCE CARD IN EMERGENCIES AND DISASTERS (FACED)
    [3] => 
    [4] => 
    [5] => 
    [6] => 
    [7] => 
    [8] => 
    [9] => 
    [10] => 
    [11] => 
    [12] => 
    [13] => SERIAL NUMBER: 0113
    [14] => 
    [15] => 
)

DEBUG - 2026-04-06 10:36:27 --> Checking row 3375: Array
(
    [0] => LOCATION OF THE AFFECTED FAMILY
    [1] => 
    [2] => 
    [3] => 
    [4] => 
    [5] => 
    [6] => 
    [7] => 
    [8] => 
    [9] => 
    [10] => 
    [11] => 
    [12] => 
    [13] => 
    [14] => 
    [15] => 
)

DEBUG - 2026-04-06 10:36:27 --> Checking row 3376: Array
(
    [0] => 1. REGION

    [1] => 
    [2] => 
    [3] => 2. PROVINCE

    [4] => 
    [5] => 
    [6] => 3. DISTRICT

    [7] => 
    [8] => 
    [9] => 4. CITY/MUNICIPALITY

    [10] => 
    [11] => 
    [12] => 5. BARANGAY
.
    [13] => 
    [14] => 6. EVACUATION CENTER/SITE

    [15] => 
)

DEBUG - 2026-04-06 10:36:27 --> Checking row 3377: Array
(
    [0] => 
    [1] => 
    [2] => 
    [3] => 
    [4] => 
    [5] => 
    [6] => 
    [7] => 
    [8] => 
    [9] => 
    [10] => 
    [11] => 
    [12] => 
    [13] => 
    [14] => 
    [15] => 
)

DEBUG - 2026-04-06 10:36:27 --> Checking row 3378: Array
(
    [0] => HEAD OF THE FAMILY
    [1] => 
    [2] => 
    [3] => 
    [4] => 
    [5] => 
    [6] => 
    [7] => 
    [8] => 
    [9] => 
    [10] => 
    [11] => 
    [12] => 
    [13] => 
    [14] => 
    [15] => 
)

DEBUG - 2026-04-06 10:36:27 --> Found 'HEAD OF THE FAMILY' at row 3378, column 0
DEBUG - 2026-04-06 10:36:27 --> parseFacedCard called with startRow: 3378
DEBUG - 2026-04-06 10:36:27 --> Found household_no: 0113
DEBUG - 2026-04-06 10:36:27 --> Family header at row 3387 → data from 3388
DEBUG - 2026-04-06 10:36:27 --> Family member: ROBERTO DALING
DEBUG - 2026-04-06 10:36:27 --> Family member: EINSTEIN DALING
DEBUG - 2026-04-06 10:36:27 --> Family member: MARY JOY DALING
DEBUG - 2026-04-06 10:36:27 --> Parsed: DORIS DALING | HH#: 0113 | Members: 3
DEBUG - 2026-04-06 10:36:27 --> Parsed resident data: Array
(
    [household_no] => 0113
    [region] => 
    [province] => 
    [district] => 
    [city_municipality] => 
    [barangay] => .
    [evacuation_center] => 
    [last_name] => DALING
    [civil_status] => 
    [mother_maiden_name] => 
    [first_name] => DORIS
    [religion] => 
    [occupation] => 
    [middle_name] => EBARLE
    [name_extension] => 
    [age] => 56
    [birthdate] => 1969-12-02
    [birthplace] => MAMBAJAO
    [sex] => Female
    [monthly_income] => 0
    [id_card_presented] => 
    [id_card_number] => 
    [is_4ps_beneficiary] => 0
    [vulnerable_older_persons] => 0
    [vulnerable_pregnant] => 0
    [vulnerable_lactating] => 0
    [vulnerable_pwd] => 0
    [ownership_status] => Owner
    [shelter_damage] => No Damage
    [registration_date] => 2026-04-06
    [data_privacy_consent] => 1
    [contact_number] => 
    [family_members] => Array
        (
            [0] => Array
                (
                    [name] => ROBERTO DALING
                    [relation] => Husband
                    [birthdate] => 
                    [age] => 0
                    [sex] => Male
                    [education] => 
                    [occupation] => 
                    [remarks] => 
                    [status] => active
                )

            [1] => Array
                (
                    [name] => EINSTEIN DALING
                    [relation] => Grandson
                    [birthdate] => 
                    [age] => 0
                    [sex] => Male
                    [education] => 
                    [occupation] => 
                    [remarks] => 
                    [status] => active
                )

            [2] => Array
                (
                    [name] => MARY JOY DALING
                    [relation] => Daughter
                    [birthdate] => 
                    [age] => 0
                    [sex] => Male
                    [education] => 
                    [occupation] => 
                    [remarks] => 
                    [status] => active
                )

        )

)

DEBUG - 2026-04-06 10:36:27 --> Inserted resident ID: 187, Name: DORIS DALING
DEBUG - 2026-04-06 10:36:27 --> Inserted family member: ROBERTO DALING
DEBUG - 2026-04-06 10:36:27 --> Inserted family member: EINSTEIN DALING
DEBUG - 2026-04-06 10:36:27 --> Inserted family member: MARY JOY DALING
DEBUG - 2026-04-06 10:36:27 --> Checking row 3403: Array
(
    [0] => 
    [1] => 
    [2] => Department of Social Welfare and Development
    [3] => 
    [4] => 
    [5] => 
    [6] => 
    [7] => 
    [8] => 
    [9] => 
    [10] => 
    [11] => 
    [12] => 
    [13] => BENEFICIARY'S COPY
    [14] => 
    [15] => 
)

DEBUG - 2026-04-06 10:36:27 --> Checking row 3404: Array
(
    [0] => 
    [1] => 
    [2] => FAMILY ASSISTANCE CARD IN EMERGENCIES AND DISASTERS (FACED)
    [3] => 
    [4] => 
    [5] => 
    [6] => 
    [7] => 
    [8] => 
    [9] => 
    [10] => 
    [11] => 
    [12] => 
    [13] => SERIAL NUMBER: 0114
    [14] => 
    [15] => 
)

DEBUG - 2026-04-06 10:36:27 --> Checking row 3405: Array
(
    [0] => LOCATION OF THE AFFECTED FAMILY
    [1] => 
    [2] => 
    [3] => 
    [4] => 
    [5] => 
    [6] => 
    [7] => 
    [8] => 
    [9] => 
    [10] => 
    [11] => 
    [12] => 
    [13] => 
    [14] => 
    [15] => 
)

DEBUG - 2026-04-06 10:36:27 --> Checking row 3406: Array
(
    [0] => 1. REGION
10
    [1] => 
    [2] => 
    [3] => 2. PROVINCE
CAMIGUIN
    [4] => 
    [5] => 
    [6] => 3. DISTRICT

    [7] => 
    [8] => 
    [9] => 4. CITY/MUNICIPALITY
MAMBAJAO
    [10] => 
    [11] => 
    [12] => 5. BARANGAY
POBLACION
    [13] => 
    [14] => 6. EVACUATION CENTER/SITE

    [15] => 
)

DEBUG - 2026-04-06 10:36:27 --> Checking row 3407: Array
(
    [0] => 
    [1] => 
    [2] => 
    [3] => 
    [4] => 
    [5] => 
    [6] => 
    [7] => 
    [8] => 
    [9] => 
    [10] => 
    [11] => 
    [12] => 
    [13] => 
    [14] => 
    [15] => 
)

DEBUG - 2026-04-06 10:36:27 --> Checking row 3408: Array
(
    [0] => HEAD OF THE FAMILY
    [1] => 
    [2] => 
    [3] => 
    [4] => 
    [5] => 
    [6] => 
    [7] => 
    [8] => 
    [9] => 
    [10] => 
    [11] => 
    [12] => 
    [13] => 
    [14] => 
    [15] => 
)

DEBUG - 2026-04-06 10:36:27 --> Found 'HEAD OF THE FAMILY' at row 3408, column 0
DEBUG - 2026-04-06 10:36:27 --> parseFacedCard called with startRow: 3408
DEBUG - 2026-04-06 10:36:27 --> Found household_no: 0114
DEBUG - 2026-04-06 10:36:27 --> Family header at row 3417 → data from 3418
DEBUG - 2026-04-06 10:36:27 --> Family member: ANDREA
DEBUG - 2026-04-06 10:36:27 --> Family member: JACK
DEBUG - 2026-04-06 10:36:27 --> Family member: SHIELA
DEBUG - 2026-04-06 10:36:27 --> Family member: CLEY
DEBUG - 2026-04-06 10:36:27 --> Parsed: ANASHEILA TIZON | HH#: 0114 | Members: 4
DEBUG - 2026-04-06 10:36:27 --> Parsed resident data: Array
(
    [household_no] => 0114
    [region] => 10
    [province] => CAMIGUIN
    [district] => 
    [city_municipality] => MAMBAJAO
    [barangay] => POBLACION
    [evacuation_center] => 
    [last_name] => TIZON
    [civil_status] => Single
    [mother_maiden_name] => BUENAVENFERADA
    [first_name] => ANASHEILA
    [religion] => Catholic
    [occupation] => None
    [middle_name] => BACOR
    [name_extension] => 
    [age] => 25
    [birthdate] => 2001-02-20
    [birthplace] => TAPON
    [sex] => Female
    [monthly_income] => 0
    [id_card_presented] => 
    [id_card_number] => 
    [house_no] => 
    [street] => 
    [subdivision] => 
    [permanent_barangay] => Poblacion
    [permanent_city] => Mamabajao
    [permanent_province] => Camiguin
    [zip_code] => 9100
    [is_4ps_beneficiary] => 0
    [vulnerable_older_persons] => 0
    [vulnerable_pregnant] => 0
    [vulnerable_lactating] => 0
    [vulnerable_pwd] => 0
    [ownership_status] => Owner
    [shelter_damage] => No Damage
    [registration_date] => 2026-04-06
    [data_privacy_consent] => 1
    [contact_number] => 
    [family_members] => Array
        (
            [0] => Array
                (
                    [name] => ANDREA
                    [relation] => Daughter
                    [birthdate] => 2019-08-20
                    [age] => 6
                    [sex] => Female
                    [education] => ELEMENTARY
                    [occupation] => 
                    [remarks] => 
                    [status] => active
                )

            [1] => Array
                (
                    [name] => JACK
                    [relation] => Son
                    [birthdate] => 2022-07-06
                    [age] => 3
                    [sex] => Male
                    [education] => ELEMENTARY
                    [occupation] => 
                    [remarks] => 
                    [status] => active
                )

            [2] => Array
                (
                    [name] => SHIELA
                    [relation] => 
                    [birthdate] => 2002-02-02
                    [age] => 24
                    [sex] => Female
                    [education] => 
                    [occupation] => 
                    [remarks] => 
                    [status] => active
                )

            [3] => Array
                (
                    [name] => CLEY
                    [relation] => Husband
                    [birthdate] => 1994-05-13
                    [age] => 31
                    [sex] => Male
                    [education] => HIGH SCHOOL
                    [occupation] => 
                    [remarks] => 
                    [status] => active
                )

        )

)

DEBUG - 2026-04-06 10:36:27 --> Inserted resident ID: 188, Name: ANASHEILA TIZON
DEBUG - 2026-04-06 10:36:27 --> Inserted family member: ANDREA
DEBUG - 2026-04-06 10:36:27 --> Inserted family member: JACK
DEBUG - 2026-04-06 10:36:27 --> Inserted family member: SHIELA
DEBUG - 2026-04-06 10:36:27 --> Inserted family member: CLEY
DEBUG - 2026-04-06 10:36:27 --> Checking row 3433: Array
(
    [0] => 
    [1] => 
    [2] => Department of Social Welfare and Development
    [3] => 
    [4] => 
    [5] => 
    [6] => 
    [7] => 
    [8] => 
    [9] => 
    [10] => 
    [11] => 
    [12] => 
    [13] => BENEFICIARY'S COPY
    [14] => 
    [15] => 
)

DEBUG - 2026-04-06 10:36:27 --> Checking row 3434: Array
(
    [0] => 
    [1] => 
    [2] => FAMILY ASSISTANCE CARD IN EMERGENCIES AND DISASTERS (FACED)
    [3] => 
    [4] => 
    [5] => 
    [6] => 
    [7] => 
    [8] => 
    [9] => 
    [10] => 
    [11] => 
    [12] => 
    [13] => SERIAL NUMBER: 0115
    [14] => 
    [15] => 
)

DEBUG - 2026-04-06 10:36:27 --> Checking row 3435: Array
(
    [0] => LOCATION OF THE AFFECTED FAMILY
    [1] => 
    [2] => 
    [3] => 
    [4] => 
    [5] => 
    [6] => 
    [7] => 
    [8] => 
    [9] => 
    [10] => 
    [11] => 
    [12] => 
    [13] => 
    [14] => 
    [15] => 
)

DEBUG - 2026-04-06 10:36:27 --> Checking row 3436: Array
(
    [0] => 1. REGION
REGION 10
    [1] => 
    [2] => 
    [3] => 2. PROVINCE
CAMIGUIN
    [4] => 
    [5] => 
    [6] => 3. DISTRICT

    [7] => 
    [8] => 
    [9] => 4. CITY/MUNICIPALITY
MAMBAJAO
    [10] => 
    [11] => 
    [12] => 5. BARANGAY
POBLACION
    [13] => 
    [14] => 6. EVACUATION CENTER/SITE
MAMBAJAO EVACUATION CENTER
    [15] => 
)

DEBUG - 2026-04-06 10:36:27 --> Checking row 3437: Array
(
    [0] => 
    [1] => 
    [2] => 
    [3] => 
    [4] => 
    [5] => 
    [6] => 
    [7] => 
    [8] => 
    [9] => 
    [10] => 
    [11] => 
    [12] => 
    [13] => 
    [14] => 
    [15] => 
)

DEBUG - 2026-04-06 10:36:27 --> Checking row 3438: Array
(
    [0] => HEAD OF THE FAMILY
    [1] => 
    [2] => 
    [3] => 
    [4] => 
    [5] => 
    [6] => 
    [7] => 
    [8] => 
    [9] => 
    [10] => 
    [11] => 
    [12] => 
    [13] => 
    [14] => 
    [15] => 
)

DEBUG - 2026-04-06 10:36:27 --> Found 'HEAD OF THE FAMILY' at row 3438, column 0
DEBUG - 2026-04-06 10:36:27 --> parseFacedCard called with startRow: 3438
DEBUG - 2026-04-06 10:36:27 --> Found household_no: 0115
DEBUG - 2026-04-06 10:36:27 --> Family header at row 3447 → data from 3448
DEBUG - 2026-04-06 10:36:27 --> Family member: ALYZZA NIÑA MAE ACEBES
DEBUG - 2026-04-06 10:36:27 --> Family member: ALIAH JANE A. SARANILLO
DEBUG - 2026-04-06 10:36:27 --> Parsed: JOVENCIO SARANILLO | HH#: 0115 | Members: 2
DEBUG - 2026-04-06 10:36:27 --> Parsed resident data: Array
(
    [household_no] => 0115
    [region] => REGION 10
    [province] => CAMIGUIN
    [district] => 
    [city_municipality] => MAMBAJAO
    [barangay] => POBLACION
    [evacuation_center] => MAMBAJAO EVACUATION CENTER
    [last_name] => SARANILLO
    [civil_status] => Widowed
    [mother_maiden_name] => 
    [first_name] => JOVENCIO
    [religion] => Roman Catholic
    [occupation] => Fisherman
    [middle_name] => ELARDO
    [name_extension] => 
    [age] => 61
    [birthdate] => 1964-06-11
    [birthplace] => CEBU
    [sex] => Male
    [monthly_income] => 0
    [id_card_presented] => 
    [id_card_number] => 
    [contact_number] => 09534160856
    [house_no] => 
    [street] => Tapon
    [subdivision] => 
    [permanent_barangay] => Poblacion
    [permanent_city] => Mambajao
    [permanent_province] => Camiguin
    [zip_code] => 9100
    [is_4ps_beneficiary] => 1
    [vulnerable_older_persons] => 0
    [vulnerable_pregnant] => 0
    [vulnerable_lactating] => 0
    [vulnerable_pwd] => 0
    [ownership_status] => Owner
    [shelter_damage] => No Damage
    [registration_date] => 2026-04-06
    [barangay_captain_name] => PETER DANN C. ROMUALDO
    [data_privacy_consent] => 1
    [family_members] => Array
        (
            [0] => Array
                (
                    [name] => ALYZZA NIÑA MAE ACEBES
                    [relation] => Daughter
                    [birthdate] => 2008-01-19
                    [age] => 18
                    [sex] => Female
                    [education] => HIGHSCHOOL LEVEL
                    [occupation] => Student
                    [remarks] => 
                    [status] => active
                )

            [1] => Array
                (
                    [name] => ALIAH JANE A. SARANILLO
                    [relation] => Daughter
                    [birthdate] => 2013-06-20
                    [age] => 12
                    [sex] => Female
                    [education] => ELEMENTARY LEVEL
                    [occupation] => Student
                    [remarks] => 
                    [status] => active
                )

        )

)

DEBUG - 2026-04-06 10:36:27 --> Inserted resident ID: 189, Name: JOVENCIO SARANILLO
DEBUG - 2026-04-06 10:36:27 --> Inserted family member: ALYZZA NIÑA MAE ACEBES
DEBUG - 2026-04-06 10:36:27 --> Inserted family member: ALIAH JANE A. SARANILLO
DEBUG - 2026-04-06 10:36:27 --> Checking row 3463: Array
(
    [0] => 
    [1] => 
    [2] => Department of Social Welfare and Development
    [3] => 
    [4] => 
    [5] => 
    [6] => 
    [7] => 
    [8] => 
    [9] => 
    [10] => 
    [11] => 
    [12] => 
    [13] => BENEFICIARY'S COPY
    [14] => 
    [15] => 
)

DEBUG - 2026-04-06 10:36:27 --> Checking row 3464: Array
(
    [0] => 
    [1] => 
    [2] => FAMILY ASSISTANCE CARD IN EMERGENCIES AND DISASTERS (FACED)
    [3] => 
    [4] => 
    [5] => 
    [6] => 
    [7] => 
    [8] => 
    [9] => 
    [10] => 
    [11] => 
    [12] => 
    [13] => SERIAL NUMBER: 0116
    [14] => 
    [15] => 
)

DEBUG - 2026-04-06 10:36:27 --> Checking row 3465: Array
(
    [0] => LOCATION OF THE AFFECTED FAMILY
    [1] => 
    [2] => 
    [3] => 
    [4] => 
    [5] => 
    [6] => 
    [7] => 
    [8] => 
    [9] => 
    [10] => 
    [11] => 
    [12] => 
    [13] => 
    [14] => 
    [15] => 
)

DEBUG - 2026-04-06 10:36:27 --> Checking row 3466: Array
(
    [0] => 1. REGION
REGION X
    [1] => 
    [2] => 
    [3] => 2. PROVINCE
CAMIGUIN
    [4] => 
    [5] => 
    [6] => 3. DISTRICT

    [7] => 
    [8] => 
    [9] => 4. CITY/MUNICIPALITY
MAMBAJAO
    [10] => 
    [11] => 
    [12] => 5. BARANGAY
BUG-ONG
    [13] => 
    [14] => 6. EVACUATION CENTER/SITE
BUG-ONG ELEMENTARY SCHOOL
    [15] => 
)

DEBUG - 2026-04-06 10:36:27 --> Checking row 3467: Array
(
    [0] => 
    [1] => 
    [2] => 
    [3] => 
    [4] => 
    [5] => 
    [6] => 
    [7] => 
    [8] => 
    [9] => 
    [10] => 
    [11] => 
    [12] => 
    [13] => 
    [14] => 
    [15] => 
)

DEBUG - 2026-04-06 10:36:27 --> Checking row 3468: Array
(
    [0] => HEAD OF THE FAMILY
    [1] => 
    [2] => 
    [3] => 
    [4] => 
    [5] => 
    [6] => 
    [7] => 
    [8] => 
    [9] => 
    [10] => 
    [11] => 
    [12] => 
    [13] => 
    [14] => 
    [15] => 
)

DEBUG - 2026-04-06 10:36:27 --> Found 'HEAD OF THE FAMILY' at row 3468, column 0
DEBUG - 2026-04-06 10:36:27 --> parseFacedCard called with startRow: 3468
DEBUG - 2026-04-06 10:36:27 --> Found household_no: 0116
DEBUG - 2026-04-06 10:36:27 --> Family header at row 3477 → data from 3478
DEBUG - 2026-04-06 10:36:27 --> Family member: CABILIN CARAMEL
DEBUG - 2026-04-06 10:36:27 --> Family member: CABILIN AYESHA
DEBUG - 2026-04-06 10:36:27 --> Family member: CABILIN ALASHA
DEBUG - 2026-04-06 10:36:27 --> Parsed: ZENAIDA CABILIN | HH#: 0116 | Members: 3
DEBUG - 2026-04-06 10:36:27 --> Parsed resident data: Array
(
    [household_no] => 0116
    [region] => REGION X
    [province] => CAMIGUIN
    [district] => 
    [city_municipality] => MAMBAJAO
    [barangay] => BUG-ONG
    [evacuation_center] => BUG-ONG ELEMENTARY SCHOOL
    [last_name] => CABILIN
    [civil_status] => Married
    [mother_maiden_name] => ROSITA LOPECILLO MACAS
    [first_name] => ZENAIDA
    [religion] => Roman Catholic
    [occupation] => Housewife
    [middle_name] => MACAS
    [name_extension] => 
    [age] => 0
    [birthplace] => BUG ONG
    [sex] => Female
    [monthly_income] => 0
    [id_card_presented] => 
    [id_card_number] => 
    [house_no] => 
    [street] => Purok
    [subdivision] => 2
    [permanent_barangay] => Bug-ong
    [permanent_city] => Mambajao
    [permanent_province] => Camiguin
    [zip_code] => 9100
    [is_4ps_beneficiary] => 0
    [vulnerable_older_persons] => 0
    [vulnerable_pregnant] => 0
    [vulnerable_lactating] => 0
    [vulnerable_pwd] => 0
    [ownership_status] => Owner
    [shelter_damage] => No Damage
    [registration_date] => 2026-04-06
    [data_privacy_consent] => 1
    [contact_number] => 
    [family_members] => Array
        (
            [0] => Array
                (
                    [name] => CABILIN CARAMEL
                    [relation] => Daughter
                    [birthdate] => 
                    [age] => 0
                    [sex] => Male
                    [education] => 
                    [occupation] => 
                    [remarks] => 
                    [status] => active
                )

            [1] => Array
                (
                    [name] => CABILIN AYESHA
                    [relation] => Grand Daughter
                    [birthdate] => 
                    [age] => 0
                    [sex] => Male
                    [education] => 
                    [occupation] => 
                    [remarks] => 
                    [status] => active
                )

            [2] => Array
                (
                    [name] => CABILIN ALASHA
                    [relation] => Grand Daughter
                    [birthdate] => 
                    [age] => 0
                    [sex] => Male
                    [education] => 
                    [occupation] => 
                    [remarks] => 
                    [status] => active
                )

        )

)

DEBUG - 2026-04-06 10:36:27 --> Inserted resident ID: 190, Name: ZENAIDA CABILIN
DEBUG - 2026-04-06 10:36:27 --> Inserted family member: CABILIN CARAMEL
DEBUG - 2026-04-06 10:36:27 --> Inserted family member: CABILIN AYESHA
DEBUG - 2026-04-06 10:36:27 --> Inserted family member: CABILIN ALASHA
DEBUG - 2026-04-06 10:36:27 --> Checking row 3493: Array
(
    [0] => 
    [1] => 
    [2] => Department of Social Welfare and Development
    [3] => 
    [4] => 
    [5] => 
    [6] => 
    [7] => 
    [8] => 
    [9] => 
    [10] => 
    [11] => 
    [12] => 
    [13] => BENEFICIARY'S COPY
    [14] => 
    [15] => 
)

DEBUG - 2026-04-06 10:36:27 --> Checking row 3494: Array
(
    [0] => 
    [1] => 
    [2] => FAMILY ASSISTANCE CARD IN EMERGENCIES AND DISASTERS (FACED)
    [3] => 
    [4] => 
    [5] => 
    [6] => 
    [7] => 
    [8] => 
    [9] => 
    [10] => 
    [11] => 
    [12] => 
    [13] => SERIAL NUMBER: 0117
    [14] => 
    [15] => 
)

DEBUG - 2026-04-06 10:36:27 --> Checking row 3495: Array
(
    [0] => LOCATION OF THE AFFECTED FAMILY
    [1] => 
    [2] => 
    [3] => 
    [4] => 
    [5] => 
    [6] => 
    [7] => 
    [8] => 
    [9] => 
    [10] => 
    [11] => 
    [12] => 
    [13] => 
    [14] => 
    [15] => 
)

DEBUG - 2026-04-06 10:36:27 --> Checking row 3496: Array
(
    [0] => 1. REGION
REGION X
    [1] => 
    [2] => 
    [3] => 2. PROVINCE
CAMIGUIN
    [4] => 
    [5] => 
    [6] => 3. DISTRICT

    [7] => 
    [8] => 
    [9] => 4. CITY/MUNICIPALITY
MAMBAJAO
    [10] => 
    [11] => 
    [12] => 5. BARANGAY
BUG-ONG
    [13] => 
    [14] => 6. EVACUATION CENTER/SITE
BUG-ONG ELEMENTARY SCHOOL
    [15] => 
)

DEBUG - 2026-04-06 10:36:27 --> Checking row 3497: Array
(
    [0] => 
    [1] => 
    [2] => 
    [3] => 
    [4] => 
    [5] => 
    [6] => 
    [7] => 
    [8] => 
    [9] => 
    [10] => 
    [11] => 
    [12] => 
    [13] => 
    [14] => 
    [15] => 
)

DEBUG - 2026-04-06 10:36:28 --> Checking row 3498: Array
(
    [0] => HEAD OF THE FAMILY
    [1] => 
    [2] => 
    [3] => 
    [4] => 
    [5] => 
    [6] => 
    [7] => 
    [8] => 
    [9] => 
    [10] => 
    [11] => 
    [12] => 
    [13] => 
    [14] => 
    [15] => 
)

DEBUG - 2026-04-06 10:36:28 --> Found 'HEAD OF THE FAMILY' at row 3498, column 0
DEBUG - 2026-04-06 10:36:28 --> parseFacedCard called with startRow: 3498
DEBUG - 2026-04-06 10:36:28 --> Found household_no: 0117
DEBUG - 2026-04-06 10:36:28 --> Family header at row 3507 → data from 3508
DEBUG - 2026-04-06 10:36:28 --> Family member: BABIA, KLINT JOHN
DEBUG - 2026-04-06 10:36:28 --> Family member: BABIA, KENDRA
DEBUG - 2026-04-06 10:36:28 --> Family member: BABIA, CHLOE JANE
DEBUG - 2026-04-06 10:36:28 --> Parsed: MELOGIE BABIA | HH#: 0117 | Members: 3
DEBUG - 2026-04-06 10:36:28 --> Parsed resident data: Array
(
    [household_no] => 0117
    [region] => REGION X
    [province] => CAMIGUIN
    [district] => 
    [city_municipality] => MAMBAJAO
    [barangay] => BUG-ONG
    [evacuation_center] => BUG-ONG ELEMENTARY SCHOOL
    [last_name] => BABIA
    [civil_status] => Married
    [mother_maiden_name] => 
    [first_name] => MELOGIE
    [religion] => Roman Catholic
    [occupation] => House Wife
    [middle_name] => GORRE
    [name_extension] => 
    [age] => 0
    [birthplace] => 
    [sex] => Female
    [monthly_income] => 0
    [id_card_presented] => 
    [id_card_number] => 
    [house_no] => 
    [street] => Purok
    [subdivision] => 2
    [permanent_barangay] => Bug-ong
    [permanent_city] => Mambajao
    [permanent_province] => Camiguin
    [zip_code] => 9100
    [is_4ps_beneficiary] => 0
    [vulnerable_older_persons] => 0
    [vulnerable_pregnant] => 0
    [vulnerable_lactating] => 0
    [vulnerable_pwd] => 0
    [ownership_status] => Owner
    [shelter_damage] => No Damage
    [registration_date] => 2026-04-06
    [data_privacy_consent] => 1
    [contact_number] => 
    [family_members] => Array
        (
            [0] => Array
                (
                    [name] => BABIA, KLINT JOHN
                    [relation] => Son
                    [birthdate] => 
                    [age] => 0
                    [sex] => Male
                    [education] => 
                    [occupation] => 
                    [remarks] => 
                    [status] => active
                )

            [1] => Array
                (
                    [name] => BABIA, KENDRA
                    [relation] => Daughter
                    [birthdate] => 
                    [age] => 0
                    [sex] => Male
                    [education] => 
                    [occupation] => 
                    [remarks] => 
                    [status] => active
                )

            [2] => Array
                (
                    [name] => BABIA, CHLOE JANE
                    [relation] => Daughter
                    [birthdate] => 
                    [age] => 0
                    [sex] => Male
                    [education] => 
                    [occupation] => 
                    [remarks] => 
                    [status] => active
                )

        )

)

DEBUG - 2026-04-06 10:36:28 --> Inserted resident ID: 191, Name: MELOGIE BABIA
DEBUG - 2026-04-06 10:36:28 --> Inserted family member: BABIA, KLINT JOHN
DEBUG - 2026-04-06 10:36:28 --> Inserted family member: BABIA, KENDRA
DEBUG - 2026-04-06 10:36:28 --> Inserted family member: BABIA, CHLOE JANE
DEBUG - 2026-04-06 10:36:28 --> Checking row 3523: Array
(
    [0] => 
    [1] => 
    [2] => Department of Social Welfare and Development
    [3] => 
    [4] => 
    [5] => 
    [6] => 
    [7] => 
    [8] => 
    [9] => 
    [10] => 
    [11] => 
    [12] => 
    [13] => BENEFICIARY'S COPY
    [14] => 
    [15] => 
)

DEBUG - 2026-04-06 10:36:28 --> Checking row 3524: Array
(
    [0] => 
    [1] => 
    [2] => FAMILY ASSISTANCE CARD IN EMERGENCIES AND DISASTERS (FACED)
    [3] => 
    [4] => 
    [5] => 
    [6] => 
    [7] => 
    [8] => 
    [9] => 
    [10] => 
    [11] => 
    [12] => 
    [13] => SERIAL NUMBER: 0118
    [14] => 
    [15] => 
)

DEBUG - 2026-04-06 10:36:28 --> Checking row 3525: Array
(
    [0] => LOCATION OF THE AFFECTED FAMILY
    [1] => 
    [2] => 
    [3] => 
    [4] => 
    [5] => 
    [6] => 
    [7] => 
    [8] => 
    [9] => 
    [10] => 
    [11] => 
    [12] => 
    [13] => 
    [14] => 
    [15] => 
)

DEBUG - 2026-04-06 10:36:28 --> Checking row 3526: Array
(
    [0] => 1. REGION
X
    [1] => 
    [2] => 
    [3] => 2. PROVINCE
CAMIGUIN
    [4] => 
    [5] => 
    [6] => 3. DISTRICT

    [7] => 
    [8] => 
    [9] => 4. CITY/MUNICIPALITY
MAMBAJAO
    [10] => 
    [11] => 
    [12] => 5. BARANGAY
POBLACION
    [13] => 
    [14] => 6. EVACUATION CENTER/SITE
MAMBAJAO CENTRAL
    [15] => 
)

DEBUG - 2026-04-06 10:36:28 --> Checking row 3527: Array
(
    [0] => 
    [1] => 
    [2] => 
    [3] => 
    [4] => 
    [5] => 
    [6] => 
    [7] => 
    [8] => 
    [9] => 
    [10] => 
    [11] => 
    [12] => 
    [13] => 
    [14] => 
    [15] => 
)

DEBUG - 2026-04-06 10:36:28 --> Checking row 3528: Array
(
    [0] => HEAD OF THE FAMILY
    [1] => 
    [2] => 
    [3] => 
    [4] => 
    [5] => 
    [6] => 
    [7] => 
    [8] => 
    [9] => 
    [10] => 
    [11] => 
    [12] => 
    [13] => 
    [14] => 
    [15] => 
)

DEBUG - 2026-04-06 10:36:28 --> Found 'HEAD OF THE FAMILY' at row 3528, column 0
DEBUG - 2026-04-06 10:36:28 --> parseFacedCard called with startRow: 3528
DEBUG - 2026-04-06 10:36:28 --> Found household_no: 0118
DEBUG - 2026-04-06 10:36:28 --> Family header at row 3537 → data from 3538
DEBUG - 2026-04-06 10:36:28 --> Family member: KILON ENGUITO
DEBUG - 2026-04-06 10:36:28 --> Family member: EANA TIZON
DEBUG - 2026-04-06 10:36:28 --> Family member: ARIANNE TIZON
DEBUG - 2026-04-06 10:36:28 --> Family member: HAJI ENGUITO
DEBUG - 2026-04-06 10:36:28 --> Family member: JUNIOR TIZON
DEBUG - 2026-04-06 10:36:28 --> Family member: MARIAN TIZON
DEBUG - 2026-04-06 10:36:28 --> Parsed: EONA TIZON | HH#: 0118 | Members: 6
DEBUG - 2026-04-06 10:36:28 --> Parsed resident data: Array
(
    [household_no] => 0118
    [region] => X
    [province] => CAMIGUIN
    [district] => 
    [city_municipality] => MAMBAJAO
    [barangay] => POBLACION
    [evacuation_center] => MAMBAJAO CENTRAL
    [last_name] => TIZON
    [civil_status] => Single
    [mother_maiden_name] => 
    [first_name] => EONA
    [religion] => 
    [occupation] => Fish Vendor
    [middle_name] => ATASAN
    [name_extension] => 
    [age] => 47
    [birthdate] => 1978-10-09
    [birthplace] => 
    [sex] => Female
    [monthly_income] => 300
    [id_card_presented] => 
    [id_card_number] => 
    [is_4ps_beneficiary] => 0
    [vulnerable_older_persons] => 0
    [vulnerable_pregnant] => 0
    [vulnerable_lactating] => 0
    [vulnerable_pwd] => 0
    [ownership_status] => Owner
    [shelter_damage] => No Damage
    [registration_date] => 2026-04-06
    [data_privacy_consent] => 1
    [contact_number] => 
    [family_members] => Array
        (
            [0] => Array
                (
                    [name] => KILON ENGUITO
                    [relation] => 
                    [birthdate] => 1968-07-10
                    [age] => 57
                    [sex] => Male
                    [education] => HIGHSCHOOL LEVEL
                    [occupation] => 
                    [remarks] => 
                    [status] => active
                )

            [1] => Array
                (
                    [name] => EANA TIZON
                    [relation] => 
                    [birthdate] => 1978-10-09
                    [age] => 47
                    [sex] => Female
                    [education] => ELEMENTARY LEVEL
                    [occupation] => 
                    [remarks] => 
                    [status] => active
                )

            [2] => Array
                (
                    [name] => ARIANNE TIZON
                    [relation] => 
                    [birthdate] => 1999-11-21
                    [age] => 26
                    [sex] => Female
                    [education] => HIGHSCHOOL LEVEL
                    [occupation] => 
                    [remarks] => 
                    [status] => active
                )

            [3] => Array
                (
                    [name] => HAJI ENGUITO
                    [relation] => 
                    [birthdate] => 2009-09-09
                    [age] => 16
                    [sex] => Male
                    [education] => SENIOR HIGH
                    [occupation] => 
                    [remarks] => 
                    [status] => active
                )

            [4] => Array
                (
                    [name] => JUNIOR TIZON
                    [relation] => 
                    [birthdate] => 2019-08-14
                    [age] => 6
                    [sex] => Male
                    [education] => 
                    [occupation] => 
                    [remarks] => 
                    [status] => active
                )

            [5] => Array
                (
                    [name] => MARIAN TIZON
                    [relation] => 
                    [birthdate] => 2023-04-22
                    [age] => 2
                    [sex] => Female
                    [education] => 
                    [occupation] => 
                    [remarks] => 
                    [status] => active
                )

        )

)

DEBUG - 2026-04-06 10:36:28 --> Inserted resident ID: 192, Name: EONA TIZON
DEBUG - 2026-04-06 10:36:28 --> Inserted family member: KILON ENGUITO
DEBUG - 2026-04-06 10:36:28 --> Inserted family member: EANA TIZON
DEBUG - 2026-04-06 10:36:28 --> Inserted family member: ARIANNE TIZON
DEBUG - 2026-04-06 10:36:28 --> Inserted family member: HAJI ENGUITO
DEBUG - 2026-04-06 10:36:28 --> Inserted family member: JUNIOR TIZON
DEBUG - 2026-04-06 10:36:28 --> Inserted family member: MARIAN TIZON
DEBUG - 2026-04-06 10:36:28 --> Checking row 3553: Array
(
    [0] => DSWD Logo
    [1] => 
    [2] => Republic of the Philippines
    [3] => 
    [4] => 
    [5] => 
    [6] => 
    [7] => 
    [8] => 
    [9] => 
    [10] => 
    [11] => 
    [12] => 
    [13] => THIS CARD IS NOT FOR SALE
    [14] => 
    [15] => 
)

DEBUG - 2026-04-06 10:36:28 --> Checking row 3554: Array
(
    [0] => 
    [1] => 
    [2] => Department of Social Welfare and Development
    [3] => 
    [4] => 
    [5] => 
    [6] => 
    [7] => 
    [8] => 
    [9] => 
    [10] => 
    [11] => 
    [12] => 
    [13] => BENEFICIARY'S COPY
    [14] => 
    [15] => 
)

DEBUG - 2026-04-06 10:36:28 --> Checking row 3555: Array
(
    [0] => 
    [1] => 
    [2] => FAMILY ASSISTANCE CARD IN EMERGENCIES AND DISASTERS (FACED)
    [3] => 
    [4] => 
    [5] => 
    [6] => 
    [7] => 
    [8] => 
    [9] => 
    [10] => 
    [11] => 
    [12] => 
    [13] => SERIAL NUMBER: 0119
    [14] => 
    [15] => 
)

DEBUG - 2026-04-06 10:36:28 --> Checking row 3556: Array
(
    [0] => LOCATION OF THE AFFECTED FAMILY
    [1] => 
    [2] => 
    [3] => 
    [4] => 
    [5] => 
    [6] => 
    [7] => 
    [8] => 
    [9] => 
    [10] => 
    [11] => 
    [12] => 
    [13] => 
    [14] => 
    [15] => 
)

DEBUG - 2026-04-06 10:36:28 --> Checking row 3557: Array
(
    [0] => 1. REGION
X
    [1] => 
    [2] => 
    [3] => 2. PROVINCE
CAMIGUIN
    [4] => 
    [5] => 
    [6] => 3. DISTRICT

    [7] => 
    [8] => 
    [9] => 4. CITY/MUNICIPALITY
MAMBAJAO
    [10] => 
    [11] => 
    [12] => 5. BARANGAY
POBLACION
    [13] => 
    [14] => 6. EVACUATION CENTER/SITE

    [15] => 
)

DEBUG - 2026-04-06 10:36:28 --> Checking row 3558: Array
(
    [0] => 
    [1] => 
    [2] => 
    [3] => 
    [4] => 
    [5] => 
    [6] => 
    [7] => 
    [8] => 
    [9] => 
    [10] => 
    [11] => 
    [12] => 
    [13] => 
    [14] => 
    [15] => 
)

DEBUG - 2026-04-06 10:36:28 --> Checking row 3559: Array
(
    [0] => HEAD OF THE FAMILY
    [1] => 
    [2] => 
    [3] => 
    [4] => 
    [5] => 
    [6] => 
    [7] => 
    [8] => 
    [9] => 
    [10] => 
    [11] => 
    [12] => 
    [13] => 
    [14] => 
    [15] => 
)

DEBUG - 2026-04-06 10:36:28 --> Found 'HEAD OF THE FAMILY' at row 3559, column 0
DEBUG - 2026-04-06 10:36:28 --> parseFacedCard called with startRow: 3559
DEBUG - 2026-04-06 10:36:28 --> Found household_no: 0119
DEBUG - 2026-04-06 10:36:28 --> Family header at row 3568 → data from 3569
DEBUG - 2026-04-06 10:36:28 --> Family member: ...
DEBUG - 2026-04-06 10:36:28 --> Family member: ...
DEBUG - 2026-04-06 10:36:28 --> Family member: ...
DEBUG - 2026-04-06 10:36:28 --> Family member: ...
DEBUG - 2026-04-06 10:36:28 --> Family member: ...
DEBUG - 2026-04-06 10:36:28 --> Family member: ...
DEBUG - 2026-04-06 10:36:28 --> Family member: ...
DEBUG - 2026-04-06 10:36:28 --> Family member: ...
DEBUG - 2026-04-06 10:36:28 --> Parsed: NORA DOLUMBAL | HH#: 0119 | Members: 8
DEBUG - 2026-04-06 10:36:28 --> Parsed resident data: Array
(
    [household_no] => 0119
    [region] => X
    [province] => CAMIGUIN
    [district] => 
    [city_municipality] => MAMBAJAO
    [barangay] => POBLACION
    [evacuation_center] => 
    [last_name] => DOLUMBAL
    [civil_status] => 
    [mother_maiden_name] => 
    [first_name] => NORA
    [religion] => Roman Catholic
    [occupation] => Fish Vendor
    [middle_name] => MANAIZ
    [name_extension] => 
    [age] => 44
    [birthdate] => 1981-10-16
    [birthplace] => TAPON
    [sex] => Female
    [monthly_income] => 0
    [id_card_presented] => 
    [id_card_number] => 
    [house_no] => 
    [street] => Tapon
    [subdivision] => 
    [permanent_barangay] => Poblacion
    [permanent_city] => Mambajao
    [permanent_province] => Camiguin
    [zip_code] => 9100
    [is_4ps_beneficiary] => 0
    [vulnerable_older_persons] => 0
    [vulnerable_pregnant] => 0
    [vulnerable_lactating] => 0
    [vulnerable_pwd] => 0
    [ownership_status] => Owner
    [shelter_damage] => No Damage
    [registration_date] => 2026-04-06
    [data_privacy_consent] => 1
    [contact_number] => 
    [family_members] => Array
        (
            [0] => Array
                (
                    [name] => ...
                    [relation] => Daughter
                    [birthdate] => 2009-12-02
                    [age] => 16
                    [sex] => Female
                    [education] => HIGH SCHOOL
                    [occupation] => 
                    [remarks] => 
                    [status] => active
                )

            [1] => Array
                (
                    [name] => ...
                    [relation] => Daughter
                    [birthdate] => 2012-10-05
                    [age] => 13
                    [sex] => Female
                    [education] => HIGH SCHOOL
                    [occupation] => 
                    [remarks] => 
                    [status] => active
                )

            [2] => Array
                (
                    [name] => ...
                    [relation] => Cousin
                    [birthdate] => 2019-01-01
                    [age] => 7
                    [sex] => Female
                    [education] => ELEMENTARY
                    [occupation] => 
                    [remarks] => 
                    [status] => active
                )

            [3] => Array
                (
                    [name] => ...
                    [relation] => Cousin
                    [birthdate] => 2019-01-01
                    [age] => 7
                    [sex] => Female
                    [education] => ELEMENTARY
                    [occupation] => 
                    [remarks] => 
                    [status] => active
                )

            [4] => Array
                (
                    [name] => ...
                    [relation] => Daughter
                    [birthdate] => 2002-04-03
                    [age] => 24
                    [sex] => Female
                    [education] => COLLEGE
                    [occupation] => 
                    [remarks] => 
                    [status] => active
                )

            [5] => Array
                (
                    [name] => ...
                    [relation] => Son
                    [birthdate] => 2001-01-01
                    [age] => 25
                    [sex] => Male
                    [education] => COLLEHE
                    [occupation] => 
                    [remarks] => 
                    [status] => active
                )

            [6] => Array
                (
                    [name] => ...
                    [relation] => Son
                    [birthdate] => 2004-01-01
                    [age] => 22
                    [sex] => Male
                    [education] => COLLEGE
                    [occupation] => 
                    [remarks] => 
                    [status] => active
                )

            [7] => Array
                (
                    [name] => ...
                    [relation] => Son
                    [birthdate] => 2001-01-01
                    [age] => 25
                    [sex] => Male
                    [education] => COLLEGE
                    [occupation] => House Keeper
                    [remarks] => 
                    [status] => active
                )

        )

)

DEBUG - 2026-04-06 10:36:28 --> Inserted resident ID: 193, Name: NORA DOLUMBAL
DEBUG - 2026-04-06 10:36:28 --> Inserted family member: ...
DEBUG - 2026-04-06 10:36:28 --> Inserted family member: ...
DEBUG - 2026-04-06 10:36:28 --> Inserted family member: ...
DEBUG - 2026-04-06 10:36:28 --> Inserted family member: ...
DEBUG - 2026-04-06 10:36:28 --> Inserted family member: ...
DEBUG - 2026-04-06 10:36:28 --> Inserted family member: ...
DEBUG - 2026-04-06 10:36:28 --> Inserted family member: ...
DEBUG - 2026-04-06 10:36:28 --> Inserted family member: ...
DEBUG - 2026-04-06 10:36:28 --> Checking row 3584: Array
(
    [0] => 
    [1] => 
    [2] => 
    [3] => 
    [4] => 
    [5] => 
    [6] => 
    [7] => 
    [8] => 
    [9] => 
    [10] => 
    [11] => 
    [12] => 
    [13] => 
    [14] => 
    [15] => 
)

DEBUG - 2026-04-06 10:36:28 --> Checking row 3585: Array
(
    [0] => 
    [1] => 
    [2] => 
    [3] => 
    [4] => 
    [5] => 
    [6] => 
    [7] => 
    [8] => 
    [9] => 
    [10] => 
    [11] => 
    [12] => 
    [13] => 
    [14] => 
    [15] => 
)

DEBUG - 2026-04-06 10:36:28 --> Checking row 3586: Array
(
    [0] => DSWD Logo
    [1] => 
    [2] => Republic of the Philippines
    [3] => 
    [4] => 
    [5] => 
    [6] => 
    [7] => 
    [8] => 
    [9] => 
    [10] => 
    [11] => 
    [12] => 
    [13] => THIS CARD IS NOT FOR SALE
    [14] => 
    [15] => 
)

DEBUG - 2026-04-06 10:36:28 --> Checking row 3587: Array
(
    [0] => 
    [1] => 
    [2] => Department of Social Welfare and Development
    [3] => 
    [4] => 
    [5] => 
    [6] => 
    [7] => 
    [8] => 
    [9] => 
    [10] => 
    [11] => 
    [12] => 
    [13] => BENEFICIARY'S COPY
    [14] => 
    [15] => 
)

DEBUG - 2026-04-06 10:36:28 --> Checking row 3588: Array
(
    [0] => 
    [1] => 
    [2] => FAMILY ASSISTANCE CARD IN EMERGENCIES AND DISASTERS (FACED)
    [3] => 
    [4] => 
    [5] => 
    [6] => 
    [7] => 
    [8] => 
    [9] => 
    [10] => 
    [11] => 
    [12] => 
    [13] => SERIAL NUMBER: 0120
    [14] => 
    [15] => 
)

DEBUG - 2026-04-06 10:36:28 --> Checking row 3589: Array
(
    [0] => LOCATION OF THE AFFECTED FAMILY
    [1] => 
    [2] => 
    [3] => 
    [4] => 
    [5] => 
    [6] => 
    [7] => 
    [8] => 
    [9] => 
    [10] => 
    [11] => 
    [12] => 
    [13] => 
    [14] => 
    [15] => 
)

DEBUG - 2026-04-06 10:36:28 --> Checking row 3590: Array
(
    [0] => 1. REGION
REGION X
    [1] => 
    [2] => 
    [3] => 2. PROVINCE
CAMIGUIN
    [4] => 
    [5] => 
    [6] => 3. DISTRICT

    [7] => 
    [8] => 
    [9] => 4. CITY/MUNICIPALITY
MAMBAJAO
    [10] => 
    [11] => 
    [12] => 5. BARANGAY
BUG-ONG
    [13] => 
    [14] => 6. EVACUATION CENTER/SITE
BUG-ONG ELEMENTARY SCHOOL
    [15] => 
)

DEBUG - 2026-04-06 10:36:28 --> Checking row 3591: Array
(
    [0] => 
    [1] => 
    [2] => 
    [3] => 
    [4] => 
    [5] => 
    [6] => 
    [7] => 
    [8] => 
    [9] => 
    [10] => 
    [11] => 
    [12] => 
    [13] => 
    [14] => 
    [15] => 
)

DEBUG - 2026-04-06 10:36:28 --> Checking row 3592: Array
(
    [0] => HEAD OF THE FAMILY
    [1] => 
    [2] => 
    [3] => 
    [4] => 
    [5] => 
    [6] => 
    [7] => 
    [8] => 
    [9] => 
    [10] => 
    [11] => 
    [12] => 
    [13] => 
    [14] => 
    [15] => 
)

DEBUG - 2026-04-06 10:36:28 --> Found 'HEAD OF THE FAMILY' at row 3592, column 0
DEBUG - 2026-04-06 10:36:28 --> parseFacedCard called with startRow: 3592
DEBUG - 2026-04-06 10:36:28 --> Found household_no: 0120
DEBUG - 2026-04-06 10:36:28 --> Family header at row 3601 → data from 3602
DEBUG - 2026-04-06 10:36:28 --> Family member: BOBELA, KATHERINE
DEBUG - 2026-04-06 10:36:28 --> Family member: BOBELA, NENIA CASSANDRA
DEBUG - 2026-04-06 10:36:28 --> Family member: BOBELA , JAKE CARLY
DEBUG - 2026-04-06 10:36:28 --> Parsed: DEJAY BOBELA | HH#: 0120 | Members: 3
DEBUG - 2026-04-06 10:36:28 --> Parsed resident data: Array
(
    [household_no] => 0120
    [region] => REGION X
    [province] => CAMIGUIN
    [district] => 
    [city_municipality] => MAMBAJAO
    [barangay] => BUG-ONG
    [evacuation_center] => BUG-ONG ELEMENTARY SCHOOL
    [last_name] => BOBELA
    [civil_status] => Married
    [mother_maiden_name] => 
    [first_name] => DEJAY
    [religion] => 
    [occupation] => Construction Worker
    [middle_name] => 
    [name_extension] => 
    [age] => 0
    [birthplace] => 
    [sex] => Male
    [monthly_income] => 0
    [id_card_presented] => 
    [id_card_number] => 
    [house_no] => 
    [street] => Pur
    [subdivision] => 
    [permanent_barangay] => Bug-ong
    [permanent_city] => Mambajao
    [permanent_province] => Camiguin
    [zip_code] => 9100
    [is_4ps_beneficiary] => 0
    [vulnerable_older_persons] => 0
    [vulnerable_pregnant] => 0
    [vulnerable_lactating] => 0
    [vulnerable_pwd] => 0
    [ownership_status] => Owner
    [shelter_damage] => No Damage
    [registration_date] => 2026-04-06
    [data_privacy_consent] => 1
    [contact_number] => 
    [family_members] => Array
        (
            [0] => Array
                (
                    [name] => BOBELA, KATHERINE
                    [relation] => Wife
                    [birthdate] => 
                    [age] => 0
                    [sex] => Male
                    [education] => 
                    [occupation] => Housewife
                    [remarks] => 
                    [status] => active
                )

            [1] => Array
                (
                    [name] => BOBELA, NENIA CASSANDRA
                    [relation] => Daughter
                    [birthdate] => 
                    [age] => 0
                    [sex] => Female
                    [education] => 
                    [occupation] => Student
                    [remarks] => 
                    [status] => active
                )

            [2] => Array
                (
                    [name] => BOBELA , JAKE CARLY
                    [relation] => Son
                    [birthdate] => 
                    [age] => 0
                    [sex] => Male
                    [education] => 
                    [occupation] => 
                    [remarks] => 
                    [status] => active
                )

        )

)

DEBUG - 2026-04-06 10:36:28 --> Inserted resident ID: 194, Name: DEJAY BOBELA
DEBUG - 2026-04-06 10:36:28 --> Inserted family member: BOBELA, KATHERINE
DEBUG - 2026-04-06 10:36:28 --> Inserted family member: BOBELA, NENIA CASSANDRA
DEBUG - 2026-04-06 10:36:28 --> Inserted family member: BOBELA , JAKE CARLY
DEBUG - 2026-04-06 10:36:28 --> Checking row 3617: Array
(
    [0] => 
    [1] => 
    [2] => Department of Social Welfare and Development
    [3] => 
    [4] => 
    [5] => 
    [6] => 
    [7] => 
    [8] => 
    [9] => 
    [10] => 
    [11] => 
    [12] => 
    [13] => BENEFICIARY'S COPY
    [14] => 
    [15] => 
)

DEBUG - 2026-04-06 10:36:28 --> Checking row 3618: Array
(
    [0] => 
    [1] => 
    [2] => FAMILY ASSISTANCE CARD IN EMERGENCIES AND DISASTERS (FACED)
    [3] => 
    [4] => 
    [5] => 
    [6] => 
    [7] => 
    [8] => 
    [9] => 
    [10] => 
    [11] => 
    [12] => 
    [13] => SERIAL NUMBER: 0121
    [14] => 
    [15] => 
)

DEBUG - 2026-04-06 10:36:28 --> Checking row 3619: Array
(
    [0] => LOCATION OF THE AFFECTED FAMILY
    [1] => 
    [2] => 
    [3] => 
    [4] => 
    [5] => 
    [6] => 
    [7] => 
    [8] => 
    [9] => 
    [10] => 
    [11] => 
    [12] => 
    [13] => 
    [14] => 
    [15] => 
)

DEBUG - 2026-04-06 10:36:28 --> Checking row 3620: Array
(
    [0] => 1. REGION
X
    [1] => 
    [2] => 
    [3] => 2. PROVINCE
CAMIGUIN
    [4] => 
    [5] => 
    [6] => 3. DISTRICT

    [7] => 
    [8] => 
    [9] => 4. CITY/MUNICIPALITY
MAMBAJAO
    [10] => 
    [11] => 
    [12] => 5. BARANGAY
POBLACION
    [13] => 
    [14] => 6. EVACUATION CENTER/SITE

    [15] => 
)

DEBUG - 2026-04-06 10:36:28 --> Checking row 3621: Array
(
    [0] => 
    [1] => 
    [2] => 
    [3] => 
    [4] => 
    [5] => 
    [6] => 
    [7] => 
    [8] => 
    [9] => 
    [10] => 
    [11] => 
    [12] => 
    [13] => 
    [14] => 
    [15] => 
)

DEBUG - 2026-04-06 10:36:28 --> Checking row 3622: Array
(
    [0] => HEAD OF THE FAMILY
    [1] => 
    [2] => 
    [3] => 
    [4] => 
    [5] => 
    [6] => 
    [7] => 
    [8] => 
    [9] => 
    [10] => 
    [11] => 
    [12] => 
    [13] => 
    [14] => 
    [15] => 
)

DEBUG - 2026-04-06 10:36:28 --> Found 'HEAD OF THE FAMILY' at row 3622, column 0
DEBUG - 2026-04-06 10:36:28 --> parseFacedCard called with startRow: 3622
DEBUG - 2026-04-06 10:36:28 --> Found household_no: 0121
DEBUG - 2026-04-06 10:36:28 --> Family header at row 3631 → data from 3632
DEBUG - 2026-04-06 10:36:28 --> Parsed: VERONICA RAZ | HH#: 0121 | Members: 0
DEBUG - 2026-04-06 10:36:28 --> Parsed resident data: Array
(
    [household_no] => 0121
    [region] => X
    [province] => CAMIGUIN
    [district] => 
    [city_municipality] => MAMBAJAO
    [barangay] => POBLACION
    [evacuation_center] => 
    [last_name] => RAZ
    [civil_status] => Widowed
    [mother_maiden_name] => 
    [first_name] => VERONICA
    [religion] => Rokman Catholic
    [occupation] => 
    [middle_name] => NAWAN
    [name_extension] => 
    [age] => 77
    [birthdate] => 1948-10-19
    [birthplace] => 
    [sex] => Female
    [monthly_income] => 0
    [id_card_presented] => 
    [id_card_number] => 
    [contact_number] => 09755229311
    [house_no] => 
    [street] => Tapon
    [subdivision] => 
    [permanent_barangay] => Poblacion
    [permanent_city] => Mamabajao
    [permanent_province] => Camiguin
    [zip_code] => 9100
    [is_4ps_beneficiary] => 0
    [vulnerable_older_persons] => 0
    [vulnerable_pregnant] => 0
    [vulnerable_lactating] => 0
    [vulnerable_pwd] => 0
    [ownership_status] => Owner
    [shelter_damage] => No Damage
    [registration_date] => 2026-04-06
    [data_privacy_consent] => 1
    [family_members] => Array
        (
        )

)

DEBUG - 2026-04-06 10:36:28 --> Inserted resident ID: 195, Name: VERONICA RAZ
DEBUG - 2026-04-06 10:36:28 --> Checking row 3647: Array
(
    [0] => 
    [1] => 
    [2] => Department of Social Welfare and Development
    [3] => 
    [4] => 
    [5] => 
    [6] => 
    [7] => 
    [8] => 
    [9] => 
    [10] => 
    [11] => 
    [12] => 
    [13] => BENEFICIARY'S COPY
    [14] => 
    [15] => 
)

DEBUG - 2026-04-06 10:36:28 --> Checking row 3648: Array
(
    [0] => 
    [1] => 
    [2] => FAMILY ASSISTANCE CARD IN EMERGENCIES AND DISASTERS (FACED)
    [3] => 
    [4] => 
    [5] => 
    [6] => 
    [7] => 
    [8] => 
    [9] => 
    [10] => 
    [11] => 
    [12] => 
    [13] => SERIAL NUMBER: 0122
    [14] => 
    [15] => 
)

DEBUG - 2026-04-06 10:36:28 --> Checking row 3649: Array
(
    [0] => LOCATION OF THE AFFECTED FAMILY
    [1] => 
    [2] => 
    [3] => 
    [4] => 
    [5] => 
    [6] => 
    [7] => 
    [8] => 
    [9] => 
    [10] => 
    [11] => 
    [12] => 
    [13] => 
    [14] => 
    [15] => 
)

DEBUG - 2026-04-06 10:36:28 --> Checking row 3650: Array
(
    [0] => 1. REGION
REGION X
    [1] => 
    [2] => 
    [3] => 2. PROVINCE
CAMIGUIN
    [4] => 
    [5] => 
    [6] => 3. DISTRICT

    [7] => 
    [8] => 
    [9] => 4. CITY/MUNICIPALITY
MAMBAJAO
    [10] => 
    [11] => 
    [12] => 5. BARANGAY
BUG-ONG
    [13] => 
    [14] => 6. EVACUATION CENTER/SITE
BUG-ONG ELEMENTARY SCHOOL
    [15] => 
)

DEBUG - 2026-04-06 10:36:28 --> Checking row 3651: Array
(
    [0] => 
    [1] => 
    [2] => 
    [3] => 
    [4] => 
    [5] => 
    [6] => 
    [7] => 
    [8] => 
    [9] => 
    [10] => 
    [11] => 
    [12] => 
    [13] => 
    [14] => 
    [15] => 
)

DEBUG - 2026-04-06 10:36:28 --> Checking row 3652: Array
(
    [0] => HEAD OF THE FAMILY
    [1] => 
    [2] => 
    [3] => 
    [4] => 
    [5] => 
    [6] => 
    [7] => 
    [8] => 
    [9] => 
    [10] => 
    [11] => 
    [12] => 
    [13] => 
    [14] => 
    [15] => 
)

DEBUG - 2026-04-06 10:36:28 --> Found 'HEAD OF THE FAMILY' at row 3652, column 0
DEBUG - 2026-04-06 10:36:28 --> parseFacedCard called with startRow: 3652
DEBUG - 2026-04-06 10:36:28 --> Found household_no: 0122
DEBUG - 2026-04-06 10:36:28 --> Family header at row 3661 → data from 3662
DEBUG - 2026-04-06 10:36:28 --> Family member: PABLITA BABIA
DEBUG - 2026-04-06 10:36:28 --> Family member: KATHREN BABIA
DEBUG - 2026-04-06 10:36:28 --> Parsed: JOSE BABIA | HH#: 0122 | Members: 2
DEBUG - 2026-04-06 10:36:28 --> Parsed resident data: Array
(
    [household_no] => 0122
    [region] => REGION X
    [province] => CAMIGUIN
    [district] => 
    [city_municipality] => MAMBAJAO
    [barangay] => BUG-ONG
    [evacuation_center] => BUG-ONG ELEMENTARY SCHOOL
    [last_name] => BABIA
    [civil_status] => Married
    [mother_maiden_name] => THELMA MARIQUIT
    [first_name] => JOSE
    [religion] => Roman Catholic
    [occupation] => Carpenter
    [middle_name] => MARIQUIT
    [name_extension] => 
    [age] => 0
    [birthplace] => 
    [sex] => Male
    [monthly_income] => 0
    [id_card_presented] => 
    [id_card_number] => 
    [house_no] => 
    [street] => Purok
    [subdivision] => 2
    [permanent_barangay] => Bug-ong
    [permanent_city] => Mambajao
    [permanent_province] => Camiguin
    [zip_code] => 9100
    [is_4ps_beneficiary] => 0
    [vulnerable_older_persons] => 0
    [vulnerable_pregnant] => 0
    [vulnerable_lactating] => 0
    [vulnerable_pwd] => 0
    [ownership_status] => Owner
    [shelter_damage] => No Damage
    [registration_date] => 2026-04-06
    [data_privacy_consent] => 1
    [contact_number] => 
    [family_members] => Array
        (
            [0] => Array
                (
                    [name] => PABLITA BABIA
                    [relation] => Wife
                    [birthdate] => 
                    [age] => 0
                    [sex] => Female
                    [education] => 
                    [occupation] => Housewife
                    [remarks] => 
                    [status] => active
                )

            [1] => Array
                (
                    [name] => KATHREN BABIA
                    [relation] => Daughter
                    [birthdate] => 
                    [age] => 0
                    [sex] => Female
                    [education] => 
                    [occupation] => Student
                    [remarks] => 
                    [status] => active
                )

        )

)

DEBUG - 2026-04-06 10:36:28 --> Inserted resident ID: 196, Name: JOSE BABIA
DEBUG - 2026-04-06 10:36:28 --> Inserted family member: PABLITA BABIA
DEBUG - 2026-04-06 10:36:28 --> Inserted family member: KATHREN BABIA
DEBUG - 2026-04-06 10:36:28 --> Import completed. Imported: 122, Errors: 0
DEBUG - 2026-04-06 10:36:28 --> Session: Class initialized using 'CodeIgniter\Session\Handlers\FileHandler' driver.
DEBUG - 2026-04-06 10:36:40 --> Session: Class initialized using 'CodeIgniter\Session\Handlers\FileHandler' driver.
DEBUG - 2026-04-06 10:36:40 --> Family members with file check: Array
(
    [0] => Array
        (
            [id] => 328
            [resident_id] => 145
            [member_id] => 0071-01
            [name] => ROMANITO BULAN
            [relation] => Husband
            [birthdate] => 1962-03-12
            [age] => 64
            [sex] => Male
            [education] => HIGHSCHOOL GRAD
            [occupation] => Welder
            [remarks] => 
            [photo] => 
            [id_photo_front] => 
            [id_photo_back] => 
            [birth_certificate] => 
            [qr_code_token] => 1eb9d21c1a3a0bf12ff87717e59df0f0
            [qr_code_id] => 
            [status] => active
            [created_at] => 2026-04-06 10:36:26
            [updated_at] => 2026-04-06 10:36:26
        )

    [1] => Array
        (
            [id] => 329
            [resident_id] => 145
            [member_id] => 0071-02
            [name] => RALF JAY BULAN
            [relation] => Son
            [birthdate] => 1994-05-03
            [age] => 31
            [sex] => Male
            [education] => COLLEGE GRADUATE
            [occupation] => Staff
            [remarks] => 
            [photo] => 
            [id_photo_front] => 
            [id_photo_back] => 
            [birth_certificate] => 
            [qr_code_token] => e67ea000bf05c771e0e9f81131312cb1
            [qr_code_id] => 
            [status] => active
            [created_at] => 2026-04-06 10:36:26
            [updated_at] => 2026-04-06 10:36:26
        )

    [2] => Array
        (
            [id] => 330
            [resident_id] => 145
            [member_id] => 0071-03
            [name] => REGINE JAY BULAN
            [relation] => Daughter
            [birthdate] => 2003-09-21
            [age] => 22
            [sex] => Female
            [education] => COLLEGE
            [occupation] => Student
            [remarks] => 
            [photo] => 
            [id_photo_front] => 
            [id_photo_back] => 
            [birth_certificate] => 
            [qr_code_token] => 13ca5d79feb87650307262ac0e5059f6
            [qr_code_id] => 
            [status] => active
            [created_at] => 2026-04-06 10:36:26
            [updated_at] => 2026-04-06 10:36:26
        )

)

DEBUG - 2026-04-06 10:36:52 --> Session: Class initialized using 'CodeIgniter\Session\Handlers\FileHandler' driver.
DEBUG - 2026-04-06 10:36:54 --> Session: Class initialized using 'CodeIgniter\Session\Handlers\FileHandler' driver.
DEBUG - 2026-04-06 10:36:56 --> Session: Class initialized using 'CodeIgniter\Session\Handlers\FileHandler' driver.
DEBUG - 2026-04-06 10:36:57 --> Session: Class initialized using 'CodeIgniter\Session\Handlers\FileHandler' driver.
DEBUG - 2026-04-06 10:36:58 --> Session: Class initialized using 'CodeIgniter\Session\Handlers\FileHandler' driver.
DEBUG - 2026-04-06 10:36:59 --> Session: Class initialized using 'CodeIgniter\Session\Handlers\FileHandler' driver.
DEBUG - 2026-04-06 10:37:04 --> Session: Class initialized using 'CodeIgniter\Session\Handlers\FileHandler' driver.
DEBUG - 2026-04-06 10:37:04 --> Session: Class initialized using 'CodeIgniter\Session\Handlers\FileHandler' driver.
DEBUG - 2026-04-06 10:37:08 --> Session: Class initialized using 'CodeIgniter\Session\Handlers\FileHandler' driver.
DEBUG - 2026-04-06 10:40:32 --> Session: Class initialized using 'CodeIgniter\Session\Handlers\FileHandler' driver.
DEBUG - 2026-04-06 10:40:33 --> Session: Class initialized using 'CodeIgniter\Session\Handlers\FileHandler' driver.
DEBUG - 2026-04-06 10:47:36 --> Session: Class initialized using 'CodeIgniter\Session\Handlers\FileHandler' driver.
DEBUG - 2026-04-06 10:48:36 --> Session: Class initialized using 'CodeIgniter\Session\Handlers\FileHandler' driver.
DEBUG - 2026-04-06 10:48:52 --> Session: Class initialized using 'CodeIgniter\Session\Handlers\FileHandler' driver.
CRITICAL - 2026-04-06 10:48:52 --> TypeError: CodeIgniter\Database\BaseBuilder::limit(): Argument #1 ($value) must be of type ?int, string given, called in C:\Users\Richard Miculob\Documents\ResQR\system\Model.php on line 925
[Method: GET, Route: beneficiaries/resident-list]
in SYSTEMPATH\Database\BaseBuilder.php on line 1514.
 1 SYSTEMPATH\Model.php(925): CodeIgniter\Database\BaseBuilder->limit('10', 0)
 2 APPPATH\Controllers\Beneficiaries.php(809): CodeIgniter\Model->__call('limit', [...])
 3 SYSTEMPATH\CodeIgniter.php(933): App\Controllers\Beneficiaries->residentList()
 4 SYSTEMPATH\CodeIgniter.php(507): CodeIgniter\CodeIgniter->runController(Object(App\Controllers\Beneficiaries))
 5 SYSTEMPATH\CodeIgniter.php(354): CodeIgniter\CodeIgniter->handleRequest(null, Object(Config\Cache), false)
 6 SYSTEMPATH\Boot.php(363): CodeIgniter\CodeIgniter->run()
 7 SYSTEMPATH\Boot.php(68): CodeIgniter\Boot::runCodeIgniter(Object(CodeIgniter\CodeIgniter))
 8 FCPATH\index.php(59): CodeIgniter\Boot::bootWeb(Object(Config\Paths))
 9 SYSTEMPATH\rewrite.php(44): require_once('C:\\Users\\Richard Miculob\\Documents\\ResQR\\public\\index.php')
DEBUG - 2026-04-06 10:49:35 --> Session: Class initialized using 'CodeIgniter\Session\Handlers\FileHandler' driver.
DEBUG - 2026-04-06 10:49:44 --> Session: Class initialized using 'CodeIgniter\Session\Handlers\FileHandler' driver.
DEBUG - 2026-04-06 10:49:53 --> Session: Class initialized using 'CodeIgniter\Session\Handlers\FileHandler' driver.
DEBUG - 2026-04-06 10:50:01 --> Session: Class initialized using 'CodeIgniter\Session\Handlers\FileHandler' driver.
DEBUG - 2026-04-06 10:50:08 --> Session: Class initialized using 'CodeIgniter\Session\Handlers\FileHandler' driver.
DEBUG - 2026-04-06 10:50:11 --> Session: Class initialized using 'CodeIgniter\Session\Handlers\FileHandler' driver.
DEBUG - 2026-04-06 10:50:14 --> Session: Class initialized using 'CodeIgniter\Session\Handlers\FileHandler' driver.
DEBUG - 2026-04-06 10:50:19 --> Session: Class initialized using 'CodeIgniter\Session\Handlers\FileHandler' driver.
DEBUG - 2026-04-06 10:50:21 --> Session: Class initialized using 'CodeIgniter\Session\Handlers\FileHandler' driver.
DEBUG - 2026-04-06 10:50:24 --> Session: Class initialized using 'CodeIgniter\Session\Handlers\FileHandler' driver.
DEBUG - 2026-04-06 10:50:26 --> Session: Class initialized using 'CodeIgniter\Session\Handlers\FileHandler' driver.
DEBUG - 2026-04-06 10:50:28 --> Session: Class initialized using 'CodeIgniter\Session\Handlers\FileHandler' driver.
DEBUG - 2026-04-06 10:50:36 --> Session: Class initialized using 'CodeIgniter\Session\Handlers\FileHandler' driver.
DEBUG - 2026-04-06 10:50:46 --> Session: Class initialized using 'CodeIgniter\Session\Handlers\FileHandler' driver.
DEBUG - 2026-04-06 10:50:50 --> Session: Class initialized using 'CodeIgniter\Session\Handlers\FileHandler' driver.
DEBUG - 2026-04-06 10:50:55 --> Session: Class initialized using 'CodeIgniter\Session\Handlers\FileHandler' driver.
DEBUG - 2026-04-06 10:50:58 --> Session: Class initialized using 'CodeIgniter\Session\Handlers\FileHandler' driver.
DEBUG - 2026-04-06 10:51:07 --> Session: Class initialized using 'CodeIgniter\Session\Handlers\FileHandler' driver.
DEBUG - 2026-04-06 14:29:34 --> Session: Class initialized using 'CodeIgniter\Session\Handlers\FileHandler' driver.
DEBUG - 2026-04-06 14:29:35 --> Session: Class initialized using 'CodeIgniter\Session\Handlers\FileHandler' driver.
DEBUG - 2026-04-06 14:58:06 --> Session: Class initialized using 'CodeIgniter\Session\Handlers\FileHandler' driver.
DEBUG - 2026-04-06 14:58:08 --> Session: Class initialized using 'CodeIgniter\Session\Handlers\FileHandler' driver.
DEBUG - 2026-04-06 14:58:14 --> Session: Class initialized using 'CodeIgniter\Session\Handlers\FileHandler' driver.
DEBUG - 2026-04-06 14:58:44 --> Session: Class initialized using 'CodeIgniter\Session\Handlers\FileHandler' driver.
DEBUG - 2026-04-06 14:58:49 --> Session: Class initialized using 'CodeIgniter\Session\Handlers\FileHandler' driver.
DEBUG - 2026-04-06 14:58:55 --> Session: Class initialized using 'CodeIgniter\Session\Handlers\FileHandler' driver.
DEBUG - 2026-04-06 14:59:06 --> Session: Class initialized using 'CodeIgniter\Session\Handlers\FileHandler' driver.
DEBUG - 2026-04-06 15:16:29 --> Session: Class initialized using 'CodeIgniter\Session\Handlers\FileHandler' driver.
DEBUG - 2026-04-06 15:26:59 --> Session: Class initialized using 'CodeIgniter\Session\Handlers\FileHandler' driver.
DEBUG - 2026-04-06 17:11:49 --> Session: Class initialized using 'CodeIgniter\Session\Handlers\FileHandler' driver.
DEBUG - 2026-04-06 17:11:49 --> Session: Class initialized using 'CodeIgniter\Session\Handlers\FileHandler' driver.
DEBUG - 2026-04-06 17:11:53 --> Session: Class initialized using 'CodeIgniter\Session\Handlers\FileHandler' driver.
DEBUG - 2026-04-06 17:11:54 --> Session: Class initialized using 'CodeIgniter\Session\Handlers\FileHandler' driver.
DEBUG - 2026-04-06 17:12:00 --> Session: Class initialized using 'CodeIgniter\Session\Handlers\FileHandler' driver.
DEBUG - 2026-04-06 17:13:03 --> Session: Class initialized using 'CodeIgniter\Session\Handlers\FileHandler' driver.
DEBUG - 2026-04-06 17:13:21 --> Session: Class initialized using 'CodeIgniter\Session\Handlers\FileHandler' driver.
DEBUG - 2026-04-06 17:13:21 --> Session: Class initialized using 'CodeIgniter\Session\Handlers\FileHandler' driver.
DEBUG - 2026-04-06 17:13:21 --> Session: Class initialized using 'CodeIgniter\Session\Handlers\FileHandler' driver.
DEBUG - 2026-04-06 17:13:23 --> Session: Class initialized using 'CodeIgniter\Session\Handlers\FileHandler' driver.
DEBUG - 2026-04-06 17:13:24 --> Session: Class initialized using 'CodeIgniter\Session\Handlers\FileHandler' driver.
DEBUG - 2026-04-06 17:13:35 --> Session: Class initialized using 'CodeIgniter\Session\Handlers\FileHandler' driver.
DEBUG - 2026-04-06 17:13:43 --> Session: Class initialized using 'CodeIgniter\Session\Handlers\FileHandler' driver.
DEBUG - 2026-04-06 17:13:45 --> Session: Class initialized using 'CodeIgniter\Session\Handlers\FileHandler' driver.
DEBUG - 2026-04-06 17:13:51 --> Session: Class initialized using 'CodeIgniter\Session\Handlers\FileHandler' driver.
DEBUG - 2026-04-06 17:13:51 --> Session: Class initialized using 'CodeIgniter\Session\Handlers\FileHandler' driver.
DEBUG - 2026-04-06 17:13:57 --> Session: Class initialized using 'CodeIgniter\Session\Handlers\FileHandler' driver.
DEBUG - 2026-04-06 17:14:00 --> Session: Class initialized using 'CodeIgniter\Session\Handlers\FileHandler' driver.
DEBUG - 2026-04-06 17:14:01 --> Session: Class initialized using 'CodeIgniter\Session\Handlers\FileHandler' driver.
DEBUG - 2026-04-06 17:14:01 --> Session: Class initialized using 'CodeIgniter\Session\Handlers\FileHandler' driver.
DEBUG - 2026-04-06 17:14:02 --> Session: Class initialized using 'CodeIgniter\Session\Handlers\FileHandler' driver.
DEBUG - 2026-04-06 17:14:07 --> Session: Class initialized using 'CodeIgniter\Session\Handlers\FileHandler' driver.
DEBUG - 2026-04-06 17:14:07 --> Session: Class initialized using 'CodeIgniter\Session\Handlers\FileHandler' driver.
DEBUG - 2026-04-06 17:14:15 --> Session: Class initialized using 'CodeIgniter\Session\Handlers\FileHandler' driver.
DEBUG - 2026-04-06 17:14:19 --> Session: Class initialized using 'CodeIgniter\Session\Handlers\FileHandler' driver.
DEBUG - 2026-04-06 17:14:20 --> Session: Class initialized using 'CodeIgniter\Session\Handlers\FileHandler' driver.
DEBUG - 2026-04-06 17:14:20 --> Session: Class initialized using 'CodeIgniter\Session\Handlers\FileHandler' driver.
DEBUG - 2026-04-06 17:14:21 --> Session: Class initialized using 'CodeIgniter\Session\Handlers\FileHandler' driver.
DEBUG - 2026-04-06 17:14:25 --> Session: Class initialized using 'CodeIgniter\Session\Handlers\FileHandler' driver.
DEBUG - 2026-04-06 17:14:32 --> Session: Class initialized using 'CodeIgniter\Session\Handlers\FileHandler' driver.
DEBUG - 2026-04-06 17:15:09 --> Session: Class initialized using 'CodeIgniter\Session\Handlers\FileHandler' driver.
DEBUG - 2026-04-06 17:15:10 --> Session: Class initialized using 'CodeIgniter\Session\Handlers\FileHandler' driver.
DEBUG - 2026-04-06 17:15:10 --> Session: Class initialized using 'CodeIgniter\Session\Handlers\FileHandler' driver.
DEBUG - 2026-04-06 17:15:15 --> Session: Class initialized using 'CodeIgniter\Session\Handlers\FileHandler' driver.
DEBUG - 2026-04-06 17:15:20 --> Session: Class initialized using 'CodeIgniter\Session\Handlers\FileHandler' driver.
DEBUG - 2026-04-06 17:15:40 --> Session: Class initialized using 'CodeIgniter\Session\Handlers\FileHandler' driver.
DEBUG - 2026-04-06 17:15:44 --> Session: Class initialized using 'CodeIgniter\Session\Handlers\FileHandler' driver.
DEBUG - 2026-04-06 17:15:48 --> Session: Class initialized using 'CodeIgniter\Session\Handlers\FileHandler' driver.
DEBUG - 2026-04-06 17:16:13 --> Session: Class initialized using 'CodeIgniter\Session\Handlers\FileHandler' driver.
DEBUG - 2026-04-06 17:16:16 --> Session: Class initialized using 'CodeIgniter\Session\Handlers\FileHandler' driver.
DEBUG - 2026-04-06 17:16:25 --> Session: Class initialized using 'CodeIgniter\Session\Handlers\FileHandler' driver.
DEBUG - 2026-04-06 17:16:27 --> Session: Class initialized using 'CodeIgniter\Session\Handlers\FileHandler' driver.
DEBUG - 2026-04-06 17:16:29 --> Session: Class initialized using 'CodeIgniter\Session\Handlers\FileHandler' driver.
DEBUG - 2026-04-06 17:16:37 --> Session: Class initialized using 'CodeIgniter\Session\Handlers\FileHandler' driver.
DEBUG - 2026-04-06 17:16:38 --> Session: Class initialized using 'CodeIgniter\Session\Handlers\FileHandler' driver.
DEBUG - 2026-04-06 17:17:26 --> Session: Class initialized using 'CodeIgniter\Session\Handlers\FileHandler' driver.
DEBUG - 2026-04-06 17:17:26 --> Session: Class initialized using 'CodeIgniter\Session\Handlers\FileHandler' driver.
DEBUG - 2026-04-06 17:17:27 --> Session: Class initialized using 'CodeIgniter\Session\Handlers\FileHandler' driver.
DEBUG - 2026-04-06 17:17:35 --> Session: Class initialized using 'CodeIgniter\Session\Handlers\FileHandler' driver.
DEBUG - 2026-04-06 17:17:45 --> Session: Class initialized using 'CodeIgniter\Session\Handlers\FileHandler' driver.
DEBUG - 2026-04-06 17:17:55 --> Session: Class initialized using 'CodeIgniter\Session\Handlers\FileHandler' driver.
DEBUG - 2026-04-06 17:18:00 --> Session: Class initialized using 'CodeIgniter\Session\Handlers\FileHandler' driver.
DEBUG - 2026-04-06 17:18:06 --> Session: Class initialized using 'CodeIgniter\Session\Handlers\FileHandler' driver.
DEBUG - 2026-04-06 17:24:34 --> Session: Class initialized using 'CodeIgniter\Session\Handlers\FileHandler' driver.
DEBUG - 2026-04-06 17:24:36 --> Session: Class initialized using 'CodeIgniter\Session\Handlers\FileHandler' driver.
DEBUG - 2026-04-06 17:29:07 --> Session: Class initialized using 'CodeIgniter\Session\Handlers\FileHandler' driver.
DEBUG - 2026-04-06 17:29:15 --> Session: Class initialized using 'CodeIgniter\Session\Handlers\FileHandler' driver.
DEBUG - 2026-04-06 17:31:52 --> Session: Class initialized using 'CodeIgniter\Session\Handlers\FileHandler' driver.
DEBUG - 2026-04-06 17:31:53 --> Session: Class initialized using 'CodeIgniter\Session\Handlers\FileHandler' driver.
DEBUG - 2026-04-06 17:31:54 --> Session: Class initialized using 'CodeIgniter\Session\Handlers\FileHandler' driver.
DEBUG - 2026-04-06 17:31:54 --> Session: Class initialized using 'CodeIgniter\Session\Handlers\FileHandler' driver.
DEBUG - 2026-04-06 17:31:55 --> Session: Class initialized using 'CodeIgniter\Session\Handlers\FileHandler' driver.
DEBUG - 2026-04-06 17:31:55 --> Session: Class initialized using 'CodeIgniter\Session\Handlers\FileHandler' driver.
DEBUG - 2026-04-06 17:32:25 --> Session: Class initialized using 'CodeIgniter\Session\Handlers\FileHandler' driver.
DEBUG - 2026-04-06 17:32:28 --> Session: Class initialized using 'CodeIgniter\Session\Handlers\FileHandler' driver.
DEBUG - 2026-04-06 17:32:39 --> Session: Class initialized using 'CodeIgniter\Session\Handlers\FileHandler' driver.
DEBUG - 2026-04-06 17:32:39 --> Session: Class initialized using 'CodeIgniter\Session\Handlers\FileHandler' driver.
DEBUG - 2026-04-06 17:32:43 --> Session: Class initialized using 'CodeIgniter\Session\Handlers\FileHandler' driver.
DEBUG - 2026-04-06 17:32:45 --> Session: Class initialized using 'CodeIgniter\Session\Handlers\FileHandler' driver.
DEBUG - 2026-04-06 17:32:47 --> Session: Class initialized using 'CodeIgniter\Session\Handlers\FileHandler' driver.
DEBUG - 2026-04-06 17:32:50 --> Session: Class initialized using 'CodeIgniter\Session\Handlers\FileHandler' driver.
DEBUG - 2026-04-06 17:32:52 --> Session: Class initialized using 'CodeIgniter\Session\Handlers\FileHandler' driver.
DEBUG - 2026-04-06 17:33:00 --> Session: Class initialized using 'CodeIgniter\Session\Handlers\FileHandler' driver.
DEBUG - 2026-04-06 17:33:03 --> Session: Class initialized using 'CodeIgniter\Session\Handlers\FileHandler' driver.
DEBUG - 2026-04-06 17:41:52 --> Session: Class initialized using 'CodeIgniter\Session\Handlers\FileHandler' driver.
DEBUG - 2026-04-06 17:41:53 --> Session: Class initialized using 'CodeIgniter\Session\Handlers\FileHandler' driver.
DEBUG - 2026-04-06 17:41:58 --> Session: Class initialized using 'CodeIgniter\Session\Handlers\FileHandler' driver.
DEBUG - 2026-04-06 17:42:46 --> Session: Class initialized using 'CodeIgniter\Session\Handlers\FileHandler' driver.
DEBUG - 2026-04-06 17:43:27 --> Session: Class initialized using 'CodeIgniter\Session\Handlers\FileHandler' driver.
DEBUG - 2026-04-06 17:44:28 --> Session: Class initialized using 'CodeIgniter\Session\Handlers\FileHandler' driver.
DEBUG - 2026-04-06 17:44:30 --> Session: Class initialized using 'CodeIgniter\Session\Handlers\FileHandler' driver.
DEBUG - 2026-04-06 17:44:32 --> Session: Class initialized using 'CodeIgniter\Session\Handlers\FileHandler' driver.
DEBUG - 2026-04-06 17:45:02 --> Session: Class initialized using 'CodeIgniter\Session\Handlers\FileHandler' driver.
