DEBUG - 2026-04-19 10:06:04 --> Session: Class initialized using 'CodeIgniter\Session\Handlers\FileHandler' driver.
DEBUG - 2026-04-19 10:06:13 --> Session: Class initialized using 'CodeIgniter\Session\Handlers\FileHandler' driver.
DEBUG - 2026-04-19 10:06:15 --> Session: Class initialized using 'CodeIgniter\Session\Handlers\FileHandler' driver.
DEBUG - 2026-04-19 10:06:20 --> Session: Class initialized using 'CodeIgniter\Session\Handlers\FileHandler' driver.
DEBUG - 2026-04-19 10:07:13 --> Session: Class initialized using 'CodeIgniter\Session\Handlers\FileHandler' driver.
DEBUG - 2026-04-19 10:07:15 --> Session: Class initialized using 'CodeIgniter\Session\Handlers\FileHandler' driver.
DEBUG - 2026-04-19 10:07:17 --> Session: Class initialized using 'CodeIgniter\Session\Handlers\FileHandler' driver.
DEBUG - 2026-04-19 10:07:21 --> Session: Class initialized using 'CodeIgniter\Session\Handlers\FileHandler' driver.
DEBUG - 2026-04-19 10:08:58 --> Session: Class initialized using 'CodeIgniter\Session\Handlers\FileHandler' driver.
DEBUG - 2026-04-19 10:09:06 --> Session: Class initialized using 'CodeIgniter\Session\Handlers\FileHandler' driver.
DEBUG - 2026-04-19 10:09:17 --> Found 249 cards to process
DEBUG - 2026-04-19 10:09:17 --> Found family header at row 14, data starts at row 16
DEBUG - 2026-04-19 10:09:17 --> Added family member: EDUARDO INTOD (Relation: HUSBAND)
DEBUG - 2026-04-19 10:09:17 --> Added family member: CASRE INTOD (Relation: DAUGHTER)
DEBUG - 2026-04-19 10:09:17 --> Added family member: RICHEL MAE INTOD (Relation: DAUGHTER)
DEBUG - 2026-04-19 10:09:17 --> Added family member: RALPH KENJAY INTOD (Relation: SON)
DEBUG - 2026-04-19 10:09:17 --> Stopping family parse at row 21 - found: 26. VULNERABLE MEMBERS:
Older Persons: 0   Pregnant: 0   Lactating: 0   PWD: 0
DEBUG - 2026-04-19 10:09:17 --> Total family members parsed: 4
DEBUG - 2026-04-19 10:09:18 --> INSERT member image check: RICHEL MAE INTOD photo => C:\Users\Richard Miculob\Documents\ResQR\public\uploads/family_photos/RICHEL_MAE_INTOD_2026-04-18_19-08-49.jpg exists=YES
DEBUG - 2026-04-19 10:09:18 --> Found family header at row 44, data starts at row 46
DEBUG - 2026-04-19 10:09:18 --> Added family member: EDUARDO LAGRADA (Relation: HUSBAND)
DEBUG - 2026-04-19 10:09:18 --> Added family member: REYNANTE TABOMDE (Relation: SON)
DEBUG - 2026-04-19 10:09:18 --> Added family member: MICHAELA LAGRADA (Relation: DAUGHTER)
DEBUG - 2026-04-19 10:09:18 --> Stopping family parse at row 51 - found: 26. VULNERABLE MEMBERS:
Older Persons: 0   Pregnant: 0   Lactating: 0   PWD: 0
DEBUG - 2026-04-19 10:09:18 --> Total family members parsed: 3
DEBUG - 2026-04-19 10:09:18 --> Found family header at row 74, data starts at row 76
DEBUG - 2026-04-19 10:09:18 --> Added family member: MATT EVAN SANOY (Relation: SON)
DEBUG - 2026-04-19 10:09:18 --> Added family member: VINCENT SANAY (Relation: HUSBAND)
DEBUG - 2026-04-19 10:09:18 --> Added family member: JEAN SHANE SANOY (Relation: DAUGHTER)
DEBUG - 2026-04-19 10:09:18 --> Added family member: SOFIN JANE SANOY (Relation: DAUGHTER)
DEBUG - 2026-04-19 10:09:18 --> Stopping family parse at row 81 - found: 26. VULNERABLE MEMBERS:
Older Persons: 0   Pregnant: 0   Lactating: 0   PWD: 0
DEBUG - 2026-04-19 10:09:18 --> Total family members parsed: 4
DEBUG - 2026-04-19 10:09:18 --> Found family header at row 104, data starts at row 106
DEBUG - 2026-04-19 10:09:18 --> Added family member: JAYMARK LAGRADA (Relation: HUSBAND)
DEBUG - 2026-04-19 10:09:18 --> Added family member: DAVE HORA (Relation: SON)
DEBUG - 2026-04-19 10:09:18 --> Added family member: REYGE HORA FR. (Relation: SON)
DEBUG - 2026-04-19 10:09:18 --> Added family member: RJAY CAILING (Relation: SON)
DEBUG - 2026-04-19 10:09:18 --> Added family member: FRANCIS DAVE CAILING (Relation: SON)
DEBUG - 2026-04-19 10:09:18 --> Added family member: ELISSE NATHALIE CAILING (Relation: DAUGHTER)
DEBUG - 2026-04-19 10:09:18 --> Stopping family parse at row 112 - found: 26. VULNERABLE MEMBERS:
Older Persons: 0   Pregnant: 0   Lactating: 0   PWD: 0
DEBUG - 2026-04-19 10:09:18 --> Total family members parsed: 6
DEBUG - 2026-04-19 10:09:18 --> Found family header at row 135, data starts at row 137
DEBUG - 2026-04-19 10:09:18 --> Added family member: RIX LAGRADA (Relation: HUSBAND)
DEBUG - 2026-04-19 10:09:18 --> Added family member: JOSEPH LAGRADA (Relation: SON)
DEBUG - 2026-04-19 10:09:18 --> Added family member: JOMARK LAGRADA (Relation: SON)
DEBUG - 2026-04-19 10:09:18 --> Added family member: RIXEL LAGRADA (Relation: SON)
DEBUG - 2026-04-19 10:09:18 --> Added family member: KRISTEL MAE LAGRADA (Relation: DAUGHTER)
DEBUG - 2026-04-19 10:09:18 --> Added family member: RIX LAGRADA JR. (Relation: SON)
DEBUG - 2026-04-19 10:09:18 --> Stopping family parse at row 143 - found: 26. VULNERABLE MEMBERS:
Older Persons: 0   Pregnant: 0   Lactating: 0   PWD: 0
DEBUG - 2026-04-19 10:09:18 --> Total family members parsed: 6
DEBUG - 2026-04-19 10:09:18 --> Found family header at row 166, data starts at row 168
DEBUG - 2026-04-19 10:09:18 --> Added family member: EMMALAIN LABIAL (Relation: DAUGHTER)
DEBUG - 2026-04-19 10:09:18 --> Added family member: MANILYN DAGONDON (Relation: DAUGHTER)
DEBUG - 2026-04-19 10:09:18 --> Added family member: NEXINE ARIA LABIAL (Relation: GRAND DAUGHTER)
DEBUG - 2026-04-19 10:09:18 --> Added family member: NICOLE ABBEGAIL DAGONDON (Relation: GRAND DAUGHTER)
DEBUG - 2026-04-19 10:09:18 --> Added family member: KEITH VINCENT LABIAL (Relation: GRANDSON)
DEBUG - 2026-04-19 10:09:18 --> Stopping family parse at row 173 - found: 26. VULNERABLE MEMBERS:
Older Persons: 0   Pregnant: 0   Lactating: 0   PWD: 0
DEBUG - 2026-04-19 10:09:18 --> Total family members parsed: 5
DEBUG - 2026-04-19 10:09:18 --> Found family header at row 196, data starts at row 198
DEBUG - 2026-04-19 10:09:18 --> Added family member: ANN LAGRADA (Relation: WIFE)
DEBUG - 2026-04-19 10:09:18 --> Added family member: ANNE MARIE LAGRADA (Relation: DAUGHTER)
DEBUG - 2026-04-19 10:09:18 --> Added family member: LANCE LAGRADA (Relation: SON)
DEBUG - 2026-04-19 10:09:18 --> Stopping family parse at row 203 - found: 26. VULNERABLE MEMBERS:
Older Persons: 0   Pregnant: 0   Lactating: 0   PWD: 0
DEBUG - 2026-04-19 10:09:18 --> Total family members parsed: 3
DEBUG - 2026-04-19 10:09:18 --> Found family header at row 226, data starts at row 228
DEBUG - 2026-04-19 10:09:18 --> Stopping family parse at row 233 - found: 26. VULNERABLE MEMBERS:
Older Persons: 0   Pregnant: 0   Lactating: 0   PWD: 0
DEBUG - 2026-04-19 10:09:18 --> No family members found with primary method, trying alternative...
DEBUG - 2026-04-19 10:09:18 --> Total family members parsed: 0
DEBUG - 2026-04-19 10:09:18 --> Found family header at row 256, data starts at row 258
DEBUG - 2026-04-19 10:09:18 --> Added family member: APRIL ROSE CADORNA (Relation: DAUGHTER)
DEBUG - 2026-04-19 10:09:18 --> Added family member: REZIEL ANN CADORNA (Relation: DAUGHTER)
DEBUG - 2026-04-19 10:09:18 --> Added family member: GRACE CADORNA (Relation: DAUGHTER)
DEBUG - 2026-04-19 10:09:18 --> Added family member: ELRIC NINO CADORNA (Relation: DAUGHTER)
DEBUG - 2026-04-19 10:09:18 --> Added family member: HEZEKIAH GYLLE CADORNA (Relation: GRAND DAUGHTER)
DEBUG - 2026-04-19 10:09:18 --> Stopping family parse at row 263 - found: 26. VULNERABLE MEMBERS:
Older Persons: 0   Pregnant: 0   Lactating: 0   PWD: 0
DEBUG - 2026-04-19 10:09:18 --> Total family members parsed: 5
DEBUG - 2026-04-19 10:09:18 --> Found family header at row 286, data starts at row 288
DEBUG - 2026-04-19 10:09:18 --> Added family member: JOHN BRIAN PALOMAJA (Relation: GRANDSON)
DEBUG - 2026-04-19 10:09:18 --> Stopping family parse at row 293 - found: 26. VULNERABLE MEMBERS:
Older Persons: 0   Pregnant: 0   Lactating: 0   PWD: 0
DEBUG - 2026-04-19 10:09:18 --> Total family members parsed: 1
DEBUG - 2026-04-19 10:09:18 --> Found family header at row 316, data starts at row 318
DEBUG - 2026-04-19 10:09:18 --> Added family member: PERIE MAY RESUELO (Relation: WIFE)
DEBUG - 2026-04-19 10:09:18 --> Added family member: PEARL JEAN RESUELO (Relation: DAUGHTER)
DEBUG - 2026-04-19 10:09:18 --> Added family member: PATRICIA MAE RESUELO (Relation: DAUGHTER)
DEBUG - 2026-04-19 10:09:18 --> Added family member: PIA KATE RESUELO (Relation: DAUGHTER)
DEBUG - 2026-04-19 10:09:18 --> Added family member: PRINCESS JAY RESUELO (Relation: DAUGHTER)
DEBUG - 2026-04-19 10:09:18 --> Stopping family parse at row 323 - found: 26. VULNERABLE MEMBERS:
Older Persons: 0   Pregnant: 0   Lactating: 0   PWD: 0
DEBUG - 2026-04-19 10:09:18 --> Total family members parsed: 5
DEBUG - 2026-04-19 10:09:18 --> Found family header at row 346, data starts at row 348
DEBUG - 2026-04-19 10:09:18 --> Added family member: JIED RENIEL JABLA (Relation: HUSBAND)
DEBUG - 2026-04-19 10:09:18 --> Added family member: ROCLYN JABLA (Relation: DAUGHTER)
DEBUG - 2026-04-19 10:09:18 --> Added family member: ROEL JABLA JR (Relation: SON)
DEBUG - 2026-04-19 10:09:18 --> Added family member: JRED ROEL JABLA (Relation: SON)
DEBUG - 2026-04-19 10:09:18 --> Added family member: PRINCESS ANGELIE JABLA (Relation: DAUGHTER)
DEBUG - 2026-04-19 10:09:18 --> Stopping family parse at row 353 - found: 26. VULNERABLE MEMBERS:
Older Persons: 0   Pregnant: 0   Lactating: 0   PWD: 0
DEBUG - 2026-04-19 10:09:18 --> Total family members parsed: 5
DEBUG - 2026-04-19 10:09:18 --> Found family header at row 376, data starts at row 378
DEBUG - 2026-04-19 10:09:18 --> Added family member: RICHARD ABIAN (Relation: SON)
DEBUG - 2026-04-19 10:09:18 --> Stopping family parse at row 383 - found: 26. VULNERABLE MEMBERS:
Older Persons: 0   Pregnant: 0   Lactating: 0   PWD: 0
DEBUG - 2026-04-19 10:09:18 --> Total family members parsed: 1
DEBUG - 2026-04-19 10:09:18 --> Found family header at row 406, data starts at row 408
DEBUG - 2026-04-19 10:09:18 --> Added family member: JOSEPH LAGRADA (Relation: HUSBAND)
DEBUG - 2026-04-19 10:09:18 --> Added family member: JOHN CARLO LABI (Relation: SON)
DEBUG - 2026-04-19 10:09:18 --> Added family member: JOSHUA LAGRADA (Relation: SON)
DEBUG - 2026-04-19 10:09:18 --> Added family member: JUSTINE LAGRADA (Relation: SON)
DEBUG - 2026-04-19 10:09:18 --> Added family member: KATHERYN MAE LAGRADA (Relation: DAUGHTER)
DEBUG - 2026-04-19 10:09:18 --> Added family member: JONATHAN LAGRADA (Relation: SON)
DEBUG - 2026-04-19 10:09:18 --> Added family member: JOSEPH LAGRADA  JR. (Relation: SON)
DEBUG - 2026-04-19 10:09:18 --> Stopping family parse at row 415 - found: 26. VULNERABLE MEMBERS:
Older Persons: 0   Pregnant: 0   Lactating: 0   PWD: 0
DEBUG - 2026-04-19 10:09:18 --> Total family members parsed: 7
DEBUG - 2026-04-19 10:09:18 --> Found family header at row 438, data starts at row 440
DEBUG - 2026-04-19 10:09:18 --> Added family member: ARMAN LAGRADA (Relation: HUSBAND)
DEBUG - 2026-04-19 10:09:18 --> Added family member: CHEYENNE LAGRADA (Relation: DAUGHTER)
DEBUG - 2026-04-19 10:09:18 --> Added family member: CHARIA LUMACANG (Relation: DAUGHTER)
DEBUG - 2026-04-19 10:09:18 --> Added family member: ARIAN LAGRADA (Relation: DAUGHTER)
DEBUG - 2026-04-19 10:09:18 --> Stopping family parse at row 445 - found: 26. VULNERABLE MEMBERS:
Older Persons: 0   Pregnant: 0   Lactating: 0   PWD: 0
DEBUG - 2026-04-19 10:09:18 --> Total family members parsed: 4
DEBUG - 2026-04-19 10:09:18 --> Found family header at row 468, data starts at row 470
DEBUG - 2026-04-19 10:09:18 --> Added family member: RIROY TABURADA (Relation: SON)
DEBUG - 2026-04-19 10:09:18 --> Stopping family parse at row 475 - found: 26. VULNERABLE MEMBERS:
Older Persons: 0   Pregnant: 0   Lactating: 0   PWD: 0
DEBUG - 2026-04-19 10:09:18 --> Total family members parsed: 1
DEBUG - 2026-04-19 10:09:18 --> Found family header at row 498, data starts at row 500
DEBUG - 2026-04-19 10:09:18 --> Added family member: CHARLIE PONCOL (Relation: HUSBAND)
DEBUG - 2026-04-19 10:09:18 --> Added family member: KHETT CHARLES (Relation: SON)
DEBUG - 2026-04-19 10:09:18 --> Added family member: KATE NATHALIE PONCOL (Relation: DAUGHTER)
DEBUG - 2026-04-19 10:09:18 --> Stopping family parse at row 505 - found: 26. VULNERABLE MEMBERS:
Older Persons: 0   Pregnant: 0   Lactating: 0   PWD: 0
DEBUG - 2026-04-19 10:09:18 --> Total family members parsed: 3
DEBUG - 2026-04-19 10:09:18 --> Found family header at row 528, data starts at row 530
DEBUG - 2026-04-19 10:09:18 --> Added family member: MARIA ROWENA YANO (Relation: LIVE-IN PARTNER)
DEBUG - 2026-04-19 10:09:18 --> Stopping family parse at row 535 - found: 26. VULNERABLE MEMBERS:
Older Persons: 0   Pregnant: 0   Lactating: 0   PWD: 0
DEBUG - 2026-04-19 10:09:18 --> Total family members parsed: 1
DEBUG - 2026-04-19 10:09:18 --> Found family header at row 558, data starts at row 560
DEBUG - 2026-04-19 10:09:18 --> Added family member: FELIX M. CAILING (Relation: HUSBAND)
DEBUG - 2026-04-19 10:09:18 --> Added family member: ALEX JOHN CAILING (Relation: SON)
DEBUG - 2026-04-19 10:09:18 --> Added family member: CLARENCE CAILING (Relation: SON)
DEBUG - 2026-04-19 10:09:18 --> Stopping family parse at row 565 - found: 26. VULNERABLE MEMBERS:
Older Persons: 0   Pregnant: 0   Lactating: 0   PWD: 0
DEBUG - 2026-04-19 10:09:18 --> Total family members parsed: 3
DEBUG - 2026-04-19 10:09:18 --> Found family header at row 588, data starts at row 590
DEBUG - 2026-04-19 10:09:18 --> Added family member: PAULO PUDOL (Relation: HUSBAND)
DEBUG - 2026-04-19 10:09:18 --> Added family member: STEFFANIE LUDOL (Relation: GRAND DAUGHTER)
DEBUG - 2026-04-19 10:09:18 --> Added family member: PRINCESS PUDOL (Relation: GRAND DAUGHTER)
DEBUG - 2026-04-19 10:09:18 --> Added family member: TRIPP MARCO PUDOL (Relation: GRANDSON)
DEBUG - 2026-04-19 10:09:18 --> Stopping family parse at row 595 - found: 26. VULNERABLE MEMBERS:
Older Persons: 0   Pregnant: 0   Lactating: 0   PWD: 0
DEBUG - 2026-04-19 10:09:18 --> Total family members parsed: 4
DEBUG - 2026-04-19 10:09:18 --> Found family header at row 618, data starts at row 620
DEBUG - 2026-04-19 10:09:18 --> Added family member: PONCOL  BERNADETH (Relation: WIFE)
DEBUG - 2026-04-19 10:09:18 --> Added family member: PONCOL KATE NATHALIE (Relation: DAUGHTER)
DEBUG - 2026-04-19 10:09:18 --> Added family member: PONCOL KHETT CHARLES (Relation: SON)
DEBUG - 2026-04-19 10:09:18 --> Stopping family parse at row 625 - found: 26. VULNERABLE MEMBERS:
Older Persons: 0   Pregnant: 0   Lactating: 0   PWD: 0
DEBUG - 2026-04-19 10:09:18 --> Total family members parsed: 3
DEBUG - 2026-04-19 10:09:18 --> Found family header at row 648, data starts at row 650
DEBUG - 2026-04-19 10:09:18 --> Added family member: EFREN LAGRADA (Relation: HUSBAND)
DEBUG - 2026-04-19 10:09:18 --> Added family member: ARMAN LAGRADA (Relation: SON)
DEBUG - 2026-04-19 10:09:18 --> Added family member: EFREN LAGRADA JR. (Relation: SON)
DEBUG - 2026-04-19 10:09:18 --> Added family member: ARNEL LAGRADA (Relation: SON)
DEBUG - 2026-04-19 10:09:18 --> Added family member: ARIEL LAGUYAN (Relation: NIECE)
DEBUG - 2026-04-19 10:09:18 --> Stopping family parse at row 655 - found: 26. VULNERABLE MEMBERS:
Older Persons: 0   Pregnant: 0   Lactating: 0   PWD: 0
DEBUG - 2026-04-19 10:09:18 --> Total family members parsed: 5
DEBUG - 2026-04-19 10:09:18 --> Found family header at row 678, data starts at row 680
DEBUG - 2026-04-19 10:09:18 --> Added family member: JED ADRIAN LAGARE (Relation: SON)
DEBUG - 2026-04-19 10:09:18 --> Stopping family parse at row 685 - found: 26. VULNERABLE MEMBERS:
Older Persons: 0   Pregnant: 0   Lactating: 0   PWD: 0
DEBUG - 2026-04-19 10:09:18 --> Total family members parsed: 1
DEBUG - 2026-04-19 10:09:18 --> Found family header at row 708, data starts at row 710
DEBUG - 2026-04-19 10:09:18 --> Added family member: PATERNO LAGRADA (Relation: HUSBAND)
DEBUG - 2026-04-19 10:09:18 --> Added family member: CRISTOPHER LAGRADA (Relation: SON)
DEBUG - 2026-04-19 10:09:18 --> Added family member: CHERRYLEN LAGRADA (Relation: DAUGHTER)
DEBUG - 2026-04-19 10:09:18 --> Added family member: KATALEEN LAGRADA (Relation: DAUGHTER)
DEBUG - 2026-04-19 10:09:18 --> Stopping family parse at row 715 - found: 26. VULNERABLE MEMBERS:
Older Persons: 0   Pregnant: 0   Lactating: 0   PWD: 0
DEBUG - 2026-04-19 10:09:18 --> Total family members parsed: 4
DEBUG - 2026-04-19 10:09:18 --> Found family header at row 738, data starts at row 740
DEBUG - 2026-04-19 10:09:18 --> Added family member: ROMEO LAGRADA (Relation: HUSBAND)
DEBUG - 2026-04-19 10:09:18 --> Added family member: DANIELLE KRISTINE (Relation: NIECE)
DEBUG - 2026-04-19 10:09:18 --> Added family member: LERIS LAGRADA (Relation: SON)
DEBUG - 2026-04-19 10:09:18 --> Stopping family parse at row 745 - found: 26. VULNERABLE MEMBERS:
Older Persons: 0   Pregnant: 0   Lactating: 0   PWD: 0
DEBUG - 2026-04-19 10:09:18 --> Total family members parsed: 3
DEBUG - 2026-04-19 10:09:18 --> Found family header at row 768, data starts at row 770
DEBUG - 2026-04-19 10:09:18 --> Added family member: ANTONIO PILLAROSTE (Relation: HUSBAND)
DEBUG - 2026-04-19 10:09:18 --> Added family member: MARK ANTHONY PILLAROSTE (Relation: SON)
DEBUG - 2026-04-19 10:09:18 --> Added family member: LADY DIAN PILLAROSTE (Relation: DAUGHTER)
DEBUG - 2026-04-19 10:09:18 --> Stopping family parse at row 775 - found: 26. VULNERABLE MEMBERS:
Older Persons: 0   Pregnant: 0   Lactating: 0   PWD: 0
DEBUG - 2026-04-19 10:09:18 --> Total family members parsed: 3
DEBUG - 2026-04-19 10:09:18 --> INSERT head image check: photo => C:\Users\Richard Miculob\Documents\ResQR\public\uploads/head_photos/MARIA_ELIZA_ORA_PILLAROSTE_2026-04-18_17-30-02.jpg exists=YES
DEBUG - 2026-04-19 10:09:18 --> INSERT head image check: signature_thumbmark => C:\Users\Richard Miculob\Documents\ResQR\public\uploads/signatures/MARIA_ELIZA_ORA_PILLAROSTE_SIGNATURE_DRAWN_2026-04-18_17-32-23.png exists=YES
DEBUG - 2026-04-19 10:09:18 --> INSERT head image check: right_thumbmark => C:\Users\Richard Miculob\Documents\ResQR\public\uploads/thumbmarks/MARIA_ELIZA_ORA_PILLAROSTE_THUMBMARK_2026-04-18_17-32-23.png exists=YES
DEBUG - 2026-04-19 10:09:18 --> INSERT member image check: MARK ANTHONY PILLAROSTE photo => C:\Users\Richard Miculob\Documents\ResQR\public\uploads/family_photos/MARK_ANTHONY_PILLAROSTE_2026-04-18_17-30-02.jpg exists=YES
DEBUG - 2026-04-19 10:09:18 --> Found family header at row 798, data starts at row 800
DEBUG - 2026-04-19 10:09:18 --> Added family member: SUSAN UIMIT (Relation: WIFE)
DEBUG - 2026-04-19 10:09:18 --> Added family member: JOHN UIMIT (Relation: SON)
DEBUG - 2026-04-19 10:09:18 --> Added family member: GUILLERMO UIMIT JR. (Relation: SON)
DEBUG - 2026-04-19 10:09:18 --> Added family member: NIÑA MAE UIMIT (Relation: DAUGHTER)
DEBUG - 2026-04-19 10:09:18 --> Stopping family parse at row 805 - found: 26. VULNERABLE MEMBERS:
Older Persons: 0   Pregnant: 0   Lactating: 0   PWD: 0
DEBUG - 2026-04-19 10:09:18 --> Total family members parsed: 4
DEBUG - 2026-04-19 10:09:18 --> Found family header at row 828, data starts at row 830
DEBUG - 2026-04-19 10:09:18 --> Added family member: JOSEPH MONTENEGRO (Relation: GRANDSON)
DEBUG - 2026-04-19 10:09:18 --> Stopping family parse at row 835 - found: 26. VULNERABLE MEMBERS:
Older Persons: 1   Pregnant: 0   Lactating: 0   PWD: 0
DEBUG - 2026-04-19 10:09:18 --> Total family members parsed: 1
DEBUG - 2026-04-19 10:09:18 --> INSERT head image check: photo => C:\Users\Richard Miculob\Documents\ResQR\public\uploads/head_photos/LUCIA_ESTRIBOR_MONTENEGRO_2026-04-18_16-26-42.jpg exists=YES
DEBUG - 2026-04-19 10:09:18 --> INSERT head image check: signature_thumbmark => C:\Users\Richard Miculob\Documents\ResQR\public\uploads/signatures/LUCIA_ESTRIBOR_MONTENEGRO_SIGNATURE_DRAWN_2026-04-18_16-32-48.png exists=YES
DEBUG - 2026-04-19 10:09:18 --> INSERT head image check: right_thumbmark => C:\Users\Richard Miculob\Documents\ResQR\public\uploads/thumbmarks/LUCIA_ESTRIBOR_MONTENEGRO_THUMBMARK_2026-04-18_16-32-48.png exists=YES
DEBUG - 2026-04-19 10:09:18 --> INSERT member image check: JOSEPH MONTENEGRO photo => C:\Users\Richard Miculob\Documents\ResQR\public\uploads/family_photos/JOSEPH_MONTENEGRO_2026-04-18_17-39-58.jpg exists=YES
DEBUG - 2026-04-19 10:09:18 --> Found family header at row 858, data starts at row 860
DEBUG - 2026-04-19 10:09:18 --> Added family member: MARIFEL GANALI (Relation: WIFE)
DEBUG - 2026-04-19 10:09:18 --> Added family member: MARVIN LAGRADA (Relation: SON)
DEBUG - 2026-04-19 10:09:18 --> Added family member: NAKE LAGRADA (Relation: SON)
DEBUG - 2026-04-19 10:09:18 --> Stopping family parse at row 865 - found: 26. VULNERABLE MEMBERS:
Older Persons: 0   Pregnant: 0   Lactating: 0   PWD: 0
DEBUG - 2026-04-19 10:09:18 --> Total family members parsed: 3
DEBUG - 2026-04-19 10:09:18 --> Found family header at row 888, data starts at row 890
DEBUG - 2026-04-19 10:09:18 --> Added family member: EVA MAE TALAMAN (Relation: LIVE-IN PARTNER)
DEBUG - 2026-04-19 10:09:18 --> Stopping family parse at row 895 - found: 26. VULNERABLE MEMBERS:
Older Persons: 0   Pregnant: 0   Lactating: 0   PWD: 0
DEBUG - 2026-04-19 10:09:18 --> Total family members parsed: 1
DEBUG - 2026-04-19 10:09:18 --> Found family header at row 918, data starts at row 920
DEBUG - 2026-04-19 10:09:18 --> Added family member: RICO LAGUNAY JR. (Relation: SON)
DEBUG - 2026-04-19 10:09:18 --> Added family member: JERICHO LAGUNAY (Relation: SON)
DEBUG - 2026-04-19 10:09:18 --> Added family member: RICKY LAGINAY (Relation: SON)
DEBUG - 2026-04-19 10:09:18 --> Stopping family parse at row 925 - found: 26. VULNERABLE MEMBERS:
Older Persons: 0   Pregnant: 0   Lactating: 0   PWD: 0
DEBUG - 2026-04-19 10:09:18 --> Total family members parsed: 3
DEBUG - 2026-04-19 10:09:18 --> Found family header at row 948, data starts at row 950
DEBUG - 2026-04-19 10:09:18 --> Added family member: ANGELOU SIMENE (Relation: SON)
DEBUG - 2026-04-19 10:09:18 --> Added family member: ROLANDO SIMENE (Relation: HUSBAND)
DEBUG - 2026-04-19 10:09:18 --> Stopping family parse at row 955 - found: 26. VULNERABLE MEMBERS:
Older Persons: 0   Pregnant: 0   Lactating: 0   PWD: 0
DEBUG - 2026-04-19 10:09:18 --> Total family members parsed: 2
DEBUG - 2026-04-19 10:09:18 --> Found family header at row 978, data starts at row 980
DEBUG - 2026-04-19 10:09:18 --> Stopping family parse at row 985 - found: 26. VULNERABLE MEMBERS:
Older Persons: 0   Pregnant: 0   Lactating: 0   PWD: 0
DEBUG - 2026-04-19 10:09:18 --> No family members found with primary method, trying alternative...
DEBUG - 2026-04-19 10:09:18 --> Total family members parsed: 0
DEBUG - 2026-04-19 10:09:18 --> Found family header at row 1008, data starts at row 1010
DEBUG - 2026-04-19 10:09:18 --> Added family member: BLAINE DUMALAGA (Relation: HUSBAND)
DEBUG - 2026-04-19 10:09:18 --> Stopping family parse at row 1015 - found: 26. VULNERABLE MEMBERS:
Older Persons: 0   Pregnant: 0   Lactating: 0   PWD: 0
DEBUG - 2026-04-19 10:09:18 --> Total family members parsed: 1
DEBUG - 2026-04-19 10:09:18 --> Found family header at row 1038, data starts at row 1040
DEBUG - 2026-04-19 10:09:18 --> Added family member: JAMES CLIENT UAYAN (Relation: SON)
DEBUG - 2026-04-19 10:09:18 --> Added family member: JACQUELYN UAYAN (Relation: DAUGHTER)
DEBUG - 2026-04-19 10:09:18 --> Stopping family parse at row 1045 - found: 26. VULNERABLE MEMBERS:
Older Persons: 0   Pregnant: 0   Lactating: 0   PWD: 0
DEBUG - 2026-04-19 10:09:18 --> Total family members parsed: 2
DEBUG - 2026-04-19 10:09:18 --> Found family header at row 1068, data starts at row 1070
DEBUG - 2026-04-19 10:09:18 --> Stopping family parse at row 1075 - found: 26. VULNERABLE MEMBERS:
Older Persons: 0   Pregnant: 0   Lactating: 0   PWD: 0
DEBUG - 2026-04-19 10:09:18 --> No family members found with primary method, trying alternative...
DEBUG - 2026-04-19 10:09:18 --> Total family members parsed: 0
DEBUG - 2026-04-19 10:09:18 --> Found family header at row 1098, data starts at row 1100
DEBUG - 2026-04-19 10:09:18 --> Added family member: JOHN LAURENCE  LABI (Relation: SON)
DEBUG - 2026-04-19 10:09:18 --> Added family member: CHRISTINE JANE LABI (Relation: DAUGHTER)
DEBUG - 2026-04-19 10:09:18 --> Added family member: RICHARD  LABI JR. (Relation: SON)
DEBUG - 2026-04-19 10:09:18 --> Stopping family parse at row 1105 - found: 26. VULNERABLE MEMBERS:
Older Persons: 0   Pregnant: 0   Lactating: 0   PWD: 0
DEBUG - 2026-04-19 10:09:18 --> Total family members parsed: 3
DEBUG - 2026-04-19 10:09:18 --> Found family header at row 1128, data starts at row 1130
DEBUG - 2026-04-19 10:09:18 --> Added family member: FLORA EBARLE (Relation: WIFE)
DEBUG - 2026-04-19 10:09:18 --> Added family member: KENJIE EBARLE (Relation: DAUGHTER)
DEBUG - 2026-04-19 10:09:18 --> Stopping family parse at row 1135 - found: 26. VULNERABLE MEMBERS:
Older Persons: 0   Pregnant: 0   Lactating: 0   PWD: 0
DEBUG - 2026-04-19 10:09:18 --> Total family members parsed: 2
DEBUG - 2026-04-19 10:09:18 --> Found family header at row 1158, data starts at row 1160
DEBUG - 2026-04-19 10:09:18 --> Added family member: JHESSU MONTENEGRO (Relation: SON)
DEBUG - 2026-04-19 10:09:18 --> Added family member: EXEQUEL MONTENEGRO (Relation: SON)
DEBUG - 2026-04-19 10:09:18 --> Added family member: ZACH MONTENEGRO (Relation: SON)
DEBUG - 2026-04-19 10:09:18 --> Added family member: LADY GRACE MONTENEGRO (Relation: WIFE)
DEBUG - 2026-04-19 10:09:18 --> Added family member: MARY GRACE MONTENEGRO (Relation: DAUGHTER)
DEBUG - 2026-04-19 10:09:18 --> Stopping family parse at row 1165 - found: 26. VULNERABLE MEMBERS:
Older Persons: 0   Pregnant: 0   Lactating: 0   PWD: 0
DEBUG - 2026-04-19 10:09:18 --> Total family members parsed: 5
DEBUG - 2026-04-19 10:09:18 --> INSERT head image check: photo => C:\Users\Richard Miculob\Documents\ResQR\public\uploads/head_photos/WILFREDO_ESTRIBOR_MONTENEGRO_2026-04-18_17-19-55.jpg exists=YES
DEBUG - 2026-04-19 10:09:18 --> INSERT head image check: signature_thumbmark => C:\Users\Richard Miculob\Documents\ResQR\public\uploads/signatures/WILFREDO_ESTRIBOR_MONTENEGRO_SIGNATURE_DRAWN_2026-04-18_17-21-09.png exists=YES
DEBUG - 2026-04-19 10:09:18 --> INSERT head image check: right_thumbmark => C:\Users\Richard Miculob\Documents\ResQR\public\uploads/thumbmarks/WILFREDO_ESTRIBOR_MONTENEGRO_THUMBMARK_2026-04-18_17-21-09.png exists=YES
DEBUG - 2026-04-19 10:09:18 --> INSERT member image check: JHESSU MONTENEGRO photo => C:\Users\Richard Miculob\Documents\ResQR\public\uploads/family_photos/JHESSU_MONTENEGRO_2026-04-18_17-19-55.jpg exists=YES
DEBUG - 2026-04-19 10:09:18 --> INSERT member image check: EXEQUEL MONTENEGRO photo => C:\Users\Richard Miculob\Documents\ResQR\public\uploads/family_photos/EXEQUEL_MONTENEGRO_2026-04-18_17-19-55.jpg exists=YES
DEBUG - 2026-04-19 10:09:18 --> INSERT member image check: ZACH MONTENEGRO photo => C:\Users\Richard Miculob\Documents\ResQR\public\uploads/family_photos/ZACH_MONTENEGRO_2026-04-18_17-19-55.jpg exists=YES
DEBUG - 2026-04-19 10:09:18 --> INSERT member image check: LADY GRACE MONTENEGRO photo => C:\Users\Richard Miculob\Documents\ResQR\public\uploads/family_photos/LADY_GRACE_MONTENEGRO_2026-04-18_17-19-55.jpg exists=YES
DEBUG - 2026-04-19 10:09:18 --> INSERT member image check: MARY GRACE MONTENEGRO photo => C:\Users\Richard Miculob\Documents\ResQR\public\uploads/family_photos/MARY_GRACE_MONTENEGRO_2026-04-18_17-19-55.jpg exists=YES
DEBUG - 2026-04-19 10:09:18 --> Found family header at row 1188, data starts at row 1190
DEBUG - 2026-04-19 10:09:18 --> Added family member: JENEYLEN LAGRADA (Relation: WIFE)
DEBUG - 2026-04-19 10:09:18 --> Added family member: REYNIEL LAGRADA (Relation: SON)
DEBUG - 2026-04-19 10:09:18 --> Stopping family parse at row 1195 - found: 26. VULNERABLE MEMBERS:
Older Persons: 0   Pregnant: 0   Lactating: 0   PWD: 0
DEBUG - 2026-04-19 10:09:18 --> Total family members parsed: 2
DEBUG - 2026-04-19 10:09:18 --> Found family header at row 1218, data starts at row 1220
DEBUG - 2026-04-19 10:09:18 --> Added family member: ROBEN SALVANA (Relation: WIFE)
DEBUG - 2026-04-19 10:09:18 --> Added family member: JESSA SALVANA (Relation: DAUGHTER)
DEBUG - 2026-04-19 10:09:18 --> Added family member: CLIENT JOMAR SALVANA (Relation: SON)
DEBUG - 2026-04-19 10:09:18 --> Added family member: JHECHO SALVANA (Relation: DAUGHTER)
DEBUG - 2026-04-19 10:09:18 --> Stopping family parse at row 1225 - found: 26. VULNERABLE MEMBERS:
Older Persons: 0   Pregnant: 0   Lactating: 0   PWD: 0
DEBUG - 2026-04-19 10:09:18 --> Total family members parsed: 4
DEBUG - 2026-04-19 10:09:18 --> Found family header at row 1248, data starts at row 1250
DEBUG - 2026-04-19 10:09:18 --> Stopping family parse at row 1255 - found: 26. VULNERABLE MEMBERS:
Older Persons: 0   Pregnant: 0   Lactating: 0   PWD: 0
DEBUG - 2026-04-19 10:09:18 --> No family members found with primary method, trying alternative...
DEBUG - 2026-04-19 10:09:18 --> Total family members parsed: 0
DEBUG - 2026-04-19 10:09:18 --> Found family header at row 1278, data starts at row 1280
DEBUG - 2026-04-19 10:09:18 --> Added family member: ERELITA EDGAO (Relation: )
DEBUG - 2026-04-19 10:09:18 --> Added family member: JHINALYN CAPAYAN (Relation: WIFE)
DEBUG - 2026-04-19 10:09:18 --> Added family member: REYNO CAPAYAN (Relation: )
DEBUG - 2026-04-19 10:09:18 --> Added family member: ERIC JOHN LAGRADA (Relation: )
DEBUG - 2026-04-19 10:09:18 --> Stopping family parse at row 1285 - found: 26. VULNERABLE MEMBERS:
Older Persons: 0   Pregnant: 0   Lactating: 0   PWD: 0
DEBUG - 2026-04-19 10:09:18 --> Total family members parsed: 4
DEBUG - 2026-04-19 10:09:18 --> Found family header at row 1308, data starts at row 1310
DEBUG - 2026-04-19 10:09:18 --> Added family member: RICARDO LAGRADA JR. (Relation: GRANDSON)
DEBUG - 2026-04-19 10:09:18 --> Stopping family parse at row 1315 - found: 26. VULNERABLE MEMBERS:
Older Persons: 0   Pregnant: 0   Lactating: 0   PWD: 0
DEBUG - 2026-04-19 10:09:18 --> Total family members parsed: 1
DEBUG - 2026-04-19 10:09:18 --> Found family header at row 1338, data starts at row 1340
DEBUG - 2026-04-19 10:09:18 --> Added family member: LOURDES TORIM (Relation: WIFE)
DEBUG - 2026-04-19 10:09:18 --> Added family member: LIORRA CLAIRE TORIM (Relation: DAUGHTER)
DEBUG - 2026-04-19 10:09:18 --> Stopping family parse at row 1345 - found: 26. VULNERABLE MEMBERS:
Older Persons: 0   Pregnant: 0   Lactating: 0   PWD: 0
DEBUG - 2026-04-19 10:09:18 --> Total family members parsed: 2
DEBUG - 2026-04-19 10:09:18 --> Found family header at row 1368, data starts at row 1370
DEBUG - 2026-04-19 10:09:18 --> Added family member: FRANCISS GOMEZ (Relation: LIVE-IN PARTNER)
DEBUG - 2026-04-19 10:09:18 --> Stopping family parse at row 1375 - found: 26. VULNERABLE MEMBERS:
Older Persons: 0   Pregnant: 0   Lactating: 0   PWD: 0
DEBUG - 2026-04-19 10:09:18 --> Total family members parsed: 1
DEBUG - 2026-04-19 10:09:18 --> Found family header at row 1398, data starts at row 1400
DEBUG - 2026-04-19 10:09:18 --> Added family member: EDGAR QUIDIT (Relation: HUSBAND)
DEBUG - 2026-04-19 10:09:18 --> Added family member: ALYESHA FAYE QUIDIT (Relation: DAUGHTER)
DEBUG - 2026-04-19 10:09:18 --> Added family member: ALLISON JEANNE QUIDIT (Relation: DAUGHTER)
DEBUG - 2026-04-19 10:09:18 --> Added family member: ALMHEA ANGELICK QUIDIT (Relation: DAUGHTER)
DEBUG - 2026-04-19 10:09:18 --> Added family member: ALRHEA PATRAISE QUIDIT (Relation: DAUGHTER)
DEBUG - 2026-04-19 10:09:18 --> Added family member: ALANA AISH QUIDIT (Relation: DAUGHTER)
DEBUG - 2026-04-19 10:09:18 --> Stopping family parse at row 1406 - found: 26. VULNERABLE MEMBERS:
Older Persons: 0   Pregnant: 0   Lactating: 0   PWD: 0
DEBUG - 2026-04-19 10:09:18 --> Total family members parsed: 6
DEBUG - 2026-04-19 10:09:18 --> INSERT head image check: photo => C:\Users\Richard Miculob\Documents\ResQR\public\uploads/head_photos/ALJANE_ACEBES_QUIDIT_2026-04-18_17-41-59.jpg exists=YES
DEBUG - 2026-04-19 10:09:18 --> INSERT head image check: signature_thumbmark => C:\Users\Richard Miculob\Documents\ResQR\public\uploads/signatures/ALJANE_ACEBES_QUIDIT_SIGNATURE_DRAWN_2026-04-18_17-47-37.png exists=YES
DEBUG - 2026-04-19 10:09:18 --> INSERT head image check: right_thumbmark => C:\Users\Richard Miculob\Documents\ResQR\public\uploads/thumbmarks/ALJANE_ACEBES_QUIDIT_THUMBMARK_2026-04-18_17-47-37.png exists=YES
DEBUG - 2026-04-19 10:09:18 --> INSERT member image check: ALANA AISH QUIDIT photo => C:\Users\Richard Miculob\Documents\ResQR\public\uploads/family_photos/ALANA_AISH_QUIDIT_2026-04-18_17-42-08.jpg exists=YES
DEBUG - 2026-04-19 10:09:18 --> Found family header at row 1429, data starts at row 1431
DEBUG - 2026-04-19 10:09:18 --> Added family member: DAM VALENTE (Relation: LIVE-IN PARTNER)
DEBUG - 2026-04-19 10:09:18 --> Added family member: JAM VALENTE (Relation: SON)
DEBUG - 2026-04-19 10:09:18 --> Added family member: JILLIAN VALENTE (Relation: DAUGHTER)
DEBUG - 2026-04-19 10:09:18 --> Stopping family parse at row 1436 - found: 26. VULNERABLE MEMBERS:
Older Persons: 0   Pregnant: 0   Lactating: 0   PWD: 0
DEBUG - 2026-04-19 10:09:18 --> Total family members parsed: 3
DEBUG - 2026-04-19 10:09:19 --> Found family header at row 1459, data starts at row 1461
DEBUG - 2026-04-19 10:09:19 --> Added family member: RAQUEL BUTALID (Relation: WIFE)
DEBUG - 2026-04-19 10:09:19 --> Added family member: SAMANTHA NICOLE BUTALID (Relation: DAUGHTER)
DEBUG - 2026-04-19 10:09:19 --> Added family member: STARVEL BUTALID (Relation: DAUGHTER)
DEBUG - 2026-04-19 10:09:19 --> Added family member: MICHAEL BUTALID (Relation: SON)
DEBUG - 2026-04-19 10:09:19 --> Stopping family parse at row 1466 - found: 26. VULNERABLE MEMBERS:
Older Persons: 0   Pregnant: 0   Lactating: 0   PWD: 0
DEBUG - 2026-04-19 10:09:19 --> Total family members parsed: 4
DEBUG - 2026-04-19 10:09:19 --> Found family header at row 1489, data starts at row 1491
DEBUG - 2026-04-19 10:09:19 --> Added family member: RODGEN MENDRES (Relation: LIVE IN PARTNER)
DEBUG - 2026-04-19 10:09:19 --> Added family member: GENECA FAITH MENDRES (Relation: DAUGHTER)
DEBUG - 2026-04-19 10:09:19 --> Added family member: SHAYNE AVERY MENDRES (Relation: DAUGHTER)
DEBUG - 2026-04-19 10:09:19 --> Stopping family parse at row 1496 - found: 26. VULNERABLE MEMBERS:
Older Persons: 0   Pregnant: 0   Lactating: 0   PWD: 0
DEBUG - 2026-04-19 10:09:19 --> Total family members parsed: 3
DEBUG - 2026-04-19 10:09:19 --> Found family header at row 1519, data starts at row 1521
DEBUG - 2026-04-19 10:09:19 --> Added family member: PAUL LABI (Relation: HUSBAND)
DEBUG - 2026-04-19 10:09:19 --> Added family member: ANGELA LABI (Relation: DAUGHTER)
DEBUG - 2026-04-19 10:09:19 --> Stopping family parse at row 1526 - found: 26. VULNERABLE MEMBERS:
Older Persons: 0   Pregnant: 0   Lactating: 0   PWD: 0
DEBUG - 2026-04-19 10:09:19 --> Total family members parsed: 2
DEBUG - 2026-04-19 10:09:19 --> Found family header at row 1549, data starts at row 1551
DEBUG - 2026-04-19 10:09:19 --> Added family member: PERLITA TORAYNO (Relation: WIFE)
DEBUG - 2026-04-19 10:09:19 --> Added family member: ALTHEA TORAYNO (Relation: DAUGHTER)
DEBUG - 2026-04-19 10:09:19 --> Added family member: TRISHA TORAYNO (Relation: DAUGHTER)
DEBUG - 2026-04-19 10:09:19 --> Stopping family parse at row 1556 - found: 26. VULNERABLE MEMBERS:
Older Persons: 0   Pregnant: 0   Lactating: 0   PWD: 0
DEBUG - 2026-04-19 10:09:19 --> Total family members parsed: 3
DEBUG - 2026-04-19 10:09:19 --> Found family header at row 1579, data starts at row 1581
DEBUG - 2026-04-19 10:09:19 --> Added family member: PRECY MAY AMANROSE ATHENA ROLLORATA (Relation: )
DEBUG - 2026-04-19 10:09:19 --> Added family member: ROSE ATHENA ROLLORATA (Relation: )
DEBUG - 2026-04-19 10:09:19 --> Stopping family parse at row 1586 - found: 26. VULNERABLE MEMBERS:
Older Persons: 0   Pregnant: 0   Lactating: 0   PWD: 0
DEBUG - 2026-04-19 10:09:19 --> Total family members parsed: 2
DEBUG - 2026-04-19 10:09:19 --> Found family header at row 1609, data starts at row 1611
DEBUG - 2026-04-19 10:09:19 --> Stopping family parse at row 1616 - found: 26. VULNERABLE MEMBERS:
Older Persons: 0   Pregnant: 0   Lactating: 0   PWD: 1
DEBUG - 2026-04-19 10:09:19 --> No family members found with primary method, trying alternative...
DEBUG - 2026-04-19 10:09:19 --> Total family members parsed: 0
DEBUG - 2026-04-19 10:09:19 --> Found family header at row 1639, data starts at row 1641
DEBUG - 2026-04-19 10:09:19 --> Added family member: RAYMOND OLINAN (Relation: HUSBAND)
DEBUG - 2026-04-19 10:09:19 --> Added family member: JOHN RAYMOND OLINAN (Relation: SON)
DEBUG - 2026-04-19 10:09:19 --> Stopping family parse at row 1646 - found: 26. VULNERABLE MEMBERS:
Older Persons: 0   Pregnant: 0   Lactating: 0   PWD: 0
DEBUG - 2026-04-19 10:09:19 --> Total family members parsed: 2
DEBUG - 2026-04-19 10:09:19 --> Found family header at row 1669, data starts at row 1671
DEBUG - 2026-04-19 10:09:19 --> Added family member: GILBERTO ABANIL (Relation: HUSBAND)
DEBUG - 2026-04-19 10:09:19 --> Added family member: ERICA JANELLE LABI (Relation: DAUGHTER)
DEBUG - 2026-04-19 10:09:19 --> Added family member: SHAINA JANE ABANIL (Relation: DAUGHTER)
DEBUG - 2026-04-19 10:09:19 --> Added family member: ERIC ABANIL (Relation: SON)
DEBUG - 2026-04-19 10:09:19 --> Stopping family parse at row 1676 - found: 26. VULNERABLE MEMBERS:
Older Persons: 0   Pregnant: 0   Lactating: 0   PWD: 0
DEBUG - 2026-04-19 10:09:19 --> Total family members parsed: 4
DEBUG - 2026-04-19 10:09:19 --> Found family header at row 1699, data starts at row 1701
DEBUG - 2026-04-19 10:09:19 --> Added family member: BONITA ELSA (Relation: WIFE)
DEBUG - 2026-04-19 10:09:19 --> Added family member: BONITA JOHN CARLO (Relation: SON)
DEBUG - 2026-04-19 10:09:19 --> Added family member: BONITA JEZEL ANN (Relation: DAUGHTER)
DEBUG - 2026-04-19 10:09:19 --> Added family member: TAGANAS HARCHRIS (Relation: DAUGHTER)
DEBUG - 2026-04-19 10:09:19 --> Stopping family parse at row 1706 - found: 26. VULNERABLE MEMBERS:
Older Persons: 0   Pregnant: 0   Lactating: 0   PWD: 0
DEBUG - 2026-04-19 10:09:19 --> Total family members parsed: 4
DEBUG - 2026-04-19 10:09:19 --> Found family header at row 1729, data starts at row 1731
DEBUG - 2026-04-19 10:09:19 --> Stopping family parse at row 1736 - found: 26. VULNERABLE MEMBERS:
Older Persons: 0   Pregnant: 0   Lactating: 0   PWD: 0
DEBUG - 2026-04-19 10:09:19 --> No family members found with primary method, trying alternative...
DEBUG - 2026-04-19 10:09:19 --> Total family members parsed: 0
DEBUG - 2026-04-19 10:09:19 --> Found family header at row 1759, data starts at row 1761
DEBUG - 2026-04-19 10:09:19 --> Added family member: TITO ESCALERA (Relation: HUSBAND)
DEBUG - 2026-04-19 10:09:19 --> Added family member: HONEY FAITH ESCALERA (Relation: DAUGHTER)
DEBUG - 2026-04-19 10:09:19 --> Stopping family parse at row 1766 - found: 26. VULNERABLE MEMBERS:
Older Persons: 0   Pregnant: 0   Lactating: 0   PWD: 0
DEBUG - 2026-04-19 10:09:19 --> Total family members parsed: 2
DEBUG - 2026-04-19 10:09:19 --> Found family header at row 1789, data starts at row 1791
DEBUG - 2026-04-19 10:09:19 --> Added family member: EDWIN ABIAN (Relation: HUSBAND)
DEBUG - 2026-04-19 10:09:19 --> Added family member: TRISHA ANN ABIAN (Relation: DAUGHTER)
DEBUG - 2026-04-19 10:09:19 --> Added family member: RYZZA MAE ABIAN (Relation: DAUGHTER)
DEBUG - 2026-04-19 10:09:19 --> Stopping family parse at row 1796 - found: 26. VULNERABLE MEMBERS:
Older Persons: 0   Pregnant: 0   Lactating: 0   PWD: 0
DEBUG - 2026-04-19 10:09:19 --> Total family members parsed: 3
DEBUG - 2026-04-19 10:09:19 --> Found family header at row 1819, data starts at row 1821
DEBUG - 2026-04-19 10:09:19 --> Added family member: FATIMA FAITH GIMARANGAN (Relation: GRAND DAUGHTER)
DEBUG - 2026-04-19 10:09:19 --> Stopping family parse at row 1826 - found: 26. VULNERABLE MEMBERS:
Older Persons: 0   Pregnant: 0   Lactating: 0   PWD: 0
DEBUG - 2026-04-19 10:09:19 --> Total family members parsed: 1
DEBUG - 2026-04-19 10:09:19 --> Found family header at row 1849, data starts at row 1851
DEBUG - 2026-04-19 10:09:19 --> Added family member: RINS AMARI DUMANGCAS (Relation: SON)
DEBUG - 2026-04-19 10:09:19 --> Added family member: LENE DUMANGCAS (Relation: DAUGHTER)
DEBUG - 2026-04-19 10:09:19 --> Added family member: RELYNA AMARAH DUMANGCAS (Relation: DAUGHTER)
DEBUG - 2026-04-19 10:09:19 --> Stopping family parse at row 1856 - found: 26. VULNERABLE MEMBERS:
Older Persons: 0   Pregnant: 0   Lactating: 0   PWD: 0
DEBUG - 2026-04-19 10:09:19 --> Total family members parsed: 3
DEBUG - 2026-04-19 10:09:19 --> Found family header at row 1879, data starts at row 1881
DEBUG - 2026-04-19 10:09:19 --> Added family member: JOMAR P. TORAYNO (Relation: HUSBAND)
DEBUG - 2026-04-19 10:09:19 --> Added family member: JESSEL M. TORAYNO (Relation: DAUGHTER)
DEBUG - 2026-04-19 10:09:19 --> Added family member: MARY LOU M. TORAYNO (Relation: DAUGHTER)
DEBUG - 2026-04-19 10:09:19 --> Added family member: JAY BOY M. TORAYNO (Relation: SON)
DEBUG - 2026-04-19 10:09:19 --> Stopping family parse at row 1886 - found: 26. VULNERABLE MEMBERS:
Older Persons: 0   Pregnant: 0   Lactating: 0   PWD: 0
DEBUG - 2026-04-19 10:09:19 --> Total family members parsed: 4
DEBUG - 2026-04-19 10:09:19 --> INSERT head image check: photo => C:\Users\Richard Miculob\Documents\ResQR\public\uploads/head_photos/NADIA_MONTENEGRO_TORAYNO_2026-04-18_19-14-25.jpg exists=YES
DEBUG - 2026-04-19 10:09:19 --> INSERT head image check: signature_thumbmark => C:\Users\Richard Miculob\Documents\ResQR\public\uploads/signatures/NADIA_MONTENEGRO_TORAYNO_SIGNATURE_DRAWN_2026-04-18_19-23-41.png exists=YES
DEBUG - 2026-04-19 10:09:19 --> INSERT head image check: right_thumbmark => C:\Users\Richard Miculob\Documents\ResQR\public\uploads/thumbmarks/NADIA_MONTENEGRO_TORAYNO_THUMBMARK_2026-04-18_19-23-41.png exists=YES
DEBUG - 2026-04-19 10:09:19 --> INSERT member image check: JOMAR P. TORAYNO photo => C:\Users\Richard Miculob\Documents\ResQR\public\uploads/family_photos/JOMAR_P_TORAYNO_2026-04-18_19-14-25.jpg exists=YES
DEBUG - 2026-04-19 10:09:19 --> INSERT member image check: JESSEL M. TORAYNO photo => C:\Users\Richard Miculob\Documents\ResQR\public\uploads/family_photos/JESSEL_M_TORAYNO_2026-04-18_19-14-25.jpg exists=YES
DEBUG - 2026-04-19 10:09:19 --> INSERT member image check: MARY LOU M. TORAYNO photo => C:\Users\Richard Miculob\Documents\ResQR\public\uploads/family_photos/MARY_LOU_M_TORAYNO_2026-04-18_19-14-25.jpg exists=YES
DEBUG - 2026-04-19 10:09:19 --> INSERT member image check: JAY BOY M. TORAYNO photo => C:\Users\Richard Miculob\Documents\ResQR\public\uploads/family_photos/JAY_BOY_M_TORAYNO_2026-04-18_19-14-25.jpg exists=YES
DEBUG - 2026-04-19 10:09:19 --> Found family header at row 1909, data starts at row 1911
DEBUG - 2026-04-19 10:09:19 --> Added family member: MERAFILER RANGCON (Relation: WIFE)
DEBUG - 2026-04-19 10:09:19 --> Added family member: LEGWETER TORION (Relation: DAUGHTER)
DEBUG - 2026-04-19 10:09:19 --> Added family member: ARIEL JOY TORION (Relation: SON)
DEBUG - 2026-04-19 10:09:19 --> Stopping family parse at row 1916 - found: 26. VULNERABLE MEMBERS:
Older Persons: 0   Pregnant: 0   Lactating: 0   PWD: 0
DEBUG - 2026-04-19 10:09:19 --> Total family members parsed: 3
DEBUG - 2026-04-19 10:09:19 --> Found family header at row 1939, data starts at row 1941
DEBUG - 2026-04-19 10:09:19 --> Added family member: MAYOR IAN BUSTAMANTE (Relation: SON)
DEBUG - 2026-04-19 10:09:19 --> Added family member: PRINCESS RYLIE BUSTAMANTE (Relation: DAUGHTER)
DEBUG - 2026-04-19 10:09:19 --> Stopping family parse at row 1946 - found: 26. VULNERABLE MEMBERS:
Older Persons: 0   Pregnant: 0   Lactating: 0   PWD: 0
DEBUG - 2026-04-19 10:09:19 --> Total family members parsed: 2
DEBUG - 2026-04-19 10:09:19 --> Found family header at row 1969, data starts at row 1971
DEBUG - 2026-04-19 10:09:19 --> Added family member: MC DANIELL LLOREN (Relation: HUSBAND)
DEBUG - 2026-04-19 10:09:19 --> Added family member: ASHLEY ANN TORION (Relation: DAUGHTER)
DEBUG - 2026-04-19 10:09:19 --> Added family member: GABRIELLA LABADAN (Relation: DAUGHTER)
DEBUG - 2026-04-19 10:09:19 --> Added family member: IRISH DANIELLE LLOREN (Relation: DAUGHTER)
DEBUG - 2026-04-19 10:09:19 --> Added family member: ANNALEAH LLOREN (Relation: DAUGHTER)
DEBUG - 2026-04-19 10:09:19 --> Stopping family parse at row 1976 - found: 26. VULNERABLE MEMBERS:
Older Persons: 0   Pregnant: 0   Lactating: 0   PWD: 0
DEBUG - 2026-04-19 10:09:19 --> Total family members parsed: 5
DEBUG - 2026-04-19 10:09:19 --> Found family header at row 1999, data starts at row 2001
DEBUG - 2026-04-19 10:09:19 --> Added family member: KRYSTAL JANE LIMACANGAN (Relation: DAUGHTER)
DEBUG - 2026-04-19 10:09:19 --> Added family member: LJ LUNGAT (Relation: DAUGHTER)
DEBUG - 2026-04-19 10:09:19 --> Added family member: JOVELYN LUNGAT (Relation: DAUGHTER)
DEBUG - 2026-04-19 10:09:19 --> Added family member: ESTELLA MARIE LUNGAT (Relation: DAUGHTER)
DEBUG - 2026-04-19 10:09:19 --> Stopping family parse at row 2006 - found: 26. VULNERABLE MEMBERS:
Older Persons: 0   Pregnant: 0   Lactating: 0   PWD: 0
DEBUG - 2026-04-19 10:09:19 --> Total family members parsed: 4
DEBUG - 2026-04-19 10:09:19 --> Found family header at row 2029, data starts at row 2031
DEBUG - 2026-04-19 10:09:19 --> Added family member: RECHEL LAGRIA (Relation: WIFE)
DEBUG - 2026-04-19 10:09:19 --> Added family member: AMIRAH LAGRADA (Relation: DAUGHTER)
DEBUG - 2026-04-19 10:09:19 --> Stopping family parse at row 2036 - found: 26. VULNERABLE MEMBERS:
Older Persons: 0   Pregnant: 0   Lactating: 0   PWD: 0
DEBUG - 2026-04-19 10:09:19 --> Total family members parsed: 2
DEBUG - 2026-04-19 10:09:19 --> Found family header at row 2059, data starts at row 2061
DEBUG - 2026-04-19 10:09:19 --> Added family member: SHEEN JAY GAYO (Relation: WIFE)
DEBUG - 2026-04-19 10:09:19 --> Added family member: ZHOIE NORREIN GAYO (Relation: DAUGHTER)
DEBUG - 2026-04-19 10:09:19 --> Added family member: ZOELLA QUINN GAYO (Relation: DAUGHTER)
DEBUG - 2026-04-19 10:09:19 --> Stopping family parse at row 2066 - found: 26. VULNERABLE MEMBERS:
Older Persons: 0   Pregnant: 0   Lactating: 0   PWD: 0
DEBUG - 2026-04-19 10:09:19 --> Total family members parsed: 3
DEBUG - 2026-04-19 10:09:19 --> INSERT head image check: photo => C:\Users\Richard Miculob\Documents\ResQR\public\uploads/head_photos/1776501062_aba22ed861f9b5ca4ac2.jpg exists=YES
DEBUG - 2026-04-19 10:09:19 --> INSERT head image check: signature_thumbmark => C:\Users\Richard Miculob\Documents\ResQR\public\uploads/signatures/JOHN_RAYMUND_LIBRES_GAYO_SIGNATURE_DRAWN_2026-04-18_16-36-49.png exists=YES
DEBUG - 2026-04-19 10:09:19 --> INSERT head image check: right_thumbmark => C:\Users\Richard Miculob\Documents\ResQR\public\uploads/thumbmarks/JOHN_RAYMUND_LIBRES_GAYO_THUMBMARK_2026-04-18_16-36-49.png exists=YES
DEBUG - 2026-04-19 10:09:19 --> INSERT member image check: SHEEN JAY GAYO photo => C:\Users\Richard Miculob\Documents\ResQR\public\uploads/family_photos/SHEEN_JAY_GAYO_2026-04-18_17-37-13.jpg exists=YES
DEBUG - 2026-04-19 10:09:19 --> INSERT member image check: ZHOIE NORREIN GAYO photo => C:\Users\Richard Miculob\Documents\ResQR\public\uploads/family_photos/ZHOIE_NORREIN_GAYO_2026-04-18_17-37-13.jpg exists=YES
DEBUG - 2026-04-19 10:09:19 --> INSERT member image check: ZOELLA QUINN GAYO photo => C:\Users\Richard Miculob\Documents\ResQR\public\uploads/family_photos/ZOELLA_QUINN_GAYO_2026-04-18_17-37-13.jpg exists=YES
DEBUG - 2026-04-19 10:09:19 --> Found family header at row 2089, data starts at row 2091
DEBUG - 2026-04-19 10:09:19 --> Added family member: REINA BULAN (Relation: WIFE)
DEBUG - 2026-04-19 10:09:19 --> Added family member: RALF JAY CUAJAO BUNGLAY (Relation: SON)
DEBUG - 2026-04-19 10:09:19 --> Added family member: REGINE JAY CUAJAO BUNGLAY (Relation: DAUGHTER)
DEBUG - 2026-04-19 10:09:19 --> Stopping family parse at row 2096 - found: 26. VULNERABLE MEMBERS:
Older Persons: 2   Pregnant: 0   Lactating: 0   PWD: 0
DEBUG - 2026-04-19 10:09:19 --> Total family members parsed: 3
DEBUG - 2026-04-19 10:09:19 --> INSERT head image check: photo => C:\Users\Richard Miculob\Documents\ResQR\public\uploads/head_photos/ROMANITO_EDIOS_BULAN_2026-04-18_19-03-55.jpg exists=YES
DEBUG - 2026-04-19 10:09:19 --> INSERT head image check: signature_thumbmark => C:\Users\Richard Miculob\Documents\ResQR\public\uploads/signatures/ROMANITO_EDIOS_BULAN_SIGNATURE_DRAWN_2026-04-18_19-13-59.png exists=YES
DEBUG - 2026-04-19 10:09:19 --> INSERT head image check: right_thumbmark => C:\Users\Richard Miculob\Documents\ResQR\public\uploads/thumbmarks/ROMANITO_EDIOS_BULAN_THUMBMARK_2026-04-18_19-13-59.png exists=YES
DEBUG - 2026-04-19 10:09:19 --> INSERT member image check: RALF JAY CUAJAO BUNGLAY photo => C:\Users\Richard Miculob\Documents\ResQR\public\uploads/family_photos/RALF_JAY_CUAJAO_BUNGLAY_2026-04-18_19-03-55.jpg exists=YES
DEBUG - 2026-04-19 10:09:19 --> Found family header at row 2119, data starts at row 2121
DEBUG - 2026-04-19 10:09:19 --> Added family member: LEONARDO GAYO JR. (Relation: HUSBAND)
DEBUG - 2026-04-19 10:09:19 --> Stopping family parse at row 2126 - found: 26. VULNERABLE MEMBERS:
Older Persons: 2   Pregnant: 0   Lactating: 0   PWD: 0
DEBUG - 2026-04-19 10:09:19 --> Total family members parsed: 1
DEBUG - 2026-04-19 10:09:19 --> Found family header at row 2149, data starts at row 2151
DEBUG - 2026-04-19 10:09:19 --> Added family member: JOVEL P. DAHAN (Relation: WIFE)
DEBUG - 2026-04-19 10:09:19 --> Added family member: KYLE DAHAN (Relation: DAUGHTER)
DEBUG - 2026-04-19 10:09:19 --> Added family member: ALTHEA KIM DAHAN (Relation: DAUGHTER)
DEBUG - 2026-04-19 10:09:19 --> Added family member: JAHANA DAHAN (Relation: DAUGHTER)
DEBUG - 2026-04-19 10:09:19 --> Stopping family parse at row 2156 - found: 26. VULNERABLE MEMBERS:
Older Persons: 0   Pregnant: 0   Lactating: 0   PWD: 0
DEBUG - 2026-04-19 10:09:19 --> Total family members parsed: 4
DEBUG - 2026-04-19 10:09:19 --> INSERT head image check: photo => C:\Users\Richard Miculob\Documents\ResQR\public\uploads/head_photos/1776507692_f809f320b1b86cde50de.jpg exists=YES
DEBUG - 2026-04-19 10:09:19 --> INSERT head image check: signature_thumbmark => C:\Users\Richard Miculob\Documents\ResQR\public\uploads/signatures/ARNEL_FABE_DAHAN_SIGNATURE_DRAWN_2026-04-18_18-24-42.png exists=YES
DEBUG - 2026-04-19 10:09:19 --> INSERT head image check: right_thumbmark => C:\Users\Richard Miculob\Documents\ResQR\public\uploads/thumbmarks/ARNEL_FABE_DAHAN_THUMBMARK_2026-04-18_18-24-42.png exists=YES
DEBUG - 2026-04-19 10:09:19 --> INSERT member image check: JOVEL P. DAHAN photo => C:\Users\Richard Miculob\Documents\ResQR\public\uploads/family_photos/JOVEL_P_DAHAN_2026-04-18_18-21-32.jpg exists=YES
DEBUG - 2026-04-19 10:09:19 --> INSERT member image check: KYLE DAHAN photo => C:\Users\Richard Miculob\Documents\ResQR\public\uploads/family_photos/KYLE_DAHAN_2026-04-18_18-21-32.jpg exists=YES
DEBUG - 2026-04-19 10:09:19 --> INSERT member image check: ALTHEA KIM DAHAN photo => C:\Users\Richard Miculob\Documents\ResQR\public\uploads/family_photos/ALTHEA_KIM_DAHAN_2026-04-18_18-21-32.jpg exists=YES
DEBUG - 2026-04-19 10:09:19 --> INSERT member image check: JAHANA DAHAN photo => C:\Users\Richard Miculob\Documents\ResQR\public\uploads/family_photos/JAHANA_DAHAN_2026-04-18_18-21-32.jpg exists=YES
DEBUG - 2026-04-19 10:09:19 --> Found family header at row 2179, data starts at row 2181
DEBUG - 2026-04-19 10:09:19 --> Added family member: JESUS JAMON (Relation: LIVE-IN PARTNER)
DEBUG - 2026-04-19 10:09:19 --> Added family member: CHARLIE TIZON (Relation: COUSIN)
DEBUG - 2026-04-19 10:09:19 --> Added family member: JAYLORD JAMON (Relation: SON)
DEBUG - 2026-04-19 10:09:19 --> Stopping family parse at row 2186 - found: 26. VULNERABLE MEMBERS:
Older Persons: 0   Pregnant: 0   Lactating: 0   PWD: 0
DEBUG - 2026-04-19 10:09:19 --> Total family members parsed: 3
DEBUG - 2026-04-19 10:09:19 --> Found family header at row 2209, data starts at row 2211
DEBUG - 2026-04-19 10:09:19 --> Added family member: ALVITHS L. IBALE (Relation: LIVE-IN PARTNER)
DEBUG - 2026-04-19 10:09:19 --> Added family member: MARYKEE H. DUMANGCAS (Relation: DAUGHTER)
DEBUG - 2026-04-19 10:09:19 --> Added family member: ADRIAN JARDIN (Relation: SON-IN-LAW)
DEBUG - 2026-04-19 10:09:19 --> Added family member: ALDY H. DUMANGCAS (Relation: SON)
DEBUG - 2026-04-19 10:09:19 --> Added family member: ALZEKAN H. DUMANGCAS (Relation: DAUGHTER)
DEBUG - 2026-04-19 10:09:19 --> Added family member: CHRIST ICEL DUMANGCAS (Relation: SON)
DEBUG - 2026-04-19 10:09:19 --> Added family member: CHRIST LAURENCE DUMANGCAS (Relation: SON)
DEBUG - 2026-04-19 10:09:19 --> Added family member: BRIANNA DUMANGCAS (Relation: DAUGHTER)
DEBUG - 2026-04-19 10:09:19 --> Stopping family parse at row 2219 - found: 26. VULNERABLE MEMBERS:
Older Persons: 0   Pregnant: 0   Lactating: 0   PWD: 0
DEBUG - 2026-04-19 10:09:19 --> Total family members parsed: 8
DEBUG - 2026-04-19 10:09:19 --> Found family header at row 2242, data starts at row 2244
DEBUG - 2026-04-19 10:09:19 --> Added family member: JANE MAREY RANOCO (Relation: )
DEBUG - 2026-04-19 10:09:19 --> Added family member: JASPER JEFF RANOCO (Relation: )
DEBUG - 2026-04-19 10:09:19 --> Stopping family parse at row 2249 - found: 26. VULNERABLE MEMBERS:
Older Persons: 0   Pregnant: 0   Lactating: 0   PWD: 0
DEBUG - 2026-04-19 10:09:19 --> Total family members parsed: 2
DEBUG - 2026-04-19 10:09:19 --> Found family header at row 2272, data starts at row 2274
DEBUG - 2026-04-19 10:09:19 --> Added family member: NARIA YLLAJAY JAMPIT (Relation: DAUGHTER)
DEBUG - 2026-04-19 10:09:19 --> Added family member: MARA YSABELLE (Relation: DAUGHTER)
DEBUG - 2026-04-19 10:09:19 --> Stopping family parse at row 2279 - found: 26. VULNERABLE MEMBERS:
Older Persons: 0   Pregnant: 0   Lactating: 0   PWD: 0
DEBUG - 2026-04-19 10:09:19 --> Total family members parsed: 2
DEBUG - 2026-04-19 10:09:19 --> Found family header at row 2302, data starts at row 2304
DEBUG - 2026-04-19 10:09:19 --> Added family member: MICHAEL MANGACAN (Relation: LIVE-IN PARTNER)
DEBUG - 2026-04-19 10:09:19 --> Added family member: JETRO MANGACAN (Relation: STEP-DAUGHTER)
DEBUG - 2026-04-19 10:09:19 --> Added family member: JOSON MANGACAN (Relation: SON)
DEBUG - 2026-04-19 10:09:19 --> Stopping family parse at row 2309 - found: 26. VULNERABLE MEMBERS:
Older Persons: 0   Pregnant: 0   Lactating: 0   PWD: 0
DEBUG - 2026-04-19 10:09:19 --> Total family members parsed: 3
DEBUG - 2026-04-19 10:09:19 --> Found family header at row 2332, data starts at row 2334
DEBUG - 2026-04-19 10:09:19 --> Added family member: JONATHAN MANGACA (Relation: HUSBAND)
DEBUG - 2026-04-19 10:09:19 --> Added family member: NATHAN MANGACA (Relation: SON)
DEBUG - 2026-04-19 10:09:19 --> Added family member: KIAN MANGACA (Relation: SON)
DEBUG - 2026-04-19 10:09:19 --> Stopping family parse at row 2339 - found: 26. VULNERABLE MEMBERS:
Older Persons: 0   Pregnant: 0   Lactating: 0   PWD: 0
DEBUG - 2026-04-19 10:09:19 --> Total family members parsed: 3
DEBUG - 2026-04-19 10:09:19 --> Found family header at row 2362, data starts at row 2364
DEBUG - 2026-04-19 10:09:19 --> Added family member: DEXTER PITOGO (Relation: FATHER)
DEBUG - 2026-04-19 10:09:19 --> Added family member: MERLIN PITOGO (Relation: MOTHER)
DEBUG - 2026-04-19 10:09:19 --> Added family member: JOHN LESTER PITOGO (Relation: BROTHER)
DEBUG - 2026-04-19 10:09:19 --> Added family member: DEXTER PITOGO JR. (Relation: BROTHER)
DEBUG - 2026-04-19 10:09:19 --> Stopping family parse at row 2369 - found: 26. VULNERABLE MEMBERS:
Older Persons: 0   Pregnant: 0   Lactating: 0   PWD: 0
DEBUG - 2026-04-19 10:09:19 --> Total family members parsed: 4
DEBUG - 2026-04-19 10:09:19 --> Found family header at row 2392, data starts at row 2394
DEBUG - 2026-04-19 10:09:19 --> Added family member: CRIS ROSAL (Relation: FATHER)
DEBUG - 2026-04-19 10:09:19 --> Added family member: ANNIE ROSAL (Relation: MOTHER)
DEBUG - 2026-04-19 10:09:19 --> Added family member: DEA SHAINE ROSAL (Relation: NIECE)
DEBUG - 2026-04-19 10:09:19 --> Added family member: ENZA BEATRICE ROSAL (Relation: DAUGHTER)
DEBUG - 2026-04-19 10:09:19 --> Stopping family parse at row 2399 - found: 26. VULNERABLE MEMBERS:
Older Persons: 2   Pregnant: 0   Lactating: 0   PWD: 0
DEBUG - 2026-04-19 10:09:19 --> Total family members parsed: 4
DEBUG - 2026-04-19 10:09:19 --> Found family header at row 2422, data starts at row 2424
DEBUG - 2026-04-19 10:09:19 --> Added family member: NESTOR SINO (Relation: HUSBAND)
DEBUG - 2026-04-19 10:09:19 --> Stopping family parse at row 2429 - found: 26. VULNERABLE MEMBERS:
Older Persons: 1   Pregnant: 0   Lactating: 0   PWD: 0
DEBUG - 2026-04-19 10:09:19 --> Total family members parsed: 1
DEBUG - 2026-04-19 10:09:19 --> Found family header at row 2452, data starts at row 2454
DEBUG - 2026-04-19 10:09:19 --> Added family member: OLIVER GARILLO (Relation: LIVE-IN)
DEBUG - 2026-04-19 10:09:19 --> Stopping family parse at row 2459 - found: 26. VULNERABLE MEMBERS:
Older Persons: 0   Pregnant: 0   Lactating: 0   PWD: 0
DEBUG - 2026-04-19 10:09:19 --> Total family members parsed: 1
DEBUG - 2026-04-19 10:09:19 --> Found family header at row 2482, data starts at row 2484
DEBUG - 2026-04-19 10:09:19 --> Added family member: PIOCANO (Relation: SON)
DEBUG - 2026-04-19 10:09:19 --> Stopping family parse at row 2489 - found: 26. VULNERABLE MEMBERS:
Older Persons: 0   Pregnant: 0   Lactating: 0   PWD: 0
DEBUG - 2026-04-19 10:09:19 --> Total family members parsed: 1
DEBUG - 2026-04-19 10:09:19 --> Found family header at row 2512, data starts at row 2514
DEBUG - 2026-04-19 10:09:19 --> Added family member: ERVIN M. ROMOROSA (Relation: HUSBAND)
DEBUG - 2026-04-19 10:09:19 --> Added family member: ZEREF ETHAN D. ROMOROSA (Relation: SON)
DEBUG - 2026-04-19 10:09:19 --> Added family member: ATHENA WYNONA D. ROMOROSA (Relation: DAUGHTER)
DEBUG - 2026-04-19 10:09:19 --> Stopping family parse at row 2519 - found: 26. VULNERABLE MEMBERS:
Older Persons: 0   Pregnant: 0   Lactating: 1   PWD: 0
DEBUG - 2026-04-19 10:09:19 --> Total family members parsed: 3
DEBUG - 2026-04-19 10:09:19 --> INSERT head image check: photo => C:\Users\Richard Miculob\Documents\ResQR\public\uploads/head_photos/MARIA_KATRINA_DAHAN_ROMOROSA_2026-04-18_17-03-02.jpg exists=YES
DEBUG - 2026-04-19 10:09:19 --> INSERT head image check: signature_thumbmark => C:\Users\Richard Miculob\Documents\ResQR\public\uploads/signatures/MARIA_KATRINA_DAHAN_ROMOROSA_SIGNATURE_DRAWN_2026-04-18_17-05-06.png exists=YES
DEBUG - 2026-04-19 10:09:19 --> INSERT head image check: right_thumbmark => C:\Users\Richard Miculob\Documents\ResQR\public\uploads/thumbmarks/MARIA_KATRINA_DAHAN_ROMOROSA_THUMBMARK_2026-04-18_17-05-06.png exists=YES
DEBUG - 2026-04-19 10:09:19 --> INSERT member image check: ERVIN M. ROMOROSA photo => C:\Users\Richard Miculob\Documents\ResQR\public\uploads/family_photos/ERVIN_M_ROMOROSA_2026-04-18_17-03-02.jpg exists=YES
DEBUG - 2026-04-19 10:09:19 --> INSERT member image check: ZEREF ETHAN D. ROMOROSA photo => C:\Users\Richard Miculob\Documents\ResQR\public\uploads/family_photos/ZEREF_ETHAN_D_ROMOROSA_2026-04-18_17-03-02.jpg exists=YES
DEBUG - 2026-04-19 10:09:19 --> INSERT member image check: ATHENA WYNONA D. ROMOROSA photo => C:\Users\Richard Miculob\Documents\ResQR\public\uploads/family_photos/ATHENA_WYNONA_D_ROMOROSA_2026-04-18_17-03-02.jpg exists=YES
DEBUG - 2026-04-19 10:09:19 --> Found family header at row 2542, data starts at row 2544
DEBUG - 2026-04-19 10:09:19 --> Added family member: PETER JACOB TAGAB (Relation: SON)
DEBUG - 2026-04-19 10:09:19 --> Added family member: PETER TAGAB (Relation: LIVE-IN PARTNER)
DEBUG - 2026-04-19 10:09:19 --> Stopping family parse at row 2549 - found: 26. VULNERABLE MEMBERS:
Older Persons: 0   Pregnant: 0   Lactating: 0   PWD: 0
DEBUG - 2026-04-19 10:09:19 --> Total family members parsed: 2
DEBUG - 2026-04-19 10:09:19 --> Found family header at row 2572, data starts at row 2574
DEBUG - 2026-04-19 10:09:19 --> Added family member: FELIPE C. QUINADA (Relation: HUSBAND)
DEBUG - 2026-04-19 10:09:19 --> Added family member: KENTH QUINADA (Relation: SON)
DEBUG - 2026-04-19 10:09:19 --> Added family member: KHYLA QUINADA (Relation: DAUGHTER)
DEBUG - 2026-04-19 10:09:19 --> Stopping family parse at row 2579 - found: 26. VULNERABLE MEMBERS:
Older Persons: 0   Pregnant: 0   Lactating: 0   PWD: 0
DEBUG - 2026-04-19 10:09:19 --> Total family members parsed: 3
DEBUG - 2026-04-19 10:09:19 --> Found family header at row 2602, data starts at row 2604
DEBUG - 2026-04-19 10:09:19 --> Added family member: ROY DAHANG (Relation: LIVE-IN)
DEBUG - 2026-04-19 10:09:19 --> Added family member: ALLIYAH GRACE  ACEDES (Relation: DAUGHTER)
DEBUG - 2026-04-19 10:09:19 --> Added family member: NATHANIEL DAHANG (Relation: SON)
DEBUG - 2026-04-19 10:09:19 --> Added family member: ALEXA ACEDES (Relation: DAUGHTER)
DEBUG - 2026-04-19 10:09:19 --> Stopping family parse at row 2609 - found: 26. VULNERABLE MEMBERS:
Older Persons: 0   Pregnant: 0   Lactating: 0   PWD: 0
DEBUG - 2026-04-19 10:09:19 --> Total family members parsed: 4
DEBUG - 2026-04-19 10:09:19 --> Found family header at row 2632, data starts at row 2634
DEBUG - 2026-04-19 10:09:19 --> Added family member: SONIA PITOGO (Relation: MOTHER)
DEBUG - 2026-04-19 10:09:19 --> Added family member: SUMMY DAGAAS (Relation: HUSBAND)
DEBUG - 2026-04-19 10:09:19 --> Added family member: KELVIN JAMES DAGAAS (Relation: SON)
DEBUG - 2026-04-19 10:09:19 --> Added family member: SAMANTHA JACE DAGAAS (Relation: DAUGHTER)
DEBUG - 2026-04-19 10:09:19 --> Stopping family parse at row 2639 - found: 26. VULNERABLE MEMBERS:
Older Persons: 0   Pregnant: 0   Lactating: 0   PWD: 0
DEBUG - 2026-04-19 10:09:19 --> Total family members parsed: 4
DEBUG - 2026-04-19 10:09:19 --> Found family header at row 2662, data starts at row 2664
DEBUG - 2026-04-19 10:09:19 --> Added family member: FRANCES MANGUCA (Relation: HUSBAND)
DEBUG - 2026-04-19 10:09:19 --> Added family member: JARYL GALAPATE (Relation: SON)
DEBUG - 2026-04-19 10:09:19 --> Added family member: JEAH GALAPATE (Relation: DAUGHTER)
DEBUG - 2026-04-19 10:09:19 --> Added family member: JEANAH GALAPATE (Relation: DAUGHTER)
DEBUG - 2026-04-19 10:09:19 --> Stopping family parse at row 2669 - found: 26. VULNERABLE MEMBERS:
Older Persons: 0   Pregnant: 0   Lactating: 0   PWD: 0
DEBUG - 2026-04-19 10:09:19 --> Total family members parsed: 4
DEBUG - 2026-04-19 10:09:19 --> Found family header at row 2692, data starts at row 2694
DEBUG - 2026-04-19 10:09:19 --> Added family member: HASANAL PAMASTORA (Relation: HUSBAND)
DEBUG - 2026-04-19 10:09:19 --> Added family member: PRINCESS SAIPAHMAATORA (Relation: DAUGHTER)
DEBUG - 2026-04-19 10:09:19 --> Added family member: HASHNIAH MASTORA (Relation: DAUGHTER)
DEBUG - 2026-04-19 10:09:19 --> Added family member: HASHIM MASTORA (Relation: SON)
DEBUG - 2026-04-19 10:09:19 --> Added family member: NOR AKIFAH (Relation: DAUGHTER)
DEBUG - 2026-04-19 10:09:19 --> Added family member: ZARAH ALIYAH MASTORA (Relation: DAUGHTER)
DEBUG - 2026-04-19 10:09:19 --> Stopping family parse at row 2700 - found: 26. VULNERABLE MEMBERS:
Older Persons: 0   Pregnant: 0   Lactating: 0   PWD: 0
DEBUG - 2026-04-19 10:09:19 --> Total family members parsed: 6
DEBUG - 2026-04-19 10:09:19 --> Found family header at row 2723, data starts at row 2725
DEBUG - 2026-04-19 10:09:19 --> Added family member: RUBELYN CAILING (Relation: DAUGHTER)
DEBUG - 2026-04-19 10:09:19 --> Added family member: INA CAILING (Relation: GRANDDAUGHTER)
DEBUG - 2026-04-19 10:09:19 --> Added family member: RIAN JOSE CAILING (Relation: GRANDSON)
DEBUG - 2026-04-19 10:09:19 --> Added family member: JOHN GABRIEL CANINDO (Relation: GRANDSON)
DEBUG - 2026-04-19 10:09:19 --> Added family member: ISABEL CANINDO (Relation: GRANDDAUGHTER)
DEBUG - 2026-04-19 10:09:19 --> Added family member: ROBERTO CANINDO (Relation: SON)
DEBUG - 2026-04-19 10:09:19 --> Added family member: JOELLEN LAGRADA (Relation: DAUGHTER IN LAW)
DEBUG - 2026-04-19 10:09:19 --> Added family member: RIANNA DENNIS CAILING (Relation: GRANDDAUGHTER)
DEBUG - 2026-04-19 10:09:19 --> Stopping family parse at row 2733 - found: 26. VULNERABLE MEMBERS:
Older Persons: 0   Pregnant: 0   Lactating: 1   PWD: 0
DEBUG - 2026-04-19 10:09:19 --> Total family members parsed: 8
DEBUG - 2026-04-19 10:09:19 --> Found family header at row 2756, data starts at row 2758
DEBUG - 2026-04-19 10:09:19 --> Added family member: JEFFREY PASQUITO (Relation: LIVE IN-PARTNER)
DEBUG - 2026-04-19 10:09:19 --> Added family member: REAH JEAN PASQUITO (Relation: DAUGHTER)
DEBUG - 2026-04-19 10:09:19 --> Added family member: JEFFORD ZAEL PASQUITO (Relation: SON)
DEBUG - 2026-04-19 10:09:19 --> Stopping family parse at row 2763 - found: 26. VULNERABLE MEMBERS:
Older Persons: 0   Pregnant: 0   Lactating: 0   PWD: 0
DEBUG - 2026-04-19 10:09:19 --> Total family members parsed: 3
DEBUG - 2026-04-19 10:09:19 --> INSERT head image check: photo => C:\Users\Richard Miculob\Documents\ResQR\public\uploads/head_photos/1776508116_770914345866925a7c21.jpg exists=YES
DEBUG - 2026-04-19 10:09:19 --> INSERT head image check: signature_thumbmark => C:\Users\Richard Miculob\Documents\ResQR\public\uploads/signatures/ALTHEA_EIVON_ACEBES_SARANILLO_SIGNATURE_DRAWN_2026-04-18_18-31-36.png exists=YES
DEBUG - 2026-04-19 10:09:19 --> INSERT head image check: right_thumbmark => C:\Users\Richard Miculob\Documents\ResQR\public\uploads/thumbmarks/ALTHEA_EIVON_ACEBES_SARANILLO_THUMBMARK_2026-04-18_18-31-36.png exists=YES
DEBUG - 2026-04-19 10:09:19 --> INSERT member image check: JEFFREY PASQUITO photo => C:\Users\Richard Miculob\Documents\ResQR\public\uploads/family_photos/JEFFREY_PASQUITO_2026-04-18_18-28-36.jpg exists=YES
DEBUG - 2026-04-19 10:09:19 --> INSERT member image check: REAH JEAN PASQUITO photo => C:\Users\Richard Miculob\Documents\ResQR\public\uploads/family_photos/REAH_JEAN_PASQUITO_2026-04-18_18-28-36.jpg exists=YES
DEBUG - 2026-04-19 10:09:19 --> INSERT member image check: JEFFORD ZAEL PASQUITO photo => C:\Users\Richard Miculob\Documents\ResQR\public\uploads/family_photos/JEFFORD_ZAEL_PASQUITO_2026-04-18_18-28-36.jpg exists=YES
DEBUG - 2026-04-19 10:09:19 --> Found family header at row 2786, data starts at row 2788
DEBUG - 2026-04-19 10:09:19 --> Added family member: ROSFEL ISIN (Relation: HUSBAND)
DEBUG - 2026-04-19 10:09:19 --> Added family member: ANGEL ROSE ISIN (Relation: DAUGHTER)
DEBUG - 2026-04-19 10:09:19 --> Stopping family parse at row 2793 - found: 26. VULNERABLE MEMBERS:
Older Persons: 0   Pregnant: 0   Lactating: 0   PWD: 0
DEBUG - 2026-04-19 10:09:19 --> Total family members parsed: 2
DEBUG - 2026-04-19 10:09:19 --> Found family header at row 2816, data starts at row 2818
DEBUG - 2026-04-19 10:09:19 --> Added family member: RYLIE (Relation: SON)
DEBUG - 2026-04-19 10:09:19 --> Added family member: ROME (Relation: FATHER)
DEBUG - 2026-04-19 10:09:19 --> Stopping family parse at row 2823 - found: 26. VULNERABLE MEMBERS:
Older Persons: 0   Pregnant: 0   Lactating: 0   PWD: 0
DEBUG - 2026-04-19 10:09:19 --> Total family members parsed: 2
DEBUG - 2026-04-19 10:09:19 --> Found family header at row 2846, data starts at row 2848
DEBUG - 2026-04-19 10:09:19 --> Added family member: RAYMUND (Relation: FATHER)
DEBUG - 2026-04-19 10:09:19 --> Added family member: PRESTELIZ (Relation: SON)
DEBUG - 2026-04-19 10:09:19 --> Added family member: RCKANT (Relation: SON)
DEBUG - 2026-04-19 10:09:19 --> Stopping family parse at row 2853 - found: 26. VULNERABLE MEMBERS:
Older Persons: 0   Pregnant: 0   Lactating: 0   PWD: 0
DEBUG - 2026-04-19 10:09:19 --> Total family members parsed: 3
DEBUG - 2026-04-19 10:09:19 --> Found family header at row 2876, data starts at row 2878
DEBUG - 2026-04-19 10:09:19 --> Added family member: IRENEO ISIN (Relation: COMMONLAW)
DEBUG - 2026-04-19 10:09:19 --> Stopping family parse at row 2883 - found: 26. VULNERABLE MEMBERS:
Older Persons: 0   Pregnant: 0   Lactating: 0   PWD: 0
DEBUG - 2026-04-19 10:09:19 --> Total family members parsed: 1
DEBUG - 2026-04-19 10:09:19 --> Found family header at row 2906, data starts at row 2908
DEBUG - 2026-04-19 10:09:19 --> Added family member: LARAGEN MONTALBA (Relation: DAUGHTER)
DEBUG - 2026-04-19 10:09:19 --> Added family member: JAYRELLE MONTALBA (Relation: SON)
DEBUG - 2026-04-19 10:09:19 --> Added family member: JOHNRAY MONTALBA (Relation: SON)
DEBUG - 2026-04-19 10:09:19 --> Stopping family parse at row 2913 - found: 26. VULNERABLE MEMBERS:
Older Persons: 0   Pregnant: 0   Lactating: 0   PWD: 0
DEBUG - 2026-04-19 10:09:19 --> Total family members parsed: 3
DEBUG - 2026-04-19 10:09:19 --> Found family header at row 2936, data starts at row 2938
DEBUG - 2026-04-19 10:09:19 --> Added family member: CHARLIE A. EBARLE (Relation: HUSBAND)
DEBUG - 2026-04-19 10:09:19 --> Added family member: PRINCESS ANTONETTE B. SUL-ARON (Relation: DAUGHTER)
DEBUG - 2026-04-19 10:09:19 --> Added family member: QUEENLIE KAYME S. EBARLE (Relation: DAUGHTER)
DEBUG - 2026-04-19 10:09:19 --> Added family member: KING CHRIST EBARLE (Relation: SON)
DEBUG - 2026-04-19 10:09:19 --> Stopping family parse at row 2943 - found: 26. VULNERABLE MEMBERS:
Older Persons: 0   Pregnant: 0   Lactating: 0   PWD: 0
DEBUG - 2026-04-19 10:09:19 --> Total family members parsed: 4
DEBUG - 2026-04-19 10:09:19 --> INSERT head image check: photo => C:\Users\Richard Miculob\Documents\ResQR\public\uploads/head_photos/CONIE_SUL_ARON_EBARLE_2026-04-18_18-15-25.jpg exists=YES
DEBUG - 2026-04-19 10:09:19 --> INSERT head image check: signature_thumbmark => C:\Users\Richard Miculob\Documents\ResQR\public\uploads/signatures/CONIE_SUL-ARON_EBARLE_SIGNATURE_DRAWN_2026-04-18_18-16-43.png exists=YES
DEBUG - 2026-04-19 10:09:19 --> INSERT head image check: right_thumbmark => C:\Users\Richard Miculob\Documents\ResQR\public\uploads/thumbmarks/CONIE_SUL-ARON_EBARLE_THUMBMARK_2026-04-18_18-16-43.png exists=YES
DEBUG - 2026-04-19 10:09:19 --> INSERT member image check: CHARLIE A. EBARLE photo => C:\Users\Richard Miculob\Documents\ResQR\public\uploads/family_photos/CHARLIE_A_EBARLE_2026-04-18_18-15-25.jpg exists=YES
DEBUG - 2026-04-19 10:09:19 --> INSERT member image check: PRINCESS ANTONETTE B. SUL-ARON photo => C:\Users\Richard Miculob\Documents\ResQR\public\uploads/family_photos/PRINCESS_ANTONETTE_B_SUL-ARON_2026-04-18_18-15-25.jpg exists=YES
DEBUG - 2026-04-19 10:09:19 --> INSERT member image check: QUEENLIE KAYME S. EBARLE photo => C:\Users\Richard Miculob\Documents\ResQR\public\uploads/family_photos/QUEENLIE_KAYME_S_EBARLE_2026-04-18_18-15-25.jpg exists=YES
DEBUG - 2026-04-19 10:09:19 --> INSERT member image check: KING CHRIST EBARLE photo => C:\Users\Richard Miculob\Documents\ResQR\public\uploads/family_photos/KING_CHRIST_EBARLE_2026-04-18_18-15-25.jpg exists=YES
DEBUG - 2026-04-19 10:09:19 --> Found family header at row 2966, data starts at row 2968
DEBUG - 2026-04-19 10:09:19 --> Added family member: JOHN GORGONIE EDON (Relation: LIVE IN PARTNER)
DEBUG - 2026-04-19 10:09:19 --> Added family member: HONEY GRACE EDON (Relation: DAUGHTER)
DEBUG - 2026-04-19 10:09:19 --> Added family member: KID JOHN EDON (Relation: SON)
DEBUG - 2026-04-19 10:09:19 --> Added family member: EL-JOHN EDON (Relation: SON)
DEBUG - 2026-04-19 10:09:19 --> Stopping family parse at row 2973 - found: 26. VULNERABLE MEMBERS:
Older Persons: 0   Pregnant: 0   Lactating: 0   PWD: 0
DEBUG - 2026-04-19 10:09:19 --> Total family members parsed: 4
DEBUG - 2026-04-19 10:09:19 --> INSERT head image check: photo => C:\Users\Richard Miculob\Documents\ResQR\public\uploads/head_photos/1776510507_da1090e9fd104e087996.jpg exists=YES
DEBUG - 2026-04-19 10:09:19 --> INSERT head image check: signature_thumbmark => C:\Users\Richard Miculob\Documents\ResQR\public\uploads/signatures/RECHELLE_TIRARIRAY_CABEGUIN_SIGNATURE_DRAWN_2026-04-18_19-12-58.png exists=YES
DEBUG - 2026-04-19 10:09:19 --> INSERT head image check: right_thumbmark => C:\Users\Richard Miculob\Documents\ResQR\public\uploads/thumbmarks/RECHELLE_TIRARIRAY_CABEGUIN_THUMBMARK_2026-04-18_19-12-58.png exists=YES
DEBUG - 2026-04-19 10:09:19 --> INSERT member image check: JOHN GORGONIE EDON photo => C:\Users\Richard Miculob\Documents\ResQR\public\uploads/family_photos/JOHN_GORGONIE_EDON_2026-04-18_18-54-08.jpg exists=YES
DEBUG - 2026-04-19 10:09:19 --> INSERT member image check: HONEY GRACE EDON photo => C:\Users\Richard Miculob\Documents\ResQR\public\uploads/family_photos/HONEY_GRACE_EDON_2026-04-18_19-10-23.jpg exists=YES
DEBUG - 2026-04-19 10:09:19 --> INSERT member image check: KID JOHN EDON photo => C:\Users\Richard Miculob\Documents\ResQR\public\uploads/family_photos/KID_JOHN_EDON_2026-04-18_19-10-23.jpg exists=YES
DEBUG - 2026-04-19 10:09:19 --> INSERT member image check: EL-JOHN EDON photo => C:\Users\Richard Miculob\Documents\ResQR\public\uploads/family_photos/EL-JOHN_EDON_2026-04-18_19-10-23.jpg exists=YES
DEBUG - 2026-04-19 10:09:19 --> Found family header at row 2996, data starts at row 2998
DEBUG - 2026-04-19 10:09:19 --> Added family member: ROWENA GRADO (Relation: MOTHER)
DEBUG - 2026-04-19 10:09:19 --> Added family member: JHIMWEN DONAX (Relation: BROTHER)
DEBUG - 2026-04-19 10:09:19 --> Added family member: JENELLE CRISTA SAMONTE (Relation: SISTER)
DEBUG - 2026-04-19 10:09:19 --> Added family member: JIMME SAMONTE (Relation: FATHER)
DEBUG - 2026-04-19 10:09:19 --> Stopping family parse at row 3003 - found: 26. VULNERABLE MEMBERS:
Older Persons: 0   Pregnant: 0   Lactating: 0   PWD: 0
DEBUG - 2026-04-19 10:09:19 --> Total family members parsed: 4
DEBUG - 2026-04-19 10:09:19 --> Found family header at row 3026, data starts at row 3028
DEBUG - 2026-04-19 10:09:19 --> Added family member: PHEA PACULANAN (Relation: DAUGHTER)
DEBUG - 2026-04-19 10:09:19 --> Added family member: ALEXA PACULANAN (Relation: DAUGHTER)
DEBUG - 2026-04-19 10:09:19 --> Stopping family parse at row 3033 - found: 26. VULNERABLE MEMBERS:
Older Persons: 0   Pregnant: 0   Lactating: 0   PWD: 0
DEBUG - 2026-04-19 10:09:19 --> Total family members parsed: 2
DEBUG - 2026-04-19 10:09:19 --> Found family header at row 3056, data starts at row 3058
DEBUG - 2026-04-19 10:09:19 --> Added family member: SUSAN T. PACULANAN (Relation: WIFE)
DEBUG - 2026-04-19 10:09:19 --> Added family member: OSHYN MAE T. PACULANAN (Relation: DAUGHTER)
DEBUG - 2026-04-19 10:09:19 --> Added family member: JOBERT T. PACULANAN (Relation: SON)
DEBUG - 2026-04-19 10:09:19 --> Added family member: ICONVIENUS T. PACULANAN (Relation: DAUGHTER)
DEBUG - 2026-04-19 10:09:19 --> Added family member: ROSE JANE T. PACULANAN (Relation: DAUGHTER)
DEBUG - 2026-04-19 10:09:19 --> Stopping family parse at row 3063 - found: 26. VULNERABLE MEMBERS:
Older Persons: 0   Pregnant: 0   Lactating: 0   PWD: 0
DEBUG - 2026-04-19 10:09:19 --> Total family members parsed: 5
DEBUG - 2026-04-19 10:09:19 --> Found family header at row 3086, data starts at row 3088
DEBUG - 2026-04-19 10:09:19 --> Added family member: MACAS, REYJAN (Relation: SON)
DEBUG - 2026-04-19 10:09:19 --> Stopping family parse at row 3093 - found: 26. VULNERABLE MEMBERS:
Older Persons: 0   Pregnant: 0   Lactating: 0   PWD: 0
DEBUG - 2026-04-19 10:09:19 --> Total family members parsed: 1
DEBUG - 2026-04-19 10:09:19 --> Found family header at row 3116, data starts at row 3118
DEBUG - 2026-04-19 10:09:19 --> Added family member: TAGOD, EDILLOS JR. (Relation: PARTNER)
DEBUG - 2026-04-19 10:09:19 --> Added family member: TAGOD, ELI MCAIDEN (Relation: SON)
DEBUG - 2026-04-19 10:09:19 --> Added family member: CABILIN, LOREJUN (Relation: BROTHER)
DEBUG - 2026-04-19 10:09:19 --> Stopping family parse at row 3123 - found: 26. VULNERABLE MEMBERS:
Older Persons: 0   Pregnant: 0   Lactating: 0   PWD: 0
DEBUG - 2026-04-19 10:09:19 --> Total family members parsed: 3
DEBUG - 2026-04-19 10:09:19 --> Found family header at row 3146, data starts at row 3148
DEBUG - 2026-04-19 10:09:19 --> Added family member: UY, MARYJANE (Relation: WIFE)
DEBUG - 2026-04-19 10:09:19 --> Added family member: UY, JOVENSON (Relation: SON)
DEBUG - 2026-04-19 10:09:19 --> Added family member: UY,KITH ANTHONY (Relation: SON)
DEBUG - 2026-04-19 10:09:19 --> Added family member: UY, ZYRA MEA (Relation: DAUGHTER)
DEBUG - 2026-04-19 10:09:19 --> Added family member: UY, WRENLY (Relation: )
DEBUG - 2026-04-19 10:09:19 --> Stopping family parse at row 3153 - found: 26. VULNERABLE MEMBERS:
Older Persons: 0   Pregnant: 0   Lactating: 0   PWD: 0
DEBUG - 2026-04-19 10:09:19 --> Total family members parsed: 5
DEBUG - 2026-04-19 10:09:19 --> Found family header at row 3176, data starts at row 3178
DEBUG - 2026-04-19 10:09:19 --> Added family member: TRIXIE DURIAS (Relation: SISTER)
DEBUG - 2026-04-19 10:09:19 --> Added family member: CHARITY DURIAS (Relation: SISTER)
DEBUG - 2026-04-19 10:09:19 --> Added family member: AZALLIYAH FAYE DELOS SANTOS (Relation: DAUGHTER)
DEBUG - 2026-04-19 10:09:19 --> Stopping family parse at row 3183 - found: 26. VULNERABLE MEMBERS:
Older Persons: 0   Pregnant: 0   Lactating: 0   PWD: 0
DEBUG - 2026-04-19 10:09:19 --> Total family members parsed: 3
DEBUG - 2026-04-19 10:09:19 --> Found family header at row 3206, data starts at row 3208
DEBUG - 2026-04-19 10:09:19 --> Added family member: BULORON, PRINCESS  ALIXYVENS (Relation: DAUGHTER)
DEBUG - 2026-04-19 10:09:19 --> Added family member: BULORON, PRECIOUS AMANY LEIGHS (Relation: DAUGHTER)
DEBUG - 2026-04-19 10:09:19 --> Added family member: BULORON, AURELEPE (Relation: WIFE)
DEBUG - 2026-04-19 10:09:19 --> Stopping family parse at row 3213 - found: 26. VULNERABLE MEMBERS:
Older Persons: 0   Pregnant: 0   Lactating: 0   PWD: 0
DEBUG - 2026-04-19 10:09:19 --> Total family members parsed: 3
DEBUG - 2026-04-19 10:09:19 --> Found family header at row 3236, data starts at row 3238
DEBUG - 2026-04-19 10:09:19 --> Added family member: VICTOR DOSDOS JR. (Relation: FATHER)
DEBUG - 2026-04-19 10:09:19 --> Added family member: MARY EUGENIE DOSDOS LASTIMOSO (Relation: DAUGHTER)
DEBUG - 2026-04-19 10:09:19 --> Stopping family parse at row 3243 - found: 26. VULNERABLE MEMBERS:
Older Persons: 1   Pregnant: 0   Lactating: 0   PWD: 0
DEBUG - 2026-04-19 10:09:19 --> Total family members parsed: 2
DEBUG - 2026-04-19 10:09:19 --> INSERT head image check: photo => C:\Users\Richard Miculob\Documents\ResQR\public\uploads/head_photos/RIO_DOSDOS_LASTIMOSO_2026-04-18_16-56-57.jpg exists=YES
DEBUG - 2026-04-19 10:09:19 --> INSERT head image check: signature_thumbmark => C:\Users\Richard Miculob\Documents\ResQR\public\uploads/signatures/RIO_DOSDOS_LASTIMOSO_SIGNATURE_DRAWN_2026-04-18_17-00-16.png exists=YES
DEBUG - 2026-04-19 10:09:19 --> INSERT head image check: right_thumbmark => C:\Users\Richard Miculob\Documents\ResQR\public\uploads/thumbmarks/RIO_DOSDOS_LASTIMOSO_THUMBMARK_2026-04-18_17-00-16.png exists=YES
DEBUG - 2026-04-19 10:09:19 --> INSERT member image check: VICTOR DOSDOS JR. photo => C:\Users\Richard Miculob\Documents\ResQR\public\uploads/family_photos/VICTOR_DOSDOS_JR_2026-04-18_16-56-57.jpg exists=YES
DEBUG - 2026-04-19 10:09:19 --> INSERT member image check: MARY EUGENIE DOSDOS LASTIMOSO photo => C:\Users\Richard Miculob\Documents\ResQR\public\uploads/family_photos/MARY_EUGENIE_DOSDOS_LASTIMOSO_2026-04-18_16-56-57.jpg exists=YES
DEBUG - 2026-04-19 10:09:19 --> Found family header at row 3266, data starts at row 3268
DEBUG - 2026-04-19 10:09:19 --> Added family member: LAGUMBAY, GABRIEL KRIS AUSTINO (Relation: GRANDSON)
DEBUG - 2026-04-19 10:09:19 --> Added family member: LAGUMBAY, CELESTINE MARY JULEN (Relation: GRAND DAUGHTER)
DEBUG - 2026-04-19 10:09:19 --> Added family member: LAGUMBAY VINCE DARWIN (Relation: SON)
DEBUG - 2026-04-19 10:09:19 --> Stopping family parse at row 3273 - found: 26. VULNERABLE MEMBERS:
Older Persons: 0   Pregnant: 0   Lactating: 0   PWD: 0
DEBUG - 2026-04-19 10:09:19 --> Total family members parsed: 3
DEBUG - 2026-04-19 10:09:19 --> Found family header at row 3296, data starts at row 3298
DEBUG - 2026-04-19 10:09:19 --> Added family member: LOANA CABILOGAN (Relation: LIVE-IN PARTNER)
DEBUG - 2026-04-19 10:09:19 --> Stopping family parse at row 3303 - found: 26. VULNERABLE MEMBERS:
Older Persons: 0   Pregnant: 0   Lactating: 0   PWD: 0
DEBUG - 2026-04-19 10:09:19 --> Total family members parsed: 1
DEBUG - 2026-04-19 10:09:19 --> Found family header at row 3326, data starts at row 3328
DEBUG - 2026-04-19 10:09:19 --> Added family member: ROBERTO DALING (Relation: HUSBAND)
DEBUG - 2026-04-19 10:09:19 --> Added family member: EINSTEIN DALING (Relation: GRANDSON)
DEBUG - 2026-04-19 10:09:19 --> Added family member: MARY JOY DALING (Relation: DAUGHTER)
DEBUG - 2026-04-19 10:09:19 --> Stopping family parse at row 3333 - found: 26. VULNERABLE MEMBERS:
Older Persons: 0   Pregnant: 0   Lactating: 0   PWD: 0
DEBUG - 2026-04-19 10:09:19 --> Total family members parsed: 3
DEBUG - 2026-04-19 10:09:19 --> Found family header at row 3356, data starts at row 3358
DEBUG - 2026-04-19 10:09:19 --> Added family member: ANDREA (Relation: DAUGHTER)
DEBUG - 2026-04-19 10:09:19 --> Added family member: JACK (Relation: SON)
DEBUG - 2026-04-19 10:09:19 --> Added family member: SHIELA (Relation: )
DEBUG - 2026-04-19 10:09:19 --> Added family member: CLEY (Relation: HUSBAND)
DEBUG - 2026-04-19 10:09:19 --> Stopping family parse at row 3363 - found: 26. VULNERABLE MEMBERS:
Older Persons: 0   Pregnant: 0   Lactating: 0   PWD: 0
DEBUG - 2026-04-19 10:09:19 --> Total family members parsed: 4
DEBUG - 2026-04-19 10:09:19 --> Found family header at row 3386, data starts at row 3388
DEBUG - 2026-04-19 10:09:19 --> Added family member: ALYZZA NIÑA MAE ACEBES (Relation: DAUGHTER)
DEBUG - 2026-04-19 10:09:19 --> Added family member: ALIAH JANE A. SARANILLO (Relation: DAUGHTER)
DEBUG - 2026-04-19 10:09:19 --> Stopping family parse at row 3393 - found: 26. VULNERABLE MEMBERS:
Older Persons: 1   Pregnant: 0   Lactating: 0   PWD: 0
DEBUG - 2026-04-19 10:09:19 --> Total family members parsed: 2
DEBUG - 2026-04-19 10:09:19 --> INSERT head image check: photo => C:\Users\Richard Miculob\Documents\ResQR\public\uploads/head_photos/1776506242_4511c7bd37b2c4a2cc0e.jpg exists=YES
DEBUG - 2026-04-19 10:09:19 --> INSERT head image check: signature_thumbmark => C:\Users\Richard Miculob\Documents\ResQR\public\uploads/signatures/JOVENCIO_ELARDO_SARANILLO_SIGNATURE_DRAWN_2026-04-18_18-04-18.png exists=YES
DEBUG - 2026-04-19 10:09:19 --> INSERT head image check: right_thumbmark => C:\Users\Richard Miculob\Documents\ResQR\public\uploads/thumbmarks/JOVENCIO_ELARDO_SARANILLO_THUMBMARK_2026-04-18_18-04-18.png exists=YES
DEBUG - 2026-04-19 10:09:19 --> Found family header at row 3416, data starts at row 3418
DEBUG - 2026-04-19 10:09:19 --> Added family member: CABILIN CARAMEL (Relation: DAUGHTER)
DEBUG - 2026-04-19 10:09:19 --> Added family member: CABILIN AYESHA (Relation: GRAND DAUGHTER)
DEBUG - 2026-04-19 10:09:19 --> Added family member: CABILIN ALASHA (Relation: GRAND DAUGHTER)
DEBUG - 2026-04-19 10:09:19 --> Stopping family parse at row 3423 - found: 26. VULNERABLE MEMBERS:
Older Persons: 0   Pregnant: 0   Lactating: 0   PWD: 0
DEBUG - 2026-04-19 10:09:19 --> Total family members parsed: 3
DEBUG - 2026-04-19 10:09:19 --> Found family header at row 3446, data starts at row 3448
DEBUG - 2026-04-19 10:09:19 --> Added family member: BABIA, KLINT JOHN (Relation: SON)
DEBUG - 2026-04-19 10:09:19 --> Added family member: BABIA, KENDRA (Relation: DAUGHTER)
DEBUG - 2026-04-19 10:09:19 --> Added family member: BABIA, CHLOE JANE (Relation: DAUGHTER)
DEBUG - 2026-04-19 10:09:19 --> Stopping family parse at row 3453 - found: 26. VULNERABLE MEMBERS:
Older Persons: 0   Pregnant: 0   Lactating: 0   PWD: 0
DEBUG - 2026-04-19 10:09:19 --> Total family members parsed: 3
DEBUG - 2026-04-19 10:09:19 --> Found family header at row 3476, data starts at row 3478
DEBUG - 2026-04-19 10:09:19 --> Added family member: KILON ENGUITO (Relation: )
DEBUG - 2026-04-19 10:09:19 --> Added family member: EANA TIZON (Relation: )
DEBUG - 2026-04-19 10:09:19 --> Added family member: ARIANNE TIZON (Relation: )
DEBUG - 2026-04-19 10:09:19 --> Added family member: HAJI ENGUITO (Relation: )
DEBUG - 2026-04-19 10:09:19 --> Added family member: JUNIOR TIZON (Relation: )
DEBUG - 2026-04-19 10:09:19 --> Added family member: MARIAN TIZON (Relation: )
DEBUG - 2026-04-19 10:09:19 --> Stopping family parse at row 3484 - found: 26. VULNERABLE MEMBERS:
Older Persons: 0   Pregnant: 0   Lactating: 0   PWD: 0
DEBUG - 2026-04-19 10:09:19 --> Total family members parsed: 6
DEBUG - 2026-04-19 10:09:19 --> Found family header at row 3507, data starts at row 3509
DEBUG - 2026-04-19 10:09:19 --> Added family member: EHINO CAGADAS DOLUMBAL (Relation: HUSBAND)
DEBUG - 2026-04-19 10:09:19 --> Added family member: MARIFIE CUTAB MANAIZ (Relation: SISTER)
DEBUG - 2026-04-19 10:09:19 --> Added family member: SEYCHELLE KIMBERLY CUTAB MANAIZ (Relation: DAUGHTER)
DEBUG - 2026-04-19 10:09:19 --> Added family member: NORGENE MANAIZ DOLUMBAL (Relation: SON)
DEBUG - 2026-04-19 10:09:19 --> Added family member: CHRISTY MAE MANAIZ DOLUMBAL (Relation: DAUGHTER)
DEBUG - 2026-04-19 10:09:19 --> Added family member: APRIL MANAIZ DOLUMBAL (Relation: DAUGHTER)
DEBUG - 2026-04-19 10:09:19 --> Added family member: EUGENE MANAIZ DOLUMBAL (Relation: SON)
DEBUG - 2026-04-19 10:09:19 --> Added family member: DYAN MANAIZ DOLUMBAL (Relation: DAUGHTER)
DEBUG - 2026-04-19 10:09:19 --> Added family member: MYRTLE MANAIZ DOLUMBAL (Relation: DAUGHTER)
DEBUG - 2026-04-19 10:09:19 --> Added family member: KARISHMA CHAVA M. LOQUEÑO (Relation: NIECE)
DEBUG - 2026-04-19 10:09:19 --> Added family member: JESSA CHANDRIA M. LOQUEÑO (Relation: NIECE)
DEBUG - 2026-04-19 10:09:19 --> Stopping family parse at row 3520 - found: 26. VULNERABLE MEMBERS:
Older Persons: 0   Pregnant: 0   Lactating: 0   PWD: 1
DEBUG - 2026-04-19 10:09:19 --> Total family members parsed: 11
DEBUG - 2026-04-19 10:09:19 --> INSERT head image check: photo => C:\Users\Richard Miculob\Documents\ResQR\public\uploads/head_photos/1776512544_87b3b6b5429e214bdbbd.jpg exists=YES
DEBUG - 2026-04-19 10:09:19 --> INSERT head image check: signature_thumbmark => C:\Users\Richard Miculob\Documents\ResQR\public\uploads/signatures/NORA_MANAIZ_DOLUMBAL_SIGNATURE_DRAWN_2026-04-18_19-43-46.png exists=YES
DEBUG - 2026-04-19 10:09:19 --> INSERT head image check: right_thumbmark => C:\Users\Richard Miculob\Documents\ResQR\public\uploads/thumbmarks/NORA_MANAIZ_DOLUMBAL_THUMBMARK_2026-04-18_19-43-46.png exists=YES
DEBUG - 2026-04-19 10:09:19 --> INSERT member image check: EHINO CAGADAS DOLUMBAL photo => C:\Users\Richard Miculob\Documents\ResQR\public\uploads/family_photos/EHINO_CAGADAS_DOLUMBAL_2026-04-18_19-42-24.jpg exists=YES
DEBUG - 2026-04-19 10:09:19 --> INSERT member image check: NORGENE MANAIZ DOLUMBAL photo => C:\Users\Richard Miculob\Documents\ResQR\public\uploads/family_photos/NORGENE_MANAIZ_DOLUMBAL_2026-04-18_19-42-24.jpg exists=YES
DEBUG - 2026-04-19 10:09:19 --> INSERT member image check: EUGENE MANAIZ DOLUMBAL photo => C:\Users\Richard Miculob\Documents\ResQR\public\uploads/family_photos/EUGENE_MANAIZ_DOLUMBAL_2026-04-18_19-42-24.jpg exists=YES
DEBUG - 2026-04-19 10:09:19 --> INSERT member image check: DYAN MANAIZ DOLUMBAL photo => C:\Users\Richard Miculob\Documents\ResQR\public\uploads/family_photos/DYAN_MANAIZ_DOLUMBAL_2026-04-18_19-42-24.jpg exists=YES
DEBUG - 2026-04-19 10:09:19 --> INSERT member image check: MYRTLE MANAIZ DOLUMBAL photo => C:\Users\Richard Miculob\Documents\ResQR\public\uploads/family_photos/MYRTLE_MANAIZ_DOLUMBAL_2026-04-18_19-42-24.jpg exists=YES
DEBUG - 2026-04-19 10:09:19 --> INSERT member image check: KARISHMA CHAVA M. LOQUEÑO photo => C:\Users\Richard Miculob\Documents\ResQR\public\uploads/family_photos/KARISHMA_CHAVA_M_LOQUE_O_2026-04-18_19-42-24.jpg exists=YES
DEBUG - 2026-04-19 10:09:19 --> INSERT member image check: JESSA CHANDRIA M. LOQUEÑO photo => C:\Users\Richard Miculob\Documents\ResQR\public\uploads/family_photos/JESSA_CHANDRIA_M_LOQUE_O_2026-04-18_19-42-24.jpg exists=YES
DEBUG - 2026-04-19 10:09:19 --> Found family header at row 3543, data starts at row 3545
DEBUG - 2026-04-19 10:09:19 --> Added family member: BOBELA, KATHERINE (Relation: WIFE)
DEBUG - 2026-04-19 10:09:19 --> Added family member: BOBELA, NENIA CASSANDRA (Relation: DAUGHTER)
DEBUG - 2026-04-19 10:09:19 --> Added family member: BOBELA , JAKE CARLY (Relation: SON)
DEBUG - 2026-04-19 10:09:19 --> Stopping family parse at row 3550 - found: 26. VULNERABLE MEMBERS:
Older Persons: 0   Pregnant: 0   Lactating: 0   PWD: 0
DEBUG - 2026-04-19 10:09:19 --> Total family members parsed: 3
DEBUG - 2026-04-19 10:09:19 --> Found family header at row 3573, data starts at row 3575
DEBUG - 2026-04-19 10:09:19 --> Stopping family parse at row 3580 - found: 26. VULNERABLE MEMBERS:
Older Persons: 1   Pregnant: 0   Lactating: 0   PWD: 0
DEBUG - 2026-04-19 10:09:19 --> No family members found with primary method, trying alternative...
DEBUG - 2026-04-19 10:09:19 --> Total family members parsed: 0
DEBUG - 2026-04-19 10:09:19 --> INSERT head image check: photo => C:\Users\Richard Miculob\Documents\ResQR\public\uploads/head_photos/1776509520_3f9deef5fddef0fe8ca5.jpg exists=YES
DEBUG - 2026-04-19 10:09:19 --> INSERT head image check: signature_thumbmark => C:\Users\Richard Miculob\Documents\ResQR\public\uploads/signatures/VERONICA_NALWAN_RAZ_SIGNATURE_DRAWN_2026-04-18_18-53-41.png exists=YES
DEBUG - 2026-04-19 10:09:19 --> INSERT head image check: right_thumbmark => C:\Users\Richard Miculob\Documents\ResQR\public\uploads/thumbmarks/VERONICA_NALWAN_RAZ_THUMBMARK_2026-04-18_18-53-42.png exists=YES
DEBUG - 2026-04-19 10:09:19 --> Found family header at row 3603, data starts at row 3605
DEBUG - 2026-04-19 10:09:19 --> Added family member: PABLITA BABIA (Relation: WIFE)
DEBUG - 2026-04-19 10:09:19 --> Added family member: KATHREN BABIA (Relation: DAUGHTER)
DEBUG - 2026-04-19 10:09:19 --> Stopping family parse at row 3610 - found: 26. VULNERABLE MEMBERS:
Older Persons: 0   Pregnant: 0   Lactating: 0   PWD: 0
DEBUG - 2026-04-19 10:09:19 --> Total family members parsed: 2
DEBUG - 2026-04-19 10:09:19 --> Found family header at row 3633, data starts at row 3635
DEBUG - 2026-04-19 10:09:19 --> Added family member: BERLY TUNIACAO (Relation: WIFE)
DEBUG - 2026-04-19 10:09:19 --> Added family member: JOHN TUNIACAO (Relation: SON)
DEBUG - 2026-04-19 10:09:19 --> Added family member: MAY TUHNIACAO (Relation: DAUGHTER)
DEBUG - 2026-04-19 10:09:19 --> Stopping family parse at row 3640 - found: 26. VULNERABLE MEMBERS:
Older Persons: 0   Pregnant: 1   Lactating: 0   PWD: 0
DEBUG - 2026-04-19 10:09:19 --> Total family members parsed: 3
DEBUG - 2026-04-19 10:09:19 --> Found family header at row 3663, data starts at row 3665
DEBUG - 2026-04-19 10:09:19 --> Added family member: REY DAGOOC (Relation: FATHER)
DEBUG - 2026-04-19 10:09:19 --> Added family member: REJIE DAGOOC (Relation: SON)
DEBUG - 2026-04-19 10:09:19 --> Added family member: RENJIE DAGOOC (Relation: SON)
DEBUG - 2026-04-19 10:09:19 --> Added family member: RITCHEL JOY DAGOOC (Relation: DAUGHTER)
DEBUG - 2026-04-19 10:09:19 --> Added family member: RITCHNIEL JAY (Relation: SON)
DEBUG - 2026-04-19 10:09:19 --> Added family member: KRISTY KATE (Relation: DAUGHTER)
DEBUG - 2026-04-19 10:09:19 --> Stopping family parse at row 3671 - found: 26. VULNERABLE MEMBERS:
Older Persons: 0   Pregnant: 0   Lactating: 0   PWD: 0
DEBUG - 2026-04-19 10:09:19 --> Total family members parsed: 6
DEBUG - 2026-04-19 10:09:19 --> Found family header at row 3694, data starts at row 3696
DEBUG - 2026-04-19 10:09:19 --> Added family member: TIZON (Relation: )
DEBUG - 2026-04-19 10:09:19 --> Added family member: TIZON (Relation: )
DEBUG - 2026-04-19 10:09:19 --> Added family member: ENGUITO (Relation: STEP-FATHER)
DEBUG - 2026-04-19 10:09:19 --> Added family member: ENGUITO (Relation: GRANDSON)
DEBUG - 2026-04-19 10:09:19 --> Added family member: TIZON (Relation: SON)
DEBUG - 2026-04-19 10:09:19 --> Added family member: TIZON (Relation: DAUGHTER)
DEBUG - 2026-04-19 10:09:19 --> Stopping family parse at row 3702 - found: 26. VULNERABLE MEMBERS:
Older Persons: 0   Pregnant: 0   Lactating: 0   PWD: 0
DEBUG - 2026-04-19 10:09:19 --> Total family members parsed: 6
DEBUG - 2026-04-19 10:09:19 --> Found family header at row 3725, data starts at row 3727
DEBUG - 2026-04-19 10:09:19 --> Added family member: LAGUMBAY YSRAEL ANTOINE S (Relation: SON)
DEBUG - 2026-04-19 10:09:19 --> Added family member: ACENAS RAFFY (Relation: PARTNER)
DEBUG - 2026-04-19 10:09:19 --> Stopping family parse at row 3732 - found: 26. VULNERABLE MEMBERS:
Older Persons: 0   Pregnant: 0   Lactating: 0   PWD: 1
DEBUG - 2026-04-19 10:09:19 --> Total family members parsed: 2
DEBUG - 2026-04-19 10:09:19 --> Found family header at row 3755, data starts at row 3757
DEBUG - 2026-04-19 10:09:19 --> Added family member: MARCIAL ESTRERA (Relation: HUSBAND)
DEBUG - 2026-04-19 10:09:19 --> Added family member: MITCHAL ESTRERA (Relation: DAUGHTER)
DEBUG - 2026-04-19 10:09:19 --> Stopping family parse at row 3762 - found: 26. VULNERABLE MEMBERS:
Older Persons: 0   Pregnant: 0   Lactating: 0   PWD: 0
DEBUG - 2026-04-19 10:09:19 --> Total family members parsed: 2
DEBUG - 2026-04-19 10:09:19 --> INSERT head image check: photo => C:\Users\Richard Miculob\Documents\ResQR\public\uploads/head_photos/1776507787_2d31f52ef1e738497bc3.jpg exists=YES
DEBUG - 2026-04-19 10:09:19 --> INSERT head image check: signature_thumbmark => C:\Users\Richard Miculob\Documents\ResQR\public\uploads/signatures/ESTERLITA_MANLIGUEZ_ESTRERA_SIGNATURE_DRAWN_2026-04-18_18-30-08.png exists=YES
DEBUG - 2026-04-19 10:09:19 --> INSERT head image check: right_thumbmark => C:\Users\Richard Miculob\Documents\ResQR\public\uploads/thumbmarks/ESTERLITA_MANLIGUEZ_ESTRERA_THUMBMARK_2026-04-18_18-30-08.png exists=YES
DEBUG - 2026-04-19 10:09:19 --> INSERT member image check: MARCIAL ESTRERA photo => C:\Users\Richard Miculob\Documents\ResQR\public\uploads/family_photos/MARCIAL_ESTRERA_2026-04-18_18-23-07.jpg exists=YES
DEBUG - 2026-04-19 10:09:19 --> Found family header at row 3785, data starts at row 3787
DEBUG - 2026-04-19 10:09:19 --> Added family member: GALGO DARYN (Relation: WIFE)
DEBUG - 2026-04-19 10:09:19 --> Added family member: GALGO SEAN (Relation: SON)
DEBUG - 2026-04-19 10:09:19 --> Added family member: GALGO ANTONIO (Relation: SON)
DEBUG - 2026-04-19 10:09:19 --> Added family member: GALGO SEBASTIAN (Relation: SON)
DEBUG - 2026-04-19 10:09:19 --> Stopping family parse at row 3792 - found: 26. VULNERABLE MEMBERS:
Older Persons: 0   Pregnant: 0   Lactating: 0   PWD: 0
DEBUG - 2026-04-19 10:09:19 --> Total family members parsed: 4
DEBUG - 2026-04-19 10:09:19 --> Found family header at row 3815, data starts at row 3817
DEBUG - 2026-04-19 10:09:19 --> Added family member: JENO CORRO (Relation: HUSBAND)
DEBUG - 2026-04-19 10:09:19 --> Added family member: PRINCESS MARY CORRO (Relation: DAUGHTER)
DEBUG - 2026-04-19 10:09:19 --> Added family member: JENO JR. CORRO (Relation: SON)
DEBUG - 2026-04-19 10:09:19 --> Stopping family parse at row 3822 - found: 26. VULNERABLE MEMBERS:
Older Persons: 0   Pregnant: 0   Lactating: 0   PWD: 0
DEBUG - 2026-04-19 10:09:19 --> Total family members parsed: 3
DEBUG - 2026-04-19 10:09:19 --> INSERT head image check: photo => C:\Users\Richard Miculob\Documents\ResQR\public\uploads/head_photos/PEDRITA_ALCANTAR_CORRO_2026-04-18_16-55-09.jpg exists=YES
DEBUG - 2026-04-19 10:09:19 --> INSERT head image check: signature_thumbmark => C:\Users\Richard Miculob\Documents\ResQR\public\uploads/signatures/PEDRITA_ALCANTAR_CORRO_SIGNATURE_DRAWN_2026-04-18_16-57-29.png exists=YES
DEBUG - 2026-04-19 10:09:19 --> INSERT head image check: right_thumbmark => C:\Users\Richard Miculob\Documents\ResQR\public\uploads/thumbmarks/PEDRITA_ALCANTAR_CORRO_THUMBMARK_2026-04-18_16-57-29.png exists=YES
DEBUG - 2026-04-19 10:09:20 --> INSERT member image check: PRINCESS MARY CORRO photo => C:\Users\Richard Miculob\Documents\ResQR\public\uploads/family_photos/PRINCESS_MARY_CORRO_2026-04-18_16-55-09.jpg exists=YES
DEBUG - 2026-04-19 10:09:20 --> INSERT member image check: JENO JR. CORRO photo => C:\Users\Richard Miculob\Documents\ResQR\public\uploads/family_photos/JENO_JR_CORRO_2026-04-18_16-55-09.jpg exists=YES
DEBUG - 2026-04-19 10:09:20 --> Found family header at row 3845, data starts at row 3847
DEBUG - 2026-04-19 10:09:20 --> Stopping family parse at row 3852 - found: 26. VULNERABLE MEMBERS:
Older Persons: 0   Pregnant: 0   Lactating: 0   PWD: 0
DEBUG - 2026-04-19 10:09:20 --> No family members found with primary method, trying alternative...
DEBUG - 2026-04-19 10:09:20 --> Total family members parsed: 0
DEBUG - 2026-04-19 10:09:20 --> INSERT head image check: photo => C:\Users\Richard Miculob\Documents\ResQR\public\uploads/head_photos/MYRNA_DAYATA_ALIM_2026-04-18_16-15-10.jpg exists=YES
DEBUG - 2026-04-19 10:09:20 --> INSERT head image check: signature_thumbmark => C:\Users\Richard Miculob\Documents\ResQR\public\uploads/signatures/MYRNA_DAYATA_ALIM_SIGNATURE_DRAWN_2026-04-18_16-18-28.png exists=YES
DEBUG - 2026-04-19 10:09:20 --> INSERT head image check: right_thumbmark => C:\Users\Richard Miculob\Documents\ResQR\public\uploads/thumbmarks/MYRNA_DAYATA_ALIM_THUMBMARK_2026-04-18_16-18-28.png exists=YES
DEBUG - 2026-04-19 10:09:20 --> Found family header at row 3875, data starts at row 3877
DEBUG - 2026-04-19 10:09:20 --> Added family member: JESUS (Relation: HUSBAND)
DEBUG - 2026-04-19 10:09:20 --> Added family member: JENIE (Relation: DAUGHTER)
DEBUG - 2026-04-19 10:09:20 --> Stopping family parse at row 3882 - found: 26. VULNERABLE MEMBERS:
Older Persons: 0   Pregnant: 0   Lactating: 0   PWD: 0
DEBUG - 2026-04-19 10:09:20 --> Total family members parsed: 2
DEBUG - 2026-04-19 10:09:20 --> Found family header at row 3905, data starts at row 3907
DEBUG - 2026-04-19 10:09:20 --> Added family member: DAHANG (Relation: LIVE-IN PARTNER)
DEBUG - 2026-04-19 10:09:20 --> Stopping family parse at row 3912 - found: 26. VULNERABLE MEMBERS:
Older Persons: 0   Pregnant: 0   Lactating: 0   PWD: 0
DEBUG - 2026-04-19 10:09:20 --> Total family members parsed: 1
DEBUG - 2026-04-19 10:09:20 --> Found family header at row 3935, data starts at row 3937
DEBUG - 2026-04-19 10:09:20 --> Added family member: RAMIL ESTRERA SR. (Relation: HUSBAND)
DEBUG - 2026-04-19 10:09:20 --> Stopping family parse at row 3942 - found: 26. VULNERABLE MEMBERS:
Older Persons: 0   Pregnant: 0   Lactating: 0   PWD: 0
DEBUG - 2026-04-19 10:09:20 --> Total family members parsed: 1
DEBUG - 2026-04-19 10:09:20 --> Found family header at row 3965, data starts at row 3967
DEBUG - 2026-04-19 10:09:20 --> Added family member: MAESTRADO (Relation: HUSBAND)
DEBUG - 2026-04-19 10:09:20 --> Added family member: ANDRIE (Relation: SON)
DEBUG - 2026-04-19 10:09:20 --> Added family member: RHEA (Relation: DAUGHTER)
DEBUG - 2026-04-19 10:09:20 --> Stopping family parse at row 3972 - found: 26. VULNERABLE MEMBERS:
Older Persons: 0   Pregnant: 0   Lactating: 0   PWD: 0
DEBUG - 2026-04-19 10:09:20 --> Total family members parsed: 3
DEBUG - 2026-04-19 10:09:20 --> Found family header at row 3995, data starts at row 3997
DEBUG - 2026-04-19 10:09:20 --> Added family member: OSCAR CLOMA ONCADA (Relation: HUSBAND)
DEBUG - 2026-04-19 10:09:20 --> Added family member: OSCAR JAY EBARLE (Relation: SON)
DEBUG - 2026-04-19 10:09:20 --> Added family member: JAMES EBARLE (Relation: SON)
DEBUG - 2026-04-19 10:09:20 --> Added family member: MAE FATIMA ONCADA (Relation: DAUGHTER)
DEBUG - 2026-04-19 10:09:20 --> Stopping family parse at row 4002 - found: 26. VULNERABLE MEMBERS:
Older Persons: 0   Pregnant: 0   Lactating: 0   PWD: 0
DEBUG - 2026-04-19 10:09:20 --> Total family members parsed: 4
DEBUG - 2026-04-19 10:09:20 --> INSERT head image check: photo => C:\Users\Richard Miculob\Documents\ResQR\public\uploads/head_photos/1776506523_2f282e065a8296115a6a.jpg exists=YES
DEBUG - 2026-04-19 10:09:20 --> INSERT head image check: signature_thumbmark => C:\Users\Richard Miculob\Documents\ResQR\public\uploads/signatures/FATIMA_EBARLE_ONCADA_SIGNATURE_DRAWN_2026-04-18_18-06-08.png exists=YES
DEBUG - 2026-04-19 10:09:20 --> INSERT head image check: right_thumbmark => C:\Users\Richard Miculob\Documents\ResQR\public\uploads/thumbmarks/FATIMA_EBARLE_ONCADA_THUMBMARK_2026-04-18_18-06-08.png exists=YES
DEBUG - 2026-04-19 10:09:20 --> Found family header at row 4025, data starts at row 4027
DEBUG - 2026-04-19 10:09:20 --> Added family member: ROY TIZON (Relation: SON)
DEBUG - 2026-04-19 10:09:20 --> Stopping family parse at row 4032 - found: 26. VULNERABLE MEMBERS:
Older Persons: 1   Pregnant: 0   Lactating: 0   PWD: 0
DEBUG - 2026-04-19 10:09:20 --> Total family members parsed: 1
DEBUG - 2026-04-19 10:09:20 --> Found family header at row 4055, data starts at row 4057
DEBUG - 2026-04-19 10:09:20 --> Added family member: CHARLIE ADLAON (Relation: LIVE-IN PARTNER)
DEBUG - 2026-04-19 10:09:20 --> Added family member: CHARLES DYLAN (Relation: SON)
DEBUG - 2026-04-19 10:09:20 --> Stopping family parse at row 4062 - found: 26. VULNERABLE MEMBERS:
Older Persons: 0   Pregnant: 0   Lactating: 0   PWD: 0
DEBUG - 2026-04-19 10:09:20 --> Total family members parsed: 2
DEBUG - 2026-04-19 10:09:20 --> INSERT head image check: photo => C:\Users\Richard Miculob\Documents\ResQR\public\uploads/head_photos/1776513702_47e55433af66c1e76c55.jpg exists=YES
DEBUG - 2026-04-19 10:09:20 --> INSERT head image check: signature_thumbmark => C:\Users\Richard Miculob\Documents\ResQR\public\uploads/signatures/DYMPLE_ACTA_ALIM_SIGNATURE_DRAWN_2026-04-18_20-02-59.png exists=YES
DEBUG - 2026-04-19 10:09:20 --> INSERT head image check: right_thumbmark => C:\Users\Richard Miculob\Documents\ResQR\public\uploads/thumbmarks/DYMPLE_ACTA_ALIM_THUMBMARK_2026-04-18_20-02-59.png exists=YES
DEBUG - 2026-04-19 10:09:20 --> INSERT member image check: CHARLIE ADLAON photo => C:\Users\Richard Miculob\Documents\ResQR\public\uploads/family_photos/CHARLIE_ADLAON_2026-04-18_20-05-50.jpg exists=YES
DEBUG - 2026-04-19 10:09:20 --> INSERT member image check: CHARLES DYLAN photo => C:\Users\Richard Miculob\Documents\ResQR\public\uploads/family_photos/CHARLES_DYLAN_2026-04-18_20-05-50.jpg exists=YES
DEBUG - 2026-04-19 10:09:20 --> Found family header at row 4085, data starts at row 4087
DEBUG - 2026-04-19 10:09:20 --> Added family member: NEL ATAZAN (Relation: )
DEBUG - 2026-04-19 10:09:20 --> Added family member: ES DAYUNO (Relation: )
DEBUG - 2026-04-19 10:09:20 --> Added family member: ADETH DAYUNO (Relation: )
DEBUG - 2026-04-19 10:09:20 --> Added family member: GARDE (Relation: )
DEBUG - 2026-04-19 10:09:20 --> Added family member: GARDE (Relation: )
DEBUG - 2026-04-19 10:09:20 --> Stopping family parse at row 4092 - found: 26. VULNERABLE MEMBERS:
Older Persons: 0   Pregnant: 0   Lactating: 0   PWD: 0
DEBUG - 2026-04-19 10:09:20 --> Total family members parsed: 5
DEBUG - 2026-04-19 10:09:20 --> Found family header at row 4115, data starts at row 4117
DEBUG - 2026-04-19 10:09:20 --> Added family member: RICO GABUCAN (Relation: )
DEBUG - 2026-04-19 10:09:20 --> Added family member: JOANNE GABUCAN (Relation: )
DEBUG - 2026-04-19 10:09:20 --> Added family member: CAROLYN GABUCAN (Relation: )
DEBUG - 2026-04-19 10:09:20 --> Added family member: MARGIE CARCASONA (Relation: )
DEBUG - 2026-04-19 10:09:20 --> Added family member: JOSELITO GABUCAN (Relation: )
DEBUG - 2026-04-19 10:09:20 --> Added family member: GIBRAN SAAB (Relation: )
DEBUG - 2026-04-19 10:09:20 --> Stopping family parse at row 4123 - found: 26. VULNERABLE MEMBERS:
Older Persons: 0   Pregnant: 0   Lactating: 0   PWD: 0
DEBUG - 2026-04-19 10:09:20 --> Total family members parsed: 6
DEBUG - 2026-04-19 10:09:20 --> Found family header at row 4146, data starts at row 4148
DEBUG - 2026-04-19 10:09:20 --> Added family member: VENDYLYN ABANG (Relation: LIVE-IN PARTNER)
DEBUG - 2026-04-19 10:09:20 --> Added family member: YHURE DEONE SALEM (Relation: STEP DAUGHTER)
DEBUG - 2026-04-19 10:09:20 --> Added family member: ARK AUGUSTUS GAYO (Relation: SON)
DEBUG - 2026-04-19 10:09:20 --> Stopping family parse at row 4153 - found: 26. VULNERABLE MEMBERS:
Older Persons: 0   Pregnant: 0   Lactating: 0   PWD: 0
DEBUG - 2026-04-19 10:09:20 --> Total family members parsed: 3
DEBUG - 2026-04-19 10:09:20 --> INSERT head image check: photo => C:\Users\Richard Miculob\Documents\ResQR\public\uploads/head_photos/BRYLL_TIMOTHY_LIBRES_GAYO_2026-04-18_18-49-23.jpg exists=YES
DEBUG - 2026-04-19 10:09:20 --> INSERT head image check: signature_thumbmark => C:\Users\Richard Miculob\Documents\ResQR\public\uploads/signatures/BRYLL_TIMOTHY_LIBRES_GAYO_SIGNATURE_DRAWN_2026-04-18_19-03-09.png exists=YES
DEBUG - 2026-04-19 10:09:20 --> INSERT head image check: right_thumbmark => C:\Users\Richard Miculob\Documents\ResQR\public\uploads/thumbmarks/BRYLL_TIMOTHY_LIBRES_GAYO_THUMBMARK_2026-04-18_19-03-09.png exists=YES
DEBUG - 2026-04-19 10:09:20 --> INSERT member image check: YHURE DEONE SALEM photo => C:\Users\Richard Miculob\Documents\ResQR\public\uploads/family_photos/YHURE_DEONE_SALEM_2026-04-18_18-49-23.jpg exists=YES
DEBUG - 2026-04-19 10:09:20 --> INSERT member image check: ARK AUGUSTUS GAYO photo => C:\Users\Richard Miculob\Documents\ResQR\public\uploads/family_photos/ARK_AUGUSTUS_GAYO_2026-04-18_18-49-23.jpg exists=YES
DEBUG - 2026-04-19 10:09:20 --> Found family header at row 4176, data starts at row 4178
DEBUG - 2026-04-19 10:09:20 --> Added family member: DANEL DAHANG (Relation: SON)
DEBUG - 2026-04-19 10:09:20 --> Added family member: CHARYN DAHANG (Relation: DAUGHTER)
DEBUG - 2026-04-19 10:09:20 --> Added family member: KEN-JAY DAHANG (Relation: SON)
DEBUG - 2026-04-19 10:09:20 --> Stopping family parse at row 4183 - found: 26. VULNERABLE MEMBERS:
Older Persons: 0   Pregnant: 0   Lactating: 0   PWD: 0
DEBUG - 2026-04-19 10:09:20 --> Total family members parsed: 3
DEBUG - 2026-04-19 10:09:20 --> Found family header at row 4206, data starts at row 4208
DEBUG - 2026-04-19 10:09:20 --> Added family member: GERALD JAY EBARLE (Relation: SON)
DEBUG - 2026-04-19 10:09:20 --> Added family member: GERALD SACAL JR. (Relation: SON)
DEBUG - 2026-04-19 10:09:20 --> Added family member: SCARLET SNOW SACAL (Relation: DAUGHTER)
DEBUG - 2026-04-19 10:09:20 --> Added family member: AJ SACAL (Relation: SON)
DEBUG - 2026-04-19 10:09:20 --> Added family member: STEVE MAGWATE JARDIN (Relation: LIVE IN PARTNER)
DEBUG - 2026-04-19 10:09:20 --> Stopping family parse at row 4213 - found: 26. VULNERABLE MEMBERS:
Older Persons: 0   Pregnant: 0   Lactating: 0   PWD: 0
DEBUG - 2026-04-19 10:09:20 --> Total family members parsed: 5
DEBUG - 2026-04-19 10:09:20 --> INSERT head image check: photo => C:\Users\Richard Miculob\Documents\ResQR\public\uploads/head_photos/1776507385_fd2ad91f395f98f67488.jpg exists=YES
DEBUG - 2026-04-19 10:09:20 --> INSERT head image check: signature_thumbmark => C:\Users\Richard Miculob\Documents\ResQR\public\uploads/signatures/LORENA_EBARLE_SACAL_SIGNATURE_DRAWN_2026-04-18_18-17-44.png exists=YES
DEBUG - 2026-04-19 10:09:20 --> INSERT head image check: right_thumbmark => C:\Users\Richard Miculob\Documents\ResQR\public\uploads/thumbmarks/LORENA_EBARLE_SACAL_THUMBMARK_2026-04-18_18-17-44.png exists=YES
DEBUG - 2026-04-19 10:09:20 --> INSERT member image check: GERALD JAY EBARLE photo => C:\Users\Richard Miculob\Documents\ResQR\public\uploads/family_photos/GERALD_JAY_EBARLE_2026-04-18_18-16-25.jpg exists=YES
DEBUG - 2026-04-19 10:09:20 --> INSERT member image check: GERALD SACAL JR. photo => C:\Users\Richard Miculob\Documents\ResQR\public\uploads/family_photos/GERALD_SACAL_JR_2026-04-18_18-12-06.jpg exists=YES
DEBUG - 2026-04-19 10:09:20 --> INSERT member image check: SCARLET SNOW SACAL photo => C:\Users\Richard Miculob\Documents\ResQR\public\uploads/family_photos/SCARLET_SNOW_SACAL_2026-04-18_18-16-25.jpg exists=YES
DEBUG - 2026-04-19 10:09:20 --> INSERT member image check: AJ SACAL photo => C:\Users\Richard Miculob\Documents\ResQR\public\uploads/family_photos/AJ_SACAL_2026-04-18_18-16-25.jpg exists=YES
DEBUG - 2026-04-19 10:09:20 --> INSERT member image check: STEVE MAGWATE JARDIN photo => C:\Users\Richard Miculob\Documents\ResQR\public\uploads/family_photos/STEVE_MAGWATE_JARDIN_2026-04-18_18-16-25.jpg exists=YES
DEBUG - 2026-04-19 10:09:20 --> Found family header at row 4236, data starts at row 4238
DEBUG - 2026-04-19 10:09:20 --> Added family member: ANGELO A. TALISAY (Relation: SON)
DEBUG - 2026-04-19 10:09:20 --> Added family member: EVANGELINE TALISAY (Relation: WIFE)
DEBUG - 2026-04-19 10:09:20 --> Added family member: VINCENT A. TALISAY (Relation: SON)
DEBUG - 2026-04-19 10:09:20 --> Added family member: DIOSMAR A. TALISAY (Relation: SON)
DEBUG - 2026-04-19 10:09:20 --> Stopping family parse at row 4243 - found: 26. VULNERABLE MEMBERS:
Older Persons: 2   Pregnant: 0   Lactating: 0   PWD: 1
DEBUG - 2026-04-19 10:09:20 --> Total family members parsed: 4
DEBUG - 2026-04-19 10:09:20 --> INSERT head image check: photo => C:\Users\Richard Miculob\Documents\ResQR\public\uploads/head_photos/DIOSCORO_GABAYRAN_TALISAY_2026-04-18_17-21-01.jpg exists=YES
DEBUG - 2026-04-19 10:09:20 --> INSERT head image check: signature_thumbmark => C:\Users\Richard Miculob\Documents\ResQR\public\uploads/signatures/DIOSCORO_GABAYRAN_TALISAY_SIGNATURE_DRAWN_2026-04-18_17-23-13.png exists=YES
DEBUG - 2026-04-19 10:09:20 --> INSERT head image check: right_thumbmark => C:\Users\Richard Miculob\Documents\ResQR\public\uploads/thumbmarks/DIOSCORO_GABAYRAN_TALISAY_THUMBMARK_2026-04-18_17-23-13.png exists=YES
DEBUG - 2026-04-19 10:09:20 --> INSERT member image check: ANGELO A. TALISAY photo => C:\Users\Richard Miculob\Documents\ResQR\public\uploads/family_photos/ANGELO_A_TALISAY_2026-04-18_17-21-19.jpg exists=YES
DEBUG - 2026-04-19 10:09:20 --> INSERT member image check: VINCENT A. TALISAY photo => C:\Users\Richard Miculob\Documents\ResQR\public\uploads/family_photos/VINCENT_A_TALISAY_2026-04-18_17-27-24.jpg exists=YES
DEBUG - 2026-04-19 10:09:20 --> Found family header at row 4266, data starts at row 4268
DEBUG - 2026-04-19 10:09:20 --> Added family member: GALGO ANDREW MATBO (Relation: SON)
DEBUG - 2026-04-19 10:09:20 --> Added family member: GALGO MARY ANN (Relation: WIFE)
DEBUG - 2026-04-19 10:09:20 --> Stopping family parse at row 4273 - found: 26. VULNERABLE MEMBERS:
Older Persons: 0   Pregnant: 0   Lactating: 0   PWD: 0
DEBUG - 2026-04-19 10:09:20 --> Total family members parsed: 2
DEBUG - 2026-04-19 10:09:20 --> Found family header at row 4296, data starts at row 4298
DEBUG - 2026-04-19 10:09:20 --> Added family member: ANTONIA (Relation: LIVE-IN PARTNER)
DEBUG - 2026-04-19 10:09:20 --> Added family member: NIÑO (Relation: SON)
DEBUG - 2026-04-19 10:09:20 --> Stopping family parse at row 4303 - found: 26. VULNERABLE MEMBERS:
Older Persons: 0   Pregnant: 0   Lactating: 0   PWD: 0
DEBUG - 2026-04-19 10:09:20 --> Total family members parsed: 2
DEBUG - 2026-04-19 10:09:20 --> Found family header at row 4326, data starts at row 4328
DEBUG - 2026-04-19 10:09:20 --> Added family member: JHIEN MAYA LEE TALISAY (Relation: DAUGHTER)
DEBUG - 2026-04-19 10:09:20 --> Added family member: WYLNA LEN TALISAY (Relation: DAUGHTER)
DEBUG - 2026-04-19 10:09:20 --> Added family member: WILXAH TALISAY (Relation: DAUGHTER)
DEBUG - 2026-04-19 10:09:20 --> Added family member: WILSHIEN TALISAY (Relation: DAUGHTER)
DEBUG - 2026-04-19 10:09:20 --> Stopping family parse at row 4333 - found: 26. VULNERABLE MEMBERS:
Older Persons: 0   Pregnant: 0   Lactating: 0   PWD: 0
DEBUG - 2026-04-19 10:09:20 --> Total family members parsed: 4
DEBUG - 2026-04-19 10:09:20 --> INSERT head image check: signature_thumbmark => C:\Users\Richard Miculob\Documents\ResQR\public\uploads/signatures/WILSON_GABAYRAN_TALISAY_SIGNATURE_DRAWN_2026-04-18_18-51-23.png exists=YES
DEBUG - 2026-04-19 10:09:20 --> INSERT head image check: right_thumbmark => C:\Users\Richard Miculob\Documents\ResQR\public\uploads/thumbmarks/WILSON_GABAYRAN_TALISAY_THUMBMARK_2026-04-18_18-51-23.png exists=YES
DEBUG - 2026-04-19 10:09:20 --> INSERT member image check: JHIEN MAYA LEE TALISAY photo => C:\Users\Richard Miculob\Documents\ResQR\public\uploads/family_photos/JHIEN_MAYA_LEE_TALISAY_2026-04-18_18-38-37.jpg exists=YES
DEBUG - 2026-04-19 10:09:20 --> INSERT member image check: WYLNA LEN TALISAY photo => C:\Users\Richard Miculob\Documents\ResQR\public\uploads/family_photos/WYLNA_LEN_TALISAY_2026-04-18_18-38-37.jpg exists=YES
DEBUG - 2026-04-19 10:09:20 --> INSERT member image check: WILXAH TALISAY photo => C:\Users\Richard Miculob\Documents\ResQR\public\uploads/family_photos/WILXAH_TALISAY_2026-04-18_18-38-37.jpg exists=YES
DEBUG - 2026-04-19 10:09:20 --> INSERT member image check: WILSHIEN TALISAY photo => C:\Users\Richard Miculob\Documents\ResQR\public\uploads/family_photos/WILSHIEN_TALISAY_2026-04-18_18-38-37.jpg exists=YES
DEBUG - 2026-04-19 10:09:20 --> Found family header at row 4356, data starts at row 4358
DEBUG - 2026-04-19 10:09:20 --> Added family member: TIZON (Relation: )
DEBUG - 2026-04-19 10:09:20 --> Added family member: TYLER YAMSON (Relation: )
DEBUG - 2026-04-19 10:09:20 --> Stopping family parse at row 4363 - found: 26. VULNERABLE MEMBERS:
Older Persons: 0   Pregnant: 0   Lactating: 0   PWD: 0
DEBUG - 2026-04-19 10:09:20 --> Total family members parsed: 2
DEBUG - 2026-04-19 10:09:20 --> Found family header at row 4386, data starts at row 4388
DEBUG - 2026-04-19 10:09:20 --> Added family member: JOHN PAUL OGAJ (Relation: GRANDSON)
DEBUG - 2026-04-19 10:09:20 --> Added family member: MA. ALTHEA LUNGA (Relation: GRAND DAUGHTER)
DEBUG - 2026-04-19 10:09:20 --> Added family member: JIMUEL CAHIMAT (Relation: GRANDSON)
DEBUG - 2026-04-19 10:09:20 --> Added family member: JOHN LIMUEL  CAHIMAT (Relation: GRANDSON)
DEBUG - 2026-04-19 10:09:20 --> Added family member: FEUT CAHIMAT (Relation: GRANDSON)
DEBUG - 2026-04-19 10:09:20 --> Added family member: INOCENCIO CAHIMAT (Relation: HUSBAND)
DEBUG - 2026-04-19 10:09:20 --> Stopping family parse at row 4394 - found: 26. VULNERABLE MEMBERS:
Older Persons: 0   Pregnant: 0   Lactating: 0   PWD: 0
DEBUG - 2026-04-19 10:09:20 --> Total family members parsed: 6
DEBUG - 2026-04-19 10:09:20 --> Found family header at row 4417, data starts at row 4419
DEBUG - 2026-04-19 10:09:20 --> Added family member: CABONILLAS, JONAS (Relation: SON)
DEBUG - 2026-04-19 10:09:20 --> Added family member: CABONILLAS, MARIAN (Relation: DAUGHTER)
DEBUG - 2026-04-19 10:09:20 --> Stopping family parse at row 4424 - found: 26. VULNERABLE MEMBERS:
Older Persons: 0   Pregnant: 0   Lactating: 0   PWD: 0
DEBUG - 2026-04-19 10:09:20 --> Total family members parsed: 2
DEBUG - 2026-04-19 10:09:20 --> Found family header at row 4447, data starts at row 4449
DEBUG - 2026-04-19 10:09:20 --> Added family member: ANTORILA (Relation: PARTNER)
DEBUG - 2026-04-19 10:09:20 --> Added family member: NIÑO (Relation: SON)
DEBUG - 2026-04-19 10:09:20 --> Stopping family parse at row 4454 - found: 26. VULNERABLE MEMBERS:
Older Persons: 0   Pregnant: 0   Lactating: 0   PWD: 0
DEBUG - 2026-04-19 10:09:20 --> Total family members parsed: 2
DEBUG - 2026-04-19 10:09:20 --> Found family header at row 4477, data starts at row 4479
DEBUG - 2026-04-19 10:09:20 --> Added family member: ROMMEL JR JACOT ALCANTAR (Relation: GRANDSON)
DEBUG - 2026-04-19 10:09:20 --> Added family member: LOCKSLEY KIEFER MARTO (Relation: GRANDSON)
DEBUG - 2026-04-19 10:09:20 --> Added family member: ROSEIL ALCANTAR (Relation: SON)
DEBUG - 2026-04-19 10:09:20 --> Stopping family parse at row 4484 - found: 26. VULNERABLE MEMBERS:
Older Persons: 1   Pregnant: 0   Lactating: 0   PWD: 0
DEBUG - 2026-04-19 10:09:20 --> Total family members parsed: 3
DEBUG - 2026-04-19 10:09:20 --> INSERT head image check: photo => C:\Users\Richard Miculob\Documents\ResQR\public\uploads/head_photos/1776505853_ba59016f3e0bb4a48269.jpg exists=YES
DEBUG - 2026-04-19 10:09:20 --> INSERT head image check: signature_thumbmark => C:\Users\Richard Miculob\Documents\ResQR\public\uploads/signatures/RENE_OCHAVILLO_ALCANTAR_SIGNATURE_DRAWN_2026-04-18_17-54-39.png exists=YES
DEBUG - 2026-04-19 10:09:20 --> INSERT head image check: right_thumbmark => C:\Users\Richard Miculob\Documents\ResQR\public\uploads/thumbmarks/RENE_OCHAVILLO_ALCANTAR_THUMBMARK_2026-04-18_17-54-39.png exists=YES
DEBUG - 2026-04-19 10:09:20 --> INSERT member image check: LOCKSLEY KIEFER MARTO photo => C:\Users\Richard Miculob\Documents\ResQR\public\uploads/family_photos/LOCKSLEY_KIEFER_MARTO_2026-04-18_17-53-19.jpg exists=YES
DEBUG - 2026-04-19 10:09:20 --> INSERT member image check: ROSEIL ALCANTAR photo => C:\Users\Richard Miculob\Documents\ResQR\public\uploads/family_photos/ROSEIL_ALCANTAR_2026-04-18_17-53-19.jpg exists=YES
DEBUG - 2026-04-19 10:09:20 --> Found family header at row 4507, data starts at row 4509
DEBUG - 2026-04-19 10:09:20 --> Added family member: JENIE (Relation: DAUGHTER)
DEBUG - 2026-04-19 10:09:20 --> Added family member: JESUS (Relation: HUSBAND)
DEBUG - 2026-04-19 10:09:20 --> Stopping family parse at row 4514 - found: 26. VULNERABLE MEMBERS:
Older Persons: 0   Pregnant: 0   Lactating: 0   PWD: 0
DEBUG - 2026-04-19 10:09:20 --> Total family members parsed: 2
DEBUG - 2026-04-19 10:09:20 --> INSERT head image check: photo => C:\Users\Richard Miculob\Documents\ResQR\public\uploads/head_photos/JOVELYN_TAMUDMUD_CABACTULAN_2026-04-18_17-04-43.jpg exists=YES
DEBUG - 2026-04-19 10:09:20 --> INSERT head image check: signature_thumbmark => C:\Users\Richard Miculob\Documents\ResQR\public\uploads/signatures/JOVELYN_TAMUDMUD_CABACTULAN_SIGNATURE_DRAWN_2026-04-18_17-06-33.png exists=YES
DEBUG - 2026-04-19 10:09:20 --> INSERT head image check: right_thumbmark => C:\Users\Richard Miculob\Documents\ResQR\public\uploads/thumbmarks/JOVELYN_TAMUDMUD_CABACTULAN_THUMBMARK_2026-04-18_17-06-33.png exists=YES
DEBUG - 2026-04-19 10:09:20 --> INSERT member image check: JENIE photo => C:\Users\Richard Miculob\Documents\ResQR\public\uploads/family_photos/JENIE_2026-04-18_17-04-43.jpg exists=YES
DEBUG - 2026-04-19 10:09:20 --> INSERT member image check: JESUS photo => C:\Users\Richard Miculob\Documents\ResQR\public\uploads/family_photos/JESUS_2026-04-18_17-04-43.jpg exists=YES
DEBUG - 2026-04-19 10:09:20 --> Found family header at row 4537, data starts at row 4539
DEBUG - 2026-04-19 10:09:20 --> Added family member: GERAME (Relation: BROTHER)
DEBUG - 2026-04-19 10:09:20 --> Added family member: DAVE (Relation: BROTHER)
DEBUG - 2026-04-19 10:09:20 --> Added family member: ARCILIE (Relation: MOTHER)
DEBUG - 2026-04-19 10:09:20 --> Added family member: BERNARDO (Relation: BROTHEER)
DEBUG - 2026-04-19 10:09:20 --> Stopping family parse at row 4544 - found: 26. VULNERABLE MEMBERS:
Older Persons: 0   Pregnant: 0   Lactating: 0   PWD: 0
DEBUG - 2026-04-19 10:09:20 --> Total family members parsed: 4
DEBUG - 2026-04-19 10:09:20 --> Found family header at row 4567, data starts at row 4569
DEBUG - 2026-04-19 10:09:20 --> Added family member: JONALYN ABOROT (Relation: LIVE-IN PARTNER)
DEBUG - 2026-04-19 10:09:20 --> Added family member: LYSANDER ABOROT (Relation: SON)
DEBUG - 2026-04-19 10:09:20 --> Added family member: GRACE ASHLYN BAGONGON (Relation: DAUGHTER)
DEBUG - 2026-04-19 10:09:20 --> Stopping family parse at row 4574 - found: 26. VULNERABLE MEMBERS:
Older Persons: 0   Pregnant: 0   Lactating: 0   PWD: 0
DEBUG - 2026-04-19 10:09:20 --> Total family members parsed: 3
DEBUG - 2026-04-19 10:09:20 --> INSERT head image check: photo => C:\Users\Richard Miculob\Documents\ResQR\public\uploads/head_photos/1776508743_70f7b0ded1ea50cac3af.jpg exists=YES
DEBUG - 2026-04-19 10:09:20 --> INSERT head image check: signature_thumbmark => C:\Users\Richard Miculob\Documents\ResQR\public\uploads/signatures/GABRIEL_MIJARES_BAGONGON_SIGNATURE_DRAWN_2026-04-18_18-48-52.png exists=YES
DEBUG - 2026-04-19 10:09:20 --> INSERT head image check: right_thumbmark => C:\Users\Richard Miculob\Documents\ResQR\public\uploads/thumbmarks/GABRIEL_MIJARES_BAGONGON_THUMBMARK_2026-04-18_18-48-52.png exists=YES
DEBUG - 2026-04-19 10:09:20 --> INSERT member image check: LYSANDER ABOROT photo => C:\Users\Richard Miculob\Documents\ResQR\public\uploads/family_photos/LYSANDER_ABOROT_2026-04-18_18-39-03.jpg exists=YES
DEBUG - 2026-04-19 10:09:20 --> INSERT member image check: GRACE ASHLYN BAGONGON photo => C:\Users\Richard Miculob\Documents\ResQR\public\uploads/family_photos/GRACE_ASHLYN_BAGONGON_2026-04-18_18-39-03.jpg exists=YES
DEBUG - 2026-04-19 10:09:20 --> Found family header at row 4597, data starts at row 4599
DEBUG - 2026-04-19 10:09:20 --> Added family member: NICOLAS (Relation: FATHER)
DEBUG - 2026-04-19 10:09:20 --> Added family member: SONIA (Relation: MOTHER)
DEBUG - 2026-04-19 10:09:20 --> Added family member: MAY-ANN (Relation: DAUGHTER)
DEBUG - 2026-04-19 10:09:20 --> Added family member: JAY-ANN (Relation: GRANDDAUGHTER)
DEBUG - 2026-04-19 10:09:20 --> Added family member: KHINJE (Relation: GRANDSON)
DEBUG - 2026-04-19 10:09:20 --> Stopping family parse at row 4604 - found: 26. VULNERABLE MEMBERS:
Older Persons: 0   Pregnant: 0   Lactating: 0   PWD: 0
DEBUG - 2026-04-19 10:09:20 --> Total family members parsed: 5
DEBUG - 2026-04-19 10:09:20 --> Found family header at row 4627, data starts at row 4629
DEBUG - 2026-04-19 10:09:20 --> Added family member: AYA LUMBA (Relation: )
DEBUG - 2026-04-19 10:09:20 --> Added family member: APYAT (Relation: )
DEBUG - 2026-04-19 10:09:20 --> Added family member: KRISTA (Relation: )
DEBUG - 2026-04-19 10:09:20 --> Added family member: KYUKYU (Relation: )
DEBUG - 2026-04-19 10:09:20 --> Added family member: HENRYVIL (Relation: )
DEBUG - 2026-04-19 10:09:20 --> Added family member: HANNAH (Relation: )
DEBUG - 2026-04-19 10:09:20 --> Added family member: MARIBEL (Relation: )
DEBUG - 2026-04-19 10:09:20 --> Added family member: ERIC (Relation: )
DEBUG - 2026-04-19 10:09:20 --> Added family member: MECHEL (Relation: )
DEBUG - 2026-04-19 10:09:20 --> Added family member: JULIUTO (Relation: )
DEBUG - 2026-04-19 10:09:20 --> Stopping family parse at row 4639 - found: 26. VULNERABLE MEMBERS:
Older Persons: 0   Pregnant: 0   Lactating: 0   PWD: 0
DEBUG - 2026-04-19 10:09:20 --> Total family members parsed: 10
DEBUG - 2026-04-19 10:09:20 --> Found family header at row 4662, data starts at row 4664
DEBUG - 2026-04-19 10:09:20 --> Added family member: INOSENCIO LADAO (Relation: HUSBAND)
DEBUG - 2026-04-19 10:09:20 --> Added family member: RECHIE MAE LADAO (Relation: DAUGHTER)
DEBUG - 2026-04-19 10:09:20 --> Added family member: PRETHENE JOY LADAO (Relation: DAUGHTER)
DEBUG - 2026-04-19 10:09:20 --> Added family member: FRITZ IAN LADAO (Relation: SON)
DEBUG - 2026-04-19 10:09:20 --> Added family member: CHRISTIAN KIN  LADAO (Relation: SON)
DEBUG - 2026-04-19 10:09:20 --> Stopping family parse at row 4669 - found: 26. VULNERABLE MEMBERS:
Older Persons: 0   Pregnant: 0   Lactating: 0   PWD: 0
DEBUG - 2026-04-19 10:09:20 --> Total family members parsed: 5
DEBUG - 2026-04-19 10:09:20 --> Found family header at row 4692, data starts at row 4694
DEBUG - 2026-04-19 10:09:20 --> Added family member: JEROME LOPESAN (Relation: LIVE-IN PARTNER)
DEBUG - 2026-04-19 10:09:20 --> Added family member: STEPHANIE LOPESAN (Relation: DAUGHTER)
DEBUG - 2026-04-19 10:09:20 --> Added family member: ROMIE LOPESAN (Relation: SON)
DEBUG - 2026-04-19 10:09:20 --> Added family member: TREXIE (Relation: DAUGHTER)
DEBUG - 2026-04-19 10:09:20 --> Added family member: DANTE RESMINS (Relation: BROTHER)
DEBUG - 2026-04-19 10:09:20 --> Stopping family parse at row 4699 - found: 26. VULNERABLE MEMBERS:
Older Persons: 0   Pregnant: 0   Lactating: 0   PWD: 0
DEBUG - 2026-04-19 10:09:20 --> Total family members parsed: 5
DEBUG - 2026-04-19 10:09:20 --> Found family header at row 4722, data starts at row 4724
DEBUG - 2026-04-19 10:09:20 --> Added family member: INOCENCIO VIRTUDAZO JR. (Relation: LIVE-IN PARTNER)
DEBUG - 2026-04-19 10:09:20 --> Added family member: MEKAELA GRACE SADUESTE (Relation: DAUGHTER)
DEBUG - 2026-04-19 10:09:20 --> Stopping family parse at row 4729 - found: 26. VULNERABLE MEMBERS:
Older Persons: 0   Pregnant: 0   Lactating: 0   PWD: 0
DEBUG - 2026-04-19 10:09:20 --> Total family members parsed: 2
DEBUG - 2026-04-19 10:09:20 --> INSERT head image check: photo => C:\Users\Richard Miculob\Documents\ResQR\public\uploads/head_photos/1776508903_40527a2e5246f3473e39.jpg exists=YES
DEBUG - 2026-04-19 10:09:20 --> INSERT head image check: signature_thumbmark => C:\Users\Richard Miculob\Documents\ResQR\public\uploads/signatures/JUVYLYN_LAGRADA_SADUESTE_SIGNATURE_DRAWN_2026-04-18_18-52-33.png exists=YES
DEBUG - 2026-04-19 10:09:20 --> INSERT head image check: right_thumbmark => C:\Users\Richard Miculob\Documents\ResQR\public\uploads/thumbmarks/JUVYLYN_LAGRADA_SADUESTE_THUMBMARK_2026-04-18_18-52-33.png exists=YES
DEBUG - 2026-04-19 10:09:20 --> INSERT member image check: INOCENCIO VIRTUDAZO JR. photo => C:\Users\Richard Miculob\Documents\ResQR\public\uploads/family_photos/INOCENCIO_VIRTUDAZO_JR_2026-04-18_18-41-43.jpg exists=YES
DEBUG - 2026-04-19 10:09:20 --> INSERT member image check: MEKAELA GRACE SADUESTE photo => C:\Users\Richard Miculob\Documents\ResQR\public\uploads/family_photos/MEKAELA_GRACE_SADUESTE_2026-04-18_18-41-43.jpg exists=YES
DEBUG - 2026-04-19 10:09:20 --> Found family header at row 4752, data starts at row 4754
DEBUG - 2026-04-19 10:09:20 --> Added family member: ESTER F. DAHAN (Relation: WIFE)
DEBUG - 2026-04-19 10:09:20 --> Added family member: MARY GRACE DAHAN (Relation: DAUGHTER)
DEBUG - 2026-04-19 10:09:20 --> Added family member: LESTER F. DAHAN (Relation: SON)
DEBUG - 2026-04-19 10:09:20 --> Added family member: ERVIN F. DAHAN (Relation: SON)
DEBUG - 2026-04-19 10:09:20 --> Stopping family parse at row 4759 - found: 26. VULNERABLE MEMBERS:
Older Persons: 2   Pregnant: 0   Lactating: 0   PWD: 1
DEBUG - 2026-04-19 10:09:20 --> Total family members parsed: 4
DEBUG - 2026-04-19 10:09:20 --> INSERT head image check: photo => C:\Users\Richard Miculob\Documents\ResQR\public\uploads/head_photos/LUCIO_ALONDRES_DAHAN_2026-04-18_17-28-18.jpg exists=YES
DEBUG - 2026-04-19 10:09:20 --> INSERT head image check: signature_thumbmark => C:\Users\Richard Miculob\Documents\ResQR\public\uploads/signatures/LUCIO_ALONDRES_DAHAN_SIGNATURE_DRAWN_2026-04-18_17-29-53.png exists=YES
DEBUG - 2026-04-19 10:09:20 --> INSERT head image check: right_thumbmark => C:\Users\Richard Miculob\Documents\ResQR\public\uploads/thumbmarks/LUCIO_ALONDRES_DAHAN_THUMBMARK_2026-04-18_17-29-53.png exists=YES
DEBUG - 2026-04-19 10:09:20 --> INSERT member image check: ESTER F. DAHAN photo => C:\Users\Richard Miculob\Documents\ResQR\public\uploads/family_photos/ESTER_F_DAHAN_2026-04-18_17-28-24.jpg exists=YES
DEBUG - 2026-04-19 10:09:20 --> Found family header at row 4782, data starts at row 4784
DEBUG - 2026-04-19 10:09:20 --> Added family member: DYEM (Relation: DAUGHTER)
DEBUG - 2026-04-19 10:09:20 --> Added family member: MYRTEL (Relation: DAUGHTER)
DEBUG - 2026-04-19 10:09:20 --> Added family member: SOISHEI (Relation: DAUGHTER)
DEBUG - 2026-04-19 10:09:20 --> Added family member: SHABA (Relation: DAUGHTER)
DEBUG - 2026-04-19 10:09:20 --> Added family member: AGIA (Relation: SON)
DEBUG - 2026-04-19 10:09:20 --> Added family member: CABER (Relation: SON)
DEBUG - 2026-04-19 10:09:20 --> Added family member: APRIL (Relation: DAUGHTER)
DEBUG - 2026-04-19 10:09:20 --> Added family member: GUGEN (Relation: SON)
DEBUG - 2026-04-19 10:09:20 --> Stopping family parse at row 4792 - found: 26. VULNERABLE MEMBERS:
Older Persons: 0   Pregnant: 0   Lactating: 0   PWD: 0
DEBUG - 2026-04-19 10:09:20 --> Total family members parsed: 8
DEBUG - 2026-04-19 10:09:20 --> Found family header at row 4815, data starts at row 4817
DEBUG - 2026-04-19 10:09:20 --> Added family member: ELISA MONTALBA (Relation: MOTHER)
DEBUG - 2026-04-19 10:09:20 --> Added family member: HAZEL SALADAS (Relation: AUNT)
DEBUG - 2026-04-19 10:09:20 --> Added family member: KRIZZA JANE FAYE MONTALBA (Relation: DAUGHTER)
DEBUG - 2026-04-19 10:09:20 --> Added family member: KRIZZA ARIETTA FAYE MONTALBA (Relation: DAUGHTER)
DEBUG - 2026-04-19 10:09:20 --> Added family member: RYZA MAE MONTALBA (Relation: DAUGHTER)
DEBUG - 2026-04-19 10:09:20 --> Added family member: ELIZABETH MONTALBA (Relation: DAUGHTER)
DEBUG - 2026-04-19 10:09:20 --> Stopping family parse at row 4823 - found: 26. VULNERABLE MEMBERS:
Older Persons: 0   Pregnant: 0   Lactating: 0   PWD: 0
DEBUG - 2026-04-19 10:09:20 --> Total family members parsed: 6
DEBUG - 2026-04-19 10:09:20 --> INSERT head image check: photo => C:\Users\Richard Miculob\Documents\ResQR\public\uploads/head_photos/1776500975_3b45aada0df14399f839.jpg exists=YES
DEBUG - 2026-04-19 10:09:20 --> INSERT head image check: signature_thumbmark => C:\Users\Richard Miculob\Documents\ResQR\public\uploads/signatures/ELISA_SALVA_MONTALBA_SIGNATURE_DRAWN_2026-04-18_16-34-32.png exists=YES
DEBUG - 2026-04-19 10:09:20 --> INSERT head image check: right_thumbmark => C:\Users\Richard Miculob\Documents\ResQR\public\uploads/thumbmarks/ELISA_SALVA_MONTALBA_THUMBMARK_2026-04-18_16-34-32.png exists=YES
DEBUG - 2026-04-19 10:09:20 --> Found family header at row 4846, data starts at row 4848
DEBUG - 2026-04-19 10:09:20 --> Added family member: INOCENCIO VIRTUDAZO (Relation: HUSBAND)
DEBUG - 2026-04-19 10:09:20 --> Added family member: WARREN EBARLE VIRTUDAZO (Relation: GRANDSON)
DEBUG - 2026-04-19 10:09:20 --> Stopping family parse at row 4853 - found: 26. VULNERABLE MEMBERS:
Older Persons: 2   Pregnant: 0   Lactating: 0   PWD: 0
DEBUG - 2026-04-19 10:09:20 --> Total family members parsed: 2
DEBUG - 2026-04-19 10:09:20 --> INSERT head image check: photo => C:\Users\Richard Miculob\Documents\ResQR\public\uploads/head_photos/LUCIA_EBARLE_VIRTUDAZO_2026-04-18_17-39-23.jpg exists=YES
DEBUG - 2026-04-19 10:09:20 --> INSERT head image check: signature_thumbmark => C:\Users\Richard Miculob\Documents\ResQR\public\uploads/signatures/LUCIA_EBARLE_VIRTUDAZO_SIGNATURE_DRAWN_2026-04-18_17-43-33.png exists=YES
DEBUG - 2026-04-19 10:09:20 --> INSERT head image check: right_thumbmark => C:\Users\Richard Miculob\Documents\ResQR\public\uploads/thumbmarks/LUCIA_EBARLE_VIRTUDAZO_THUMBMARK_2026-04-18_17-43-33.png exists=YES
DEBUG - 2026-04-19 10:09:20 --> INSERT member image check: INOCENCIO VIRTUDAZO photo => C:\Users\Richard Miculob\Documents\ResQR\public\uploads/family_photos/INOCENCIO_VIRTUDAZO_2026-04-18_17-39-23.jpg exists=YES
DEBUG - 2026-04-19 10:09:20 --> Found family header at row 4876, data starts at row 4878
DEBUG - 2026-04-19 10:09:20 --> Added family member: KIMBERLY  TUNIACAO (Relation: WIFE)
DEBUG - 2026-04-19 10:09:20 --> Added family member: KIM JOHN TUNIACAO (Relation: SON)
DEBUG - 2026-04-19 10:09:20 --> Added family member: KIARA MAY TUNIACAO (Relation: DAUGHTER)
DEBUG - 2026-04-19 10:09:20 --> Stopping family parse at row 4883 - found: 26. VULNERABLE MEMBERS:
Older Persons: 0   Pregnant: 0   Lactating: 0   PWD: 0
DEBUG - 2026-04-19 10:09:20 --> Total family members parsed: 3
DEBUG - 2026-04-19 10:09:20 --> Found family header at row 4906, data starts at row 4908
DEBUG - 2026-04-19 10:09:20 --> Added family member: REX REYES HERBULARIO (Relation: LIVE-IN PARTNER)
DEBUG - 2026-04-19 10:09:20 --> Added family member: FES JAN CORNILLO L. DOSDOS (Relation: SON)
DEBUG - 2026-04-19 10:09:20 --> Added family member: CJ D. RAMOSO (Relation: SON)
DEBUG - 2026-04-19 10:09:20 --> Added family member: LEXXI D. RAMOSO (Relation: DAUGHTER)
DEBUG - 2026-04-19 10:09:20 --> Stopping family parse at row 4913 - found: 26. VULNERABLE MEMBERS:
Older Persons: 0   Pregnant: 0   Lactating: 0   PWD: 0
DEBUG - 2026-04-19 10:09:20 --> Total family members parsed: 4
DEBUG - 2026-04-19 10:09:20 --> INSERT head image check: photo => C:\Users\Richard Miculob\Documents\ResQR\public\uploads/head_photos/JANIA_LEQUIGAN_DOSDOS_2026-04-18_18-46-40.jpg exists=YES
DEBUG - 2026-04-19 10:09:20 --> INSERT head image check: signature_thumbmark => C:\Users\Richard Miculob\Documents\ResQR\public\uploads/signatures/JANIA_LEQUIGAN_DOSDOS_SIGNATURE_DRAWN_2026-04-18_18-59-08.png exists=YES
DEBUG - 2026-04-19 10:09:20 --> INSERT head image check: right_thumbmark => C:\Users\Richard Miculob\Documents\ResQR\public\uploads/thumbmarks/JANIA_LEQUIGAN_DOSDOS_THUMBMARK_2026-04-18_18-59-08.png exists=YES
DEBUG - 2026-04-19 10:09:20 --> INSERT member image check: REX REYES HERBULARIO photo => C:\Users\Richard Miculob\Documents\ResQR\public\uploads/family_photos/REX_REYES_HERBULARIO_2026-04-18_18-46-40.jpg exists=YES
DEBUG - 2026-04-19 10:09:20 --> INSERT member image check: FES JAN CORNILLO L. DOSDOS photo => C:\Users\Richard Miculob\Documents\ResQR\public\uploads/family_photos/FES_JAN_CORNILLO_L_DOSDOS_2026-04-18_18-46-40.jpg exists=YES
DEBUG - 2026-04-19 10:09:20 --> INSERT member image check: CJ D. RAMOSO photo => C:\Users\Richard Miculob\Documents\ResQR\public\uploads/family_photos/CJ_D_RAMOSO_2026-04-18_18-46-40.jpg exists=YES
DEBUG - 2026-04-19 10:09:20 --> INSERT member image check: LEXXI D. RAMOSO photo => C:\Users\Richard Miculob\Documents\ResQR\public\uploads/family_photos/LEXXI_D_RAMOSO_2026-04-18_18-46-40.jpg exists=YES
DEBUG - 2026-04-19 10:09:20 --> Found family header at row 4936, data starts at row 4938
DEBUG - 2026-04-19 10:09:20 --> Added family member: RICKY (Relation: )
DEBUG - 2026-04-19 10:09:20 --> Added family member: ANDREA (Relation: )
DEBUG - 2026-04-19 10:09:20 --> Added family member: RICK (Relation: )
DEBUG - 2026-04-19 10:09:20 --> Stopping family parse at row 4943 - found: 26. VULNERABLE MEMBERS:
Older Persons: 0   Pregnant: 0   Lactating: 0   PWD: 0
DEBUG - 2026-04-19 10:09:20 --> Total family members parsed: 3
DEBUG - 2026-04-19 10:09:20 --> Found family header at row 4966, data starts at row 4968
DEBUG - 2026-04-19 10:09:20 --> Added family member: ANTONIO (Relation: FATHER)
DEBUG - 2026-04-19 10:09:20 --> Added family member: MARICEL (Relation: MOTHER)
DEBUG - 2026-04-19 10:09:20 --> Added family member: JULIUS JR (Relation: BROTHER)
DEBUG - 2026-04-19 10:09:20 --> Added family member: ADELLE (Relation: SISTER)
DEBUG - 2026-04-19 10:09:20 --> Stopping family parse at row 4973 - found: 26. VULNERABLE MEMBERS:
Older Persons: 0   Pregnant: 0   Lactating: 0   PWD: 0
DEBUG - 2026-04-19 10:09:20 --> Total family members parsed: 4
DEBUG - 2026-04-19 10:09:20 --> Found family header at row 4996, data starts at row 4998
DEBUG - 2026-04-19 10:09:20 --> Added family member: JEROME T. ALCANTAR (Relation: LIVE-IN PARTNER)
DEBUG - 2026-04-19 10:09:20 --> Added family member: ATHENA MALYN CABACTULAN (Relation: DAUGHTER)
DEBUG - 2026-04-19 10:09:20 --> Stopping family parse at row 5003 - found: 26. VULNERABLE MEMBERS:
Older Persons: 0   Pregnant: 1   Lactating: 0   PWD: 0
DEBUG - 2026-04-19 10:09:20 --> Total family members parsed: 2
DEBUG - 2026-04-19 10:09:20 --> INSERT head image check: photo => C:\Users\Richard Miculob\Documents\ResQR\public\uploads/head_photos/1776506831_9c00ccdac397a3362fdc.jpg exists=YES
DEBUG - 2026-04-19 10:09:20 --> INSERT head image check: signature_thumbmark => C:\Users\Richard Miculob\Documents\ResQR\public\uploads/signatures/JACKILYN_TAMUDMUD_CABACTULAN_SIGNATURE_DRAWN_2026-04-18_18-08-27.png exists=YES
DEBUG - 2026-04-19 10:09:20 --> INSERT head image check: right_thumbmark => C:\Users\Richard Miculob\Documents\ResQR\public\uploads/thumbmarks/JACKILYN_TAMUDMUD_CABACTULAN_THUMBMARK_2026-04-18_18-08-27.png exists=YES
DEBUG - 2026-04-19 10:09:20 --> INSERT member image check: JEROME T. ALCANTAR photo => C:\Users\Richard Miculob\Documents\ResQR\public\uploads/family_photos/JEROME_T_ALCANTAR_2026-04-18_18-07-11.jpg exists=YES
DEBUG - 2026-04-19 10:09:20 --> INSERT member image check: ATHENA MALYN CABACTULAN photo => C:\Users\Richard Miculob\Documents\ResQR\public\uploads/family_photos/ATHENA_MALYN_CABACTULAN_2026-04-18_18-07-11.jpg exists=YES
DEBUG - 2026-04-19 10:09:20 --> Found family header at row 5026, data starts at row 5028
DEBUG - 2026-04-19 10:09:20 --> Added family member: RYAN A. OCHAVILLO (Relation: SON)
DEBUG - 2026-04-19 10:09:20 --> Added family member: JOAN ACOP OCHAVILLO (Relation: DAUGHTER)
DEBUG - 2026-04-19 10:09:20 --> Stopping family parse at row 5033 - found: 26. VULNERABLE MEMBERS:
Older Persons: 0   Pregnant: 0   Lactating: 0   PWD: 0
DEBUG - 2026-04-19 10:09:20 --> Total family members parsed: 2
DEBUG - 2026-04-19 10:09:20 --> INSERT head image check: photo => C:\Users\Richard Miculob\Documents\ResQR\public\uploads/head_photos/MARITA_ACOP_OCHAVILLO_2026-04-18_18-08-56.jpg exists=YES
DEBUG - 2026-04-19 10:09:20 --> INSERT head image check: signature_thumbmark => C:\Users\Richard Miculob\Documents\ResQR\public\uploads/signatures/MARITA_ACOP_OCHAVILLO_SIGNATURE_DRAWN_2026-04-18_18-11-38.png exists=YES
DEBUG - 2026-04-19 10:09:20 --> INSERT head image check: right_thumbmark => C:\Users\Richard Miculob\Documents\ResQR\public\uploads/thumbmarks/MARITA_ACOP_OCHAVILLO_THUMBMARK_2026-04-18_18-11-38.png exists=YES
DEBUG - 2026-04-19 10:09:20 --> INSERT member image check: RYAN A. OCHAVILLO photo => C:\Users\Richard Miculob\Documents\ResQR\public\uploads/family_photos/RYAN_A_OCHAVILLO_2026-04-18_18-49-22.jpg exists=YES
DEBUG - 2026-04-19 10:09:20 --> Found family header at row 5056, data starts at row 5058
DEBUG - 2026-04-19 10:09:20 --> Added family member: BUMAN DOSDOS (Relation: SON)
DEBUG - 2026-04-19 10:09:20 --> Added family member: MARY DOSDOS (Relation: DAUGHTER)
DEBUG - 2026-04-19 10:09:20 --> Stopping family parse at row 5063 - found: 26. VULNERABLE MEMBERS:
Older Persons: 0   Pregnant: 0   Lactating: 0   PWD: 0
DEBUG - 2026-04-19 10:09:20 --> Total family members parsed: 2
DEBUG - 2026-04-19 10:09:20 --> INSERT head image check: right_thumbmark => C:\Users\Richard Miculob\Documents\ResQR\public\uploads/thumbmarks/BERLY_LIBRIS_DOSDOS_THUMBMARK_2026-04-18_08-24-29.jpg exists=YES
DEBUG - 2026-04-19 10:09:20 --> Found family header at row 5086, data starts at row 5088
DEBUG - 2026-04-19 10:09:20 --> Added family member: MARIANE P. CABONILLAS (Relation: DAUGHTER)
DEBUG - 2026-04-19 10:09:20 --> Added family member: JOSHUA P. CABONILLAS (Relation: SON)
DEBUG - 2026-04-19 10:09:20 --> Stopping family parse at row 5093 - found: 26. VULNERABLE MEMBERS:
Older Persons: 0   Pregnant: 0   Lactating: 0   PWD: 0
DEBUG - 2026-04-19 10:09:20 --> Total family members parsed: 2
DEBUG - 2026-04-19 10:09:20 --> INSERT head image check: right_thumbmark => C:\Users\Richard Miculob\Documents\ResQR\public\uploads/thumbmarks/RODILLO_AMORA_CABONILLAS_THUMBMARK_2026-04-18_08-19-44.png exists=YES
DEBUG - 2026-04-19 10:09:20 --> Found family header at row 5116, data starts at row 5118
DEBUG - 2026-04-19 10:09:20 --> Added family member: ISAHBELLE ELAGO (Relation: WIFE)
DEBUG - 2026-04-19 10:09:20 --> Added family member: JUSTIN ELAGO (Relation: SON)
DEBUG - 2026-04-19 10:09:20 --> Added family member: GODWIN ELAGO (Relation: DAUGHTER)
DEBUG - 2026-04-19 10:09:20 --> Stopping family parse at row 5123 - found: 26. VULNERABLE MEMBERS:
Older Persons: 1   Pregnant: 1   Lactating: 0   PWD: 2
DEBUG - 2026-04-19 10:09:20 --> Total family members parsed: 3
DEBUG - 2026-04-19 10:09:20 --> INSERT head image check: photo => C:\Users\Richard Miculob\Documents\ResQR\public\uploads/head_photos/MARK_LESTER_SOMOBAY_ELAGO_2026-04-18_13-31-36.jpg exists=YES
DEBUG - 2026-04-19 10:09:20 --> INSERT head image check: signature_thumbmark => C:\Users\Richard Miculob\Documents\ResQR\public\uploads/signatures/MARK_LESTER_SOMOBAY_ELAGO_SIGNATURE_DRAWN_2026-04-18_13-34-05.png exists=YES
DEBUG - 2026-04-19 10:09:20 --> INSERT head image check: right_thumbmark => C:\Users\Richard Miculob\Documents\ResQR\public\uploads/thumbmarks/MARK_LESTER_SOMOBAY_ELAGO_THUMBMARK_2026-04-18_13-34-05.png exists=YES
DEBUG - 2026-04-19 10:09:20 --> INSERT member image check: ISAHBELLE ELAGO photo => C:\Users\Richard Miculob\Documents\ResQR\public\uploads/family_photos/ISAHBELLE_ELAGO_2026-04-18_13-31-36.jpg exists=YES
DEBUG - 2026-04-19 10:09:20 --> INSERT member image check: JUSTIN ELAGO photo => C:\Users\Richard Miculob\Documents\ResQR\public\uploads/family_photos/JUSTIN_ELAGO_2026-04-18_13-31-36.jpg exists=YES
DEBUG - 2026-04-19 10:09:20 --> INSERT member image check: GODWIN ELAGO photo => C:\Users\Richard Miculob\Documents\ResQR\public\uploads/family_photos/GODWIN_ELAGO_2026-04-18_13-31-36.jpg exists=YES
DEBUG - 2026-04-19 10:09:20 --> Found family header at row 5146, data starts at row 5148
DEBUG - 2026-04-19 10:09:20 --> Added family member: ACEBES, DELIA CUYOS (Relation: WIFE)
DEBUG - 2026-04-19 10:09:20 --> Added family member: SARANILLO, ALVINCE DANIEL ACEBES (Relation: GRANDSON)
DEBUG - 2026-04-19 10:09:20 --> Stopping family parse at row 5153 - found: 26. VULNERABLE MEMBERS:
Older Persons: 2   Pregnant: 0   Lactating: 0   PWD: 0
DEBUG - 2026-04-19 10:09:20 --> Total family members parsed: 2
DEBUG - 2026-04-19 10:09:20 --> INSERT head image check: photo => C:\Users\Richard Miculob\Documents\ResQR\public\uploads/head_photos/ALEJANDRE_BENTOSAL_ACEBES_2026-04-18_16-23-12.jpg exists=YES
DEBUG - 2026-04-19 10:09:20 --> INSERT head image check: signature_thumbmark => C:\Users\Richard Miculob\Documents\ResQR\public\uploads/signatures/ALEJANDRE_BENTOSAL_ACEBES_SIGNATURE_DRAWN_2026-04-18_16-27-22.png exists=YES
DEBUG - 2026-04-19 10:09:20 --> INSERT head image check: right_thumbmark => C:\Users\Richard Miculob\Documents\ResQR\public\uploads/thumbmarks/ALEJANDRE_BENTOSAL_ACEBES_THUMBMARK_2026-04-18_16-27-22.png exists=YES
DEBUG - 2026-04-19 10:09:20 --> INSERT member image check: ACEBES, DELIA CUYOS photo => C:\Users\Richard Miculob\Documents\ResQR\public\uploads/family_photos/ACEBES_DELIA_CUYOS_2026-04-18_16-23-12.jpg exists=YES
DEBUG - 2026-04-19 10:09:20 --> INSERT member image check: SARANILLO, ALVINCE DANIEL ACEBES photo => C:\Users\Richard Miculob\Documents\ResQR\public\uploads/family_photos/SARANILLO_ALVINCE_DANIEL_ACEBES_2026-04-18_16-23-12.jpg exists=YES
DEBUG - 2026-04-19 10:09:20 --> Found family header at row 5176, data starts at row 5178
DEBUG - 2026-04-19 10:09:20 --> Added family member: HAZEL JANE QUIPANES (Relation: DAUGHTER)
DEBUG - 2026-04-19 10:09:20 --> Stopping family parse at row 5183 - found: 26. VULNERABLE MEMBERS:
Older Persons: 0   Pregnant: 0   Lactating: 0   PWD: 0
DEBUG - 2026-04-19 10:09:20 --> Total family members parsed: 1
DEBUG - 2026-04-19 10:09:20 --> INSERT head image check: photo => C:\Users\Richard Miculob\Documents\ResQR\public\uploads/head_photos/1776500668_a68937a238ff18d64a2d.jpg exists=YES
DEBUG - 2026-04-19 10:09:20 --> INSERT head image check: signature_thumbmark => C:\Users\Richard Miculob\Documents\ResQR\public\uploads/signatures/PALARCA_CHONA_QUIPANES_SIGNATURE_DRAWN_2026-04-18_16-29-16.png exists=YES
DEBUG - 2026-04-19 10:09:20 --> INSERT head image check: right_thumbmark => C:\Users\Richard Miculob\Documents\ResQR\public\uploads/thumbmarks/PALARCA_CHONA_QUIPANES_THUMBMARK_2026-04-18_16-29-16.png exists=YES
DEBUG - 2026-04-19 10:09:20 --> INSERT member image check: HAZEL JANE QUIPANES photo => C:\Users\Richard Miculob\Documents\ResQR\public\uploads/family_photos/HAZEL_JANE_QUIPANES_2026-04-18_16-29-47.jpg exists=YES
DEBUG - 2026-04-19 10:09:20 --> Found family header at row 5206, data starts at row 5208
DEBUG - 2026-04-19 10:09:20 --> Added family member: GILBERT SWYNE MACASERO (Relation: GRANDSON)
DEBUG - 2026-04-19 10:09:20 --> Added family member: OWEN TROY MACASERO (Relation: GRANDSON)
DEBUG - 2026-04-19 10:09:20 --> Added family member: TIFFANY JADE BACOR BABIA (Relation: GRAND DAUGHTER)
DEBUG - 2026-04-19 10:09:20 --> Stopping family parse at row 5213 - found: 26. VULNERABLE MEMBERS:
Older Persons: 1   Pregnant: 0   Lactating: 0   PWD: 0
DEBUG - 2026-04-19 10:09:20 --> Total family members parsed: 3
DEBUG - 2026-04-19 10:09:20 --> INSERT head image check: photo => C:\Users\Richard Miculob\Documents\ResQR\public\uploads/head_photos/ROSALINDA_ACEBES_BACOR_2026-04-18_16-25-29.jpg exists=YES
DEBUG - 2026-04-19 10:09:20 --> INSERT head image check: signature_thumbmark => C:\Users\Richard Miculob\Documents\ResQR\public\uploads/signatures/ROSALINDA_ACEBES_BACOR_SIGNATURE_DRAWN_2026-04-18_16-30-55.png exists=YES
DEBUG - 2026-04-19 10:09:20 --> INSERT head image check: right_thumbmark => C:\Users\Richard Miculob\Documents\ResQR\public\uploads/thumbmarks/ROSALINDA_ACEBES_BACOR_THUMBMARK_2026-04-18_16-30-55.png exists=YES
DEBUG - 2026-04-19 10:09:20 --> INSERT member image check: GILBERT SWYNE MACASERO photo => C:\Users\Richard Miculob\Documents\ResQR\public\uploads/family_photos/GILBERT_SWYNE_MACASERO_2026-04-18_18-43-45.jpg exists=YES
DEBUG - 2026-04-19 10:09:20 --> INSERT member image check: OWEN TROY MACASERO photo => C:\Users\Richard Miculob\Documents\ResQR\public\uploads/family_photos/OWEN_TROY_MACASERO_2026-04-18_16-44-34.jpg exists=YES
DEBUG - 2026-04-19 10:09:20 --> INSERT member image check: TIFFANY JADE BACOR BABIA photo => C:\Users\Richard Miculob\Documents\ResQR\public\uploads/family_photos/TIFFANY_JADE_BACOR_BABIA_2026-04-18_16-25-30.jpg exists=YES
DEBUG - 2026-04-19 10:09:20 --> Found family header at row 5236, data starts at row 5238
DEBUG - 2026-04-19 10:09:20 --> Added family member: RENOLITO PEÑALOSA (Relation: BROTHER)
DEBUG - 2026-04-19 10:09:20 --> Added family member: CHRISTIE JANE WAMINAL (Relation: NIECE)
DEBUG - 2026-04-19 10:09:20 --> Added family member: SHAIRA GOMEZ (Relation: NIECE)
DEBUG - 2026-04-19 10:09:20 --> Added family member: TENSHI FAVE WAMINAL (Relation: GRANDDAUGHTER)
DEBUG - 2026-04-19 10:09:20 --> Stopping family parse at row 5243 - found: 26. VULNERABLE MEMBERS:
Older Persons: 0   Pregnant: 0   Lactating: 0   PWD: 0
DEBUG - 2026-04-19 10:09:20 --> Total family members parsed: 4
DEBUG - 2026-04-19 10:09:20 --> INSERT head image check: photo => C:\Users\Richard Miculob\Documents\ResQR\public\uploads/head_photos/JULIUS_GENER_ORA_PE__ALOSA_2026-04-18_16-36-40.jpg exists=YES
DEBUG - 2026-04-19 10:09:20 --> INSERT head image check: signature_thumbmark => C:\Users\Richard Miculob\Documents\ResQR\public\uploads/signatures/JULIUS_GENER_ORA_PE_ALOSA_SIGNATURE_DRAWN_2026-04-18_16-38-18.png exists=YES
DEBUG - 2026-04-19 10:09:20 --> INSERT head image check: right_thumbmark => C:\Users\Richard Miculob\Documents\ResQR\public\uploads/thumbmarks/JULIUS_GENER_ORA_PE_ALOSA_THUMBMARK_2026-04-18_16-38-18.png exists=YES
DEBUG - 2026-04-19 10:09:20 --> Found family header at row 5266, data starts at row 5268
DEBUG - 2026-04-19 10:09:20 --> Added family member: ELIZABETH P. SIXTO (Relation: WIFE)
DEBUG - 2026-04-19 10:09:20 --> Added family member: ROMEL P. SIXTO (Relation: SON)
DEBUG - 2026-04-19 10:09:20 --> Added family member: ROSAL P. SIXTO (Relation: DAUGHTER)
DEBUG - 2026-04-19 10:09:20 --> Added family member: REYMART NUNEZ (Relation: SON IN LAW)
DEBUG - 2026-04-19 10:09:20 --> Added family member: REXCEL BLAKE NINO S. NUNEZ (Relation: GRANDSON)
DEBUG - 2026-04-19 10:09:20 --> Stopping family parse at row 5273 - found: 26. VULNERABLE MEMBERS:
Older Persons: 0   Pregnant: 0   Lactating: 1   PWD: 0
DEBUG - 2026-04-19 10:09:20 --> Total family members parsed: 5
DEBUG - 2026-04-19 10:09:20 --> INSERT head image check: photo => C:\Users\Richard Miculob\Documents\ResQR\public\uploads/head_photos/ROMEO_MALINGIN_SIXTO_2026-04-18_16-40-07.jpg exists=YES
DEBUG - 2026-04-19 10:09:20 --> INSERT head image check: signature_thumbmark => C:\Users\Richard Miculob\Documents\ResQR\public\uploads/signatures/ROMEO_MALINGIN_SIXTO_SIGNATURE_DRAWN_2026-04-18_16-45-05.png exists=YES
DEBUG - 2026-04-19 10:09:20 --> INSERT head image check: right_thumbmark => C:\Users\Richard Miculob\Documents\ResQR\public\uploads/thumbmarks/ROMEO_MALINGIN_SIXTO_THUMBMARK_2026-04-18_16-45-05.png exists=YES
DEBUG - 2026-04-19 10:09:20 --> INSERT member image check: ELIZABETH P. SIXTO photo => C:\Users\Richard Miculob\Documents\ResQR\public\uploads/family_photos/ELIZABETH_P_SIXTO_2026-04-18_16-47-52.jpg exists=YES
DEBUG - 2026-04-19 10:09:20 --> INSERT member image check: ROMEL P. SIXTO photo => C:\Users\Richard Miculob\Documents\ResQR\public\uploads/family_photos/ROMEL_P_SIXTO_2026-04-18_16-47-52.jpg exists=YES
DEBUG - 2026-04-19 10:09:20 --> INSERT member image check: ROSAL P. SIXTO photo => C:\Users\Richard Miculob\Documents\ResQR\public\uploads/family_photos/ROSAL_P_SIXTO_2026-04-18_16-47-52.jpg exists=YES
DEBUG - 2026-04-19 10:09:20 --> INSERT member image check: REYMART NUNEZ photo => C:\Users\Richard Miculob\Documents\ResQR\public\uploads/family_photos/REYMART_NUNEZ_2026-04-18_16-47-52.jpg exists=YES
DEBUG - 2026-04-19 10:09:20 --> INSERT member image check: REXCEL BLAKE NINO S. NUNEZ photo => C:\Users\Richard Miculob\Documents\ResQR\public\uploads/family_photos/REXCEL_BLAKE_NINO_S_NUNEZ_2026-04-18_16-47-52.jpg exists=YES
DEBUG - 2026-04-19 10:09:20 --> Found family header at row 5296, data starts at row 5298
DEBUG - 2026-04-19 10:09:20 --> Added family member: FLORES NEDILITA (Relation: WIFE)
DEBUG - 2026-04-19 10:09:20 --> Stopping family parse at row 5303 - found: 26. VULNERABLE MEMBERS:
Older Persons: 2   Pregnant: 0   Lactating: 0   PWD: 0
DEBUG - 2026-04-19 10:09:20 --> Total family members parsed: 1
DEBUG - 2026-04-19 10:09:20 --> INSERT head image check: photo => C:\Users\Richard Miculob\Documents\ResQR\public\uploads/head_photos/PASTOR_ACUP_OCHAVILLO_2026-04-18_16-37-43.jpg exists=YES
DEBUG - 2026-04-19 10:09:20 --> INSERT head image check: signature_thumbmark => C:\Users\Richard Miculob\Documents\ResQR\public\uploads/signatures/PASTOR_ACUP_OCHAVILLO_SIGNATURE_DRAWN_2026-04-18_16-40-05.png exists=YES
DEBUG - 2026-04-19 10:09:20 --> INSERT head image check: right_thumbmark => C:\Users\Richard Miculob\Documents\ResQR\public\uploads/thumbmarks/PASTOR_ACUP_OCHAVILLO_THUMBMARK_2026-04-18_16-40-05.png exists=YES
DEBUG - 2026-04-19 10:09:20 --> INSERT member image check: FLORES NEDILITA photo => C:\Users\Richard Miculob\Documents\ResQR\public\uploads/family_photos/FLORES_NEDILITA_2026-04-18_16-37-43.jpg exists=YES
DEBUG - 2026-04-19 10:09:20 --> Found family header at row 5326, data starts at row 5328
DEBUG - 2026-04-19 10:09:20 --> Added family member: DIVINA VARIACION HALIL (Relation: WIFE)
DEBUG - 2026-04-19 10:09:20 --> Added family member: SYDINE HALIL (Relation: SON)
DEBUG - 2026-04-19 10:09:20 --> Added family member: EASA HABIER HALIL (Relation: SON)
DEBUG - 2026-04-19 10:09:20 --> Added family member: EISHA HALIL (Relation: DAUGHTER)
DEBUG - 2026-04-19 10:09:20 --> Added family member: NASHER HALIL (Relation: SON)
DEBUG - 2026-04-19 10:09:20 --> Added family member: JUISE AILEEN MAE HALIL (Relation: GRAND DAUGHTER)
DEBUG - 2026-04-19 10:09:20 --> Stopping family parse at row 5334 - found: 26. VULNERABLE MEMBERS:
Older Persons: 1   Pregnant: 0   Lactating: 0   PWD: 0
DEBUG - 2026-04-19 10:09:20 --> Total family members parsed: 6
DEBUG - 2026-04-19 10:09:20 --> INSERT head image check: photo => C:\Users\Richard Miculob\Documents\ResQR\public\uploads/head_photos/SAMMY_CA__ETE_HALIL_2026-04-18_17-06-33.jpg exists=YES
DEBUG - 2026-04-19 10:09:20 --> INSERT head image check: signature_thumbmark => C:\Users\Richard Miculob\Documents\ResQR\public\uploads/signatures/SAMMY_CA_ETE_HALIL_SIGNATURE_DRAWN_2026-04-18_17-10-34.png exists=YES
DEBUG - 2026-04-19 10:09:20 --> INSERT head image check: right_thumbmark => C:\Users\Richard Miculob\Documents\ResQR\public\uploads/thumbmarks/SAMMY_CA_ETE_HALIL_THUMBMARK_2026-04-18_17-10-34.png exists=YES
DEBUG - 2026-04-19 10:09:20 --> INSERT member image check: DIVINA VARIACION HALIL photo => C:\Users\Richard Miculob\Documents\ResQR\public\uploads/family_photos/DIVINA_VARIACION_HALIL_2026-04-18_16-42-34.jpg exists=YES
DEBUG - 2026-04-19 10:09:20 --> INSERT member image check: SYDINE HALIL photo => C:\Users\Richard Miculob\Documents\ResQR\public\uploads/family_photos/SYDINE_HALIL_2026-04-18_18-22-23.jpg exists=YES
DEBUG - 2026-04-19 10:09:20 --> INSERT member image check: EASA HABIER HALIL photo => C:\Users\Richard Miculob\Documents\ResQR\public\uploads/family_photos/EASA_HABIER_HALIL_2026-04-18_17-27-14.jpg exists=YES
DEBUG - 2026-04-19 10:09:20 --> INSERT member image check: EISHA HALIL photo => C:\Users\Richard Miculob\Documents\ResQR\public\uploads/family_photos/EISHA_HALIL_2026-04-18_17-48-42.jpg exists=YES
DEBUG - 2026-04-19 10:09:20 --> INSERT member image check: NASHER HALIL photo => C:\Users\Richard Miculob\Documents\ResQR\public\uploads/family_photos/NASHER_HALIL_2026-04-18_17-15-58.jpg exists=YES
DEBUG - 2026-04-19 10:09:20 --> Found family header at row 5357, data starts at row 5359
DEBUG - 2026-04-19 10:09:20 --> Stopping family parse at row 5364 - found: 26. VULNERABLE MEMBERS:
Older Persons: 1   Pregnant: 0   Lactating: 0   PWD: 0
DEBUG - 2026-04-19 10:09:20 --> No family members found with primary method, trying alternative...
DEBUG - 2026-04-19 10:09:20 --> Total family members parsed: 0
DEBUG - 2026-04-19 10:09:20 --> INSERT head image check: photo => C:\Users\Richard Miculob\Documents\ResQR\public\uploads/head_photos/ADELO_JALANDONI_LABIANO_2026-04-18_16-41-39.jpg exists=YES
DEBUG - 2026-04-19 10:09:20 --> INSERT head image check: signature_thumbmark => C:\Users\Richard Miculob\Documents\ResQR\public\uploads/signatures/ADELO_JALANDONI_LABIANO_SIGNATURE_DRAWN_2026-04-18_16-46-23.png exists=YES
DEBUG - 2026-04-19 10:09:20 --> INSERT head image check: right_thumbmark => C:\Users\Richard Miculob\Documents\ResQR\public\uploads/thumbmarks/ADELO_JALANDONI_LABIANO_THUMBMARK_2026-04-18_16-46-23.png exists=YES
DEBUG - 2026-04-19 10:09:20 --> Found family header at row 5387, data starts at row 5389
DEBUG - 2026-04-19 10:09:20 --> Added family member: CHARLIE ACEBES (Relation: SON)
DEBUG - 2026-04-19 10:09:20 --> Added family member: MARY ANN ACEBES (Relation: WIFE)
DEBUG - 2026-04-19 10:09:20 --> Stopping family parse at row 5394 - found: 26. VULNERABLE MEMBERS:
Older Persons: 1   Pregnant: 0   Lactating: 0   PWD: 0
DEBUG - 2026-04-19 10:09:20 --> Total family members parsed: 2
DEBUG - 2026-04-19 10:09:20 --> INSERT head image check: photo => C:\Users\Richard Miculob\Documents\ResQR\public\uploads/head_photos/CHARITO_BENTOZAL_ACEBES_2026-04-18_16-45-28.jpg exists=YES
DEBUG - 2026-04-19 10:09:20 --> INSERT head image check: signature_thumbmark => C:\Users\Richard Miculob\Documents\ResQR\public\uploads/signatures/CHARITO_BENTOZAL_ACEBES_SIGNATURE_DRAWN_2026-04-18_16-48-07.png exists=YES
DEBUG - 2026-04-19 10:09:20 --> INSERT head image check: right_thumbmark => C:\Users\Richard Miculob\Documents\ResQR\public\uploads/thumbmarks/CHARITO_BENTOZAL_ACEBES_THUMBMARK_2026-04-18_16-48-07.png exists=YES
DEBUG - 2026-04-19 10:09:20 --> INSERT member image check: CHARLIE ACEBES photo => C:\Users\Richard Miculob\Documents\ResQR\public\uploads/family_photos/CHARLIE_ACEBES_2026-04-18_16-57-19.jpg exists=YES
DEBUG - 2026-04-19 10:09:20 --> INSERT member image check: MARY ANN ACEBES photo => C:\Users\Richard Miculob\Documents\ResQR\public\uploads/family_photos/MARY_ANN_ACEBES_2026-04-18_17-14-31.jpg exists=YES
DEBUG - 2026-04-19 10:09:20 --> Found family header at row 5417, data starts at row 5419
DEBUG - 2026-04-19 10:09:20 --> Added family member: JESSA LLANASA CUTAB (Relation: WIFE)
DEBUG - 2026-04-19 10:09:20 --> Added family member: YHENZ AUDREY L. CUTAB (Relation: DAUGHTER)
DEBUG - 2026-04-19 10:09:20 --> Added family member: EMERALD THERESE L. CUTAB (Relation: DAUGHTER)
DEBUG - 2026-04-19 10:09:20 --> Stopping family parse at row 5424 - found: 26. VULNERABLE MEMBERS:
Older Persons: 0   Pregnant: 0   Lactating: 0   PWD: 0
DEBUG - 2026-04-19 10:09:20 --> Total family members parsed: 3
DEBUG - 2026-04-19 10:09:20 --> INSERT head image check: photo => C:\Users\Richard Miculob\Documents\ResQR\public\uploads/head_photos/ERWIN_DAHAN_CUTAB_2026-04-18_16-48-45.jpg exists=YES
DEBUG - 2026-04-19 10:09:20 --> INSERT head image check: signature_thumbmark => C:\Users\Richard Miculob\Documents\ResQR\public\uploads/signatures/ERWIN_DAHAN_CUTAB_SIGNATURE_DRAWN_2026-04-18_16-50-19.png exists=YES
DEBUG - 2026-04-19 10:09:20 --> INSERT head image check: right_thumbmark => C:\Users\Richard Miculob\Documents\ResQR\public\uploads/thumbmarks/ERWIN_DAHAN_CUTAB_THUMBMARK_2026-04-18_16-50-19.png exists=YES
DEBUG - 2026-04-19 10:09:20 --> INSERT member image check: JESSA LLANASA CUTAB photo => C:\Users\Richard Miculob\Documents\ResQR\public\uploads/family_photos/JESSA_LLANASA_CUTAB_2026-04-18_16-49-05.jpg exists=YES
DEBUG - 2026-04-19 10:09:20 --> Found family header at row 5447, data starts at row 5449
DEBUG - 2026-04-19 10:09:20 --> Added family member: CALEN JUMAWID (Relation: FATHER-IN-LAW)
DEBUG - 2026-04-19 10:09:20 --> Added family member: MYRAFLOR A. JUMAWID (Relation: DAUGHTER)
DEBUG - 2026-04-19 10:09:20 --> Added family member: MYCAH A. JUMAWID (Relation: GRANDDAUGHTER)
DEBUG - 2026-04-19 10:09:20 --> Added family member: CALEB A. JUMAWID (Relation: GRANDSON)
DEBUG - 2026-04-19 10:09:20 --> Added family member: BERNARDINO GUINEA (Relation: COUSIN)
DEBUG - 2026-04-19 10:09:20 --> Stopping family parse at row 5454 - found: 26. VULNERABLE MEMBERS:
Older Persons: 1   Pregnant: 0   Lactating: 0   PWD: 1
DEBUG - 2026-04-19 10:09:20 --> Total family members parsed: 5
DEBUG - 2026-04-19 10:09:20 --> INSERT head image check: photo => C:\Users\Richard Miculob\Documents\ResQR\public\uploads/head_photos/MARIO_INTAY_JUMAWID_2026-04-18_16-50-08.jpg exists=YES
DEBUG - 2026-04-19 10:09:20 --> INSERT head image check: signature_thumbmark => C:\Users\Richard Miculob\Documents\ResQR\public\uploads/signatures/MARIO_INTAY_ALINGASA_SIGNATURE_DRAWN_2026-04-18_16-53-12.png exists=YES
DEBUG - 2026-04-19 10:09:20 --> INSERT head image check: right_thumbmark => C:\Users\Richard Miculob\Documents\ResQR\public\uploads/thumbmarks/MARIO_INTAY_ALINGASA_THUMBMARK_2026-04-18_16-53-12.png exists=YES
DEBUG - 2026-04-19 10:09:20 --> INSERT member image check: BERNARDINO GUINEA photo => C:\Users\Richard Miculob\Documents\ResQR\public\uploads/family_photos/BERNARDINO_GUINEA_2026-04-18_17-38-19.jpg exists=YES
DEBUG - 2026-04-19 10:09:20 --> Found family header at row 5477, data starts at row 5479
DEBUG - 2026-04-19 10:09:20 --> Added family member: HONEY REA J. TIZON (Relation: WIFE)
DEBUG - 2026-04-19 10:09:20 --> Added family member: PRINCESS JHANE J. TIZON (Relation: DAUGHTER)
DEBUG - 2026-04-19 10:09:20 --> Added family member: MA. NIÑA J. TIZON (Relation: DAUGHTER)
DEBUG - 2026-04-19 10:09:20 --> Added family member: NICOLE MAE M. JURIAL (Relation: DAUGHTER)
DEBUG - 2026-04-19 10:09:20 --> Added family member: JERICK DAVE A. BONGALON (Relation: )
DEBUG - 2026-04-19 10:09:20 --> Stopping family parse at row 5484 - found: 26. VULNERABLE MEMBERS:
Older Persons: 0   Pregnant: 0   Lactating: 0   PWD: 0
DEBUG - 2026-04-19 10:09:20 --> Total family members parsed: 5
DEBUG - 2026-04-19 10:09:20 --> INSERT head image check: photo => C:\Users\Richard Miculob\Documents\ResQR\public\uploads/head_photos/JIESTHONY_JAGAPE_TIZON_2026-04-18_16-52-40.jpg exists=YES
DEBUG - 2026-04-19 10:09:20 --> INSERT head image check: signature_thumbmark => C:\Users\Richard Miculob\Documents\ResQR\public\uploads/signatures/JIESTHONY_JAGAPE_TIZON_SIGNATURE_DRAWN_2026-04-18_16-54-59.png exists=YES
DEBUG - 2026-04-19 10:09:20 --> INSERT head image check: right_thumbmark => C:\Users\Richard Miculob\Documents\ResQR\public\uploads/thumbmarks/JIESTHONY_JAGAPE_TIZON_THUMBMARK_2026-04-18_16-54-59.png exists=YES
DEBUG - 2026-04-19 10:09:20 --> INSERT member image check: HONEY REA J. TIZON photo => C:\Users\Richard Miculob\Documents\ResQR\public\uploads/family_photos/HONEY_REA_J_TIZON_2026-04-18_16-52-40.jpg exists=YES
DEBUG - 2026-04-19 10:09:20 --> INSERT member image check: PRINCESS JHANE J. TIZON photo => C:\Users\Richard Miculob\Documents\ResQR\public\uploads/family_photos/PRINCESS_JHANE_J_TIZON_2026-04-18_16-52-40.jpg exists=YES
DEBUG - 2026-04-19 10:09:20 --> INSERT member image check: MA. NIÑA J. TIZON photo => C:\Users\Richard Miculob\Documents\ResQR\public\uploads/family_photos/MA_NI_A_J_TIZON_2026-04-18_16-52-40.jpg exists=YES
DEBUG - 2026-04-19 10:09:20 --> INSERT member image check: NICOLE MAE M. JURIAL photo => C:\Users\Richard Miculob\Documents\ResQR\public\uploads/family_photos/NICOLE_MAE_M_JURIAL_2026-04-18_16-52-40.jpg exists=YES
DEBUG - 2026-04-19 10:09:20 --> INSERT member image check: JERICK DAVE A. BONGALON photo => C:\Users\Richard Miculob\Documents\ResQR\public\uploads/family_photos/JERICK_DAVE_A_BONGALON_2026-04-18_16-52-40.jpg exists=YES
DEBUG - 2026-04-19 10:09:20 --> Found family header at row 5507, data starts at row 5509
DEBUG - 2026-04-19 10:09:20 --> Added family member: VERGEL CUTAB MANAIZ (Relation: HUSBAND)
DEBUG - 2026-04-19 10:09:20 --> Added family member: VERMANZ CAHILOG MANAIZ (Relation: SON)
DEBUG - 2026-04-19 10:09:20 --> Added family member: MIA CAHILOG MANAIZ (Relation: DAUGHTER)
DEBUG - 2026-04-19 10:09:20 --> Added family member: VANISE JANE GUTIERREZ MANAIZ (Relation: DAUGHTER)
DEBUG - 2026-04-19 10:09:20 --> Stopping family parse at row 5514 - found: 26. VULNERABLE MEMBERS:
Older Persons: 0   Pregnant: 0   Lactating: 0   PWD: 0
DEBUG - 2026-04-19 10:09:20 --> Total family members parsed: 4
DEBUG - 2026-04-19 10:09:20 --> INSERT head image check: photo => C:\Users\Richard Miculob\Documents\ResQR\public\uploads/head_photos/ROSE_MAE_CAHILOG_MANAIZ_2026-04-18_16-58-23.jpg exists=YES
DEBUG - 2026-04-19 10:09:20 --> INSERT head image check: signature_thumbmark => C:\Users\Richard Miculob\Documents\ResQR\public\uploads/signatures/ROSE_MAE_CAHILOG_MANAIZ_SIGNATURE_DRAWN_2026-04-18_17-03-51.png exists=YES
DEBUG - 2026-04-19 10:09:20 --> INSERT head image check: right_thumbmark => C:\Users\Richard Miculob\Documents\ResQR\public\uploads/thumbmarks/ROSE_MAE_CAHILOG_MANAIZ_THUMBMARK_2026-04-18_17-03-51.png exists=YES
DEBUG - 2026-04-19 10:09:20 --> INSERT member image check: VERGEL CUTAB MANAIZ photo => C:\Users\Richard Miculob\Documents\ResQR\public\uploads/family_photos/VERGEL_CUTAB_MANAIZ_2026-04-18_17-15-24.jpg exists=YES
DEBUG - 2026-04-19 10:09:20 --> INSERT member image check: VERMANZ CAHILOG MANAIZ photo => C:\Users\Richard Miculob\Documents\ResQR\public\uploads/family_photos/VERMANZ_CAHILOG_MANAIZ_2026-04-18_16-58-23.jpg exists=YES
DEBUG - 2026-04-19 10:09:20 --> INSERT member image check: MIA CAHILOG MANAIZ photo => C:\Users\Richard Miculob\Documents\ResQR\public\uploads/family_photos/MIA_CAHILOG_MANAIZ_2026-04-18_16-58-23.jpg exists=YES
DEBUG - 2026-04-19 10:09:20 --> INSERT member image check: VANISE JANE GUTIERREZ MANAIZ photo => C:\Users\Richard Miculob\Documents\ResQR\public\uploads/family_photos/VANISE_JANE_GUTIERREZ_MANAIZ_2026-04-18_17-05-17.jpg exists=YES
DEBUG - 2026-04-19 10:09:20 --> Found family header at row 5537, data starts at row 5539
DEBUG - 2026-04-19 10:09:20 --> Added family member: ELENA  D. CUTAB (Relation: WIFE)
DEBUG - 2026-04-19 10:09:20 --> Added family member: MELVIN D. CUTAB (Relation: SON)
DEBUG - 2026-04-19 10:09:20 --> Added family member: EXEL D. CUTAB (Relation: SON)
DEBUG - 2026-04-19 10:09:20 --> Stopping family parse at row 5544 - found: 26. VULNERABLE MEMBERS:
Older Persons: 2   Pregnant: 0   Lactating: 0   PWD: 0
DEBUG - 2026-04-19 10:09:20 --> Total family members parsed: 3
DEBUG - 2026-04-19 10:09:20 --> INSERT head image check: photo => C:\Users\Richard Miculob\Documents\ResQR\public\uploads/head_photos/MARIO__ISRAEL_CUTAB_2026-04-18_16-55-43.jpg exists=YES
DEBUG - 2026-04-19 10:09:20 --> INSERT head image check: signature_thumbmark => C:\Users\Richard Miculob\Documents\ResQR\public\uploads/signatures/MARIO_ISRAEL_CUTAB_SIGNATURE_DRAWN_2026-04-18_16-58-52.png exists=YES
DEBUG - 2026-04-19 10:09:20 --> INSERT head image check: right_thumbmark => C:\Users\Richard Miculob\Documents\ResQR\public\uploads/thumbmarks/MARIO_ISRAEL_CUTAB_THUMBMARK_2026-04-18_16-58-52.png exists=YES
DEBUG - 2026-04-19 10:09:20 --> INSERT member image check: ELENA  D. CUTAB photo => C:\Users\Richard Miculob\Documents\ResQR\public\uploads/family_photos/ELENA_D_CUTAB_2026-04-18_16-56-29.jpg exists=YES
DEBUG - 2026-04-19 10:09:20 --> INSERT member image check: MELVIN D. CUTAB photo => C:\Users\Richard Miculob\Documents\ResQR\public\uploads/family_photos/MELVIN_D_CUTAB_2026-04-18_19-27-31.jpg exists=YES
DEBUG - 2026-04-19 10:09:20 --> Found family header at row 5567, data starts at row 5569
DEBUG - 2026-04-19 10:09:20 --> Stopping family parse at row 5574 - found: 26. VULNERABLE MEMBERS:
Older Persons: 0   Pregnant: 0   Lactating: 0   PWD: 0
DEBUG - 2026-04-19 10:09:20 --> No family members found with primary method, trying alternative...
DEBUG - 2026-04-19 10:09:20 --> Total family members parsed: 0
DEBUG - 2026-04-19 10:09:20 --> INSERT head image check: photo => C:\Users\Richard Miculob\Documents\ResQR\public\uploads/head_photos/JANMAEL_TIZON_DAGONDON_2026-04-18_16-59-41.jpg exists=YES
DEBUG - 2026-04-19 10:09:20 --> INSERT head image check: signature_thumbmark => C:\Users\Richard Miculob\Documents\ResQR\public\uploads/signatures/JANMAEL_TIZON_DAGONDON_SIGNATURE_DRAWN_2026-04-18_17-02-34.png exists=YES
DEBUG - 2026-04-19 10:09:20 --> INSERT head image check: right_thumbmark => C:\Users\Richard Miculob\Documents\ResQR\public\uploads/thumbmarks/JANMAEL_TIZON_DAGONDON_THUMBMARK_2026-04-18_17-02-34.png exists=YES
DEBUG - 2026-04-19 10:09:20 --> Found family header at row 5597, data starts at row 5599
DEBUG - 2026-04-19 10:09:20 --> Added family member: ROSLIE LUYAHAN (Relation: WIFE)
DEBUG - 2026-04-19 10:09:20 --> Added family member: KATELYN ROSE LUYAHAN (Relation: DAUGHTER)
DEBUG - 2026-04-19 10:09:20 --> Added family member: CHLOE MARIE LUYAHAN (Relation: DAUGHTER)
DEBUG - 2026-04-19 10:09:20 --> Added family member: KIRK JOHN LUYAHAN (Relation: SON)
DEBUG - 2026-04-19 10:09:20 --> Stopping family parse at row 5604 - found: 26. VULNERABLE MEMBERS:
Older Persons: 0   Pregnant: 0   Lactating: 0   PWD: 0
DEBUG - 2026-04-19 10:09:20 --> Total family members parsed: 4
DEBUG - 2026-04-19 10:09:20 --> INSERT head image check: photo => C:\Users\Richard Miculob\Documents\ResQR\public\uploads/head_photos/1776503201_30f25a077c16ebbd1a52.jpg exists=YES
DEBUG - 2026-04-19 10:09:20 --> INSERT head image check: signature_thumbmark => C:\Users\Richard Miculob\Documents\ResQR\public\uploads/signatures/KENNETH_GARILLO_LUYAHAN_SIGNATURE_DRAWN_2026-04-18_17-07-41.png exists=YES
DEBUG - 2026-04-19 10:09:20 --> INSERT head image check: right_thumbmark => C:\Users\Richard Miculob\Documents\ResQR\public\uploads/thumbmarks/KENNETH_GARILLO_LUYAHAN_THUMBMARK_2026-04-18_17-07-41.png exists=YES
DEBUG - 2026-04-19 10:09:20 --> INSERT member image check: ROSLIE LUYAHAN photo => C:\Users\Richard Miculob\Documents\ResQR\public\uploads/family_photos/ROSLIE_LUYAHAN_2026-04-18_17-06-41.jpg exists=YES
DEBUG - 2026-04-19 10:09:20 --> INSERT member image check: KATELYN ROSE LUYAHAN photo => C:\Users\Richard Miculob\Documents\ResQR\public\uploads/family_photos/KATELYN_ROSE_LUYAHAN_2026-04-18_17-06-41.jpg exists=YES
DEBUG - 2026-04-19 10:09:20 --> INSERT member image check: CHLOE MARIE LUYAHAN photo => C:\Users\Richard Miculob\Documents\ResQR\public\uploads/family_photos/CHLOE_MARIE_LUYAHAN_2026-04-18_17-06-41.jpg exists=YES
DEBUG - 2026-04-19 10:09:20 --> INSERT member image check: KIRK JOHN LUYAHAN photo => C:\Users\Richard Miculob\Documents\ResQR\public\uploads/family_photos/KIRK_JOHN_LUYAHAN_2026-04-18_17-06-41.jpg exists=YES
DEBUG - 2026-04-19 10:09:20 --> Found family header at row 5627, data starts at row 5629
DEBUG - 2026-04-19 10:09:20 --> Added family member: MARIVIC C. ESTRERA (Relation: WIFE)
DEBUG - 2026-04-19 10:09:20 --> Stopping family parse at row 5634 - found: 26. VULNERABLE MEMBERS:
Older Persons: 0   Pregnant: 0   Lactating: 0   PWD: 0
DEBUG - 2026-04-19 10:09:20 --> Total family members parsed: 1
DEBUG - 2026-04-19 10:09:20 --> INSERT head image check: photo => C:\Users\Richard Miculob\Documents\ResQR\public\uploads/head_photos/RAMIL_QUINIONES_ESTRERA_2026-04-18_17-05-56.jpg exists=YES
DEBUG - 2026-04-19 10:09:20 --> INSERT head image check: signature_thumbmark => C:\Users\Richard Miculob\Documents\ResQR\public\uploads/signatures/RAMIL_QUINIONES_ESTRERA_SIGNATURE_DRAWN_2026-04-18_17-08-58.png exists=YES
DEBUG - 2026-04-19 10:09:20 --> INSERT head image check: right_thumbmark => C:\Users\Richard Miculob\Documents\ResQR\public\uploads/thumbmarks/RAMIL_QUINIONES_ESTRERA_THUMBMARK_2026-04-18_17-08-58.png exists=YES
DEBUG - 2026-04-19 10:09:20 --> INSERT member image check: MARIVIC C. ESTRERA photo => C:\Users\Richard Miculob\Documents\ResQR\public\uploads/family_photos/MARIVIC_C_ESTRERA_2026-04-18_17-05-56.jpg exists=YES
DEBUG - 2026-04-19 10:09:20 --> Found family header at row 5657, data starts at row 5659
DEBUG - 2026-04-19 10:09:20 --> Added family member: FLORA A. EBARLE (Relation: WIFE)
DEBUG - 2026-04-19 10:09:20 --> Added family member: KENJIE M. EBARLE (Relation: DAUGHTER)
DEBUG - 2026-04-19 10:09:20 --> Stopping family parse at row 5664 - found: 26. VULNERABLE MEMBERS:
Older Persons: 0   Pregnant: 0   Lactating: 0   PWD: 0
DEBUG - 2026-04-19 10:09:20 --> Total family members parsed: 2
DEBUG - 2026-04-19 10:09:20 --> INSERT head image check: photo => C:\Users\Richard Miculob\Documents\ResQR\public\uploads/head_photos/1776504185_0d8340f344dfecd1ca90.jpg exists=YES
DEBUG - 2026-04-19 10:09:20 --> INSERT head image check: signature_thumbmark => C:\Users\Richard Miculob\Documents\ResQR\public\uploads/signatures/MEGUELITO_TIZON_EBARLE_SIGNATURE_DRAWN_2026-04-18_17-25-28.png exists=YES
DEBUG - 2026-04-19 10:09:20 --> INSERT head image check: right_thumbmark => C:\Users\Richard Miculob\Documents\ResQR\public\uploads/thumbmarks/MEGUELITO_TIZON_EBARLE_THUMBMARK_2026-04-18_17-25-28.png exists=YES
DEBUG - 2026-04-19 10:09:20 --> INSERT member image check: FLORA A. EBARLE photo => C:\Users\Richard Miculob\Documents\ResQR\public\uploads/family_photos/FLORA_A_EBARLE_2026-04-18_17-07-35.jpg exists=YES
DEBUG - 2026-04-19 10:09:20 --> INSERT member image check: KENJIE M. EBARLE photo => C:\Users\Richard Miculob\Documents\ResQR\public\uploads/family_photos/KENJIE_M_EBARLE_2026-04-18_17-07-35.jpg exists=YES
DEBUG - 2026-04-19 10:09:20 --> Found family header at row 5687, data starts at row 5689
DEBUG - 2026-04-19 10:09:20 --> Added family member: NATHALIA ISABEL DUMANGCAS (Relation: DAUGHTER)
DEBUG - 2026-04-19 10:09:20 --> Stopping family parse at row 5694 - found: 26. VULNERABLE MEMBERS:
Older Persons: 0   Pregnant: 0   Lactating: 0   PWD: 0
DEBUG - 2026-04-19 10:09:20 --> Total family members parsed: 1
DEBUG - 2026-04-19 10:09:20 --> INSERT head image check: photo => C:\Users\Richard Miculob\Documents\ResQR\public\uploads/head_photos/CARMELLA_GOMEZ_DUMANGCAS__2026-04-18_17-09-24.jpg exists=YES
DEBUG - 2026-04-19 10:09:20 --> INSERT head image check: signature_thumbmark => C:\Users\Richard Miculob\Documents\ResQR\public\uploads/signatures/CARMELLA_GOMEZ_DUMANGCAS_SIGNATURE_DRAWN_2026-04-18_17-11-50.png exists=YES
DEBUG - 2026-04-19 10:09:20 --> INSERT head image check: right_thumbmark => C:\Users\Richard Miculob\Documents\ResQR\public\uploads/thumbmarks/CARMELLA_GOMEZ_DUMANGCAS_THUMBMARK_2026-04-18_17-11-50.png exists=YES
DEBUG - 2026-04-19 10:09:20 --> INSERT member image check: NATHALIA ISABEL DUMANGCAS photo => C:\Users\Richard Miculob\Documents\ResQR\public\uploads/family_photos/NATHALIA_ISABEL_DUMANGCAS_2026-04-18_17-09-24.jpg exists=YES
DEBUG - 2026-04-19 10:09:20 --> Found family header at row 5717, data starts at row 5719
DEBUG - 2026-04-19 10:09:20 --> Added family member: VIRGIE PEPITO SAMONTE (Relation: WIFE)
DEBUG - 2026-04-19 10:09:20 --> Added family member: JAHVEH MARTIN C. SAMONTE (Relation: SON)
DEBUG - 2026-04-19 10:09:20 --> Stopping family parse at row 5724 - found: 26. VULNERABLE MEMBERS:
Older Persons: 0   Pregnant: 0   Lactating: 0   PWD: 0
DEBUG - 2026-04-19 10:09:20 --> Total family members parsed: 2
DEBUG - 2026-04-19 10:09:20 --> INSERT head image check: photo => C:\Users\Richard Miculob\Documents\ResQR\public\uploads/head_photos/JEFFREY_CARMEN_SAMONTE_2026-04-18_17-10-36.jpg exists=YES
DEBUG - 2026-04-19 10:09:20 --> INSERT head image check: signature_thumbmark => C:\Users\Richard Miculob\Documents\ResQR\public\uploads/signatures/JEFFREY_CARMEN_SAMONTE_SIGNATURE_DRAWN_2026-04-18_17-12-53.png exists=YES
DEBUG - 2026-04-19 10:09:20 --> INSERT head image check: right_thumbmark => C:\Users\Richard Miculob\Documents\ResQR\public\uploads/thumbmarks/JEFFREY_CARMEN_SAMONTE_THUMBMARK_2026-04-18_17-12-53.png exists=YES
DEBUG - 2026-04-19 10:09:20 --> INSERT member image check: JAHVEH MARTIN C. SAMONTE photo => C:\Users\Richard Miculob\Documents\ResQR\public\uploads/family_photos/JAHVEH_MARTIN_C_SAMONTE_2026-04-18_17-10-36.jpg exists=YES
DEBUG - 2026-04-19 10:09:20 --> Found family header at row 5747, data starts at row 5749
DEBUG - 2026-04-19 10:09:20 --> Added family member: MAY ANN D. MICULOB (Relation: WIFE)
DEBUG - 2026-04-19 10:09:20 --> Added family member: AKAIH WIANN D. MICULOB (Relation: DAUGHTER)
DEBUG - 2026-04-19 10:09:20 --> Stopping family parse at row 5754 - found: 26. VULNERABLE MEMBERS:
Older Persons: 0   Pregnant: 0   Lactating: 1   PWD: 0
DEBUG - 2026-04-19 10:09:20 --> Total family members parsed: 2
DEBUG - 2026-04-19 10:09:20 --> INSERT head image check: photo => C:\Users\Richard Miculob\Documents\ResQR\public\uploads/head_photos/WILBERT_CASTIL_MICULOB_2026-04-18_17-11-23.jpg exists=YES
DEBUG - 2026-04-19 10:09:20 --> INSERT head image check: signature_thumbmark => C:\Users\Richard Miculob\Documents\ResQR\public\uploads/signatures/WILBERT_CASTIL_MICULOB_SIGNATURE_DRAWN_2026-04-18_17-13-51.png exists=YES
DEBUG - 2026-04-19 10:09:20 --> INSERT head image check: right_thumbmark => C:\Users\Richard Miculob\Documents\ResQR\public\uploads/thumbmarks/WILBERT_CASTIL_MICULOB_THUMBMARK_2026-04-18_17-13-51.png exists=YES
DEBUG - 2026-04-19 10:09:20 --> INSERT member image check: MAY ANN D. MICULOB photo => C:\Users\Richard Miculob\Documents\ResQR\public\uploads/family_photos/MAY_ANN_D_MICULOB_2026-04-18_17-11-48.jpg exists=YES
DEBUG - 2026-04-19 10:09:20 --> INSERT member image check: AKAIH WIANN D. MICULOB photo => C:\Users\Richard Miculob\Documents\ResQR\public\uploads/family_photos/AKAIH_WIANN_D_MICULOB_2026-04-18_17-11-48.jpg exists=YES
DEBUG - 2026-04-19 10:09:20 --> Found family header at row 5777, data starts at row 5779
DEBUG - 2026-04-19 10:09:20 --> Added family member: MARY JANE ESTRERA (Relation: WIFE)
DEBUG - 2026-04-19 10:09:20 --> Added family member: JAYDEN RYEL DAHANG (Relation: SON)
DEBUG - 2026-04-19 10:09:20 --> Stopping family parse at row 5784 - found: 26. VULNERABLE MEMBERS:
Older Persons: 0   Pregnant: 0   Lactating: 1   PWD: 0
DEBUG - 2026-04-19 10:09:20 --> Total family members parsed: 2
DEBUG - 2026-04-19 10:09:20 --> INSERT head image check: photo => C:\Users\Richard Miculob\Documents\ResQR\public\uploads/head_photos/JAY_AR_TIZON_DAHANG_2026-04-18_17-13-01.jpg exists=YES
DEBUG - 2026-04-19 10:09:20 --> INSERT head image check: signature_thumbmark => C:\Users\Richard Miculob\Documents\ResQR\public\uploads/signatures/JAY-AR_TIZON_DAHANG_SIGNATURE_DRAWN_2026-04-18_17-14-44.png exists=YES
DEBUG - 2026-04-19 10:09:20 --> INSERT head image check: right_thumbmark => C:\Users\Richard Miculob\Documents\ResQR\public\uploads/thumbmarks/JAY-AR_TIZON_DAHANG_THUMBMARK_2026-04-18_17-14-44.png exists=YES
DEBUG - 2026-04-19 10:09:20 --> INSERT member image check: MARY JANE ESTRERA photo => C:\Users\Richard Miculob\Documents\ResQR\public\uploads/family_photos/MARY_JANE_ESTRERA_2026-04-18_17-13-45.jpg exists=YES
DEBUG - 2026-04-19 10:09:20 --> INSERT member image check: JAYDEN RYEL DAHANG photo => C:\Users\Richard Miculob\Documents\ResQR\public\uploads/family_photos/JAYDEN_RYEL_DAHANG_2026-04-18_17-13-45.jpg exists=YES
DEBUG - 2026-04-19 10:09:20 --> Found family header at row 5807, data starts at row 5809
DEBUG - 2026-04-19 10:09:20 --> Added family member: ROSALIN LUCILINARA SALON (Relation: LIVE-IN PARTNER)
DEBUG - 2026-04-19 10:09:20 --> Added family member: RHYNA AMARAH SALON DUMANGCAS (Relation: DAUGHTER)
DEBUG - 2026-04-19 10:09:20 --> Added family member: RHYS AMARI SALON DUMANGCAS (Relation: SON)
DEBUG - 2026-04-19 10:09:20 --> Stopping family parse at row 5814 - found: 26. VULNERABLE MEMBERS:
Older Persons: 0   Pregnant: 0   Lactating: 0   PWD: 0
DEBUG - 2026-04-19 10:09:20 --> Total family members parsed: 3
DEBUG - 2026-04-19 10:09:20 --> INSERT head image check: photo => C:\Users\Richard Miculob\Documents\ResQR\public\uploads/head_photos/RAYMUND_LESTER_SEMINE_DUMANGCAS__2026-04-18_17-17-54.jpg exists=YES
DEBUG - 2026-04-19 10:09:20 --> INSERT head image check: signature_thumbmark => C:\Users\Richard Miculob\Documents\ResQR\public\uploads/signatures/RAYMUND_LESTER_SEMINE_DUMANGCAS_SIGNATURE_DRAWN_2026-04-18_17-19-18.png exists=YES
DEBUG - 2026-04-19 10:09:20 --> INSERT head image check: right_thumbmark => C:\Users\Richard Miculob\Documents\ResQR\public\uploads/thumbmarks/RAYMUND_LESTER_SEMINE_DUMANGCAS_THUMBMARK_2026-04-18_17-19-18.png exists=YES
DEBUG - 2026-04-19 10:09:20 --> INSERT member image check: ROSALIN LUCILINARA SALON photo => C:\Users\Richard Miculob\Documents\ResQR\public\uploads/family_photos/ROSALIN_LUCILINARA_SALON_2026-04-18_17-17-54.jpg exists=YES
DEBUG - 2026-04-19 10:09:20 --> INSERT member image check: RHYNA AMARAH SALON DUMANGCAS photo => C:\Users\Richard Miculob\Documents\ResQR\public\uploads/family_photos/RHYNA_AMARAH_SALON_DUMANGCAS_2026-04-18_17-17-54.jpg exists=YES
DEBUG - 2026-04-19 10:09:20 --> INSERT member image check: RHYS AMARI SALON DUMANGCAS photo => C:\Users\Richard Miculob\Documents\ResQR\public\uploads/family_photos/RHYS_AMARI_SALON_DUMANGCAS_2026-04-18_17-17-54.jpg exists=YES
DEBUG - 2026-04-19 10:09:20 --> Found family header at row 5837, data starts at row 5839
DEBUG - 2026-04-19 10:09:20 --> Added family member: SKY ZACHARY JAN FRANCISCO (Relation: SON)
DEBUG - 2026-04-19 10:09:20 --> Stopping family parse at row 5844 - found: 26. VULNERABLE MEMBERS:
Older Persons: 0   Pregnant: 0   Lactating: 0   PWD: 0
DEBUG - 2026-04-19 10:09:20 --> Total family members parsed: 1
DEBUG - 2026-04-19 10:09:20 --> INSERT head image check: photo => C:\Users\Richard Miculob\Documents\ResQR\public\uploads/head_photos/1776503834_ce61a73a0e35697507c3.jpg exists=YES
DEBUG - 2026-04-19 10:09:20 --> INSERT head image check: signature_thumbmark => C:\Users\Richard Miculob\Documents\ResQR\public\uploads/signatures/JESSECA_ALONDRES_FRANCISCO_SIGNATURE_DRAWN_2026-04-18_17-24-11.png exists=YES
DEBUG - 2026-04-19 10:09:20 --> INSERT head image check: right_thumbmark => C:\Users\Richard Miculob\Documents\ResQR\public\uploads/thumbmarks/JESSECA_ALONDRES_FRANCISCO_THUMBMARK_2026-04-18_17-24-11.png exists=YES
DEBUG - 2026-04-19 10:09:20 --> INSERT member image check: SKY ZACHARY JAN FRANCISCO photo => C:\Users\Richard Miculob\Documents\ResQR\public\uploads/family_photos/SKY_ZACHARY_JAN_FRANCISCO_2026-04-18_17-17-14.jpg exists=YES
DEBUG - 2026-04-19 10:09:20 --> Found family header at row 5867, data starts at row 5869
DEBUG - 2026-04-19 10:09:20 --> Added family member: MYLENE E. BALISTOY (Relation: LIVE IN-PARTNER)
DEBUG - 2026-04-19 10:09:20 --> Added family member: SHYRAIN MAE BALISTOY (Relation: DAUGHTER)
DEBUG - 2026-04-19 10:09:20 --> Stopping family parse at row 5874 - found: 26. VULNERABLE MEMBERS:
Older Persons: 0   Pregnant: 0   Lactating: 0   PWD: 0
DEBUG - 2026-04-19 10:09:20 --> Total family members parsed: 2
DEBUG - 2026-04-19 10:09:20 --> INSERT head image check: photo => C:\Users\Richard Miculob\Documents\ResQR\public\uploads/head_photos/1776503934_7f9349f9d324d4b2abc8.jpg exists=YES
DEBUG - 2026-04-19 10:09:20 --> INSERT head image check: signature_thumbmark => C:\Users\Richard Miculob\Documents\ResQR\public\uploads/signatures/RANIER_TIZON_ALCANTAR_SIGNATURE_DRAWN_2026-04-18_17-22-04.png exists=YES
DEBUG - 2026-04-19 10:09:20 --> INSERT head image check: right_thumbmark => C:\Users\Richard Miculob\Documents\ResQR\public\uploads/thumbmarks/RANIER_TIZON_ALCANTAR_THUMBMARK_2026-04-18_17-22-04.png exists=YES
DEBUG - 2026-04-19 10:09:20 --> INSERT member image check: MYLENE E. BALISTOY photo => C:\Users\Richard Miculob\Documents\ResQR\public\uploads/family_photos/MYLENE_E_BALISTOY_2026-04-18_17-18-54.jpg exists=YES
DEBUG - 2026-04-19 10:09:20 --> INSERT member image check: SHYRAIN MAE BALISTOY photo => C:\Users\Richard Miculob\Documents\ResQR\public\uploads/family_photos/SHYRAIN_MAE_BALISTOY_2026-04-18_17-18-54.jpg exists=YES
DEBUG - 2026-04-19 10:09:20 --> Found family header at row 5897, data starts at row 5899
DEBUG - 2026-04-19 10:09:20 --> Added family member: NEMIA G. DUMANGCAS (Relation: WIFE)
DEBUG - 2026-04-19 10:09:20 --> Added family member: CRYSTAL G. DUMANGCAS (Relation: DAUGHTER)
DEBUG - 2026-04-19 10:09:20 --> Added family member: CARL G. DUMANGCAS (Relation: SON)
DEBUG - 2026-04-19 10:09:20 --> Stopping family parse at row 5904 - found: 26. VULNERABLE MEMBERS:
Older Persons: 0   Pregnant: 0   Lactating: 0   PWD: 0
DEBUG - 2026-04-19 10:09:20 --> Total family members parsed: 3
DEBUG - 2026-04-19 10:09:20 --> INSERT head image check: photo => C:\Users\Richard Miculob\Documents\ResQR\public\uploads/head_photos/ROWEN_HERRERA_DUMANGCAS_2026-04-18_17-42-49.jpg exists=YES
DEBUG - 2026-04-19 10:09:20 --> INSERT head image check: signature_thumbmark => C:\Users\Richard Miculob\Documents\ResQR\public\uploads/signatures/ROWEN_HERRERA_DUMANGCAS_SIGNATURE_DRAWN_2026-04-18_17-49-43.png exists=YES
DEBUG - 2026-04-19 10:09:20 --> INSERT head image check: right_thumbmark => C:\Users\Richard Miculob\Documents\ResQR\public\uploads/thumbmarks/ROWEN_HERRERA_DUMANGCAS_THUMBMARK_2026-04-18_17-49-43.png exists=YES
DEBUG - 2026-04-19 10:09:20 --> INSERT member image check: NEMIA G. DUMANGCAS photo => C:\Users\Richard Miculob\Documents\ResQR\public\uploads/family_photos/NEMIA_G_DUMANGCAS_2026-04-18_17-21-46.jpg exists=YES
DEBUG - 2026-04-19 10:09:20 --> INSERT member image check: CARL G. DUMANGCAS photo => C:\Users\Richard Miculob\Documents\ResQR\public\uploads/family_photos/CARL_G_DUMANGCAS_2026-04-18_18-47-40.jpg exists=YES
DEBUG - 2026-04-19 10:09:20 --> Found family header at row 5927, data starts at row 5929
DEBUG - 2026-04-19 10:09:20 --> Added family member: FERLITA JUMAMOY DALING (Relation: WIFE)
DEBUG - 2026-04-19 10:09:20 --> Added family member: KESHA MAY JUMAMOY DALING (Relation: DAUGHTER)
DEBUG - 2026-04-19 10:09:20 --> Added family member: ASHER THEO JUMAMOY DALING (Relation: SON)
DEBUG - 2026-04-19 10:09:20 --> Stopping family parse at row 5934 - found: 26. VULNERABLE MEMBERS:
Older Persons: 0   Pregnant: 0   Lactating: 0   PWD: 0
DEBUG - 2026-04-19 10:09:20 --> Total family members parsed: 3
DEBUG - 2026-04-19 10:09:20 --> INSERT head image check: photo => C:\Users\Richard Miculob\Documents\ResQR\public\uploads/head_photos/ROBERT_EBARLE_DALING_2026-04-18_17-35-51.jpg exists=YES
DEBUG - 2026-04-19 10:09:20 --> INSERT head image check: signature_thumbmark => C:\Users\Richard Miculob\Documents\ResQR\public\uploads/signatures/ROBERT_EBARLE_DALING_SIGNATURE_DRAWN_2026-04-18_17-39-21.png exists=YES
DEBUG - 2026-04-19 10:09:20 --> INSERT head image check: right_thumbmark => C:\Users\Richard Miculob\Documents\ResQR\public\uploads/thumbmarks/ROBERT_EBARLE_DALING_THUMBMARK_2026-04-18_17-39-21.png exists=YES
DEBUG - 2026-04-19 10:09:20 --> INSERT member image check: KESHA MAY JUMAMOY DALING photo => C:\Users\Richard Miculob\Documents\ResQR\public\uploads/family_photos/KESHA_MAY_JUMAMOY_DALING_2026-04-18_17-35-51.jpg exists=YES
DEBUG - 2026-04-19 10:09:20 --> INSERT member image check: ASHER THEO JUMAMOY DALING photo => C:\Users\Richard Miculob\Documents\ResQR\public\uploads/family_photos/ASHER_THEO_JUMAMOY_DALING_2026-04-18_17-35-51.jpg exists=YES
DEBUG - 2026-04-19 10:09:20 --> Found family header at row 5957, data starts at row 5959
DEBUG - 2026-04-19 10:09:20 --> Added family member: ANNIE ROSAL (Relation: WIFE)
DEBUG - 2026-04-19 10:09:20 --> Added family member: CHRISTINE MAE ROSAL (Relation: DAUGHTER)
DEBUG - 2026-04-19 10:09:20 --> Added family member: ENZA BEATRICE ROSAL (Relation: GRANDDAUGHTER)
DEBUG - 2026-04-19 10:09:20 --> Added family member: DEA SHAINE ROSAL (Relation: GRANDDAUGHTER)
DEBUG - 2026-04-19 10:09:20 --> Added family member: CHERRIE JEAN GOMEZ (Relation: DAUGHTER IN-LAW)
DEBUG - 2026-04-19 10:09:20 --> Added family member: CHRISTINA ZHAYNE ROSAL (Relation: GRANDDAUGHTER)
DEBUG - 2026-04-19 10:09:20 --> Added family member: CHARLES IAN ROSAL (Relation: GRANDSON)
DEBUG - 2026-04-19 10:09:20 --> Stopping family parse at row 5966 - found: 26. VULNERABLE MEMBERS:
Older Persons: 1   Pregnant: 0   Lactating: 0   PWD: 0
DEBUG - 2026-04-19 10:09:20 --> Total family members parsed: 7
DEBUG - 2026-04-19 10:09:20 --> INSERT head image check: photo => C:\Users\Richard Miculob\Documents\ResQR\public\uploads/head_photos/CRISTITO_IBAHAY_ROSAL_2026-04-18_17-32-42.jpg exists=YES
DEBUG - 2026-04-19 10:09:20 --> INSERT head image check: signature_thumbmark => C:\Users\Richard Miculob\Documents\ResQR\public\uploads/signatures/CRISTITO_IBAHAY_ROSAL_SIGNATURE_DRAWN_2026-04-18_17-34-14.png exists=YES
DEBUG - 2026-04-19 10:09:20 --> INSERT head image check: right_thumbmark => C:\Users\Richard Miculob\Documents\ResQR\public\uploads/thumbmarks/CRISTITO_IBAHAY_ROSAL_THUMBMARK_2026-04-18_17-34-14.png exists=YES
DEBUG - 2026-04-19 10:09:20 --> INSERT member image check: ANNIE ROSAL photo => C:\Users\Richard Miculob\Documents\ResQR\public\uploads/family_photos/ANNIE_ROSAL_2026-04-18_17-32-42.jpg exists=YES
DEBUG - 2026-04-19 10:09:20 --> INSERT member image check: CHRISTINE MAE ROSAL photo => C:\Users\Richard Miculob\Documents\ResQR\public\uploads/family_photos/CHRISTINE_MAE_ROSAL_2026-04-18_17-32-42.jpg exists=YES
DEBUG - 2026-04-19 10:09:20 --> INSERT member image check: ENZA BEATRICE ROSAL photo => C:\Users\Richard Miculob\Documents\ResQR\public\uploads/family_photos/ENZA_BEATRICE_ROSAL_2026-04-18_17-32-42.jpg exists=YES
DEBUG - 2026-04-19 10:09:20 --> INSERT member image check: DEA SHAINE ROSAL photo => C:\Users\Richard Miculob\Documents\ResQR\public\uploads/family_photos/DEA_SHAINE_ROSAL_2026-04-18_17-32-42.jpg exists=YES
DEBUG - 2026-04-19 10:09:20 --> INSERT member image check: CHRISTINA ZHAYNE ROSAL photo => C:\Users\Richard Miculob\Documents\ResQR\public\uploads/family_photos/CHRISTINA_ZHAYNE_ROSAL_2026-04-18_17-32-42.jpg exists=YES
DEBUG - 2026-04-19 10:09:20 --> INSERT member image check: CHARLES IAN ROSAL photo => C:\Users\Richard Miculob\Documents\ResQR\public\uploads/family_photos/CHARLES_IAN_ROSAL_2026-04-18_17-32-42.jpg exists=YES
DEBUG - 2026-04-19 10:09:20 --> Found family header at row 5989, data starts at row 5991
DEBUG - 2026-04-19 10:09:20 --> Added family member: DORIS EBARLE DALING (Relation: WIFE)
DEBUG - 2026-04-19 10:09:20 --> Added family member: MARY JOY EBARLE DALING (Relation: DAUGHTER)
DEBUG - 2026-04-19 10:09:20 --> Stopping family parse at row 5996 - found: 26. VULNERABLE MEMBERS:
Older Persons: 0   Pregnant: 0   Lactating: 0   PWD: 0
DEBUG - 2026-04-19 10:09:20 --> Total family members parsed: 2
DEBUG - 2026-04-19 10:09:20 --> INSERT head image check: photo => C:\Users\Richard Miculob\Documents\ResQR\public\uploads/head_photos/ROBERTO_LOQUERO_DALING_2026-04-18_17-34-13.jpg exists=YES
DEBUG - 2026-04-19 10:09:20 --> INSERT head image check: signature_thumbmark => C:\Users\Richard Miculob\Documents\ResQR\public\uploads/signatures/ROBERTO_LOQUERO_DALING_SIGNATURE_DRAWN_2026-04-18_17-38-01.png exists=YES
DEBUG - 2026-04-19 10:09:20 --> INSERT head image check: right_thumbmark => C:\Users\Richard Miculob\Documents\ResQR\public\uploads/thumbmarks/ROBERTO_LOQUERO_DALING_THUMBMARK_2026-04-18_17-38-01.png exists=YES
DEBUG - 2026-04-19 10:09:20 --> INSERT member image check: DORIS EBARLE DALING photo => C:\Users\Richard Miculob\Documents\ResQR\public\uploads/family_photos/DORIS_EBARLE_DALING_2026-04-18_17-34-13.jpg exists=YES
DEBUG - 2026-04-19 10:09:20 --> INSERT member image check: MARY JOY EBARLE DALING photo => C:\Users\Richard Miculob\Documents\ResQR\public\uploads/family_photos/MARY_JOY_EBARLE_DALING_2026-04-18_17-34-13.jpg exists=YES
DEBUG - 2026-04-19 10:09:20 --> Found family header at row 6019, data starts at row 6021
DEBUG - 2026-04-19 10:09:20 --> Added family member: MARICEL T. MAGDOGO (Relation: WIFE)
DEBUG - 2026-04-19 10:09:20 --> Added family member: ADEL SALCEDO (Relation: DAUGHTER)
DEBUG - 2026-04-19 10:09:20 --> Added family member: JULIUS SALCEDO (Relation: SON)
DEBUG - 2026-04-19 10:09:20 --> Stopping family parse at row 6026 - found: 26. VULNERABLE MEMBERS:
Older Persons: 0   Pregnant: 0   Lactating: 0   PWD: 0
DEBUG - 2026-04-19 10:09:20 --> Total family members parsed: 3
DEBUG - 2026-04-19 10:09:20 --> INSERT head image check: photo => C:\Users\Richard Miculob\Documents\ResQR\public\uploads/head_photos/1776504917_24ad8fab16a0de5df810.jpg exists=YES
DEBUG - 2026-04-19 10:09:20 --> INSERT head image check: signature_thumbmark => C:\Users\Richard Miculob\Documents\ResQR\public\uploads/signatures/ANTONIO_HONCULADA_MAGDOGO_SIGNATURE_DRAWN_2026-04-18_17-36-19.png exists=YES
DEBUG - 2026-04-19 10:09:20 --> INSERT head image check: right_thumbmark => C:\Users\Richard Miculob\Documents\ResQR\public\uploads/thumbmarks/ANTONIO_HONCULADA_MAGDOGO_THUMBMARK_2026-04-18_17-36-19.png exists=YES
DEBUG - 2026-04-19 10:09:20 --> INSERT member image check: MARICEL T. MAGDOGO photo => C:\Users\Richard Miculob\Documents\ResQR\public\uploads/family_photos/MARICEL_T_MAGDOGO_2026-04-18_17-45-27.jpg exists=YES
DEBUG - 2026-04-19 10:09:20 --> INSERT member image check: ADEL SALCEDO photo => C:\Users\Richard Miculob\Documents\ResQR\public\uploads/family_photos/ADEL_SALCEDO_2026-04-18_17-35-17.jpg exists=YES
DEBUG - 2026-04-19 10:09:20 --> Found family header at row 6049, data starts at row 6051
DEBUG - 2026-04-19 10:09:20 --> Added family member: JESUS JAMON (Relation: LIVE IN PARTNER)
DEBUG - 2026-04-19 10:09:20 --> Added family member: CHARLE TIZON (Relation: COUSIN)
DEBUG - 2026-04-19 10:09:20 --> Added family member: JELORD JAMON (Relation: SON)
DEBUG - 2026-04-19 10:09:20 --> Added family member: JELIANA RAE JAMON (Relation: DAUGHTER)
DEBUG - 2026-04-19 10:09:20 --> Stopping family parse at row 6056 - found: 26. VULNERABLE MEMBERS:
Older Persons: 0   Pregnant: 0   Lactating: 1   PWD: 0
DEBUG - 2026-04-19 10:09:20 --> Total family members parsed: 4
DEBUG - 2026-04-19 10:09:20 --> INSERT head image check: photo => C:\Users\Richard Miculob\Documents\ResQR\public\uploads/head_photos/JUVY_PILLAROSTE_MAQUIDATO_2026-04-18_17-37-37.jpg exists=YES
DEBUG - 2026-04-19 10:09:20 --> INSERT head image check: signature_thumbmark => C:\Users\Richard Miculob\Documents\ResQR\public\uploads/signatures/JUVY_PILLAROSTE_MAQUIDATO_SIGNATURE_DRAWN_2026-04-18_17-40-30.png exists=YES
DEBUG - 2026-04-19 10:09:20 --> INSERT head image check: right_thumbmark => C:\Users\Richard Miculob\Documents\ResQR\public\uploads/thumbmarks/JUVY_PILLAROSTE_MAQUIDATO_THUMBMARK_2026-04-18_17-40-30.png exists=YES
DEBUG - 2026-04-19 10:09:20 --> INSERT member image check: JESUS JAMON photo => C:\Users\Richard Miculob\Documents\ResQR\public\uploads/family_photos/JESUS_JAMON_2026-04-18_17-37-37.jpg exists=YES
DEBUG - 2026-04-19 10:09:20 --> INSERT member image check: CHARLE TIZON photo => C:\Users\Richard Miculob\Documents\ResQR\public\uploads/family_photos/CHARLE_TIZON_2026-04-18_17-37-37.jpg exists=YES
DEBUG - 2026-04-19 10:09:20 --> INSERT member image check: JELIANA RAE JAMON photo => C:\Users\Richard Miculob\Documents\ResQR\public\uploads/family_photos/JELIANA_RAE_JAMON_2026-04-18_17-37-37.jpg exists=YES
DEBUG - 2026-04-19 10:09:20 --> Found family header at row 6079, data starts at row 6081
DEBUG - 2026-04-19 10:09:20 --> Added family member: ANTONIA ATASAN ABUROT (Relation: LIVE IN-PARTNER)
DEBUG - 2026-04-19 10:09:20 --> Added family member: HERRON ABUROT (Relation: STEP-SON)
DEBUG - 2026-04-19 10:09:20 --> Added family member: NIÑO ALCANTAR (Relation: SON)
DEBUG - 2026-04-19 10:09:20 --> Stopping family parse at row 6086 - found: 26. VULNERABLE MEMBERS:
Older Persons: 0   Pregnant: 0   Lactating: 0   PWD: 0
DEBUG - 2026-04-19 10:09:20 --> Total family members parsed: 3
DEBUG - 2026-04-19 10:09:20 --> INSERT member image check: ANTONIA ATASAN ABUROT photo => C:\Users\Richard Miculob\Documents\ResQR\public\uploads/family_photos/ANTONIA_ATASAN_ABUROT_2026-04-18_17-40-17.jpg exists=YES
DEBUG - 2026-04-19 10:09:20 --> Found family header at row 6109, data starts at row 6111
DEBUG - 2026-04-19 10:09:20 --> Added family member: NONA S. DUMANGCAS (Relation: WIFE)
DEBUG - 2026-04-19 10:09:20 --> Added family member: DAVE S. DUMANGCAS (Relation: SON)
DEBUG - 2026-04-19 10:09:20 --> Added family member: FRITZ S. DUMANGCAS (Relation: SON)
DEBUG - 2026-04-19 10:09:20 --> Added family member: BLANE S. DUMANGCAS (Relation: SON)
DEBUG - 2026-04-19 10:09:20 --> Stopping family parse at row 6116 - found: 26. VULNERABLE MEMBERS:
Older Persons: 0   Pregnant: 0   Lactating: 0   PWD: 0
DEBUG - 2026-04-19 10:09:20 --> Total family members parsed: 4
DEBUG - 2026-04-19 10:09:20 --> INSERT head image check: photo => C:\Users\Richard Miculob\Documents\ResQR\public\uploads/head_photos/1776505466_4589b03a1ea0570bd86c.jpg exists=YES
DEBUG - 2026-04-19 10:09:20 --> INSERT head image check: signature_thumbmark => C:\Users\Richard Miculob\Documents\ResQR\public\uploads/signatures/ROLYN_HERRERA_DUMANGCAS_SIGNATURE_DRAWN_2026-04-18_17-50-59.png exists=YES
DEBUG - 2026-04-19 10:09:20 --> INSERT head image check: right_thumbmark => C:\Users\Richard Miculob\Documents\ResQR\public\uploads/thumbmarks/ROLYN_HERRERA_DUMANGCAS_THUMBMARK_2026-04-18_17-50-59.png exists=YES
DEBUG - 2026-04-19 10:09:20 --> INSERT member image check: NONA S. DUMANGCAS photo => C:\Users\Richard Miculob\Documents\ResQR\public\uploads/family_photos/NONA_S_DUMANGCAS_2026-04-18_17-44-26.jpg exists=YES
DEBUG - 2026-04-19 10:09:20 --> INSERT member image check: DAVE S. DUMANGCAS photo => C:\Users\Richard Miculob\Documents\ResQR\public\uploads/family_photos/DAVE_S_DUMANGCAS_2026-04-18_17-44-26.jpg exists=YES
DEBUG - 2026-04-19 10:09:20 --> INSERT member image check: FRITZ S. DUMANGCAS photo => C:\Users\Richard Miculob\Documents\ResQR\public\uploads/family_photos/FRITZ_S_DUMANGCAS_2026-04-18_17-44-26.jpg exists=YES
DEBUG - 2026-04-19 10:09:20 --> Found family header at row 6139, data starts at row 6141
DEBUG - 2026-04-19 10:09:20 --> Added family member: DAWN ANGELA D. LABO (Relation: DAUGHTER)
DEBUG - 2026-04-19 10:09:20 --> Stopping family parse at row 6146 - found: 26. VULNERABLE MEMBERS:
Older Persons: 0   Pregnant: 0   Lactating: 0   PWD: 0
DEBUG - 2026-04-19 10:09:20 --> Total family members parsed: 1
DEBUG - 2026-04-19 10:09:20 --> INSERT head image check: photo => C:\Users\Richard Miculob\Documents\ResQR\public\uploads/head_photos/MERCY_ALONDRES_DAHAN_2026-04-18_17-44-48.jpg exists=YES
DEBUG - 2026-04-19 10:09:20 --> INSERT head image check: signature_thumbmark => C:\Users\Richard Miculob\Documents\ResQR\public\uploads/signatures/MERCY_ALONDRES_DAHAN_SIGNATURE_DRAWN_2026-04-18_17-51-46.png exists=YES
DEBUG - 2026-04-19 10:09:20 --> INSERT head image check: right_thumbmark => C:\Users\Richard Miculob\Documents\ResQR\public\uploads/thumbmarks/MERCY_ALONDRES_DAHAN_THUMBMARK_2026-04-18_17-51-46.png exists=YES
DEBUG - 2026-04-19 10:09:20 --> INSERT member image check: DAWN ANGELA D. LABO photo => C:\Users\Richard Miculob\Documents\ResQR\public\uploads/family_photos/DAWN_ANGELA_D_LABO_2026-04-18_17-45-04.jpg exists=YES
DEBUG - 2026-04-19 10:09:20 --> Found family header at row 6169, data starts at row 6171
DEBUG - 2026-04-19 10:09:20 --> Added family member: SONIA T. ALCANTAR (Relation: WIFE)
DEBUG - 2026-04-19 10:09:20 --> Added family member: CHRISTINE T. ALCANTAR (Relation: DAUGHTER)
DEBUG - 2026-04-19 10:09:20 --> Added family member: MAY-ANN T. ALCANTAR (Relation: DAUGHTER)
DEBUG - 2026-04-19 10:09:20 --> Added family member: JAY-ANN T. ALCANTAR (Relation: GRANDDAUGHTER)
DEBUG - 2026-04-19 10:09:20 --> Added family member: KHIMJE JADMAN (Relation: GRANDSON)
DEBUG - 2026-04-19 10:09:20 --> Stopping family parse at row 6176 - found: 26. VULNERABLE MEMBERS:
Older Persons: 2   Pregnant: 0   Lactating: 0   PWD: 0
DEBUG - 2026-04-19 10:09:20 --> Total family members parsed: 5
DEBUG - 2026-04-19 10:09:20 --> INSERT head image check: photo => C:\Users\Richard Miculob\Documents\ResQR\public\uploads/head_photos/NICOLAS_UBA_ALCANTAR_2026-04-18_17-47-22.jpg exists=YES
DEBUG - 2026-04-19 10:09:20 --> INSERT head image check: signature_thumbmark => C:\Users\Richard Miculob\Documents\ResQR\public\uploads/signatures/NICOLAS_UBA_ALCANTAR_SIGNATURE_DRAWN_2026-04-18_17-53-15.png exists=YES
DEBUG - 2026-04-19 10:09:20 --> INSERT head image check: right_thumbmark => C:\Users\Richard Miculob\Documents\ResQR\public\uploads/thumbmarks/NICOLAS_UBA_ALCANTAR_THUMBMARK_2026-04-18_17-53-15.png exists=YES
DEBUG - 2026-04-19 10:09:20 --> INSERT member image check: CHRISTINE T. ALCANTAR photo => C:\Users\Richard Miculob\Documents\ResQR\public\uploads/family_photos/CHRISTINE_T_ALCANTAR_2026-04-18_17-47-22.jpg exists=YES
DEBUG - 2026-04-19 10:09:20 --> INSERT member image check: MAY-ANN T. ALCANTAR photo => C:\Users\Richard Miculob\Documents\ResQR\public\uploads/family_photos/MAY-ANN_T_ALCANTAR_2026-04-18_17-47-22.jpg exists=YES
DEBUG - 2026-04-19 10:09:20 --> INSERT member image check: JAY-ANN T. ALCANTAR photo => C:\Users\Richard Miculob\Documents\ResQR\public\uploads/family_photos/JAY-ANN_T_ALCANTAR_2026-04-18_17-47-22.jpg exists=YES
DEBUG - 2026-04-19 10:09:20 --> INSERT member image check: KHIMJE JADMAN photo => C:\Users\Richard Miculob\Documents\ResQR\public\uploads/family_photos/KHIMJE_JADMAN_2026-04-18_17-47-22.jpg exists=YES
DEBUG - 2026-04-19 10:09:20 --> Found family header at row 6199, data starts at row 6201
DEBUG - 2026-04-19 10:09:20 --> Added family member: BERLY LIBRES DOSDOS (Relation: WIFE)
DEBUG - 2026-04-19 10:09:20 --> Added family member: VINCE EXEQUIEL LIBRES DOSDOS (Relation: SON)
DEBUG - 2026-04-19 10:09:20 --> Added family member: BERMON KEVIN LIBRES DOSDOS (Relation: SON)
DEBUG - 2026-04-19 10:09:20 --> Added family member: MARY CHRISTINE LIBRES DOSDOS (Relation: DAUGHTER)
DEBUG - 2026-04-19 10:09:20 --> Stopping family parse at row 6206 - found: 26. VULNERABLE MEMBERS:
Older Persons: 0   Pregnant: 0   Lactating: 0   PWD: 1
DEBUG - 2026-04-19 10:09:20 --> Total family members parsed: 4
DEBUG - 2026-04-19 10:09:20 --> INSERT head image check: photo => C:\Users\Richard Miculob\Documents\ResQR\public\uploads/head_photos/SOLOMON_LEQUIGAN_DOSDOS_2026-04-18_17-51-22.jpg exists=YES
DEBUG - 2026-04-19 10:09:20 --> INSERT head image check: signature_thumbmark => C:\Users\Richard Miculob\Documents\ResQR\public\uploads/signatures/SOLOMON_LEQUIGAN_DOSDOS_SIGNATURE_DRAWN_2026-04-18_17-55-33.png exists=YES
DEBUG - 2026-04-19 10:09:20 --> INSERT head image check: right_thumbmark => C:\Users\Richard Miculob\Documents\ResQR\public\uploads/thumbmarks/SOLOMON_LEQUIGAN_DOSDOS_THUMBMARK_2026-04-18_17-55-33.png exists=YES
DEBUG - 2026-04-19 10:09:20 --> INSERT member image check: BERLY LIBRES DOSDOS photo => C:\Users\Richard Miculob\Documents\ResQR\public\uploads/family_photos/BERLY_LIBRES_DOSDOS_2026-04-18_17-51-22.jpg exists=YES
DEBUG - 2026-04-19 10:09:21 --> Found family header at row 6229, data starts at row 6231
DEBUG - 2026-04-19 10:09:21 --> Stopping family parse at row 6236 - found: 26. VULNERABLE MEMBERS:
Older Persons: 0   Pregnant: 0   Lactating: 0   PWD: 0
DEBUG - 2026-04-19 10:09:21 --> No family members found with primary method, trying alternative...
DEBUG - 2026-04-19 10:09:21 --> Total family members parsed: 0
DEBUG - 2026-04-19 10:09:21 --> INSERT head image check: photo => C:\Users\Richard Miculob\Documents\ResQR\public\uploads/head_photos/1776505895_482a06d3de41b78d79a5.jpg exists=YES
DEBUG - 2026-04-19 10:09:21 --> INSERT head image check: signature_thumbmark => C:\Users\Richard Miculob\Documents\ResQR\public\uploads/signatures/EDWIN_LIBRES_MANOZA_SIGNATURE_DRAWN_2026-04-18_17-57-46.png exists=YES
DEBUG - 2026-04-19 10:09:21 --> INSERT head image check: right_thumbmark => C:\Users\Richard Miculob\Documents\ResQR\public\uploads/thumbmarks/EDWIN_LIBRES_MANOZA_THUMBMARK_2026-04-18_17-57-46.png exists=YES
DEBUG - 2026-04-19 10:09:21 --> Found family header at row 6259, data starts at row 6261
DEBUG - 2026-04-19 10:09:21 --> Added family member: KENJAY DAHANG (Relation: SON)
DEBUG - 2026-04-19 10:09:21 --> Added family member: PEARL PLEIA TIZON (Relation: DAUGHTER)
DEBUG - 2026-04-19 10:09:21 --> Added family member: TYLER T. YAMSON (Relation: GRANDSON)
DEBUG - 2026-04-19 10:09:21 --> Added family member: JOCELYN T. DAHANG (Relation: WIFE)
DEBUG - 2026-04-19 10:09:21 --> Added family member: JUVELYN A. TIZON (Relation: DAUGHTER)
DEBUG - 2026-04-19 10:09:21 --> Added family member: DANIEL JOHN DAHANG (Relation: SON)
DEBUG - 2026-04-19 10:09:21 --> Added family member: CHARLINE DAHANG (Relation: DAUGHTER)
DEBUG - 2026-04-19 10:09:21 --> Stopping family parse at row 6268 - found: 26. VULNERABLE MEMBERS:
Older Persons: 0   Pregnant: 0   Lactating: 0   PWD: 0
DEBUG - 2026-04-19 10:09:21 --> Total family members parsed: 7
DEBUG - 2026-04-19 10:09:21 --> INSERT head image check: photo => C:\Users\Richard Miculob\Documents\ResQR\public\uploads/head_photos/DANILO_HUMAYNON_DAHANG_2026-04-18_17-53-30.jpg exists=YES
DEBUG - 2026-04-19 10:09:21 --> INSERT head image check: signature_thumbmark => C:\Users\Richard Miculob\Documents\ResQR\public\uploads/signatures/DANILO_HUMAYNON_DAHANG_SIGNATURE_DRAWN_2026-04-18_17-58-52.png exists=YES
DEBUG - 2026-04-19 10:09:21 --> INSERT head image check: right_thumbmark => C:\Users\Richard Miculob\Documents\ResQR\public\uploads/thumbmarks/DANILO_HUMAYNON_DAHANG_THUMBMARK_2026-04-18_17-58-52.png exists=YES
DEBUG - 2026-04-19 10:09:21 --> INSERT member image check: KENJAY DAHANG photo => C:\Users\Richard Miculob\Documents\ResQR\public\uploads/family_photos/KENJAY_DAHANG_2026-04-18_17-59-14.jpg exists=YES
DEBUG - 2026-04-19 10:09:21 --> INSERT member image check: PEARL PLEIA TIZON photo => C:\Users\Richard Miculob\Documents\ResQR\public\uploads/family_photos/PEARL_PLEIA_TIZON_2026-04-18_17-53-30.jpg exists=YES
DEBUG - 2026-04-19 10:09:21 --> INSERT member image check: JOCELYN T. DAHANG photo => C:\Users\Richard Miculob\Documents\ResQR\public\uploads/family_photos/JOCELYN_T_DAHANG_2026-04-18_17-53-30.jpg exists=YES
DEBUG - 2026-04-19 10:09:21 --> INSERT member image check: JUVELYN A. TIZON photo => C:\Users\Richard Miculob\Documents\ResQR\public\uploads/family_photos/JUVELYN_A_TIZON_2026-04-18_18-36-53.jpg exists=YES
DEBUG - 2026-04-19 10:09:21 --> INSERT member image check: DANIEL JOHN DAHANG photo => C:\Users\Richard Miculob\Documents\ResQR\public\uploads/family_photos/DANIEL_JOHN_DAHANG_2026-04-18_17-53-30.jpg exists=YES
DEBUG - 2026-04-19 10:09:21 --> INSERT member image check: CHARLINE DAHANG photo => C:\Users\Richard Miculob\Documents\ResQR\public\uploads/family_photos/CHARLINE_DAHANG_2026-04-18_17-53-30.jpg exists=YES
DEBUG - 2026-04-19 10:09:21 --> Found family header at row 6291, data starts at row 6293
DEBUG - 2026-04-19 10:09:21 --> Added family member: JAQUILU D. ACEBES (Relation: WIFE)
DEBUG - 2026-04-19 10:09:21 --> Added family member: MARC CHLOE D. ACEBES (Relation: SON)
DEBUG - 2026-04-19 10:09:21 --> Added family member: MOPHEL D. ACEBES (Relation: SON)
DEBUG - 2026-04-19 10:09:21 --> Stopping family parse at row 6298 - found: 26. VULNERABLE MEMBERS:
Older Persons: 0   Pregnant: 0   Lactating: 0   PWD: 0
DEBUG - 2026-04-19 10:09:21 --> Total family members parsed: 3
DEBUG - 2026-04-19 10:09:21 --> INSERT head image check: photo => C:\Users\Richard Miculob\Documents\ResQR\public\uploads/head_photos/ALDRIN_CUYOS_ACEBES_2026-04-18_17-54-31.jpg exists=YES
DEBUG - 2026-04-19 10:09:21 --> INSERT head image check: signature_thumbmark => C:\Users\Richard Miculob\Documents\ResQR\public\uploads/signatures/ALDRIN_CUYOS_ACEBES_SIGNATURE_DRAWN_2026-04-18_18-00-44.png exists=YES
DEBUG - 2026-04-19 10:09:21 --> INSERT head image check: right_thumbmark => C:\Users\Richard Miculob\Documents\ResQR\public\uploads/thumbmarks/ALDRIN_CUYOS_ACEBES_THUMBMARK_2026-04-18_18-00-44.png exists=YES
DEBUG - 2026-04-19 10:09:21 --> INSERT member image check: JAQUILU D. ACEBES photo => C:\Users\Richard Miculob\Documents\ResQR\public\uploads/family_photos/JAQUILU_D_ACEBES_2026-04-18_17-54-31.jpg exists=YES
DEBUG - 2026-04-19 10:09:21 --> INSERT member image check: MARC CHLOE D. ACEBES photo => C:\Users\Richard Miculob\Documents\ResQR\public\uploads/family_photos/MARC_CHLOE_D_ACEBES_2026-04-18_17-54-31.jpg exists=YES
DEBUG - 2026-04-19 10:09:21 --> INSERT member image check: MOPHEL D. ACEBES photo => C:\Users\Richard Miculob\Documents\ResQR\public\uploads/family_photos/MOPHEL_D_ACEBES_2026-04-18_17-54-31.jpg exists=YES
DEBUG - 2026-04-19 10:09:21 --> Found family header at row 6321, data starts at row 6323
DEBUG - 2026-04-19 10:09:21 --> Added family member: LAZARO JAY EBARLE JARABE (Relation: SON)
DEBUG - 2026-04-19 10:09:21 --> Stopping family parse at row 6328 - found: 26. VULNERABLE MEMBERS:
Older Persons: 0   Pregnant: 0   Lactating: 0   PWD: 0
DEBUG - 2026-04-19 10:09:21 --> Total family members parsed: 1
DEBUG - 2026-04-19 10:09:21 --> INSERT head image check: photo => C:\Users\Richard Miculob\Documents\ResQR\public\uploads/head_photos/REMEDIOS_JARABE_CUTAB_2026-04-18_17-55-28.jpg exists=YES
DEBUG - 2026-04-19 10:09:21 --> INSERT head image check: signature_thumbmark => C:\Users\Richard Miculob\Documents\ResQR\public\uploads/signatures/REMEDIOS_JARABE_CUTAB_SIGNATURE_DRAWN_2026-04-18_18-01-48.png exists=YES
DEBUG - 2026-04-19 10:09:21 --> INSERT head image check: right_thumbmark => C:\Users\Richard Miculob\Documents\ResQR\public\uploads/thumbmarks/REMEDIOS_JARABE_CUTAB_THUMBMARK_2026-04-18_18-01-48.png exists=YES
DEBUG - 2026-04-19 10:09:21 --> INSERT member image check: LAZARO JAY EBARLE JARABE photo => C:\Users\Richard Miculob\Documents\ResQR\public\uploads/family_photos/LAZARO_JAY_EBARLE_JARABE_2026-04-18_17-55-28.jpg exists=YES
DEBUG - 2026-04-19 10:09:21 --> Found family header at row 6351, data starts at row 6353
DEBUG - 2026-04-19 10:09:21 --> Added family member: ROEL A. DAHAN (Relation: HUSBAND)
DEBUG - 2026-04-19 10:09:21 --> Added family member: RUEL M. DAHAN JR. (Relation: SON)
DEBUG - 2026-04-19 10:09:21 --> Added family member: PRECIOUS YZABELLE MAY M. DAHAN (Relation: DAUGHTER)
DEBUG - 2026-04-19 10:09:21 --> Stopping family parse at row 6358 - found: 26. VULNERABLE MEMBERS:
Older Persons: 0   Pregnant: 0   Lactating: 0   PWD: 0
DEBUG - 2026-04-19 10:09:21 --> Total family members parsed: 3
DEBUG - 2026-04-19 10:09:21 --> INSERT head image check: photo => C:\Users\Richard Miculob\Documents\ResQR\public\uploads/head_photos/SEGUNDINA_MANOZA_DAHAN_2026-04-18_17-56-27.jpg exists=YES
DEBUG - 2026-04-19 10:09:21 --> INSERT head image check: signature_thumbmark => C:\Users\Richard Miculob\Documents\ResQR\public\uploads/signatures/SEGUNDINA_MANOZA_DAHAN_SIGNATURE_DRAWN_2026-04-18_18-03-00.png exists=YES
DEBUG - 2026-04-19 10:09:21 --> INSERT head image check: right_thumbmark => C:\Users\Richard Miculob\Documents\ResQR\public\uploads/thumbmarks/SEGUNDINA_MANOZA_DAHAN_THUMBMARK_2026-04-18_18-03-00.png exists=YES
DEBUG - 2026-04-19 10:09:21 --> INSERT member image check: RUEL M. DAHAN JR. photo => C:\Users\Richard Miculob\Documents\ResQR\public\uploads/family_photos/RUEL_M_DAHAN_JR_2026-04-18_17-56-27.jpg exists=YES
DEBUG - 2026-04-19 10:09:21 --> INSERT member image check: PRECIOUS YZABELLE MAY M. DAHAN photo => C:\Users\Richard Miculob\Documents\ResQR\public\uploads/family_photos/PRECIOUS_YZABELLE_MAY_M_DAHAN_2026-04-18_17-56-27.jpg exists=YES
DEBUG - 2026-04-19 10:09:21 --> Found family header at row 6381, data starts at row 6383
DEBUG - 2026-04-19 10:09:21 --> Added family member: ALEXANDRA SOFIA C. ACEBES (Relation: WIFE)
DEBUG - 2026-04-19 10:09:21 --> Added family member: ALEYAH GRACE ACEBES (Relation: DAUGHTER)
DEBUG - 2026-04-19 10:09:21 --> Added family member: NATHANIEL A. DAHANG (Relation: SON)
DEBUG - 2026-04-19 10:09:21 --> Added family member: ALEXA JANNE ACEBES (Relation: DAUGHTER)
DEBUG - 2026-04-19 10:09:21 --> Stopping family parse at row 6388 - found: 26. VULNERABLE MEMBERS:
Older Persons: 0   Pregnant: 0   Lactating: 0   PWD: 0
DEBUG - 2026-04-19 10:09:21 --> Total family members parsed: 4
DEBUG - 2026-04-19 10:09:21 --> INSERT head image check: photo => C:\Users\Richard Miculob\Documents\ResQR\public\uploads/head_photos/1776509091_3f384fd4c60a31621e9d.jpg exists=YES
DEBUG - 2026-04-19 10:09:21 --> INSERT head image check: signature_thumbmark => C:\Users\Richard Miculob\Documents\ResQR\public\uploads/signatures/ROY_DAHANG_SIGNATURE_DRAWN_2026-04-18_18-54-42.png exists=YES
DEBUG - 2026-04-19 10:09:21 --> INSERT head image check: right_thumbmark => C:\Users\Richard Miculob\Documents\ResQR\public\uploads/thumbmarks/ROY_DAHANG_THUMBMARK_2026-04-18_18-54-42.png exists=YES
DEBUG - 2026-04-19 10:09:21 --> INSERT member image check: ALEXANDRA SOFIA C. ACEBES photo => C:\Users\Richard Miculob\Documents\ResQR\public\uploads/family_photos/ALEXANDRA_SOFIA_C_ACEBES_2026-04-18_18-27-53.jpg exists=YES
DEBUG - 2026-04-19 10:09:21 --> INSERT member image check: ALEYAH GRACE ACEBES photo => C:\Users\Richard Miculob\Documents\ResQR\public\uploads/family_photos/ALEYAH_GRACE_ACEBES_2026-04-18_18-27-53.jpg exists=YES
DEBUG - 2026-04-19 10:09:21 --> INSERT member image check: NATHANIEL A. DAHANG photo => C:\Users\Richard Miculob\Documents\ResQR\public\uploads/family_photos/NATHANIEL_A_DAHANG_2026-04-18_18-27-53.jpg exists=YES
DEBUG - 2026-04-19 10:09:21 --> INSERT member image check: ALEXA JANNE ACEBES photo => C:\Users\Richard Miculob\Documents\ResQR\public\uploads/family_photos/ALEXA_JANNE_ACEBES_2026-04-18_18-27-53.jpg exists=YES
DEBUG - 2026-04-19 10:09:21 --> Found family header at row 6411, data starts at row 6413
DEBUG - 2026-04-19 10:09:21 --> Added family member: JANAITH D. WHITEHEAD (Relation: LIVE-IN PARTNER)
DEBUG - 2026-04-19 10:09:21 --> Added family member: BRIANA CLOMA (Relation: NIECE)
DEBUG - 2026-04-19 10:09:21 --> Stopping family parse at row 6418 - found: 26. VULNERABLE MEMBERS:
Older Persons: 0   Pregnant: 0   Lactating: 0   PWD: 0
DEBUG - 2026-04-19 10:09:21 --> Total family members parsed: 2
DEBUG - 2026-04-19 10:09:21 --> INSERT head image check: photo => C:\Users\Richard Miculob\Documents\ResQR\public\uploads/head_photos/1776506663_2bd393168be22e5f027e.jpg exists=YES
DEBUG - 2026-04-19 10:09:21 --> INSERT head image check: signature_thumbmark => C:\Users\Richard Miculob\Documents\ResQR\public\uploads/signatures/ARLENE_NUNEZ_SASIL_SIGNATURE_DRAWN_2026-04-18_18-07-16.png exists=YES
DEBUG - 2026-04-19 10:09:21 --> INSERT head image check: right_thumbmark => C:\Users\Richard Miculob\Documents\ResQR\public\uploads/thumbmarks/ARLENE_NUNEZ_SASIL_THUMBMARK_2026-04-18_18-07-16.png exists=YES
DEBUG - 2026-04-19 10:09:21 --> INSERT member image check: JANAITH D. WHITEHEAD photo => C:\Users\Richard Miculob\Documents\ResQR\public\uploads/family_photos/JANAITH_D_WHITEHEAD_2026-04-18_18-05-39.jpg exists=YES
DEBUG - 2026-04-19 10:09:21 --> INSERT member image check: BRIANA CLOMA photo => C:\Users\Richard Miculob\Documents\ResQR\public\uploads/family_photos/BRIANA_CLOMA_2026-04-18_18-05-39.jpg exists=YES
DEBUG - 2026-04-19 10:09:21 --> Found family header at row 6441, data starts at row 6443
DEBUG - 2026-04-19 10:09:21 --> Added family member: JOCELYN S. GALOS (Relation: WIFE)
DEBUG - 2026-04-19 10:09:21 --> Added family member: ROXANDRA JEAN S. GALOS (Relation: DAUGHTER)
DEBUG - 2026-04-19 10:09:21 --> Added family member: XAVIER KENT S. GALOS (Relation: SON)
DEBUG - 2026-04-19 10:09:21 --> Added family member: RAY IVAN S. GALOS (Relation: SON)
DEBUG - 2026-04-19 10:09:21 --> Added family member: LYKA GRACE S. GALOS (Relation: DAUGHTER)
DEBUG - 2026-04-19 10:09:21 --> Added family member: EDWARD E. OLEDAN JR. (Relation: SON IN-LAW)
DEBUG - 2026-04-19 10:09:21 --> Stopping family parse at row 6449 - found: 26. VULNERABLE MEMBERS:
Older Persons: 0   Pregnant: 0   Lactating: 0   PWD: 0
DEBUG - 2026-04-19 10:09:21 --> Total family members parsed: 6
DEBUG - 2026-04-19 10:09:21 --> INSERT head image check: photo => C:\Users\Richard Miculob\Documents\ResQR\public\uploads/head_photos/RIO_DIONESIO_DUMAGUING_GALOS_2026-04-18_18-08-07.jpg exists=YES
DEBUG - 2026-04-19 10:09:21 --> INSERT head image check: signature_thumbmark => C:\Users\Richard Miculob\Documents\ResQR\public\uploads/signatures/RIO_DIONESIO_DUMAGUING_GALOS_SIGNATURE_DRAWN_2026-04-18_18-09-20.png exists=YES
DEBUG - 2026-04-19 10:09:21 --> INSERT head image check: right_thumbmark => C:\Users\Richard Miculob\Documents\ResQR\public\uploads/thumbmarks/RIO_DIONESIO_DUMAGUING_GALOS_THUMBMARK_2026-04-18_18-09-20.png exists=YES
DEBUG - 2026-04-19 10:09:21 --> INSERT member image check: ROXANDRA JEAN S. GALOS photo => C:\Users\Richard Miculob\Documents\ResQR\public\uploads/family_photos/ROXANDRA_JEAN_S_GALOS_2026-04-18_18-08-07.jpg exists=YES
DEBUG - 2026-04-19 10:09:21 --> INSERT member image check: XAVIER KENT S. GALOS photo => C:\Users\Richard Miculob\Documents\ResQR\public\uploads/family_photos/XAVIER_KENT_S_GALOS_2026-04-18_18-08-07.jpg exists=YES
DEBUG - 2026-04-19 10:09:21 --> INSERT member image check: RAY IVAN S. GALOS photo => C:\Users\Richard Miculob\Documents\ResQR\public\uploads/family_photos/RAY_IVAN_S_GALOS_2026-04-18_18-11-30.jpg exists=YES
DEBUG - 2026-04-19 10:09:21 --> INSERT member image check: EDWARD E. OLEDAN JR. photo => C:\Users\Richard Miculob\Documents\ResQR\public\uploads/family_photos/EDWARD_E_OLEDAN_JR_2026-04-18_18-08-07.jpg exists=YES
DEBUG - 2026-04-19 10:09:21 --> Found family header at row 6472, data starts at row 6474
DEBUG - 2026-04-19 10:09:21 --> Added family member: MELODY H. DUMANGCAS (Relation: WIFE)
DEBUG - 2026-04-19 10:09:21 --> Added family member: MARY KAY DUMANGCAS (Relation: STEP DAUGHTER)
DEBUG - 2026-04-19 10:09:21 --> Added family member: ALDY D. IBALE (Relation: SON)
DEBUG - 2026-04-19 10:09:21 --> Added family member: ALMY KAY D. IBALE (Relation: DAUGHTER)
DEBUG - 2026-04-19 10:09:21 --> Added family member: CRIS AICEL D. IBALE (Relation: SON)
DEBUG - 2026-04-19 10:09:21 --> Added family member: CRIS LAWRENCE (Relation: SON)
DEBUG - 2026-04-19 10:09:21 --> Stopping family parse at row 6480 - found: 26. VULNERABLE MEMBERS:
Older Persons: 0   Pregnant: 0   Lactating: 0   PWD: 0
DEBUG - 2026-04-19 10:09:21 --> Total family members parsed: 6
DEBUG - 2026-04-19 10:09:21 --> INSERT head image check: photo => C:\Users\Richard Miculob\Documents\ResQR\public\uploads/head_photos/ALVITHS_LADESMA_IBALE_2026-04-18_18-11-03.jpg exists=YES
DEBUG - 2026-04-19 10:09:21 --> INSERT head image check: signature_thumbmark => C:\Users\Richard Miculob\Documents\ResQR\public\uploads/signatures/ALVITHS_LADESMA_IBALE_SIGNATURE_DRAWN_2026-04-18_18-13-26.png exists=YES
DEBUG - 2026-04-19 10:09:21 --> INSERT head image check: right_thumbmark => C:\Users\Richard Miculob\Documents\ResQR\public\uploads/thumbmarks/ALVITHS_LADESMA_IBALE_THUMBMARK_2026-04-18_18-13-26.png exists=YES
DEBUG - 2026-04-19 10:09:21 --> INSERT member image check: MARY KAY DUMANGCAS photo => C:\Users\Richard Miculob\Documents\ResQR\public\uploads/family_photos/MARY_KAY_DUMANGCAS_2026-04-18_18-11-09.jpg exists=YES
DEBUG - 2026-04-19 10:09:21 --> INSERT member image check: CRIS LAWRENCE photo => C:\Users\Richard Miculob\Documents\ResQR\public\uploads/family_photos/CRIS_LAWRENCE_2026-04-18_18-11-09.jpg exists=YES
DEBUG - 2026-04-19 10:09:21 --> Found family header at row 6503, data starts at row 6505
DEBUG - 2026-04-19 10:09:21 --> Added family member: STEPHANIE LOPESAN (Relation: DAUGHTER)
DEBUG - 2026-04-19 10:09:21 --> Added family member: ROMJE LOPESAN (Relation: SON)
DEBUG - 2026-04-19 10:09:21 --> Added family member: TREXIE LOPESAN (Relation: DAUGHTER)
DEBUG - 2026-04-19 10:09:21 --> Added family member: QUEENIE TIZON (Relation: LIVE-IN PARTNER)
DEBUG - 2026-04-19 10:09:21 --> Stopping family parse at row 6510 - found: 26. VULNERABLE MEMBERS:
Older Persons: 0   Pregnant: 0   Lactating: 0   PWD: 0
DEBUG - 2026-04-19 10:09:21 --> Total family members parsed: 4
DEBUG - 2026-04-19 10:09:21 --> INSERT head image check: photo => C:\Users\Richard Miculob\Documents\ResQR\public\uploads/head_photos/JEROME_NAINGUE_LOPESAN_2026-04-18_18-12-52.jpg exists=YES
DEBUG - 2026-04-19 10:09:21 --> INSERT head image check: signature_thumbmark => C:\Users\Richard Miculob\Documents\ResQR\public\uploads/signatures/JEROME_NAINGUE_LOPESAN_SIGNATURE_DRAWN_2026-04-18_18-15-07.png exists=YES
DEBUG - 2026-04-19 10:09:21 --> INSERT head image check: right_thumbmark => C:\Users\Richard Miculob\Documents\ResQR\public\uploads/thumbmarks/JEROME_NAINGUE_LOPESAN_THUMBMARK_2026-04-18_18-15-07.png exists=YES
DEBUG - 2026-04-19 10:09:21 --> INSERT member image check: STEPHANIE LOPESAN photo => C:\Users\Richard Miculob\Documents\ResQR\public\uploads/family_photos/STEPHANIE_LOPESAN_2026-04-18_18-12-52.jpg exists=YES
DEBUG - 2026-04-19 10:09:21 --> INSERT member image check: ROMJE LOPESAN photo => C:\Users\Richard Miculob\Documents\ResQR\public\uploads/family_photos/ROMJE_LOPESAN_2026-04-18_18-16-00.jpg exists=YES
DEBUG - 2026-04-19 10:09:21 --> INSERT member image check: TREXIE LOPESAN photo => C:\Users\Richard Miculob\Documents\ResQR\public\uploads/family_photos/TREXIE_LOPESAN_2026-04-18_18-12-52.jpg exists=YES
DEBUG - 2026-04-19 10:09:21 --> INSERT member image check: QUEENIE TIZON photo => C:\Users\Richard Miculob\Documents\ResQR\public\uploads/family_photos/QUEENIE_TIZON_2026-04-18_18-12-52.jpg exists=YES
DEBUG - 2026-04-19 10:09:21 --> Found family header at row 6533, data starts at row 6535
DEBUG - 2026-04-19 10:09:21 --> Added family member: ROWENA B. GRADO (Relation: WIFE)
DEBUG - 2026-04-19 10:09:21 --> Added family member: JHIMWEN DOMAX G. SAMONTE (Relation: SON)
DEBUG - 2026-04-19 10:09:21 --> Added family member: JHERWEN G. SAMONTE (Relation: SON)
DEBUG - 2026-04-19 10:09:21 --> Added family member: JENELLE KRISTA G. SAMONTE (Relation: DAUGHTER)
DEBUG - 2026-04-19 10:09:21 --> Stopping family parse at row 6540 - found: 26. VULNERABLE MEMBERS:
Older Persons: 0   Pregnant: 0   Lactating: 0   PWD: 0
DEBUG - 2026-04-19 10:09:21 --> Total family members parsed: 4
DEBUG - 2026-04-19 10:09:21 --> INSERT head image check: photo => C:\Users\Richard Miculob\Documents\ResQR\public\uploads/head_photos/JIMMY_CARMEN_SAMONTE_2026-04-18_18-17-43.jpg exists=YES
DEBUG - 2026-04-19 10:09:21 --> INSERT head image check: signature_thumbmark => C:\Users\Richard Miculob\Documents\ResQR\public\uploads/signatures/JIMMY_CARMEN_SAMONTE_SIGNATURE_DRAWN_2026-04-18_18-19-17.png exists=YES
DEBUG - 2026-04-19 10:09:21 --> INSERT head image check: right_thumbmark => C:\Users\Richard Miculob\Documents\ResQR\public\uploads/thumbmarks/JIMMY_CARMEN_SAMONTE_THUMBMARK_2026-04-18_18-19-17.png exists=YES
DEBUG - 2026-04-19 10:09:21 --> INSERT member image check: JHIMWEN DOMAX G. SAMONTE photo => C:\Users\Richard Miculob\Documents\ResQR\public\uploads/family_photos/JHIMWEN_DOMAX_G_SAMONTE_2026-04-18_18-17-53.jpg exists=YES
DEBUG - 2026-04-19 10:09:21 --> Found family header at row 6563, data starts at row 6565
DEBUG - 2026-04-19 10:09:21 --> Added family member: ESTRELL JOY O. ACEBES (Relation: LIVE-IN PARTNER)
DEBUG - 2026-04-19 10:09:21 --> Added family member: LEXI JOY A. QUIJADA (Relation: DAUGHTER)
DEBUG - 2026-04-19 10:09:21 --> Stopping family parse at row 6570 - found: 26. VULNERABLE MEMBERS:
Older Persons: 0   Pregnant: 0   Lactating: 0   PWD: 0
DEBUG - 2026-04-19 10:09:21 --> Total family members parsed: 2
DEBUG - 2026-04-19 10:09:21 --> INSERT head image check: photo => C:\Users\Richard Miculob\Documents\ResQR\public\uploads/head_photos/ALEXIS_RICHARD_111_CALMA_QUIJADA_2026-04-18_18-18-37.jpg exists=YES
DEBUG - 2026-04-19 10:09:21 --> INSERT head image check: signature_thumbmark => C:\Users\Richard Miculob\Documents\ResQR\public\uploads/signatures/ALEXIS_RICHARD_III_CALMA_QUIJADA_SIGNATURE_DRAWN_2026-04-18_18-21-00.png exists=YES
DEBUG - 2026-04-19 10:09:21 --> INSERT head image check: right_thumbmark => C:\Users\Richard Miculob\Documents\ResQR\public\uploads/thumbmarks/ALEXIS_RICHARD_III_CALMA_QUIJADA_THUMBMARK_2026-04-18_18-21-00.png exists=YES
DEBUG - 2026-04-19 10:09:21 --> INSERT member image check: ESTRELL JOY O. ACEBES photo => C:\Users\Richard Miculob\Documents\ResQR\public\uploads/family_photos/ESTRELL_JOY_O_ACEBES_2026-04-18_18-19-13.jpg exists=YES
DEBUG - 2026-04-19 10:09:21 --> INSERT member image check: LEXI JOY A. QUIJADA photo => C:\Users\Richard Miculob\Documents\ResQR\public\uploads/family_photos/LEXI_JOY_A_QUIJADA_2026-04-18_18-19-13.jpg exists=YES
DEBUG - 2026-04-19 10:09:21 --> Found family header at row 6593, data starts at row 6595
DEBUG - 2026-04-19 10:09:21 --> Added family member: ANESIA L. CABEGUIN (Relation: MEMBER)
DEBUG - 2026-04-19 10:09:21 --> Stopping family parse at row 6600 - found: 26. VULNERABLE MEMBERS:
Older Persons: 1   Pregnant: 0   Lactating: 0   PWD: 0
DEBUG - 2026-04-19 10:09:21 --> Total family members parsed: 1
DEBUG - 2026-04-19 10:09:21 --> INSERT head image check: photo => C:\Users\Richard Miculob\Documents\ResQR\public\uploads/head_photos/ERICA_MAY_ROBLE_CAEL_2026-04-18_18-20-07.jpg exists=YES
DEBUG - 2026-04-19 10:09:21 --> INSERT head image check: signature_thumbmark => C:\Users\Richard Miculob\Documents\ResQR\public\uploads/signatures/ERICA_MAY_ROBLE_CAEL_SIGNATURE_DRAWN_2026-04-18_18-22-03.png exists=YES
DEBUG - 2026-04-19 10:09:21 --> INSERT head image check: right_thumbmark => C:\Users\Richard Miculob\Documents\ResQR\public\uploads/thumbmarks/ERICA_MAY_ROBLE_CAEL_THUMBMARK_2026-04-18_18-22-03.png exists=YES
DEBUG - 2026-04-19 10:09:21 --> Found family header at row 6623, data starts at row 6625
DEBUG - 2026-04-19 10:09:21 --> Added family member: ARNEL F. DAHAN (Relation: HUSBAND)
DEBUG - 2026-04-19 10:09:21 --> Added family member: KAELEIGH WYNONNA VHEL P. DAHAN (Relation: DAUGHTER)
DEBUG - 2026-04-19 10:09:21 --> Added family member: ALTHEA CANE P. DAHAN (Relation: DAUGHTER)
DEBUG - 2026-04-19 10:09:21 --> Added family member: ZAHARAH P. DAHAN (Relation: DAUGHTER)
DEBUG - 2026-04-19 10:09:21 --> Stopping family parse at row 6630 - found: 26. VULNERABLE MEMBERS:
Older Persons: 0   Pregnant: 0   Lactating: 0   PWD: 0
DEBUG - 2026-04-19 10:09:21 --> Total family members parsed: 4
DEBUG - 2026-04-19 10:09:21 --> Found family header at row 6653, data starts at row 6655
DEBUG - 2026-04-19 10:09:21 --> Added family member: DAYLYNDA TADEO DAHAN (Relation: MOTHER)
DEBUG - 2026-04-19 10:09:21 --> Stopping family parse at row 6660 - found: 26. VULNERABLE MEMBERS:
Older Persons: 0   Pregnant: 0   Lactating: 0   PWD: 0
DEBUG - 2026-04-19 10:09:21 --> Total family members parsed: 1
DEBUG - 2026-04-19 10:09:21 --> INSERT head image check: photo => C:\Users\Richard Miculob\Documents\ResQR\public\uploads/head_photos/NOVY_ANDREA_TADEO_DAHAN_2026-04-18_18-21-19.jpg exists=YES
DEBUG - 2026-04-19 10:09:21 --> INSERT head image check: signature_thumbmark => C:\Users\Richard Miculob\Documents\ResQR\public\uploads/signatures/NOVY_ANDREA_TADEO_DAHAN_SIGNATURE_DRAWN_2026-04-18_18-28-18.png exists=YES
DEBUG - 2026-04-19 10:09:21 --> INSERT head image check: right_thumbmark => C:\Users\Richard Miculob\Documents\ResQR\public\uploads/thumbmarks/NOVY_ANDREA_TADEO_DAHAN_THUMBMARK_2026-04-18_18-28-18.png exists=YES
DEBUG - 2026-04-19 10:09:21 --> Found family header at row 6683, data starts at row 6685
DEBUG - 2026-04-19 10:09:21 --> Added family member: GILBERT CANEOS (Relation: HUSBAND)
DEBUG - 2026-04-19 10:09:21 --> Stopping family parse at row 6690 - found: 26. VULNERABLE MEMBERS:
Older Persons: 1   Pregnant: 0   Lactating: 0   PWD: 0
DEBUG - 2026-04-19 10:09:21 --> Total family members parsed: 1
DEBUG - 2026-04-19 10:09:21 --> INSERT head image check: photo => C:\Users\Richard Miculob\Documents\ResQR\public\uploads/head_photos/MARIA_TERESA_GUEVARRA_CANEOS_2026-04-18_18-23-44.jpg exists=YES
DEBUG - 2026-04-19 10:09:21 --> INSERT head image check: signature_thumbmark => C:\Users\Richard Miculob\Documents\ResQR\public\uploads/signatures/MARIA_TERESA_GUEVARRA_CANEOS_SIGNATURE_DRAWN_2026-04-18_18-26-53.png exists=YES
DEBUG - 2026-04-19 10:09:21 --> INSERT head image check: right_thumbmark => C:\Users\Richard Miculob\Documents\ResQR\public\uploads/thumbmarks/MARIA_TERESA_GUEVARRA_CANEOS_THUMBMARK_2026-04-18_18-26-53.png exists=YES
DEBUG - 2026-04-19 10:09:21 --> Found family header at row 6713, data starts at row 6715
DEBUG - 2026-04-19 10:09:21 --> Added family member: JUDYSSA O. ACEBES (Relation: DAUGHTER)
DEBUG - 2026-04-19 10:09:21 --> Added family member: BRYNAN O. ACEBES (Relation: SON)
DEBUG - 2026-04-19 10:09:21 --> Stopping family parse at row 6720 - found: 26. VULNERABLE MEMBERS:
Older Persons: 1   Pregnant: 0   Lactating: 0   PWD: 0
DEBUG - 2026-04-19 10:09:21 --> Total family members parsed: 2
DEBUG - 2026-04-19 10:09:21 --> INSERT head image check: photo => C:\Users\Richard Miculob\Documents\ResQR\public\uploads/head_photos/ANGELITO_ALONDRES_ACEBES_2026-04-18_18-25-30.jpg exists=YES
DEBUG - 2026-04-19 10:09:21 --> INSERT head image check: signature_thumbmark => C:\Users\Richard Miculob\Documents\ResQR\public\uploads/signatures/ANGELITO_ALONDRES_ACEBES_SIGNATURE_DRAWN_2026-04-18_18-40-43.png exists=YES
DEBUG - 2026-04-19 10:09:21 --> INSERT head image check: right_thumbmark => C:\Users\Richard Miculob\Documents\ResQR\public\uploads/thumbmarks/ANGELITO_ALONDRES_ACEBES_THUMBMARK_2026-04-18_18-40-43.png exists=YES
DEBUG - 2026-04-19 10:09:21 --> INSERT member image check: JUDYSSA O. ACEBES photo => C:\Users\Richard Miculob\Documents\ResQR\public\uploads/family_photos/JUDYSSA_O_ACEBES_2026-04-18_18-25-30.jpg exists=YES
DEBUG - 2026-04-19 10:09:21 --> Found family header at row 6743, data starts at row 6745
DEBUG - 2026-04-19 10:09:21 --> Added family member: JAMES YUMANG (Relation: SON)
DEBUG - 2026-04-19 10:09:21 --> Added family member: JIMSON ISIN (Relation: SON)
DEBUG - 2026-04-19 10:09:21 --> Added family member: ANALISA M. ISIN (Relation: LIVE-IN PARTNER)
DEBUG - 2026-04-19 10:09:21 --> Added family member: JUSTINE M. ISIN (Relation: SON)
DEBUG - 2026-04-19 10:09:21 --> Added family member: FATIMA-JANE YUAMNG (Relation: DAUGHTER)
DEBUG - 2026-04-19 10:09:21 --> Stopping family parse at row 6750 - found: 26. VULNERABLE MEMBERS:
Older Persons: 0   Pregnant: 0   Lactating: 0   PWD: 0
DEBUG - 2026-04-19 10:09:21 --> Total family members parsed: 5
DEBUG - 2026-04-19 10:09:21 --> INSERT head image check: photo => C:\Users\Richard Miculob\Documents\ResQR\public\uploads/head_photos/JAIME_ALIM_YUMANG_2026-04-18_18-33-13.jpg exists=YES
DEBUG - 2026-04-19 10:09:21 --> INSERT head image check: signature_thumbmark => C:\Users\Richard Miculob\Documents\ResQR\public\uploads/signatures/JAIME_ALIM_YUMANG_SIGNATURE_DRAWN_2026-04-18_18-44-40.png exists=YES
DEBUG - 2026-04-19 10:09:21 --> INSERT head image check: right_thumbmark => C:\Users\Richard Miculob\Documents\ResQR\public\uploads/thumbmarks/JAIME_ALIM_YUMANG_THUMBMARK_2026-04-18_18-44-40.png exists=YES
DEBUG - 2026-04-19 10:09:21 --> INSERT member image check: JIMSON ISIN photo => C:\Users\Richard Miculob\Documents\ResQR\public\uploads/family_photos/JIMSON_ISIN_2026-04-18_18-33-28.jpg exists=YES
DEBUG - 2026-04-19 10:09:21 --> INSERT member image check: ANALISA M. ISIN photo => C:\Users\Richard Miculob\Documents\ResQR\public\uploads/family_photos/ANALISA_M_ISIN_2026-04-18_18-33-28.jpg exists=YES
DEBUG - 2026-04-19 10:09:21 --> Found family header at row 6773, data starts at row 6775
DEBUG - 2026-04-19 10:09:21 --> Added family member: JESSEL MAE P. OBSID (Relation: LIVE IN PARTNER)
DEBUG - 2026-04-19 10:09:21 --> Added family member: MARK ZAYDEN OBSID ESTRERA (Relation: SON)
DEBUG - 2026-04-19 10:09:21 --> Stopping family parse at row 6780 - found: 26. VULNERABLE MEMBERS:
Older Persons: 0   Pregnant: 0   Lactating: 1   PWD: 0
DEBUG - 2026-04-19 10:09:21 --> Total family members parsed: 2
DEBUG - 2026-04-19 10:09:21 --> INSERT head image check: photo => C:\Users\Richard Miculob\Documents\ResQR\public\uploads/head_photos/MARK_LESTER_MANLIGUEZ_ESTRERA_2026-04-18_18-29-57.jpg exists=YES
DEBUG - 2026-04-19 10:09:21 --> INSERT head image check: signature_thumbmark => C:\Users\Richard Miculob\Documents\ResQR\public\uploads/signatures/MARK_LESTER_MANLIGUEZ_ESTRERA_SIGNATURE_DRAWN_2026-04-18_18-42-50.png exists=YES
DEBUG - 2026-04-19 10:09:21 --> INSERT head image check: right_thumbmark => C:\Users\Richard Miculob\Documents\ResQR\public\uploads/thumbmarks/MARK_LESTER_MANLIGUEZ_ESTRERA_THUMBMARK_2026-04-18_18-42-50.png exists=YES
DEBUG - 2026-04-19 10:09:21 --> INSERT member image check: JESSEL MAE P. OBSID photo => C:\Users\Richard Miculob\Documents\ResQR\public\uploads/family_photos/JESSEL_MAE_P_OBSID_2026-04-18_18-29-57.jpg exists=YES
DEBUG - 2026-04-19 10:09:21 --> INSERT member image check: MARK ZAYDEN OBSID ESTRERA photo => C:\Users\Richard Miculob\Documents\ResQR\public\uploads/family_photos/MARK_ZAYDEN_OBSID_ESTRERA_2026-04-18_18-29-57.jpg exists=YES
DEBUG - 2026-04-19 10:09:21 --> Found family header at row 6803, data starts at row 6805
DEBUG - 2026-04-19 10:09:21 --> Stopping family parse at row 6810 - found: 26. VULNERABLE MEMBERS:
Older Persons: 0   Pregnant: 0   Lactating: 0   PWD: 0
DEBUG - 2026-04-19 10:09:21 --> No family members found with primary method, trying alternative...
DEBUG - 2026-04-19 10:09:21 --> Total family members parsed: 0
DEBUG - 2026-04-19 10:09:21 --> INSERT head image check: photo => C:\Users\Richard Miculob\Documents\ResQR\public\uploads/head_photos/ROBERT_TALABA_ALIM_2026-04-18_18-28-42.jpg exists=YES
DEBUG - 2026-04-19 10:09:21 --> INSERT head image check: signature_thumbmark => C:\Users\Richard Miculob\Documents\ResQR\public\uploads/signatures/ROBERT_TALABA_ALIM_SIGNATURE_DRAWN_2026-04-18_18-41-38.png exists=YES
DEBUG - 2026-04-19 10:09:21 --> INSERT head image check: right_thumbmark => C:\Users\Richard Miculob\Documents\ResQR\public\uploads/thumbmarks/ROBERT_TALABA_ALIM_THUMBMARK_2026-04-18_18-41-38.png exists=YES
DEBUG - 2026-04-19 10:09:21 --> Found family header at row 6833, data starts at row 6835
DEBUG - 2026-04-19 10:09:21 --> Added family member: JEL P. TORAYNO (Relation: HUSBAND)
DEBUG - 2026-04-19 10:09:21 --> Added family member: ALTHEA MAE E. MONTENEGRO (Relation: DAUGHTER)
DEBUG - 2026-04-19 10:09:21 --> Added family member: TRISHA M. TORAYNO (Relation: DAUGHTER)
DEBUG - 2026-04-19 10:09:21 --> Stopping family parse at row 6840 - found: 26. VULNERABLE MEMBERS:
Older Persons: 0   Pregnant: 0   Lactating: 0   PWD: 0
DEBUG - 2026-04-19 10:09:21 --> Total family members parsed: 3
DEBUG - 2026-04-19 10:09:21 --> INSERT head image check: photo => C:\Users\Richard Miculob\Documents\ResQR\public\uploads/head_photos/PERLITA_MONTENEGRO_TORAYNO_2026-04-18_18-31-54.jpg exists=YES
DEBUG - 2026-04-19 10:09:21 --> INSERT head image check: signature_thumbmark => C:\Users\Richard Miculob\Documents\ResQR\public\uploads/signatures/PERLITA_MONTENEGRO_TORAYNO_SIGNATURE_DRAWN_2026-04-18_18-43-39.png exists=YES
DEBUG - 2026-04-19 10:09:21 --> INSERT head image check: right_thumbmark => C:\Users\Richard Miculob\Documents\ResQR\public\uploads/thumbmarks/PERLITA_MONTENEGRO_TORAYNO_THUMBMARK_2026-04-18_18-43-39.png exists=YES
DEBUG - 2026-04-19 10:09:21 --> INSERT member image check: ALTHEA MAE E. MONTENEGRO photo => C:\Users\Richard Miculob\Documents\ResQR\public\uploads/family_photos/ALTHEA_MAE_E_MONTENEGRO_2026-04-18_18-31-54.jpg exists=YES
DEBUG - 2026-04-19 10:09:21 --> INSERT member image check: TRISHA M. TORAYNO photo => C:\Users\Richard Miculob\Documents\ResQR\public\uploads/family_photos/TRISHA_M_TORAYNO_2026-04-18_18-31-54.jpg exists=YES
DEBUG - 2026-04-19 10:09:21 --> Found family header at row 6863, data starts at row 6865
DEBUG - 2026-04-19 10:09:21 --> Added family member: PAZ V. LADAO (Relation: WIFE)
DEBUG - 2026-04-19 10:09:21 --> Added family member: RECHIE MAE V. LADAO (Relation: DAUGHTER)
DEBUG - 2026-04-19 10:09:21 --> Added family member: PRECTHENE JOY V. LADAO (Relation: DAUGHTER)
DEBUG - 2026-04-19 10:09:21 --> Added family member: FRITZ IAN V. LADAO (Relation: SON)
DEBUG - 2026-04-19 10:09:21 --> Added family member: CHRISTIAN KIN V. LADAO (Relation: SON)
DEBUG - 2026-04-19 10:09:21 --> Stopping family parse at row 6870 - found: 26. VULNERABLE MEMBERS:
Older Persons: 0   Pregnant: 0   Lactating: 0   PWD: 1
DEBUG - 2026-04-19 10:09:21 --> Total family members parsed: 5
DEBUG - 2026-04-19 10:09:21 --> INSERT head image check: photo => C:\Users\Richard Miculob\Documents\ResQR\public\uploads/head_photos/INOSENCIO_BAO_LADAO_2026-04-18_18-35-53.jpg exists=YES
DEBUG - 2026-04-19 10:09:21 --> INSERT head image check: signature_thumbmark => C:\Users\Richard Miculob\Documents\ResQR\public\uploads/signatures/INOSENCIO_BAO_LADAO_SIGNATURE_DRAWN_2026-04-18_18-47-41.png exists=YES
DEBUG - 2026-04-19 10:09:21 --> INSERT head image check: right_thumbmark => C:\Users\Richard Miculob\Documents\ResQR\public\uploads/thumbmarks/INOSENCIO_BAO_LADAO_THUMBMARK_2026-04-18_18-47-41.png exists=YES
DEBUG - 2026-04-19 10:09:21 --> INSERT member image check: RECHIE MAE V. LADAO photo => C:\Users\Richard Miculob\Documents\ResQR\public\uploads/family_photos/RECHIE_MAE_V_LADAO_2026-04-18_18-35-53.jpg exists=YES
DEBUG - 2026-04-19 10:09:21 --> INSERT member image check: PRECTHENE JOY V. LADAO photo => C:\Users\Richard Miculob\Documents\ResQR\public\uploads/family_photos/PRECTHENE_JOY_V_LADAO_2026-04-18_18-35-53.jpg exists=YES
DEBUG - 2026-04-19 10:09:21 --> INSERT member image check: FRITZ IAN V. LADAO photo => C:\Users\Richard Miculob\Documents\ResQR\public\uploads/family_photos/FRITZ_IAN_V_LADAO_2026-04-18_18-35-53.jpg exists=YES
DEBUG - 2026-04-19 10:09:21 --> INSERT member image check: CHRISTIAN KIN V. LADAO photo => C:\Users\Richard Miculob\Documents\ResQR\public\uploads/family_photos/CHRISTIAN_KIN_V_LADAO_2026-04-18_18-35-53.jpg exists=YES
DEBUG - 2026-04-19 10:09:21 --> Found family header at row 6893, data starts at row 6895
DEBUG - 2026-04-19 10:09:21 --> Added family member: ARCELI DOLOROSA QUIJADA (Relation: WIFE)
DEBUG - 2026-04-19 10:09:21 --> Added family member: AARON RICARDO IV C. QUIJADA (Relation: SON)
DEBUG - 2026-04-19 10:09:21 --> Stopping family parse at row 6900 - found: 26. VULNERABLE MEMBERS:
Older Persons: 2   Pregnant: 0   Lactating: 0   PWD: 0
DEBUG - 2026-04-19 10:09:21 --> Total family members parsed: 2
DEBUG - 2026-04-19 10:09:21 --> INSERT head image check: photo => C:\Users\Richard Miculob\Documents\ResQR\public\uploads/head_photos/1776508595_021fb2ba9678263df32a.jpg exists=YES
DEBUG - 2026-04-19 10:09:21 --> INSERT head image check: signature_thumbmark => C:\Users\Richard Miculob\Documents\ResQR\public\uploads/signatures/RICARDO_CABANDOCUS_QUIJADA_SIGNATURE_DRAWN_2026-04-18_18-46-11.png exists=YES
DEBUG - 2026-04-19 10:09:21 --> INSERT head image check: right_thumbmark => C:\Users\Richard Miculob\Documents\ResQR\public\uploads/thumbmarks/RICARDO_CABANDOCUS_QUIJADA_THUMBMARK_2026-04-18_18-46-11.png exists=YES
DEBUG - 2026-04-19 10:09:21 --> Found family header at row 6923, data starts at row 6925
DEBUG - 2026-04-19 10:09:21 --> Added family member: AIKO L. GAROTCHO (Relation: LIVE IN-PARTNER)
DEBUG - 2026-04-19 10:09:21 --> Added family member: AIKEA RICH A. GAROTCHO (Relation: DAUGHTER)
DEBUG - 2026-04-19 10:09:21 --> Added family member: ACE RAIKO A. GAROTCHO (Relation: SON)
DEBUG - 2026-04-19 10:09:21 --> Stopping family parse at row 6930 - found: 26. VULNERABLE MEMBERS:
Older Persons: 0   Pregnant: 0   Lactating: 0   PWD: 0
DEBUG - 2026-04-19 10:09:21 --> Total family members parsed: 3
DEBUG - 2026-04-19 10:09:21 --> INSERT head image check: photo => C:\Users\Richard Miculob\Documents\ResQR\public\uploads/head_photos/RACHEL_OCHAVILLO_ALCANTAR_2026-04-18_18-42-06.jpg exists=YES
DEBUG - 2026-04-19 10:09:21 --> INSERT head image check: signature_thumbmark => C:\Users\Richard Miculob\Documents\ResQR\public\uploads/signatures/RACHEL_OCHAVILLO_ALCANTAR_SIGNATURE_DRAWN_2026-04-18_18-55-42.png exists=YES
DEBUG - 2026-04-19 10:09:21 --> INSERT head image check: right_thumbmark => C:\Users\Richard Miculob\Documents\ResQR\public\uploads/thumbmarks/RACHEL_OCHAVILLO_ALCANTAR_THUMBMARK_2026-04-18_18-55-42.png exists=YES
DEBUG - 2026-04-19 10:09:21 --> INSERT member image check: AIKO L. GAROTCHO photo => C:\Users\Richard Miculob\Documents\ResQR\public\uploads/family_photos/AIKO_L_GAROTCHO_2026-04-18_18-42-06.jpg exists=YES
DEBUG - 2026-04-19 10:09:21 --> INSERT member image check: AIKEA RICH A. GAROTCHO photo => C:\Users\Richard Miculob\Documents\ResQR\public\uploads/family_photos/AIKEA_RICH_A_GAROTCHO_2026-04-18_18-42-06.jpg exists=YES
DEBUG - 2026-04-19 10:09:21 --> INSERT member image check: ACE RAIKO A. GAROTCHO photo => C:\Users\Richard Miculob\Documents\ResQR\public\uploads/family_photos/ACE_RAIKO_A_GAROTCHO_2026-04-18_18-42-06.jpg exists=YES
DEBUG - 2026-04-19 10:09:21 --> Found family header at row 6953, data starts at row 6955
DEBUG - 2026-04-19 10:09:21 --> Added family member: KIMBERLY CLARRIS AMOR TUNIACAO (Relation: WIFE)
DEBUG - 2026-04-19 10:09:21 --> Added family member: KIM JOHN AMOR TUNIACAO (Relation: SON)
DEBUG - 2026-04-19 10:09:21 --> Added family member: KIARA MAY AMOR TUNIACAO (Relation: DAUGHTER)
DEBUG - 2026-04-19 10:09:21 --> Added family member: KIERAIN JHON AMOR TUNIACAO (Relation: SON)
DEBUG - 2026-04-19 10:09:21 --> Stopping family parse at row 6960 - found: 26. VULNERABLE MEMBERS:
Older Persons: 0   Pregnant: 0   Lactating: 0   PWD: 0
DEBUG - 2026-04-19 10:09:21 --> Total family members parsed: 4
DEBUG - 2026-04-19 10:09:21 --> INSERT head image check: photo => C:\Users\Richard Miculob\Documents\ResQR\public\uploads/head_photos/BEIL_JOHN_RAZ_TUNIACAO_2026-04-18_18-44-34.jpg exists=YES
DEBUG - 2026-04-19 10:09:21 --> INSERT head image check: signature_thumbmark => C:\Users\Richard Miculob\Documents\ResQR\public\uploads/signatures/BEIL_JOHN_RAZ_TUNIACAO_SIGNATURE_DRAWN_2026-04-18_18-57-06.png exists=YES
DEBUG - 2026-04-19 10:09:21 --> INSERT head image check: right_thumbmark => C:\Users\Richard Miculob\Documents\ResQR\public\uploads/thumbmarks/BEIL_JOHN_RAZ_TUNIACAO_THUMBMARK_2026-04-18_18-57-06.png exists=YES
DEBUG - 2026-04-19 10:09:21 --> INSERT member image check: KIMBERLY CLARRIS AMOR TUNIACAO photo => C:\Users\Richard Miculob\Documents\ResQR\public\uploads/family_photos/KIMBERLY_CLARRIS_AMOR_TUNIACAO_2026-04-18_18-44-34.jpg exists=YES
DEBUG - 2026-04-19 10:09:21 --> INSERT member image check: KIM JOHN AMOR TUNIACAO photo => C:\Users\Richard Miculob\Documents\ResQR\public\uploads/family_photos/KIM_JOHN_AMOR_TUNIACAO_2026-04-18_18-44-34.jpg exists=YES
DEBUG - 2026-04-19 10:09:21 --> INSERT member image check: KIARA MAY AMOR TUNIACAO photo => C:\Users\Richard Miculob\Documents\ResQR\public\uploads/family_photos/KIARA_MAY_AMOR_TUNIACAO_2026-04-18_18-44-34.jpg exists=YES
DEBUG - 2026-04-19 10:09:21 --> INSERT member image check: KIERAIN JHON AMOR TUNIACAO photo => C:\Users\Richard Miculob\Documents\ResQR\public\uploads/family_photos/KIERAIN_JHON_AMOR_TUNIACAO_2026-04-18_18-44-34.jpg exists=YES
DEBUG - 2026-04-19 10:09:21 --> Found family header at row 6983, data starts at row 6985
DEBUG - 2026-04-19 10:09:21 --> Added family member: ANGELO DEO AGUA (Relation: HUSBAND)
DEBUG - 2026-04-19 10:09:21 --> Added family member: ANGELA JEAN I. AGUA (Relation: DAUGHTER)
DEBUG - 2026-04-19 10:09:21 --> Added family member: KYLE I. AGUA (Relation: SON)
DEBUG - 2026-04-19 10:09:21 --> Stopping family parse at row 6990 - found: 26. VULNERABLE MEMBERS:
Older Persons: 0   Pregnant: 0   Lactating: 0   PWD: 0
DEBUG - 2026-04-19 10:09:21 --> Total family members parsed: 3
DEBUG - 2026-04-19 10:09:21 --> INSERT head image check: photo => C:\Users\Richard Miculob\Documents\ResQR\public\uploads/head_photos/1776509307_2e0a80239cb4fe388c8d.jpg exists=YES
DEBUG - 2026-04-19 10:09:21 --> INSERT head image check: signature_thumbmark => C:\Users\Richard Miculob\Documents\ResQR\public\uploads/signatures/APPLE_JEAN_INTOD_AGUA_SIGNATURE_DRAWN_2026-04-18_18-59-57.png exists=YES
DEBUG - 2026-04-19 10:09:21 --> INSERT head image check: right_thumbmark => C:\Users\Richard Miculob\Documents\ResQR\public\uploads/thumbmarks/APPLE_JEAN_INTOD_AGUA_THUMBMARK_2026-04-18_18-59-57.png exists=YES
DEBUG - 2026-04-19 10:09:21 --> INSERT member image check: ANGELO DEO AGUA photo => C:\Users\Richard Miculob\Documents\ResQR\public\uploads/family_photos/ANGELO_DEO_AGUA_2026-04-18_18-48-27.jpg exists=YES
DEBUG - 2026-04-19 10:09:21 --> INSERT member image check: ANGELA JEAN I. AGUA photo => C:\Users\Richard Miculob\Documents\ResQR\public\uploads/family_photos/ANGELA_JEAN_I_AGUA_2026-04-18_18-48-27.jpg exists=YES
DEBUG - 2026-04-19 10:09:21 --> INSERT member image check: KYLE I. AGUA photo => C:\Users\Richard Miculob\Documents\ResQR\public\uploads/family_photos/KYLE_I_AGUA_2026-04-18_18-48-27.jpg exists=YES
DEBUG - 2026-04-19 10:09:21 --> Found family header at row 7013, data starts at row 7015
DEBUG - 2026-04-19 10:09:21 --> Added family member: RAUL BARROS (Relation: LIVE IN PARTNER)
DEBUG - 2026-04-19 10:09:21 --> Added family member: HONY P. GARILLO (Relation: DAUGHTER)
DEBUG - 2026-04-19 10:09:21 --> Added family member: MIKO GARILLO (Relation: GRANDSON)
DEBUG - 2026-04-19 10:09:21 --> Added family member: HANIYAH BREE GAMAO (Relation: GRANDDAUGHTER)
DEBUG - 2026-04-19 10:09:21 --> Added family member: EDUARD BARTHNIEY GARILLO (Relation: GRANDSON)
DEBUG - 2026-04-19 10:09:21 --> Added family member: LOVELY GARILLO (Relation: DAUGHTER)
DEBUG - 2026-04-19 10:09:21 --> Added family member: EARLINDO GAMAO (Relation: SON IN LAW)
DEBUG - 2026-04-19 10:09:21 --> Stopping family parse at row 7022 - found: 26. VULNERABLE MEMBERS:
Older Persons: 1   Pregnant: 0   Lactating: 0   PWD: 0
DEBUG - 2026-04-19 10:09:21 --> Total family members parsed: 7
DEBUG - 2026-04-19 10:09:21 --> INSERT head image check: photo => C:\Users\Richard Miculob\Documents\ResQR\public\uploads/head_photos/NITA_PADEN_MANZALA__2026-04-18_18-50-37.jpg exists=YES
DEBUG - 2026-04-19 10:09:21 --> INSERT head image check: signature_thumbmark => C:\Users\Richard Miculob\Documents\ResQR\public\uploads/signatures/NITA_PADEN_MANZALA_SIGNATURE_DRAWN_2026-04-18_19-04-22.png exists=YES
DEBUG - 2026-04-19 10:09:21 --> INSERT head image check: right_thumbmark => C:\Users\Richard Miculob\Documents\ResQR\public\uploads/thumbmarks/NITA_PADEN_MANZALA_THUMBMARK_2026-04-18_19-04-22.png exists=YES
DEBUG - 2026-04-19 10:09:21 --> INSERT member image check: MIKO GARILLO photo => C:\Users\Richard Miculob\Documents\ResQR\public\uploads/family_photos/MIKO_GARILLO_2026-04-18_18-50-37.jpg exists=YES
DEBUG - 2026-04-19 10:09:21 --> INSERT member image check: EDUARD BARTHNIEY GARILLO photo => C:\Users\Richard Miculob\Documents\ResQR\public\uploads/family_photos/EDUARD_BARTHNIEY_GARILLO_2026-04-18_18-50-37.jpg exists=YES
DEBUG - 2026-04-19 10:09:21 --> Found family header at row 7045, data starts at row 7047
DEBUG - 2026-04-19 10:09:21 --> Added family member: ANA SHIELA B. TIZON (Relation: LIVE-IN PARTNER)
DEBUG - 2026-04-19 10:09:21 --> Added family member: ANDREA SHANE TIZON (Relation: DAUGHTER)
DEBUG - 2026-04-19 10:09:21 --> Added family member: JOHN ERICK T. DOLUMBAL (Relation: SON)
DEBUG - 2026-04-19 10:09:21 --> Stopping family parse at row 7052 - found: 26. VULNERABLE MEMBERS:
Older Persons: 0   Pregnant: 0   Lactating: 0   PWD: 0
DEBUG - 2026-04-19 10:09:21 --> Total family members parsed: 3
DEBUG - 2026-04-19 10:09:21 --> INSERT head image check: photo => C:\Users\Richard Miculob\Documents\ResQR\public\uploads/head_photos/RICKY_MABELIN_DOLUMBAL_2026-04-18_18-52-49.jpg exists=YES
DEBUG - 2026-04-19 10:09:21 --> INSERT head image check: signature_thumbmark => C:\Users\Richard Miculob\Documents\ResQR\public\uploads/signatures/RICKY_MABELIN_DOLUMBAL_SIGNATURE_DRAWN_2026-04-18_19-05-40.png exists=YES
DEBUG - 2026-04-19 10:09:21 --> INSERT head image check: right_thumbmark => C:\Users\Richard Miculob\Documents\ResQR\public\uploads/thumbmarks/RICKY_MABELIN_DOLUMBAL_THUMBMARK_2026-04-18_19-05-40.png exists=YES
DEBUG - 2026-04-19 10:09:21 --> INSERT member image check: ANA SHIELA B. TIZON photo => C:\Users\Richard Miculob\Documents\ResQR\public\uploads/family_photos/ANA_SHIELA_B_TIZON_2026-04-18_18-52-49.jpg exists=YES
DEBUG - 2026-04-19 10:09:21 --> INSERT member image check: ANDREA SHANE TIZON photo => C:\Users\Richard Miculob\Documents\ResQR\public\uploads/family_photos/ANDREA_SHANE_TIZON_2026-04-18_18-52-49.jpg exists=YES
DEBUG - 2026-04-19 10:09:21 --> INSERT member image check: JOHN ERICK T. DOLUMBAL photo => C:\Users\Richard Miculob\Documents\ResQR\public\uploads/family_photos/JOHN_ERICK_T_DOLUMBAL_2026-04-18_18-52-49.jpg exists=YES
DEBUG - 2026-04-19 10:09:21 --> Found family header at row 7075, data starts at row 7077
DEBUG - 2026-04-19 10:09:21 --> Stopping family parse at row 7082 - found: 26. VULNERABLE MEMBERS:
Older Persons: 1   Pregnant: 0   Lactating: 0   PWD: 0
DEBUG - 2026-04-19 10:09:21 --> No family members found with primary method, trying alternative...
DEBUG - 2026-04-19 10:09:21 --> Total family members parsed: 0
DEBUG - 2026-04-19 10:09:21 --> INSERT head image check: photo => C:\Users\Richard Miculob\Documents\ResQR\public\uploads/head_photos/1776509704_5d0e3ad19f657eb8ff3a.jpg exists=YES
DEBUG - 2026-04-19 10:09:21 --> INSERT head image check: signature_thumbmark => C:\Users\Richard Miculob\Documents\ResQR\public\uploads/signatures/SALOME_MAGADA_TIZON_SIGNATURE_DRAWN_2026-04-18_18-58-14.png exists=YES
DEBUG - 2026-04-19 10:09:21 --> INSERT head image check: right_thumbmark => C:\Users\Richard Miculob\Documents\ResQR\public\uploads/thumbmarks/SALOME_MAGADA_TIZON_THUMBMARK_2026-04-18_18-58-14.png exists=YES
DEBUG - 2026-04-19 10:09:21 --> Found family header at row 7105, data starts at row 7107
DEBUG - 2026-04-19 10:09:21 --> Added family member: RABEL TIZON INTOD (Relation: WIFE)
DEBUG - 2026-04-19 10:09:21 --> Added family member: RALPH KENJAY T. INTOD (Relation: SON)
DEBUG - 2026-04-19 10:09:21 --> Added family member: CARENE T. INTOD (Relation: DAUGHTER)
DEBUG - 2026-04-19 10:09:21 --> Added family member: ALTHON JUN CERVANTES GORRES (Relation: )
DEBUG - 2026-04-19 10:09:21 --> Added family member: RICHEL MAE TIZON INTOD (Relation: DAUGHTER)
DEBUG - 2026-04-19 10:09:21 --> Added family member: CARMENCITA A. TIZON (Relation: MOTHER)
DEBUG - 2026-04-19 10:09:21 --> Stopping family parse at row 7113 - found: 26. VULNERABLE MEMBERS:
Older Persons: 1   Pregnant: 0   Lactating: 0   PWD: 0
DEBUG - 2026-04-19 10:09:21 --> Total family members parsed: 6
DEBUG - 2026-04-19 10:09:21 --> INSERT head image check: photo => C:\Users\Richard Miculob\Documents\ResQR\public\uploads/head_photos/EDUARDO_MARDONIAL_INTOD_2026-04-18_18-58-19.jpg exists=YES
DEBUG - 2026-04-19 10:09:21 --> INSERT head image check: signature_thumbmark => C:\Users\Richard Miculob\Documents\ResQR\public\uploads/signatures/EDUARDO_MARDONIAL_INTOD_SIGNATURE_DRAWN_2026-04-18_19-06-44.png exists=YES
DEBUG - 2026-04-19 10:09:21 --> INSERT head image check: right_thumbmark => C:\Users\Richard Miculob\Documents\ResQR\public\uploads/thumbmarks/EDUARDO_MARDONIAL_INTOD_THUMBMARK_2026-04-18_19-06-44.png exists=YES
DEBUG - 2026-04-19 10:09:21 --> INSERT member image check: RABEL TIZON INTOD photo => C:\Users\Richard Miculob\Documents\ResQR\public\uploads/family_photos/RABEL_TIZON_INTOD_2026-04-18_18-58-19.jpg exists=YES
DEBUG - 2026-04-19 10:09:21 --> INSERT member image check: RALPH KENJAY T. INTOD photo => C:\Users\Richard Miculob\Documents\ResQR\public\uploads/family_photos/RALPH_KENJAY_T_INTOD_2026-04-18_18-58-19.jpg exists=YES
DEBUG - 2026-04-19 10:09:21 --> INSERT member image check: CARENE T. INTOD photo => C:\Users\Richard Miculob\Documents\ResQR\public\uploads/family_photos/CARENE_T_INTOD_2026-04-18_18-58-19.jpg exists=YES
DEBUG - 2026-04-19 10:09:21 --> INSERT member image check: ALTHON JUN CERVANTES GORRES photo => C:\Users\Richard Miculob\Documents\ResQR\public\uploads/family_photos/ALTHON_JUN_CERVANTES_GORRES_2026-04-18_18-58-19.jpg exists=YES
DEBUG - 2026-04-19 10:09:21 --> Found family header at row 7136, data starts at row 7138
DEBUG - 2026-04-19 10:09:21 --> Added family member: IAN PAUL COLEN HALIL TABAMO (Relation: GRANDSON)
DEBUG - 2026-04-19 10:09:21 --> Added family member: ROBERT HALIL TABAMO (Relation: SON)
DEBUG - 2026-04-19 10:09:21 --> Added family member: HANNAH MAE MAESTRADO BALACUIT-TABAMO (Relation: DAUGHTER IN LAW)
DEBUG - 2026-04-19 10:09:21 --> Added family member: CHRISTIAN HAJAY JAMELIA TABAMO (Relation: GRANDSON)
DEBUG - 2026-04-19 10:09:21 --> Added family member: REYNALDO DAGONDON TABAMO (Relation: HUSBAND)
DEBUG - 2026-04-19 10:09:21 --> Added family member: REYNANTE HALIL TABAMO (Relation: SON)
DEBUG - 2026-04-19 10:09:21 --> Stopping family parse at row 7144 - found: 26. VULNERABLE MEMBERS:
Older Persons: 2   Pregnant: 0   Lactating: 0   PWD: 1
DEBUG - 2026-04-19 10:09:21 --> Total family members parsed: 6
DEBUG - 2026-04-19 10:09:21 --> INSERT head image check: photo => C:\Users\Richard Miculob\Documents\ResQR\public\uploads/head_photos/1776510100_16e740d0171cf5e26106.jpg exists=YES
DEBUG - 2026-04-19 10:09:21 --> INSERT head image check: signature_thumbmark => C:\Users\Richard Miculob\Documents\ResQR\public\uploads/signatures/SURHAIDA_HALIL_TABAMO_SIGNATURE_DRAWN_2026-04-18_19-08-57.png exists=YES
DEBUG - 2026-04-19 10:09:21 --> INSERT head image check: right_thumbmark => C:\Users\Richard Miculob\Documents\ResQR\public\uploads/thumbmarks/SURHAIDA_HALIL_TABAMO_THUMBMARK_2026-04-18_19-08-57.png exists=YES
DEBUG - 2026-04-19 10:09:21 --> INSERT member image check: ROBERT HALIL TABAMO photo => C:\Users\Richard Miculob\Documents\ResQR\public\uploads/family_photos/ROBERT_HALIL_TABAMO_2026-04-18_19-01-40.jpg exists=YES
DEBUG - 2026-04-19 10:09:21 --> INSERT member image check: HANNAH MAE MAESTRADO BALACUIT-TABAMO photo => C:\Users\Richard Miculob\Documents\ResQR\public\uploads/family_photos/HANNAH_MAE_MAESTRADO_BALACUIT-TABAMO_2026-04-18_19-01-40.jpg exists=YES
DEBUG - 2026-04-19 10:09:21 --> INSERT member image check: REYNALDO DAGONDON TABAMO photo => C:\Users\Richard Miculob\Documents\ResQR\public\uploads/family_photos/REYNALDO_DAGONDON_TABAMO_2026-04-18_19-01-40.jpg exists=YES
DEBUG - 2026-04-19 10:09:21 --> Found family header at row 7167, data starts at row 7169
DEBUG - 2026-04-19 10:09:21 --> Added family member: ALMARANTE G. MAPUTOL JR. (Relation: HUSBAND)
DEBUG - 2026-04-19 10:09:21 --> Added family member: ALMARANTE III S. MAPUTOL (Relation: SON)
DEBUG - 2026-04-19 10:09:21 --> Added family member: JAMES BOY S. MAPUTOL (Relation: SON)
DEBUG - 2026-04-19 10:09:21 --> Stopping family parse at row 7174 - found: 26. VULNERABLE MEMBERS:
Older Persons: 0   Pregnant: 0   Lactating: 0   PWD: 0
DEBUG - 2026-04-19 10:09:21 --> Total family members parsed: 3
DEBUG - 2026-04-19 10:09:21 --> INSERT head image check: photo => C:\Users\Richard Miculob\Documents\ResQR\public\uploads/head_photos/ROSE_NANERIE_SABERON_MAPUTOL_2026-04-18_19-02-03.jpg exists=YES
DEBUG - 2026-04-19 10:09:21 --> INSERT head image check: signature_thumbmark => C:\Users\Richard Miculob\Documents\ResQR\public\uploads/signatures/ROSE_NANERIE_SABERON_MAPUTOL_SIGNATURE_DRAWN_2026-04-18_19-11-45.png exists=YES
DEBUG - 2026-04-19 10:09:21 --> INSERT head image check: right_thumbmark => C:\Users\Richard Miculob\Documents\ResQR\public\uploads/thumbmarks/ROSE_NANERIE_SABERON_MAPUTOL_THUMBMARK_2026-04-18_19-11-45.png exists=YES
DEBUG - 2026-04-19 10:09:21 --> INSERT member image check: ALMARANTE G. MAPUTOL JR. photo => C:\Users\Richard Miculob\Documents\ResQR\public\uploads/family_photos/ALMARANTE_G_MAPUTOL_JR_2026-04-18_19-05-57.jpg exists=YES
DEBUG - 2026-04-19 10:09:21 --> INSERT member image check: ALMARANTE III S. MAPUTOL photo => C:\Users\Richard Miculob\Documents\ResQR\public\uploads/family_photos/ALMARANTE_III_S_MAPUTOL_2026-04-18_19-05-57.jpg exists=YES
DEBUG - 2026-04-19 10:09:21 --> Found family header at row 7197, data starts at row 7199
DEBUG - 2026-04-19 10:09:21 --> Added family member: CLAUDINE INTOD (Relation: WIFE)
DEBUG - 2026-04-19 10:09:21 --> Added family member: MARK ANDRIE INTOD (Relation: SON)
DEBUG - 2026-04-19 10:09:21 --> Added family member: ALTHEA INTOD (Relation: DAUGHTER)
DEBUG - 2026-04-19 10:09:21 --> Stopping family parse at row 7204 - found: 26. VULNERABLE MEMBERS:
Older Persons: 0   Pregnant: 0   Lactating: 0   PWD: 1
DEBUG - 2026-04-19 10:09:21 --> Total family members parsed: 3
DEBUG - 2026-04-19 10:09:21 --> INSERT head image check: photo => C:\Users\Richard Miculob\Documents\ResQR\public\uploads/head_photos/MARK_ANTHONY_LLIMIT_MAESTRADO_2026-04-18_19-07-51.jpg exists=YES
DEBUG - 2026-04-19 10:09:21 --> INSERT head image check: signature_thumbmark => C:\Users\Richard Miculob\Documents\ResQR\public\uploads/signatures/MARK_ANTHONY_LLIMIT_MAESTRADO_SIGNATURE_DRAWN_2026-04-18_19-14-55.png exists=YES
DEBUG - 2026-04-19 10:09:21 --> INSERT head image check: right_thumbmark => C:\Users\Richard Miculob\Documents\ResQR\public\uploads/thumbmarks/MARK_ANTHONY_LLIMIT_MAESTRADO_THUMBMARK_2026-04-18_19-14-55.png exists=YES
DEBUG - 2026-04-19 10:09:21 --> INSERT member image check: CLAUDINE INTOD photo => C:\Users\Richard Miculob\Documents\ResQR\public\uploads/family_photos/CLAUDINE_INTOD_2026-04-18_19-05-50.jpg exists=YES
DEBUG - 2026-04-19 10:09:21 --> INSERT member image check: MARK ANDRIE INTOD photo => C:\Users\Richard Miculob\Documents\ResQR\public\uploads/family_photos/MARK_ANDRIE_INTOD_2026-04-18_19-07-51.jpg exists=YES
DEBUG - 2026-04-19 10:09:21 --> INSERT member image check: ALTHEA INTOD photo => C:\Users\Richard Miculob\Documents\ResQR\public\uploads/family_photos/ALTHEA_INTOD_2026-04-18_19-05-50.jpg exists=YES
DEBUG - 2026-04-19 10:09:21 --> Found family header at row 7227, data starts at row 7229
DEBUG - 2026-04-19 10:09:21 --> Added family member: KEENAN LUYAHAN (Relation: SON)
DEBUG - 2026-04-19 10:09:21 --> Added family member: KYLE LUYAHAN (Relation: DAUGHTER)
DEBUG - 2026-04-19 10:09:21 --> Added family member: KRYSTELLE MAE LUYAHAN (Relation: DAUGHTER)
DEBUG - 2026-04-19 10:09:21 --> Added family member: STEPHEN JAY BABIA (Relation: SON IN LAW)
DEBUG - 2026-04-19 10:09:21 --> Added family member: KARL JAY BABIA (Relation: GRANDSON)
DEBUG - 2026-04-19 10:09:21 --> Stopping family parse at row 7234 - found: 26. VULNERABLE MEMBERS:
Older Persons: 1   Pregnant: 0   Lactating: 0   PWD: 0
DEBUG - 2026-04-19 10:09:21 --> Total family members parsed: 5
DEBUG - 2026-04-19 10:09:21 --> INSERT head image check: photo => C:\Users\Richard Miculob\Documents\ResQR\public\uploads/head_photos/1776510741_23df529c6c884574c5ad.jpg exists=YES
DEBUG - 2026-04-19 10:09:21 --> INSERT head image check: signature_thumbmark => C:\Users\Richard Miculob\Documents\ResQR\public\uploads/signatures/VOLTAIRE_MEJOC_LUYAHAN_SIGNATURE_DRAWN_2026-04-18_19-16-29.png exists=YES
DEBUG - 2026-04-19 10:09:21 --> INSERT head image check: right_thumbmark => C:\Users\Richard Miculob\Documents\ResQR\public\uploads/thumbmarks/VOLTAIRE_MEJOC_LUYAHAN_THUMBMARK_2026-04-18_19-16-29.png exists=YES
DEBUG - 2026-04-19 10:09:21 --> INSERT member image check: KYLE LUYAHAN photo => C:\Users\Richard Miculob\Documents\ResQR\public\uploads/family_photos/KYLE_LUYAHAN_2026-04-18_19-12-21.jpg exists=YES
DEBUG - 2026-04-19 10:09:21 --> Found family header at row 7257, data starts at row 7259
DEBUG - 2026-04-19 10:09:21 --> Added family member: ARCELIE S. LAMONTE (Relation: WIFE)
DEBUG - 2026-04-19 10:09:21 --> Added family member: JUSTINE S. LAMONTE (Relation: SON)
DEBUG - 2026-04-19 10:09:21 --> Added family member: ARCHEL S. LAMONTE (Relation: SON)
DEBUG - 2026-04-19 10:09:21 --> Added family member: LEONARDO S. LAMOMTE JR. (Relation: SON)
DEBUG - 2026-04-19 10:09:21 --> Added family member: GEROME S. LAMONTE (Relation: SON)
DEBUG - 2026-04-19 10:09:21 --> Stopping family parse at row 7264 - found: 26. VULNERABLE MEMBERS:
Older Persons: 0   Pregnant: 0   Lactating: 0   PWD: 0
DEBUG - 2026-04-19 10:09:21 --> Total family members parsed: 5
DEBUG - 2026-04-19 10:09:21 --> INSERT head image check: signature_thumbmark => C:\Users\Richard Miculob\Documents\ResQR\public\uploads/signatures/LEONARDO_SINO_LAMONTE_SIGNATURE_DRAWN_2026-04-18_19-26-29.png exists=YES
DEBUG - 2026-04-19 10:09:21 --> INSERT head image check: right_thumbmark => C:\Users\Richard Miculob\Documents\ResQR\public\uploads/thumbmarks/LEONARDO_SINO_LAMONTE_THUMBMARK_2026-04-18_19-26-29.png exists=YES
DEBUG - 2026-04-19 10:09:21 --> INSERT member image check: ARCHEL S. LAMONTE photo => C:\Users\Richard Miculob\Documents\ResQR\public\uploads/family_photos/ARCHEL_S_LAMONTE_2026-04-18_19-10-37.jpg exists=YES
DEBUG - 2026-04-19 10:09:21 --> Found family header at row 7287, data starts at row 7289
DEBUG - 2026-04-19 10:09:21 --> Stopping family parse at row 7294 - found: 26. VULNERABLE MEMBERS:
Older Persons: 0   Pregnant: 0   Lactating: 0   PWD: 0
DEBUG - 2026-04-19 10:09:21 --> No family members found with primary method, trying alternative...
DEBUG - 2026-04-19 10:09:21 --> Total family members parsed: 0
DEBUG - 2026-04-19 10:09:21 --> INSERT head image check: photo => C:\Users\Richard Miculob\Documents\ResQR\public\uploads/head_photos/WILLIAM_JARABE_CUTAB_2026-04-18_19-12-37.jpg exists=YES
DEBUG - 2026-04-19 10:09:21 --> INSERT head image check: signature_thumbmark => C:\Users\Richard Miculob\Documents\ResQR\public\uploads/signatures/WILLIAM_JARABE_CUTAB_SIGNATURE_DRAWN_2026-04-18_19-22-40.png exists=YES
DEBUG - 2026-04-19 10:09:21 --> INSERT head image check: right_thumbmark => C:\Users\Richard Miculob\Documents\ResQR\public\uploads/thumbmarks/WILLIAM_JARABE_CUTAB_THUMBMARK_2026-04-18_19-22-40.png exists=YES
DEBUG - 2026-04-19 10:09:21 --> Found family header at row 7317, data starts at row 7319
DEBUG - 2026-04-19 10:09:21 --> Added family member: EDNA TIZON (Relation: LIVE-IN PARTNER)
DEBUG - 2026-04-19 10:09:21 --> Added family member: HAJI ENGITO (Relation: SON)
DEBUG - 2026-04-19 10:09:21 --> Added family member: JUNIOR TIZON (Relation: SON)
DEBUG - 2026-04-19 10:09:21 --> Stopping family parse at row 7324 - found: 26. VULNERABLE MEMBERS:
Older Persons: 0   Pregnant: 0   Lactating: 0   PWD: 0
DEBUG - 2026-04-19 10:09:21 --> Total family members parsed: 3
DEBUG - 2026-04-19 10:09:21 --> INSERT head image check: photo => C:\Users\Richard Miculob\Documents\ResQR\public\uploads/head_photos/ALAN_DOLLERA_ENGITO_2026-04-18_19-12-07.jpg exists=YES
DEBUG - 2026-04-19 10:09:21 --> INSERT head image check: signature_thumbmark => C:\Users\Richard Miculob\Documents\ResQR\public\uploads/signatures/ALAN_DOLLERA_ENGITO_SIGNATURE_DRAWN_2026-04-18_19-18-07.png exists=YES
DEBUG - 2026-04-19 10:09:21 --> INSERT head image check: right_thumbmark => C:\Users\Richard Miculob\Documents\ResQR\public\uploads/thumbmarks/ALAN_DOLLERA_ENGITO_THUMBMARK_2026-04-18_19-18-07.png exists=YES
DEBUG - 2026-04-19 10:09:21 --> INSERT member image check: EDNA TIZON photo => C:\Users\Richard Miculob\Documents\ResQR\public\uploads/family_photos/EDNA_TIZON_2026-04-18_19-12-07.jpg exists=YES
DEBUG - 2026-04-19 10:09:21 --> INSERT member image check: HAJI ENGITO photo => C:\Users\Richard Miculob\Documents\ResQR\public\uploads/family_photos/HAJI_ENGITO_2026-04-18_19-12-07.jpg exists=YES
DEBUG - 2026-04-19 10:09:21 --> INSERT member image check: JUNIOR TIZON photo => C:\Users\Richard Miculob\Documents\ResQR\public\uploads/family_photos/JUNIOR_TIZON_2026-04-18_19-12-07.jpg exists=YES
DEBUG - 2026-04-19 10:09:21 --> Found family header at row 7347, data starts at row 7349
DEBUG - 2026-04-19 10:09:21 --> Added family member: ALMIRA ALVAREZ CAY (Relation: LIVE-IN PARTNER)
DEBUG - 2026-04-19 10:09:21 --> Added family member: KIM ALEXIS ALVAREZ CAY (Relation: DAUGHTER)
DEBUG - 2026-04-19 10:09:21 --> Stopping family parse at row 7354 - found: 26. VULNERABLE MEMBERS:
Older Persons: 0   Pregnant: 0   Lactating: 0   PWD: 0
DEBUG - 2026-04-19 10:09:21 --> Total family members parsed: 2
DEBUG - 2026-04-19 10:09:21 --> INSERT head image check: photo => C:\Users\Richard Miculob\Documents\ResQR\public\uploads/head_photos/1776511263_fd1aa2beda2b7d38bc47.jpg exists=YES
DEBUG - 2026-04-19 10:09:21 --> INSERT head image check: signature_thumbmark => C:\Users\Richard Miculob\Documents\ResQR\public\uploads/signatures/MARLON_PAME_PALABAO_SIGNATURE_DRAWN_2026-04-18_19-25-28.png exists=YES
DEBUG - 2026-04-19 10:09:21 --> INSERT head image check: right_thumbmark => C:\Users\Richard Miculob\Documents\ResQR\public\uploads/thumbmarks/MARLON_PAME_PALABAO_THUMBMARK_2026-04-18_19-25-28.png exists=YES
DEBUG - 2026-04-19 10:09:21 --> INSERT member image check: ALMIRA ALVAREZ CAY photo => C:\Users\Richard Miculob\Documents\ResQR\public\uploads/family_photos/ALMIRA_ALVAREZ_CAY_2026-04-18_19-21-03.jpg exists=YES
DEBUG - 2026-04-19 10:09:21 --> INSERT member image check: KIM ALEXIS ALVAREZ CAY photo => C:\Users\Richard Miculob\Documents\ResQR\public\uploads/family_photos/KIM_ALEXIS_ALVAREZ_CAY_2026-04-18_19-21-03.jpg exists=YES
DEBUG - 2026-04-19 10:09:21 --> Found family header at row 7377, data starts at row 7379
DEBUG - 2026-04-19 10:09:21 --> Added family member: KING JOHN ERICSON  CALMA (Relation: SON)
DEBUG - 2026-04-19 10:09:21 --> Added family member: DARYL HARRISON CALMA (Relation: SON)
DEBUG - 2026-04-19 10:09:21 --> Added family member: CHELSI HOPE CALMA (Relation: DAUGHTER)
DEBUG - 2026-04-19 10:09:21 --> Added family member: HANS STANLEY CALMA (Relation: SON)
DEBUG - 2026-04-19 10:09:21 --> Added family member: PRISTINE JADE CALMA (Relation: DAUGHTER)
DEBUG - 2026-04-19 10:09:21 --> Stopping family parse at row 7384 - found: 26. VULNERABLE MEMBERS:
Older Persons: 0   Pregnant: 0   Lactating: 0   PWD: 0
DEBUG - 2026-04-19 10:09:21 --> Total family members parsed: 5
DEBUG - 2026-04-19 10:09:21 --> INSERT head image check: photo => C:\Users\Richard Miculob\Documents\ResQR\public\uploads/head_photos/1776512786_6b21f97dbb82da9f6dd4.jpg exists=YES
DEBUG - 2026-04-19 10:09:21 --> INSERT head image check: signature_thumbmark => C:\Users\Richard Miculob\Documents\ResQR\public\uploads/signatures/JUDIE_SANGRANO_CALMA_SIGNATURE_DRAWN_2026-04-18_19-47-52.png exists=YES
DEBUG - 2026-04-19 10:09:21 --> INSERT head image check: right_thumbmark => C:\Users\Richard Miculob\Documents\ResQR\public\uploads/thumbmarks/JUDIE_SANGRANO_CALMA_THUMBMARK_2026-04-18_19-47-52.png exists=YES
DEBUG - 2026-04-19 10:09:21 --> Found family header at row 7407, data starts at row 7409
DEBUG - 2026-04-19 10:09:21 --> Added family member: CELESTE MAY BASAS OLALO (Relation: WIFE)
DEBUG - 2026-04-19 10:09:21 --> Added family member: ASHLY BASAS SEMITARA (Relation: DAUGHTER)
DEBUG - 2026-04-19 10:09:21 --> Added family member: AIVAN KYLE BASAS OLALO (Relation: SON)
DEBUG - 2026-04-19 10:09:21 --> Stopping family parse at row 7414 - found: 26. VULNERABLE MEMBERS:
Older Persons: 0   Pregnant: 0   Lactating: 0   PWD: 0
DEBUG - 2026-04-19 10:09:21 --> Total family members parsed: 3
DEBUG - 2026-04-19 10:09:21 --> INSERT head image check: photo => C:\Users\Richard Miculob\Documents\ResQR\public\uploads/head_photos/1776513598_a75b7882fb5a40d36511.jpg exists=YES
DEBUG - 2026-04-19 10:09:21 --> INSERT head image check: signature_thumbmark => C:\Users\Richard Miculob\Documents\ResQR\public\uploads/signatures/ARIEL_TUBIANO_OLALO_SIGNATURE_DRAWN_2026-04-18_20-01-08.png exists=YES
DEBUG - 2026-04-19 10:09:21 --> INSERT head image check: right_thumbmark => C:\Users\Richard Miculob\Documents\ResQR\public\uploads/thumbmarks/ARIEL_TUBIANO_OLALO_THUMBMARK_2026-04-18_20-01-08.png exists=YES
DEBUG - 2026-04-19 10:09:21 --> INSERT member image check: CELESTE MAY BASAS OLALO photo => C:\Users\Richard Miculob\Documents\ResQR\public\uploads/family_photos/CELESTE_MAY_BASAS_OLALO_2026-04-18_19-59-58.jpg exists=YES
DEBUG - 2026-04-19 10:09:21 --> INSERT member image check: ASHLY BASAS SEMITARA photo => C:\Users\Richard Miculob\Documents\ResQR\public\uploads/family_photos/ASHLY_BASAS_SEMITARA_2026-04-18_19-59-58.jpg exists=YES
DEBUG - 2026-04-19 10:09:21 --> INSERT member image check: AIVAN KYLE BASAS OLALO photo => C:\Users\Richard Miculob\Documents\ResQR\public\uploads/family_photos/AIVAN_KYLE_BASAS_OLALO_2026-04-18_19-59-58.jpg exists=YES
DEBUG - 2026-04-19 10:09:21 --> Found family header at row 7437, data starts at row 7439
DEBUG - 2026-04-19 10:09:21 --> Added family member: JESTER TADLE HUBAY (Relation: LIVE-IN PARTNER)
DEBUG - 2026-04-19 10:09:21 --> Added family member: JERRY BERT ALIM (Relation: SON)
DEBUG - 2026-04-19 10:09:21 --> Added family member: DAVIE MAY ALIM (Relation: DAUGHTER)
DEBUG - 2026-04-19 10:09:21 --> Stopping family parse at row 7444 - found: 26. VULNERABLE MEMBERS:
Older Persons: 0   Pregnant: 0   Lactating: 0   PWD: 0
DEBUG - 2026-04-19 10:09:21 --> Total family members parsed: 3
DEBUG - 2026-04-19 10:09:21 --> INSERT head image check: photo => C:\Users\Richard Miculob\Documents\ResQR\public\uploads/head_photos/1776514210_ea5dff388b71006fc49e.jpg exists=YES
DEBUG - 2026-04-19 10:09:21 --> INSERT head image check: signature_thumbmark => C:\Users\Richard Miculob\Documents\ResQR\public\uploads/signatures/GLENDA_ACTA_ALIM_SIGNATURE_DRAWN_2026-04-18_20-12-29.png exists=YES
DEBUG - 2026-04-19 10:09:21 --> INSERT head image check: right_thumbmark => C:\Users\Richard Miculob\Documents\ResQR\public\uploads/thumbmarks/GLENDA_ACTA_ALIM_THUMBMARK_2026-04-18_20-12-29.png exists=YES
DEBUG - 2026-04-19 10:09:21 --> INSERT member image check: JERRY BERT ALIM photo => C:\Users\Richard Miculob\Documents\ResQR\public\uploads/family_photos/JERRY_BERT_ALIM_2026-04-18_20-10-57.jpg exists=YES
DEBUG - 2026-04-19 10:09:21 --> INSERT member image check: DAVIE MAY ALIM photo => C:\Users\Richard Miculob\Documents\ResQR\public\uploads/family_photos/DAVIE_MAY_ALIM_2026-04-18_20-24-57.jpg exists=YES
DEBUG - 2026-04-19 10:09:21 --> Found family header at row 7467, data starts at row 7469
DEBUG - 2026-04-19 10:09:21 --> Added family member: PRINCETON JICK ABUZO (Relation: LIVE-IN PARTNER)
DEBUG - 2026-04-19 10:09:21 --> Added family member: IVY ABUZO (Relation: DAUGHTER)
DEBUG - 2026-04-19 10:09:21 --> Added family member: IVORY ABUZO (Relation: DAUGHTER)
DEBUG - 2026-04-19 10:09:21 --> Added family member: PRINCE GABRIEL ABUZO (Relation: SON)
DEBUG - 2026-04-19 10:09:21 --> Stopping family parse at row 7474 - found: 26. VULNERABLE MEMBERS:
Older Persons: 0   Pregnant: 0   Lactating: 0   PWD: 0
DEBUG - 2026-04-19 10:09:21 --> Total family members parsed: 4
DEBUG - 2026-04-19 10:09:21 --> INSERT head image check: photo => C:\Users\Richard Miculob\Documents\ResQR\public\uploads/head_photos/FARAH_ZASETTE_ACTA_ALIM_2026-04-18_20-19-08.jpg exists=YES
DEBUG - 2026-04-19 10:09:21 --> INSERT head image check: signature_thumbmark => C:\Users\Richard Miculob\Documents\ResQR\public\uploads/signatures/FARAH_ZASETTE_ACTA_ALIM_SIGNATURE_DRAWN_2026-04-18_20-20-14.png exists=YES
DEBUG - 2026-04-19 10:09:21 --> INSERT head image check: right_thumbmark => C:\Users\Richard Miculob\Documents\ResQR\public\uploads/thumbmarks/FARAH_ZASETTE_ACTA_ALIM_THUMBMARK_2026-04-18_20-20-14.png exists=YES
DEBUG - 2026-04-19 10:09:21 --> INSERT member image check: PRINCETON JICK ABUZO photo => C:\Users\Richard Miculob\Documents\ResQR\public\uploads/family_photos/PRINCETON_JICK_ABUZO_2026-04-18_20-20-33.jpg exists=YES
DEBUG - 2026-04-19 10:09:21 --> INSERT member image check: IVY ABUZO photo => C:\Users\Richard Miculob\Documents\ResQR\public\uploads/family_photos/IVY_ABUZO_2026-04-18_20-19-08.jpg exists=YES
DEBUG - 2026-04-19 10:09:21 --> INSERT member image check: IVORY ABUZO photo => C:\Users\Richard Miculob\Documents\ResQR\public\uploads/family_photos/IVORY_ABUZO_2026-04-18_20-19-08.jpg exists=YES
DEBUG - 2026-04-19 10:09:21 --> Found family header at row 7497, data starts at row 7499
DEBUG - 2026-04-19 10:09:21 --> Added family member: JESTER CARCON (Relation: COUSIN)
DEBUG - 2026-04-19 10:09:21 --> Stopping family parse at row 7504 - found: 26. VULNERABLE MEMBERS:
Older Persons: 0   Pregnant: 0   Lactating: 0   PWD: 0
DEBUG - 2026-04-19 10:09:21 --> Total family members parsed: 1
DEBUG - 2026-04-19 10:09:21 --> INSERT head image check: photo => C:\Users\Richard Miculob\Documents\ResQR\public\uploads/head_photos/RICKY_DUMANGCAS_ABUCAYON_2026-04-18_20-26-31.jpg exists=YES
DEBUG - 2026-04-19 10:09:21 --> INSERT head image check: signature_thumbmark => C:\Users\Richard Miculob\Documents\ResQR\public\uploads/signatures/RICKY_DUMANGCAS_ABUCAYON_SIGNATURE_DRAWN_2026-04-18_20-27-58.png exists=YES
DEBUG - 2026-04-19 10:09:21 --> INSERT head image check: right_thumbmark => C:\Users\Richard Miculob\Documents\ResQR\public\uploads/thumbmarks/RICKY_DUMANGCAS_ABUCAYON_THUMBMARK_2026-04-18_20-27-58.png exists=YES
DEBUG - 2026-04-19 10:09:21 --> Import completed. Inserted: 249, Updated: 0, Failed: 0
DEBUG - 2026-04-19 10:09:22 --> Session: Class initialized using 'CodeIgniter\Session\Handlers\FileHandler' driver.
DEBUG - 2026-04-19 10:09:36 --> Session: Class initialized using 'CodeIgniter\Session\Handlers\FileHandler' driver.
DEBUG - 2026-04-19 10:10:04 --> Session: Class initialized using 'CodeIgniter\Session\Handlers\FileHandler' driver.
DEBUG - 2026-04-19 10:10:13 --> Session: Class initialized using 'CodeIgniter\Session\Handlers\FileHandler' driver.
DEBUG - 2026-04-19 10:10:23 --> Session: Class initialized using 'CodeIgniter\Session\Handlers\FileHandler' driver.
DEBUG - 2026-04-19 10:10:27 --> Session: Class initialized using 'CodeIgniter\Session\Handlers\FileHandler' driver.
DEBUG - 2026-04-19 10:10:27 --> Family members with file check: Array
(
    [0] => Array
        (
            [id] => 23403
            [resident_id] => 8499
            [member_id] => 0178-01
            [name] => ESTER F. DAHAN
            [relation] => Wife
            [birthdate] => 1960-11-28
            [age] => 65
            [sex] => Female
            [education] => HIGHSCHOOL LEVEL
            [occupation] => Housewife
            [remarks] => 
            [photo] => uploads/family_photos/ESTER_F_DAHAN_2026-04-18_17-28-24.jpg
            [id_photo_front] => 
            [id_photo_back] => 
            [birth_certificate] => 
            [qr_code_token] => 7840a758d9c35c45141e69f9d659b2c1
            [qr_code_id] => 
            [status] => active
            [created_at] => 2026-04-19 10:09:20
            [updated_at] => 2026-04-19 10:09:20
            [photo_exists] => YES
            [full_path] => C:\Users\Richard Miculob\Documents\ResQR\public\uploads/family_photos/ESTER_F_DAHAN_2026-04-18_17-28-24.jpg
        )

    [1] => Array
        (
            [id] => 23404
            [resident_id] => 8499
            [member_id] => 0178-02
            [name] => MARY GRACE DAHAN
            [relation] => Daughter
            [birthdate] => 1999-10-01
            [age] => 26
            [sex] => Male
            [education] => COLLEGE GRADUATE
            [occupation] => Registrar Officer
            [remarks] => 
            [photo] => 
            [id_photo_front] => 
            [id_photo_back] => 
            [birth_certificate] => 
            [qr_code_token] => 1a7c9998ff8cd3ed533637b07976e6b4
            [qr_code_id] => 
            [status] => active
            [created_at] => 2026-04-19 10:09:20
            [updated_at] => 2026-04-19 10:09:20
        )

    [2] => Array
        (
            [id] => 23405
            [resident_id] => 8499
            [member_id] => 0178-03
            [name] => LESTER F. DAHAN
            [relation] => Son
            [birthdate] => 1998-04-17
            [age] => 27
            [sex] => Male
            [education] => COLLEGE GRADUATE
            [occupation] => Teacher
            [remarks] => 
            [photo] => 
            [id_photo_front] => 
            [id_photo_back] => 
            [birth_certificate] => 
            [qr_code_token] => c27fec7d25af8e761db66b04ec86b3f0
            [qr_code_id] => 
            [status] => active
            [created_at] => 2026-04-19 10:09:20
            [updated_at] => 2026-04-19 10:09:20
        )

    [3] => Array
        (
            [id] => 23406
            [resident_id] => 8499
            [member_id] => 0178-04
            [name] => ERVIN F. DAHAN
            [relation] => Son
            [birthdate] => 1988-12-16
            [age] => 37
            [sex] => Male
            [education] => COLLEGE GRADUATE
            [occupation] => Government Employee
            [remarks] => 
            [photo] => 
            [id_photo_front] => 
            [id_photo_back] => 
            [birth_certificate] => 
            [qr_code_token] => d580ec454b3dbd59388e6c2ea847f89c
            [qr_code_id] => 
            [status] => active
            [created_at] => 2026-04-19 10:09:20
            [updated_at] => 2026-04-19 10:09:20
        )

)

DEBUG - 2026-04-19 10:10:27 --> Session: Class initialized using 'CodeIgniter\Session\Handlers\FileHandler' driver.
DEBUG - 2026-04-19 10:10:27 --> Family members with file check: Array
(
    [0] => Array
        (
            [id] => 23403
            [resident_id] => 8499
            [member_id] => 0178-01
            [name] => ESTER F. DAHAN
            [relation] => Wife
            [birthdate] => 1960-11-28
            [age] => 65
            [sex] => Female
            [education] => HIGHSCHOOL LEVEL
            [occupation] => Housewife
            [remarks] => 
            [photo] => uploads/family_photos/ESTER_F_DAHAN_2026-04-18_17-28-24.jpg
            [id_photo_front] => 
            [id_photo_back] => 
            [birth_certificate] => 
            [qr_code_token] => 7840a758d9c35c45141e69f9d659b2c1
            [qr_code_id] => 
            [status] => active
            [created_at] => 2026-04-19 10:09:20
            [updated_at] => 2026-04-19 10:09:20
            [photo_exists] => YES
            [full_path] => C:\Users\Richard Miculob\Documents\ResQR\public\uploads/family_photos/ESTER_F_DAHAN_2026-04-18_17-28-24.jpg
        )

    [1] => Array
        (
            [id] => 23404
            [resident_id] => 8499
            [member_id] => 0178-02
            [name] => MARY GRACE DAHAN
            [relation] => Daughter
            [birthdate] => 1999-10-01
            [age] => 26
            [sex] => Male
            [education] => COLLEGE GRADUATE
            [occupation] => Registrar Officer
            [remarks] => 
            [photo] => 
            [id_photo_front] => 
            [id_photo_back] => 
            [birth_certificate] => 
            [qr_code_token] => 1a7c9998ff8cd3ed533637b07976e6b4
            [qr_code_id] => 
            [status] => active
            [created_at] => 2026-04-19 10:09:20
            [updated_at] => 2026-04-19 10:09:20
        )

    [2] => Array
        (
            [id] => 23405
            [resident_id] => 8499
            [member_id] => 0178-03
            [name] => LESTER F. DAHAN
            [relation] => Son
            [birthdate] => 1998-04-17
            [age] => 27
            [sex] => Male
            [education] => COLLEGE GRADUATE
            [occupation] => Teacher
            [remarks] => 
            [photo] => 
            [id_photo_front] => 
            [id_photo_back] => 
            [birth_certificate] => 
            [qr_code_token] => c27fec7d25af8e761db66b04ec86b3f0
            [qr_code_id] => 
            [status] => active
            [created_at] => 2026-04-19 10:09:20
            [updated_at] => 2026-04-19 10:09:20
        )

    [3] => Array
        (
            [id] => 23406
            [resident_id] => 8499
            [member_id] => 0178-04
            [name] => ERVIN F. DAHAN
            [relation] => Son
            [birthdate] => 1988-12-16
            [age] => 37
            [sex] => Male
            [education] => COLLEGE GRADUATE
            [occupation] => Government Employee
            [remarks] => 
            [photo] => 
            [id_photo_front] => 
            [id_photo_back] => 
            [birth_certificate] => 
            [qr_code_token] => d580ec454b3dbd59388e6c2ea847f89c
            [qr_code_id] => 
            [status] => active
            [created_at] => 2026-04-19 10:09:20
            [updated_at] => 2026-04-19 10:09:20
        )

)

DEBUG - 2026-04-19 10:10:48 --> Session: Class initialized using 'CodeIgniter\Session\Handlers\FileHandler' driver.
DEBUG - 2026-04-19 10:10:48 --> Preserved existing family member photo: uploads/family_photos/ESTER_F_DAHAN_2026-04-18_17-28-24.jpg
DEBUG - 2026-04-19 10:10:48 --> Session: Class initialized using 'CodeIgniter\Session\Handlers\FileHandler' driver.
DEBUG - 2026-04-19 10:11:04 --> Session: Class initialized using 'CodeIgniter\Session\Handlers\FileHandler' driver.
DEBUG - 2026-04-19 10:12:56 --> Session: Class initialized using 'CodeIgniter\Session\Handlers\FileHandler' driver.
DEBUG - 2026-04-19 10:12:57 --> Session: Class initialized using 'CodeIgniter\Session\Handlers\FileHandler' driver.
DEBUG - 2026-04-19 10:27:22 --> Session: Class initialized using 'CodeIgniter\Session\Handlers\FileHandler' driver.
DEBUG - 2026-04-19 10:27:22 --> Session: Class initialized using 'CodeIgniter\Session\Handlers\FileHandler' driver.
DEBUG - 2026-04-19 10:27:27 --> Session: Class initialized using 'CodeIgniter\Session\Handlers\FileHandler' driver.
DEBUG - 2026-04-19 10:27:49 --> Session: Class initialized using 'CodeIgniter\Session\Handlers\FileHandler' driver.
DEBUG - 2026-04-19 10:27:49 --> Family members with file check: Array
(
    [0] => Array
        (
            [id] => 23687
            [resident_id] => 8590
            [member_id] => 0275-01
            [name] => JESTER CARCON
            [relation] => Cousin
            [birthdate] => 
            [age] => 0
            [sex] => Male
            [education] => 
            [occupation] => On-call
            [remarks] => 
            [photo] => 
            [id_photo_front] => 
            [id_photo_back] => 
            [birth_certificate] => 
            [qr_code_token] => d325707f99b1edc111dbb8fca0bcb07d
            [qr_code_id] => 
            [status] => active
            [created_at] => 2026-04-19 10:09:21
            [updated_at] => 2026-04-19 10:09:21
        )

)

DEBUG - 2026-04-19 10:29:14 --> Session: Class initialized using 'CodeIgniter\Session\Handlers\FileHandler' driver.
DEBUG - 2026-04-19 10:29:37 --> Session: Class initialized using 'CodeIgniter\Session\Handlers\FileHandler' driver.
DEBUG - 2026-04-19 10:31:39 --> Session: Class initialized using 'CodeIgniter\Session\Handlers\FileHandler' driver.
DEBUG - 2026-04-19 10:35:02 --> Session: Class initialized using 'CodeIgniter\Session\Handlers\FileHandler' driver.
DEBUG - 2026-04-19 10:35:02 --> Family members with file check: Array
(
    [0] => Array
        (
            [id] => 23057
            [resident_id] => 8390
            [member_id] => 0050-01
            [name] => RAQUEL BUTALID
            [relation] => Wife
            [birthdate] => 1988-08-16
            [age] => 37
            [sex] => Female
            [education] => VOCATIONAL
            [occupation] => Housewife
            [remarks] => 
            [photo] => 
            [id_photo_front] => 
            [id_photo_back] => 
            [birth_certificate] => 
            [qr_code_token] => e7042c2c8c26be7c91e60554cfd5ab9d
            [qr_code_id] => 
            [status] => active
            [created_at] => 2026-04-19 10:09:19
            [updated_at] => 2026-04-19 10:09:19
        )

    [1] => Array
        (
            [id] => 23058
            [resident_id] => 8390
            [member_id] => 0050-02
            [name] => SAMANTHA NICOLE BUTALID
            [relation] => Daughter
            [birthdate] => 2008-06-14
            [age] => 17
            [sex] => Female
            [education] => GRADE 12
            [occupation] => Student
            [remarks] => 
            [photo] => 
            [id_photo_front] => 
            [id_photo_back] => 
            [birth_certificate] => 
            [qr_code_token] => 616356409fdb30a370a71a6bc0cf6d0e
            [qr_code_id] => 
            [status] => active
            [created_at] => 2026-04-19 10:09:19
            [updated_at] => 2026-04-19 10:09:19
        )

    [2] => Array
        (
            [id] => 23059
            [resident_id] => 8390
            [member_id] => 0050-03
            [name] => STARVEL BUTALID
            [relation] => Daughter
            [birthdate] => 2009-07-25
            [age] => 16
            [sex] => Female
            [education] => GRADE 11
            [occupation] => Student
            [remarks] => 
            [photo] => 
            [id_photo_front] => 
            [id_photo_back] => 
            [birth_certificate] => 
            [qr_code_token] => 9d917279fc156d9419f96c5749e2a973
            [qr_code_id] => 
            [status] => active
            [created_at] => 2026-04-19 10:09:19
            [updated_at] => 2026-04-19 10:09:19
        )

    [3] => Array
        (
            [id] => 23060
            [resident_id] => 8390
            [member_id] => 0050-04
            [name] => MICHAEL BUTALID
            [relation] => Son
            [birthdate] => 2010-09-19
            [age] => 15
            [sex] => Male
            [education] => GRADE 10
            [occupation] => Student
            [remarks] => 
            [photo] => 
            [id_photo_front] => 
            [id_photo_back] => 
            [birth_certificate] => 
            [qr_code_token] => 48c61a25dc32158948466e2c06707c7f
            [qr_code_id] => 
            [status] => active
            [created_at] => 2026-04-19 10:09:19
            [updated_at] => 2026-04-19 10:09:19
        )

)

DEBUG - 2026-04-19 10:37:17 --> Session: Class initialized using 'CodeIgniter\Session\Handlers\FileHandler' driver.
DEBUG - 2026-04-19 10:38:42 --> Session: Class initialized using 'CodeIgniter\Session\Handlers\FileHandler' driver.
DEBUG - 2026-04-19 10:38:42 --> Session: Class initialized using 'CodeIgniter\Session\Handlers\FileHandler' driver.
DEBUG - 2026-04-19 10:52:25 --> Session: Class initialized using 'CodeIgniter\Session\Handlers\FileHandler' driver.
DEBUG - 2026-04-19 10:52:48 --> Session: Class initialized using 'CodeIgniter\Session\Handlers\FileHandler' driver.
DEBUG - 2026-04-19 10:53:23 --> Session: Class initialized using 'CodeIgniter\Session\Handlers\FileHandler' driver.
DEBUG - 2026-04-19 10:53:23 --> Session: Class initialized using 'CodeIgniter\Session\Handlers\FileHandler' driver.
DEBUG - 2026-04-19 10:54:10 --> Session: Class initialized using 'CodeIgniter\Session\Handlers\FileHandler' driver.
DEBUG - 2026-04-19 10:55:32 --> Session: Class initialized using 'CodeIgniter\Session\Handlers\FileHandler' driver.
DEBUG - 2026-04-19 10:55:32 --> Family members with file check: Array
(
    [0] => Array
        (
            [id] => 23542
            [resident_id] => 8546
            [member_id] => 0231-01
            [name] => SONIA T. ALCANTAR
            [relation] => Wife
            [birthdate] => 1963-10-15
            [age] => 62
            [sex] => Female
            [education] => HIGH SCHOOL LEVEL
            [occupation] => House Wife
            [remarks] => 
            [photo] => 
            [id_photo_front] => 
            [id_photo_back] => 
            [birth_certificate] => 
            [qr_code_token] => 1aec62009a5f434d19f5b00bacff5cdf
            [qr_code_id] => 
            [status] => active
            [created_at] => 2026-04-19 10:09:20
            [updated_at] => 2026-04-19 10:09:20
        )

    [1] => Array
        (
            [id] => 23543
            [resident_id] => 8546
            [member_id] => 0231-02
            [name] => CHRISTINE T. ALCANTAR
            [relation] => Daughter
            [birthdate] => 1998-12-21
            [age] => 27
            [sex] => Female
            [education] => COLLEGE GRADUATE
            [occupation] => Government Employee
            [remarks] => 
            [photo] => uploads/family_photos/CHRISTINE_T_ALCANTAR_2026-04-18_17-47-22.jpg
            [id_photo_front] => 
            [id_photo_back] => 
            [birth_certificate] => 
            [qr_code_token] => 1b207671196f2148f105e4fba8178879
            [qr_code_id] => 
            [status] => active
            [created_at] => 2026-04-19 10:09:20
            [updated_at] => 2026-04-19 10:09:20
            [photo_exists] => YES
            [full_path] => C:\Users\Richard Miculob\Documents\ResQR\public\uploads/family_photos/CHRISTINE_T_ALCANTAR_2026-04-18_17-47-22.jpg
        )

    [2] => Array
        (
            [id] => 23544
            [resident_id] => 8546
            [member_id] => 0231-03
            [name] => MAY-ANN T. ALCANTAR
            [relation] => Daughter
            [birthdate] => 2001-05-04
            [age] => 24
            [sex] => Female
            [education] => COLLEGE LEVEL
            [occupation] => Student
            [remarks] => 
            [photo] => uploads/family_photos/MAY-ANN_T_ALCANTAR_2026-04-18_17-47-22.jpg
            [id_photo_front] => 
            [id_photo_back] => 
            [birth_certificate] => 
            [qr_code_token] => 79fa6a808f0060b837e01f6dd390fce9
            [qr_code_id] => 
            [status] => active
            [created_at] => 2026-04-19 10:09:20
            [updated_at] => 2026-04-19 10:09:20
            [photo_exists] => YES
            [full_path] => C:\Users\Richard Miculob\Documents\ResQR\public\uploads/family_photos/MAY-ANN_T_ALCANTAR_2026-04-18_17-47-22.jpg
        )

    [3] => Array
        (
            [id] => 23545
            [resident_id] => 8546
            [member_id] => 0231-04
            [name] => JAY-ANN T. ALCANTAR
            [relation] => Granddaughter
            [birthdate] => 2007-02-08
            [age] => 19
            [sex] => Female
            [education] => COLLEGE LEVEL
            [occupation] => Student
            [remarks] => 
            [photo] => uploads/family_photos/JAY-ANN_T_ALCANTAR_2026-04-18_17-47-22.jpg
            [id_photo_front] => 
            [id_photo_back] => 
            [birth_certificate] => 
            [qr_code_token] => ba90dd59ca6c8d88291c549da8b7d1a0
            [qr_code_id] => 
            [status] => active
            [created_at] => 2026-04-19 10:09:20
            [updated_at] => 2026-04-19 10:09:20
            [photo_exists] => YES
            [full_path] => C:\Users\Richard Miculob\Documents\ResQR\public\uploads/family_photos/JAY-ANN_T_ALCANTAR_2026-04-18_17-47-22.jpg
        )

    [4] => Array
        (
            [id] => 23546
            [resident_id] => 8546
            [member_id] => 0231-05
            [name] => KHIMJE JADMAN
            [relation] => Grandson
            [birthdate] => 2017-10-30
            [age] => 8
            [sex] => Male
            [education] => ELEMENTARY LEVEL
            [occupation] => Student
            [remarks] => 
            [photo] => uploads/family_photos/KHIMJE_JADMAN_2026-04-18_17-47-22.jpg
            [id_photo_front] => 
            [id_photo_back] => 
            [birth_certificate] => 
            [qr_code_token] => 8cd0709682d197c35137c9df9dcd824d
            [qr_code_id] => 
            [status] => active
            [created_at] => 2026-04-19 10:09:20
            [updated_at] => 2026-04-19 10:09:20
            [photo_exists] => YES
            [full_path] => C:\Users\Richard Miculob\Documents\ResQR\public\uploads/family_photos/KHIMJE_JADMAN_2026-04-18_17-47-22.jpg
        )

)

DEBUG - 2026-04-19 10:55:47 --> Session: Class initialized using 'CodeIgniter\Session\Handlers\FileHandler' driver.
DEBUG - 2026-04-19 10:56:23 --> Session: Class initialized using 'CodeIgniter\Session\Handlers\FileHandler' driver.
DEBUG - 2026-04-19 10:56:24 --> Session: Class initialized using 'CodeIgniter\Session\Handlers\FileHandler' driver.
DEBUG - 2026-04-19 10:57:39 --> Session: Class initialized using 'CodeIgniter\Session\Handlers\FileHandler' driver.
DEBUG - 2026-04-19 10:57:40 --> Session: Class initialized using 'CodeIgniter\Session\Handlers\FileHandler' driver.
DEBUG - 2026-04-19 10:57:47 --> Session: Class initialized using 'CodeIgniter\Session\Handlers\FileHandler' driver.
DEBUG - 2026-04-19 10:59:49 --> Session: Class initialized using 'CodeIgniter\Session\Handlers\FileHandler' driver.
DEBUG - 2026-04-19 10:59:50 --> Session: Class initialized using 'CodeIgniter\Session\Handlers\FileHandler' driver.
DEBUG - 2026-04-19 11:00:09 --> Session: Class initialized using 'CodeIgniter\Session\Handlers\FileHandler' driver.
DEBUG - 2026-04-19 11:00:09 --> Session: Class initialized using 'CodeIgniter\Session\Handlers\FileHandler' driver.
DEBUG - 2026-04-19 11:00:16 --> Session: Class initialized using 'CodeIgniter\Session\Handlers\FileHandler' driver.
DEBUG - 2026-04-19 11:01:43 --> Session: Class initialized using 'CodeIgniter\Session\Handlers\FileHandler' driver.
DEBUG - 2026-04-19 11:01:43 --> Session: Class initialized using 'CodeIgniter\Session\Handlers\FileHandler' driver.
DEBUG - 2026-04-19 11:01:53 --> Session: Class initialized using 'CodeIgniter\Session\Handlers\FileHandler' driver.
DEBUG - 2026-04-19 11:02:40 --> Session: Class initialized using 'CodeIgniter\Session\Handlers\FileHandler' driver.
DEBUG - 2026-04-19 11:02:41 --> Session: Class initialized using 'CodeIgniter\Session\Handlers\FileHandler' driver.
DEBUG - 2026-04-19 11:02:51 --> Session: Class initialized using 'CodeIgniter\Session\Handlers\FileHandler' driver.
DEBUG - 2026-04-19 11:03:47 --> Session: Class initialized using 'CodeIgniter\Session\Handlers\FileHandler' driver.
DEBUG - 2026-04-19 11:03:47 --> Session: Class initialized using 'CodeIgniter\Session\Handlers\FileHandler' driver.
DEBUG - 2026-04-19 11:03:55 --> Session: Class initialized using 'CodeIgniter\Session\Handlers\FileHandler' driver.
DEBUG - 2026-04-19 11:05:28 --> Session: Class initialized using 'CodeIgniter\Session\Handlers\FileHandler' driver.
DEBUG - 2026-04-19 11:05:28 --> Session: Class initialized using 'CodeIgniter\Session\Handlers\FileHandler' driver.
DEBUG - 2026-04-19 11:06:47 --> Session: Class initialized using 'CodeIgniter\Session\Handlers\FileHandler' driver.
DEBUG - 2026-04-19 11:06:47 --> Session: Class initialized using 'CodeIgniter\Session\Handlers\FileHandler' driver.
DEBUG - 2026-04-19 11:08:53 --> Session: Class initialized using 'CodeIgniter\Session\Handlers\FileHandler' driver.
DEBUG - 2026-04-19 11:08:54 --> Session: Class initialized using 'CodeIgniter\Session\Handlers\FileHandler' driver.
DEBUG - 2026-04-19 11:09:01 --> Session: Class initialized using 'CodeIgniter\Session\Handlers\FileHandler' driver.
DEBUG - 2026-04-19 11:09:49 --> Session: Class initialized using 'CodeIgniter\Session\Handlers\FileHandler' driver.
DEBUG - 2026-04-19 11:09:50 --> Session: Class initialized using 'CodeIgniter\Session\Handlers\FileHandler' driver.
DEBUG - 2026-04-19 11:09:57 --> Session: Class initialized using 'CodeIgniter\Session\Handlers\FileHandler' driver.
DEBUG - 2026-04-19 11:10:54 --> Session: Class initialized using 'CodeIgniter\Session\Handlers\FileHandler' driver.
DEBUG - 2026-04-19 11:10:55 --> Session: Class initialized using 'CodeIgniter\Session\Handlers\FileHandler' driver.
DEBUG - 2026-04-19 11:11:05 --> Session: Class initialized using 'CodeIgniter\Session\Handlers\FileHandler' driver.
DEBUG - 2026-04-19 11:11:52 --> Session: Class initialized using 'CodeIgniter\Session\Handlers\FileHandler' driver.
DEBUG - 2026-04-19 11:11:53 --> Session: Class initialized using 'CodeIgniter\Session\Handlers\FileHandler' driver.
DEBUG - 2026-04-19 11:12:00 --> Session: Class initialized using 'CodeIgniter\Session\Handlers\FileHandler' driver.
DEBUG - 2026-04-19 11:16:04 --> Session: Class initialized using 'CodeIgniter\Session\Handlers\FileHandler' driver.
DEBUG - 2026-04-19 11:16:04 --> Session: Class initialized using 'CodeIgniter\Session\Handlers\FileHandler' driver.
DEBUG - 2026-04-19 11:16:10 --> Session: Class initialized using 'CodeIgniter\Session\Handlers\FileHandler' driver.
DEBUG - 2026-04-19 11:17:15 --> Session: Class initialized using 'CodeIgniter\Session\Handlers\FileHandler' driver.
DEBUG - 2026-04-19 11:17:16 --> Session: Class initialized using 'CodeIgniter\Session\Handlers\FileHandler' driver.
DEBUG - 2026-04-19 11:17:23 --> Session: Class initialized using 'CodeIgniter\Session\Handlers\FileHandler' driver.
DEBUG - 2026-04-19 11:19:14 --> Session: Class initialized using 'CodeIgniter\Session\Handlers\FileHandler' driver.
DEBUG - 2026-04-19 11:19:15 --> Session: Class initialized using 'CodeIgniter\Session\Handlers\FileHandler' driver.
DEBUG - 2026-04-19 11:19:20 --> Session: Class initialized using 'CodeIgniter\Session\Handlers\FileHandler' driver.
DEBUG - 2026-04-19 11:20:06 --> Session: Class initialized using 'CodeIgniter\Session\Handlers\FileHandler' driver.
DEBUG - 2026-04-19 11:20:06 --> Session: Class initialized using 'CodeIgniter\Session\Handlers\FileHandler' driver.
DEBUG - 2026-04-19 11:20:12 --> Session: Class initialized using 'CodeIgniter\Session\Handlers\FileHandler' driver.
DEBUG - 2026-04-19 11:20:19 --> Session: Class initialized using 'CodeIgniter\Session\Handlers\FileHandler' driver.
DEBUG - 2026-04-19 11:20:27 --> Session: Class initialized using 'CodeIgniter\Session\Handlers\FileHandler' driver.
DEBUG - 2026-04-19 12:38:15 --> Session: Class initialized using 'CodeIgniter\Session\Handlers\FileHandler' driver.
DEBUG - 2026-04-19 12:38:16 --> Session: Class initialized using 'CodeIgniter\Session\Handlers\FileHandler' driver.
DEBUG - 2026-04-19 12:38:22 --> Session: Class initialized using 'CodeIgniter\Session\Handlers\FileHandler' driver.
DEBUG - 2026-04-19 12:38:30 --> Session: Class initialized using 'CodeIgniter\Session\Handlers\FileHandler' driver.
DEBUG - 2026-04-19 12:44:55 --> Session: Class initialized using 'CodeIgniter\Session\Handlers\FileHandler' driver.
DEBUG - 2026-04-19 12:44:56 --> Session: Class initialized using 'CodeIgniter\Session\Handlers\FileHandler' driver.
DEBUG - 2026-04-19 12:45:17 --> Session: Class initialized using 'CodeIgniter\Session\Handlers\FileHandler' driver.
DEBUG - 2026-04-19 12:46:31 --> Session: Class initialized using 'CodeIgniter\Session\Handlers\FileHandler' driver.
DEBUG - 2026-04-19 12:46:32 --> Session: Class initialized using 'CodeIgniter\Session\Handlers\FileHandler' driver.
DEBUG - 2026-04-19 12:46:38 --> Session: Class initialized using 'CodeIgniter\Session\Handlers\FileHandler' driver.
DEBUG - 2026-04-19 12:47:43 --> Session: Class initialized using 'CodeIgniter\Session\Handlers\FileHandler' driver.
DEBUG - 2026-04-19 12:47:43 --> Session: Class initialized using 'CodeIgniter\Session\Handlers\FileHandler' driver.
DEBUG - 2026-04-19 12:48:43 --> Session: Class initialized using 'CodeIgniter\Session\Handlers\FileHandler' driver.
DEBUG - 2026-04-19 12:49:27 --> Session: Class initialized using 'CodeIgniter\Session\Handlers\FileHandler' driver.
DEBUG - 2026-04-19 12:49:28 --> Session: Class initialized using 'CodeIgniter\Session\Handlers\FileHandler' driver.
DEBUG - 2026-04-19 12:49:33 --> Session: Class initialized using 'CodeIgniter\Session\Handlers\FileHandler' driver.
DEBUG - 2026-04-19 12:49:48 --> Session: Class initialized using 'CodeIgniter\Session\Handlers\FileHandler' driver.
DEBUG - 2026-04-19 12:49:48 --> Session: Class initialized using 'CodeIgniter\Session\Handlers\FileHandler' driver.
DEBUG - 2026-04-19 12:49:53 --> Session: Class initialized using 'CodeIgniter\Session\Handlers\FileHandler' driver.
DEBUG - 2026-04-19 12:49:57 --> Session: Class initialized using 'CodeIgniter\Session\Handlers\FileHandler' driver.
DEBUG - 2026-04-19 12:50:03 --> Session: Class initialized using 'CodeIgniter\Session\Handlers\FileHandler' driver.
DEBUG - 2026-04-19 13:02:49 --> Session: Class initialized using 'CodeIgniter\Session\Handlers\FileHandler' driver.
DEBUG - 2026-04-19 13:02:54 --> Session: Class initialized using 'CodeIgniter\Session\Handlers\FileHandler' driver.
DEBUG - 2026-04-19 13:03:39 --> Session: Class initialized using 'CodeIgniter\Session\Handlers\FileHandler' driver.
DEBUG - 2026-04-19 13:03:39 --> Family members with file check: Array
(
    [0] => Array
        (
            [id] => 23161
            [resident_id] => 8428
            [member_id] => 0088-01
            [name] => ROY DAHANG
            [relation] => Live-in
            [birthdate] => 1998-11-24
            [age] => 27
            [sex] => Male
            [education] => ELEM GRAD
            [occupation] => Labor
            [remarks] => 
            [photo] => 
            [id_photo_front] => 
            [id_photo_back] => 
            [birth_certificate] => 
            [qr_code_token] => a130d28f0e65a8183e3f64c810d67261
            [qr_code_id] => 
            [status] => active
            [created_at] => 2026-04-19 10:09:19
            [updated_at] => 2026-04-19 10:09:19
        )

    [1] => Array
        (
            [id] => 23162
            [resident_id] => 8428
            [member_id] => 0088-02
            [name] => ALLIYAH GRACE  ACEDES
            [relation] => Daughter
            [birthdate] => 2022-02-27
            [age] => 4
            [sex] => Female
            [education] => 
            [occupation] => 
            [remarks] => 
            [photo] => 
            [id_photo_front] => 
            [id_photo_back] => 
            [birth_certificate] => 
            [qr_code_token] => 75d452260f0b25b80688d76b10ec02b0
            [qr_code_id] => 
            [status] => active
            [created_at] => 2026-04-19 10:09:19
            [updated_at] => 2026-04-19 10:09:19
        )

    [2] => Array
        (
            [id] => 23163
            [resident_id] => 8428
            [member_id] => 0088-03
            [name] => NATHANIEL DAHANG
            [relation] => Son
            [birthdate] => 2023-09-09
            [age] => 2
            [sex] => Male
            [education] => 
            [occupation] => 
            [remarks] => 
            [photo] => 
            [id_photo_front] => 
            [id_photo_back] => 
            [birth_certificate] => 
            [qr_code_token] => 86b141140b98b01663672ef776f79464
            [qr_code_id] => 
            [status] => active
            [created_at] => 2026-04-19 10:09:19
            [updated_at] => 2026-04-19 10:09:19
        )

    [3] => Array
        (
            [id] => 23164
            [resident_id] => 8428
            [member_id] => 0088-04
            [name] => ALEXA ACEDES
            [relation] => Daughter
            [birthdate] => 2025-01-03
            [age] => 1
            [sex] => Female
            [education] => 
            [occupation] => 
            [remarks] => 
            [photo] => 
            [id_photo_front] => 
            [id_photo_back] => 
            [birth_certificate] => 
            [qr_code_token] => cb1b3ea421b7d5782254dbf1605a4719
            [qr_code_id] => 
            [status] => active
            [created_at] => 2026-04-19 10:09:19
            [updated_at] => 2026-04-19 10:09:19
        )

)

DEBUG - 2026-04-19 13:03:42 --> Session: Class initialized using 'CodeIgniter\Session\Handlers\FileHandler' driver.
DEBUG - 2026-04-19 13:03:47 --> Session: Class initialized using 'CodeIgniter\Session\Handlers\FileHandler' driver.
DEBUG - 2026-04-19 13:03:51 --> Session: Class initialized using 'CodeIgniter\Session\Handlers\FileHandler' driver.
DEBUG - 2026-04-19 13:03:58 --> Session: Class initialized using 'CodeIgniter\Session\Handlers\FileHandler' driver.
DEBUG - 2026-04-19 13:04:01 --> Session: Class initialized using 'CodeIgniter\Session\Handlers\FileHandler' driver.
DEBUG - 2026-04-19 13:04:06 --> Session: Class initialized using 'CodeIgniter\Session\Handlers\FileHandler' driver.
DEBUG - 2026-04-19 13:04:18 --> Session: Class initialized using 'CodeIgniter\Session\Handlers\FileHandler' driver.
DEBUG - 2026-04-19 13:04:18 --> Family members with file check: Array
(
    [0] => Array
        (
            [id] => 23161
            [resident_id] => 8428
            [member_id] => 0088-01
            [name] => ROY DAHANG
            [relation] => Live-in
            [birthdate] => 1998-11-24
            [age] => 27
            [sex] => Male
            [education] => ELEM GRAD
            [occupation] => Labor
            [remarks] => 
            [photo] => 
            [id_photo_front] => 
            [id_photo_back] => 
            [birth_certificate] => 
            [qr_code_token] => a130d28f0e65a8183e3f64c810d67261
            [qr_code_id] => 
            [status] => active
            [created_at] => 2026-04-19 10:09:19
            [updated_at] => 2026-04-19 10:09:19
        )

    [1] => Array
        (
            [id] => 23162
            [resident_id] => 8428
            [member_id] => 0088-02
            [name] => ALLIYAH GRACE  ACEDES
            [relation] => Daughter
            [birthdate] => 2022-02-27
            [age] => 4
            [sex] => Female
            [education] => 
            [occupation] => 
            [remarks] => 
            [photo] => 
            [id_photo_front] => 
            [id_photo_back] => 
            [birth_certificate] => 
            [qr_code_token] => 75d452260f0b25b80688d76b10ec02b0
            [qr_code_id] => 
            [status] => active
            [created_at] => 2026-04-19 10:09:19
            [updated_at] => 2026-04-19 10:09:19
        )

    [2] => Array
        (
            [id] => 23163
            [resident_id] => 8428
            [member_id] => 0088-03
            [name] => NATHANIEL DAHANG
            [relation] => Son
            [birthdate] => 2023-09-09
            [age] => 2
            [sex] => Male
            [education] => 
            [occupation] => 
            [remarks] => 
            [photo] => 
            [id_photo_front] => 
            [id_photo_back] => 
            [birth_certificate] => 
            [qr_code_token] => 86b141140b98b01663672ef776f79464
            [qr_code_id] => 
            [status] => active
            [created_at] => 2026-04-19 10:09:19
            [updated_at] => 2026-04-19 10:09:19
        )

    [3] => Array
        (
            [id] => 23164
            [resident_id] => 8428
            [member_id] => 0088-04
            [name] => ALEXA ACEDES
            [relation] => Daughter
            [birthdate] => 2025-01-03
            [age] => 1
            [sex] => Female
            [education] => 
            [occupation] => 
            [remarks] => 
            [photo] => 
            [id_photo_front] => 
            [id_photo_back] => 
            [birth_certificate] => 
            [qr_code_token] => cb1b3ea421b7d5782254dbf1605a4719
            [qr_code_id] => 
            [status] => active
            [created_at] => 2026-04-19 10:09:19
            [updated_at] => 2026-04-19 10:09:19
        )

)

DEBUG - 2026-04-19 13:04:37 --> Session: Class initialized using 'CodeIgniter\Session\Handlers\FileHandler' driver.
DEBUG - 2026-04-19 13:04:38 --> Session: Class initialized using 'CodeIgniter\Session\Handlers\FileHandler' driver.
DEBUG - 2026-04-19 13:04:45 --> Session: Class initialized using 'CodeIgniter\Session\Handlers\FileHandler' driver.
DEBUG - 2026-04-19 13:04:49 --> Session: Class initialized using 'CodeIgniter\Session\Handlers\FileHandler' driver.
DEBUG - 2026-04-19 13:05:39 --> Session: Class initialized using 'CodeIgniter\Session\Handlers\FileHandler' driver.
DEBUG - 2026-04-19 13:05:39 --> Session: Class initialized using 'CodeIgniter\Session\Handlers\FileHandler' driver.
DEBUG - 2026-04-19 13:05:46 --> Session: Class initialized using 'CodeIgniter\Session\Handlers\FileHandler' driver.
DEBUG - 2026-04-19 13:05:54 --> Session: Class initialized using 'CodeIgniter\Session\Handlers\FileHandler' driver.
DEBUG - 2026-04-19 13:05:54 --> Family members with file check: Array
(
    [0] => Array
        (
            [id] => 23156
            [resident_id] => 8426
            [member_id] => 0086-01
            [name] => PETER JACOB TAGAB
            [relation] => Son
            [birthdate] => 2020-11-10
            [age] => 5
            [sex] => Male
            [education] => K-2
            [occupation] => Student
            [remarks] => 
            [photo] => 
            [id_photo_front] => 
            [id_photo_back] => 
            [birth_certificate] => 
            [qr_code_token] => 296ad93b7b93a64b0dfdc4c252cd9da8
            [qr_code_id] => 
            [status] => active
            [created_at] => 2026-04-19 10:09:19
            [updated_at] => 2026-04-19 10:09:19
        )

    [1] => Array
        (
            [id] => 23157
            [resident_id] => 8426
            [member_id] => 0086-02
            [name] => PETER TAGAB
            [relation] => Live-in Partner
            [birthdate] => 1981-08-19
            [age] => 44
            [sex] => Male
            [education] => COLL
            [occupation] => Sales Boy
            [remarks] => 
            [photo] => 
            [id_photo_front] => 
            [id_photo_back] => 
            [birth_certificate] => 
            [qr_code_token] => 126e06de6ab27a357d98c0fe9f3e5165
            [qr_code_id] => 
            [status] => active
            [created_at] => 2026-04-19 10:09:19
            [updated_at] => 2026-04-19 10:09:19
        )

)

DEBUG - 2026-04-19 13:06:10 --> Session: Class initialized using 'CodeIgniter\Session\Handlers\FileHandler' driver.
DEBUG - 2026-04-19 13:06:11 --> Session: Class initialized using 'CodeIgniter\Session\Handlers\FileHandler' driver.
DEBUG - 2026-04-19 13:06:23 --> Session: Class initialized using 'CodeIgniter\Session\Handlers\FileHandler' driver.
DEBUG - 2026-04-19 13:06:26 --> Session: Class initialized using 'CodeIgniter\Session\Handlers\FileHandler' driver.
DEBUG - 2026-04-19 13:06:32 --> Session: Class initialized using 'CodeIgniter\Session\Handlers\FileHandler' driver.
DEBUG - 2026-04-19 13:07:23 --> Session: Class initialized using 'CodeIgniter\Session\Handlers\FileHandler' driver.
DEBUG - 2026-04-19 13:07:29 --> Session: Class initialized using 'CodeIgniter\Session\Handlers\FileHandler' driver.
DEBUG - 2026-04-19 13:07:39 --> Session: Class initialized using 'CodeIgniter\Session\Handlers\FileHandler' driver.
DEBUG - 2026-04-19 13:07:39 --> Family members with file check: Array
(
    [0] => Array
        (
            [id] => 23169
            [resident_id] => 8430
            [member_id] => 0090-01
            [name] => FRANCES MANGUCA
            [relation] => Husband
            [birthdate] => 1998-01-28
            [age] => 28
            [sex] => Male
            [education] => GRADE 8
            [occupation] => Welder
            [remarks] => 
            [photo] => 
            [id_photo_front] => 
            [id_photo_back] => 
            [birth_certificate] => 
            [qr_code_token] => 37f3a5457083f099019f2e56391eba10
            [qr_code_id] => 
            [status] => active
            [created_at] => 2026-04-19 10:09:19
            [updated_at] => 2026-04-19 10:09:19
        )

    [1] => Array
        (
            [id] => 23170
            [resident_id] => 8430
            [member_id] => 0090-02
            [name] => JARYL GALAPATE
            [relation] => Son
            [birthdate] => 2019-10-02
            [age] => 6
            [sex] => Male
            [education] => 
            [occupation] => 
            [remarks] => 
            [photo] => 
            [id_photo_front] => 
            [id_photo_back] => 
            [birth_certificate] => 
            [qr_code_token] => 3fe38932fb51f335630f72fc8bd7eeb7
            [qr_code_id] => 
            [status] => active
            [created_at] => 2026-04-19 10:09:19
            [updated_at] => 2026-04-19 10:09:19
        )

    [2] => Array
        (
            [id] => 23171
            [resident_id] => 8430
            [member_id] => 0090-03
            [name] => JEAH GALAPATE
            [relation] => Daughter
            [birthdate] => 2022-02-06
            [age] => 4
            [sex] => Female
            [education] => TRADER
            [occupation] => 
            [remarks] => 
            [photo] => 
            [id_photo_front] => 
            [id_photo_back] => 
            [birth_certificate] => 
            [qr_code_token] => acd2965bf2a87c42a79487e646b60155
            [qr_code_id] => 
            [status] => active
            [created_at] => 2026-04-19 10:09:19
            [updated_at] => 2026-04-19 10:09:19
        )

    [3] => Array
        (
            [id] => 23172
            [resident_id] => 8430
            [member_id] => 0090-04
            [name] => JEANAH GALAPATE
            [relation] => Daughter
            [birthdate] => 2025-06-15
            [age] => 0
            [sex] => Female
            [education] => 
            [occupation] => 
            [remarks] => 
            [photo] => 
            [id_photo_front] => 
            [id_photo_back] => 
            [birth_certificate] => 
            [qr_code_token] => 9d9bc02b5d44484862b1d4452795c350
            [qr_code_id] => 
            [status] => active
            [created_at] => 2026-04-19 10:09:19
            [updated_at] => 2026-04-19 10:09:19
        )

)

DEBUG - 2026-04-19 13:08:25 --> Session: Class initialized using 'CodeIgniter\Session\Handlers\FileHandler' driver.
DEBUG - 2026-04-19 13:08:26 --> Session: Class initialized using 'CodeIgniter\Session\Handlers\FileHandler' driver.
DEBUG - 2026-04-19 13:09:40 --> Session: Class initialized using 'CodeIgniter\Session\Handlers\FileHandler' driver.
DEBUG - 2026-04-19 13:09:48 --> Session: Class initialized using 'CodeIgniter\Session\Handlers\FileHandler' driver.
DEBUG - 2026-04-19 13:09:48 --> Family members with file check: Array
(
    [0] => Array
        (
            [id] => 22917
            [resident_id] => 8342
            [member_id] => 0001-01
            [name] => EDUARDO INTOD
            [relation] => Husband
            [birthdate] => 1971-08-18
            [age] => 54
            [sex] => Male
            [education] => ELEM
            [occupation] => Carpenter
            [remarks] => 
            [photo] => 
            [id_photo_front] => 
            [id_photo_back] => 
            [birth_certificate] => 
            [qr_code_token] => a3e81b534d1667973b04c74adb8a0ecd
            [qr_code_id] => 
            [status] => active
            [created_at] => 2026-04-19 10:09:18
            [updated_at] => 2026-04-19 10:09:18
        )

    [1] => Array
        (
            [id] => 22918
            [resident_id] => 8342
            [member_id] => 0001-02
            [name] => CASRE INTOD
            [relation] => Daughter
            [birthdate] => 2002-12-11
            [age] => 23
            [sex] => Female
            [education] => COLLEGE
            [occupation] => Student
            [remarks] => 
            [photo] => 
            [id_photo_front] => 
            [id_photo_back] => 
            [birth_certificate] => 
            [qr_code_token] => 832e8e013760f99946fa7df3dcc58da1
            [qr_code_id] => 
            [status] => active
            [created_at] => 2026-04-19 10:09:18
            [updated_at] => 2026-04-19 10:09:18
        )

    [2] => Array
        (
            [id] => 22919
            [resident_id] => 8342
            [member_id] => 0001-03
            [name] => RICHEL MAE INTOD
            [relation] => Daughter
            [birthdate] => 2004-06-20
            [age] => 21
            [sex] => Female
            [education] => COLLEGE
            [occupation] => Student
            [remarks] => 
            [photo] => uploads/family_photos/RICHEL_MAE_INTOD_2026-04-18_19-08-49.jpg
            [id_photo_front] => 
            [id_photo_back] => 
            [birth_certificate] => 
            [qr_code_token] => 771e36a07b552b1493f542257cc23293
            [qr_code_id] => 
            [status] => active
            [created_at] => 2026-04-19 10:09:18
            [updated_at] => 2026-04-19 10:09:18
            [photo_exists] => YES
            [full_path] => C:\Users\Richard Miculob\Documents\ResQR\public\uploads/family_photos/RICHEL_MAE_INTOD_2026-04-18_19-08-49.jpg
        )

    [3] => Array
        (
            [id] => 22920
            [resident_id] => 8342
            [member_id] => 0001-04
            [name] => RALPH KENJAY INTOD
            [relation] => Son
            [birthdate] => 2013-03-03
            [age] => 13
            [sex] => Male
            [education] => ELEM
            [occupation] => Student
            [remarks] => 
            [photo] => 
            [id_photo_front] => 
            [id_photo_back] => 
            [birth_certificate] => 
            [qr_code_token] => f6591dc824346bb5f74655f5883b047e
            [qr_code_id] => 
            [status] => active
            [created_at] => 2026-04-19 10:09:18
            [updated_at] => 2026-04-19 10:09:18
        )

)

DEBUG - 2026-04-19 13:10:54 --> Session: Class initialized using 'CodeIgniter\Session\Handlers\FileHandler' driver.
DEBUG - 2026-04-19 13:10:54 --> Preserved existing family member photo: uploads/family_photos/RICHEL_MAE_INTOD_2026-04-18_19-08-49.jpg
DEBUG - 2026-04-19 13:10:55 --> Session: Class initialized using 'CodeIgniter\Session\Handlers\FileHandler' driver.
DEBUG - 2026-04-19 13:11:02 --> Session: Class initialized using 'CodeIgniter\Session\Handlers\FileHandler' driver.
DEBUG - 2026-04-19 13:13:35 --> Session: Class initialized using 'CodeIgniter\Session\Handlers\FileHandler' driver.
DEBUG - 2026-04-19 13:13:36 --> Session: Class initialized using 'CodeIgniter\Session\Handlers\FileHandler' driver.
DEBUG - 2026-04-19 13:13:43 --> Session: Class initialized using 'CodeIgniter\Session\Handlers\FileHandler' driver.
DEBUG - 2026-04-19 13:14:29 --> Session: Class initialized using 'CodeIgniter\Session\Handlers\FileHandler' driver.
DEBUG - 2026-04-19 13:14:29 --> Family members with file check: Array
(
    [0] => Array
        (
            [id] => 23639
            [resident_id] => 8577
            [member_id] => 0262-01
            [name] => RABEL TIZON INTOD
            [relation] => Wife
            [birthdate] => 1973-07-18
            [age] => 52
            [sex] => Female
            [education] => HIGH SCHOOL LEVEL
            [occupation] => Sari-sari Store Owner
            [remarks] => 
            [photo] => uploads/family_photos/RABEL_TIZON_INTOD_2026-04-18_18-58-19.jpg
            [id_photo_front] => 
            [id_photo_back] => 
            [birth_certificate] => 
            [qr_code_token] => 9ee06176386f32ce816297db53cd6a0d
            [qr_code_id] => 
            [status] => active
            [created_at] => 2026-04-19 10:09:21
            [updated_at] => 2026-04-19 10:09:21
            [photo_exists] => YES
            [full_path] => C:\Users\Richard Miculob\Documents\ResQR\public\uploads/family_photos/RABEL_TIZON_INTOD_2026-04-18_18-58-19.jpg
        )

    [1] => Array
        (
            [id] => 23640
            [resident_id] => 8577
            [member_id] => 0262-02
            [name] => RALPH KENJAY T. INTOD
            [relation] => Son
            [birthdate] => 2018-03-07
            [age] => 8
            [sex] => Male
            [education] => ELEMENTARY LEVEL
            [occupation] => Student
            [remarks] => 
            [photo] => uploads/family_photos/RALPH_KENJAY_T_INTOD_2026-04-18_18-58-19.jpg
            [id_photo_front] => 
            [id_photo_back] => 
            [birth_certificate] => 
            [qr_code_token] => 8d8d261c40ab2035b8ef28fc27f9410e
            [qr_code_id] => 
            [status] => active
            [created_at] => 2026-04-19 10:09:21
            [updated_at] => 2026-04-19 10:09:21
            [photo_exists] => YES
            [full_path] => C:\Users\Richard Miculob\Documents\ResQR\public\uploads/family_photos/RALPH_KENJAY_T_INTOD_2026-04-18_18-58-19.jpg
        )

    [2] => Array
        (
            [id] => 23641
            [resident_id] => 8577
            [member_id] => 0262-03
            [name] => CARENE T. INTOD
            [relation] => Daughter
            [birthdate] => 2002-12-11
            [age] => 23
            [sex] => Female
            [education] => COLLEGE LEVEL
            [occupation] => Student
            [remarks] => 
            [photo] => uploads/family_photos/CARENE_T_INTOD_2026-04-18_18-58-19.jpg
            [id_photo_front] => 
            [id_photo_back] => 
            [birth_certificate] => 
            [qr_code_token] => 86ebbc9041b93a240df3cb3891dd8cd8
            [qr_code_id] => 
            [status] => active
            [created_at] => 2026-04-19 10:09:21
            [updated_at] => 2026-04-19 10:09:21
            [photo_exists] => YES
            [full_path] => C:\Users\Richard Miculob\Documents\ResQR\public\uploads/family_photos/CARENE_T_INTOD_2026-04-18_18-58-19.jpg
        )

    [3] => Array
        (
            [id] => 23642
            [resident_id] => 8577
            [member_id] => 0262-04
            [name] => ALTHON JUN CERVANTES GORRES
            [relation] => 
            [birthdate] => 2003-06-13
            [age] => 22
            [sex] => Male
            [education] => HIGHSCHOOL GRADUATE
            [occupation] => Laborer
            [remarks] => 
            [photo] => uploads/family_photos/ALTHON_JUN_CERVANTES_GORRES_2026-04-18_18-58-19.jpg
            [id_photo_front] => 
            [id_photo_back] => 
            [birth_certificate] => 
            [qr_code_token] => 1f9b22867f370f02d9490dc287f3fda4
            [qr_code_id] => 
            [status] => active
            [created_at] => 2026-04-19 10:09:21
            [updated_at] => 2026-04-19 10:09:21
            [photo_exists] => YES
            [full_path] => C:\Users\Richard Miculob\Documents\ResQR\public\uploads/family_photos/ALTHON_JUN_CERVANTES_GORRES_2026-04-18_18-58-19.jpg
        )

    [4] => Array
        (
            [id] => 23643
            [resident_id] => 8577
            [member_id] => 0262-05
            [name] => RICHEL MAE TIZON INTOD
            [relation] => Daughter
            [birthdate] => 2004-06-20
            [age] => 21
            [sex] => Female
            [education] => COLLEGE LEVEL
            [occupation] => Student
            [remarks] => 
            [photo] => 
            [id_photo_front] => 
            [id_photo_back] => 
            [birth_certificate] => 
            [qr_code_token] => 6f80cfafaa71d23b4e18aa61bbf35b43
            [qr_code_id] => 
            [status] => active
            [created_at] => 2026-04-19 10:09:21
            [updated_at] => 2026-04-19 10:09:21
        )

    [5] => Array
        (
            [id] => 23644
            [resident_id] => 8577
            [member_id] => 0262-06
            [name] => CARMENCITA A. TIZON
            [relation] => Mother
            [birthdate] => 1948-04-16
            [age] => 78
            [sex] => Female
            [education] => ELEMENTARY LEVEL
            [occupation] => 
            [remarks] => 
            [photo] => 
            [id_photo_front] => 
            [id_photo_back] => 
            [birth_certificate] => 
            [qr_code_token] => da724f7b2ccb1c1a892cdfa50b3de10c
            [qr_code_id] => 
            [status] => active
            [created_at] => 2026-04-19 10:09:21
            [updated_at] => 2026-04-19 10:09:21
        )

)

DEBUG - 2026-04-19 13:14:40 --> Session: Class initialized using 'CodeIgniter\Session\Handlers\FileHandler' driver.
DEBUG - 2026-04-19 13:14:40 --> Preserved existing family member photo: uploads/family_photos/RABEL_TIZON_INTOD_2026-04-18_18-58-19.jpg
DEBUG - 2026-04-19 13:14:40 --> Preserved existing family member photo: uploads/family_photos/RALPH_KENJAY_T_INTOD_2026-04-18_18-58-19.jpg
DEBUG - 2026-04-19 13:14:40 --> Preserved existing family member photo: uploads/family_photos/CARENE_T_INTOD_2026-04-18_18-58-19.jpg
DEBUG - 2026-04-19 13:14:40 --> Preserved existing family member photo: uploads/family_photos/ALTHON_JUN_CERVANTES_GORRES_2026-04-18_18-58-19.jpg
DEBUG - 2026-04-19 13:14:40 --> Uploaded family member photo saved: uploads/family_photos/RICHEL_MAE_TIZON_INTOD_2026-04-19_13-14-40.jpg for member: RICHEL MAE TIZON INTOD
DEBUG - 2026-04-19 13:14:40 --> Session: Class initialized using 'CodeIgniter\Session\Handlers\FileHandler' driver.
DEBUG - 2026-04-19 13:14:47 --> Session: Class initialized using 'CodeIgniter\Session\Handlers\FileHandler' driver.
DEBUG - 2026-04-19 13:14:52 --> Session: Class initialized using 'CodeIgniter\Session\Handlers\FileHandler' driver.
DEBUG - 2026-04-19 13:14:52 --> Family members with file check: Array
(
    [0] => Array
        (
            [id] => 23090
            [resident_id] => 8404
            [member_id] => 0064-01
            [name] => JOMAR P. TORAYNO
            [relation] => Husband
            [birthdate] => 1990-06-04
            [age] => 35
            [sex] => Male
            [education] => HIGHSCHOOL LEVEL
            [occupation] => Laborer
            [remarks] => 
            [photo] => uploads/family_photos/JOMAR_P_TORAYNO_2026-04-18_19-14-25.jpg
            [id_photo_front] => 
            [id_photo_back] => 
            [birth_certificate] => 
            [qr_code_token] => 5009122619692107a2e2ac1429abd7d1
            [qr_code_id] => 
            [status] => active
            [created_at] => 2026-04-19 10:09:19
            [updated_at] => 2026-04-19 10:09:19
            [photo_exists] => YES
            [full_path] => C:\Users\Richard Miculob\Documents\ResQR\public\uploads/family_photos/JOMAR_P_TORAYNO_2026-04-18_19-14-25.jpg
        )

    [1] => Array
        (
            [id] => 23091
            [resident_id] => 8404
            [member_id] => 0064-02
            [name] => JESSEL M. TORAYNO
            [relation] => Daughter
            [birthdate] => 2012-01-08
            [age] => 14
            [sex] => Female
            [education] => HIGHSCHOOL
            [occupation] => Student
            [remarks] => 
            [photo] => uploads/family_photos/JESSEL_M_TORAYNO_2026-04-18_19-14-25.jpg
            [id_photo_front] => 
            [id_photo_back] => 
            [birth_certificate] => 
            [qr_code_token] => 98dacdf423497fd39406088e0c8bfd2b
            [qr_code_id] => 
            [status] => active
            [created_at] => 2026-04-19 10:09:19
            [updated_at] => 2026-04-19 10:09:19
            [photo_exists] => YES
            [full_path] => C:\Users\Richard Miculob\Documents\ResQR\public\uploads/family_photos/JESSEL_M_TORAYNO_2026-04-18_19-14-25.jpg
        )

    [2] => Array
        (
            [id] => 23092
            [resident_id] => 8404
            [member_id] => 0064-03
            [name] => MARY LOU M. TORAYNO
            [relation] => Daughter
            [birthdate] => 2014-02-08
            [age] => 12
            [sex] => Female
            [education] => ELEMENTARY
            [occupation] => Student
            [remarks] => 
            [photo] => uploads/family_photos/MARY_LOU_M_TORAYNO_2026-04-18_19-14-25.jpg
            [id_photo_front] => 
            [id_photo_back] => 
            [birth_certificate] => 
            [qr_code_token] => 14f01479621d1609b91e99b56ac722af
            [qr_code_id] => 
            [status] => active
            [created_at] => 2026-04-19 10:09:19
            [updated_at] => 2026-04-19 10:09:19
            [photo_exists] => YES
            [full_path] => C:\Users\Richard Miculob\Documents\ResQR\public\uploads/family_photos/MARY_LOU_M_TORAYNO_2026-04-18_19-14-25.jpg
        )

    [3] => Array
        (
            [id] => 23093
            [resident_id] => 8404
            [member_id] => 0064-04
            [name] => JAY BOY M. TORAYNO
            [relation] => Son
            [birthdate] => 2015-09-11
            [age] => 10
            [sex] => Male
            [education] => ELEMENTARY
            [occupation] => Student
            [remarks] => 
            [photo] => uploads/family_photos/JAY_BOY_M_TORAYNO_2026-04-18_19-14-25.jpg
            [id_photo_front] => 
            [id_photo_back] => 
            [birth_certificate] => 
            [qr_code_token] => 2803c849685b664102d1bd7c24736ec2
            [qr_code_id] => 
            [status] => active
            [created_at] => 2026-04-19 10:09:19
            [updated_at] => 2026-04-19 10:09:19
            [photo_exists] => YES
            [full_path] => C:\Users\Richard Miculob\Documents\ResQR\public\uploads/family_photos/JAY_BOY_M_TORAYNO_2026-04-18_19-14-25.jpg
        )

)

DEBUG - 2026-04-19 13:15:28 --> Session: Class initialized using 'CodeIgniter\Session\Handlers\FileHandler' driver.
DEBUG - 2026-04-19 13:15:29 --> Preserved existing family member photo: uploads/family_photos/JOMAR_P_TORAYNO_2026-04-18_19-14-25.jpg
DEBUG - 2026-04-19 13:15:29 --> Preserved existing family member photo: uploads/family_photos/JESSEL_M_TORAYNO_2026-04-18_19-14-25.jpg
DEBUG - 2026-04-19 13:15:29 --> Preserved existing family member photo: uploads/family_photos/MARY_LOU_M_TORAYNO_2026-04-18_19-14-25.jpg
DEBUG - 2026-04-19 13:15:29 --> Preserved existing family member photo: uploads/family_photos/JAY_BOY_M_TORAYNO_2026-04-18_19-14-25.jpg
DEBUG - 2026-04-19 13:15:29 --> Session: Class initialized using 'CodeIgniter\Session\Handlers\FileHandler' driver.
DEBUG - 2026-04-19 13:15:36 --> Session: Class initialized using 'CodeIgniter\Session\Handlers\FileHandler' driver.
DEBUG - 2026-04-19 13:15:40 --> Session: Class initialized using 'CodeIgniter\Session\Handlers\FileHandler' driver.
DEBUG - 2026-04-19 13:15:40 --> Family members with file check: Array
(
    [0] => Array
        (
            [id] => 23152
            [resident_id] => 8424
            [member_id] => 0084-01
            [name] => PIOCANO
            [relation] => Son
            [birthdate] => 2018-02-24
            [age] => 8
            [sex] => Male
            [education] => 
            [occupation] => 
            [remarks] => 
            [photo] => 
            [id_photo_front] => 
            [id_photo_back] => 
            [birth_certificate] => 
            [qr_code_token] => bfab02376044480930566e10689a0cc5
            [qr_code_id] => 
            [status] => active
            [created_at] => 2026-04-19 10:09:19
            [updated_at] => 2026-04-19 10:09:19
        )

)

DEBUG - 2026-04-19 13:15:50 --> Session: Class initialized using 'CodeIgniter\Session\Handlers\FileHandler' driver.
DEBUG - 2026-04-19 13:15:51 --> Session: Class initialized using 'CodeIgniter\Session\Handlers\FileHandler' driver.
DEBUG - 2026-04-19 13:15:56 --> Session: Class initialized using 'CodeIgniter\Session\Handlers\FileHandler' driver.
DEBUG - 2026-04-19 13:16:04 --> Session: Class initialized using 'CodeIgniter\Session\Handlers\FileHandler' driver.
DEBUG - 2026-04-19 13:16:04 --> Family members with file check: Array
(
    [0] => Array
        (
            [id] => 23179
            [resident_id] => 8432
            [member_id] => 0092-01
            [name] => RUBELYN CAILING
            [relation] => Daughter
            [birthdate] => 1990-02-12
            [age] => 36
            [sex] => Female
            [education] => HIGHSCHOOL GRADUATE
            [occupation] => Private Employee
            [remarks] => 10000
            [photo] => 
            [id_photo_front] => 
            [id_photo_back] => 
            [birth_certificate] => 
            [qr_code_token] => a2b6137215f26a2812f4bc677f5a55d8
            [qr_code_id] => 
            [status] => active
            [created_at] => 2026-04-19 10:09:19
            [updated_at] => 2026-04-19 10:09:19
        )

    [1] => Array
        (
            [id] => 23180
            [resident_id] => 8432
            [member_id] => 0092-02
            [name] => INA CAILING
            [relation] => Granddaughter
            [birthdate] => 2011-01-16
            [age] => 15
            [sex] => Female
            [education] => GRADE 7
            [occupation] => Student
            [remarks] => 
            [photo] => 
            [id_photo_front] => 
            [id_photo_back] => 
            [birth_certificate] => 
            [qr_code_token] => 0277f762a65db65083fe9ffefa00538f
            [qr_code_id] => 
            [status] => active
            [created_at] => 2026-04-19 10:09:19
            [updated_at] => 2026-04-19 10:09:19
        )

    [2] => Array
        (
            [id] => 23181
            [resident_id] => 8432
            [member_id] => 0092-03
            [name] => RIAN JOSE CAILING
            [relation] => Grandson
            [birthdate] => 2014-08-06
            [age] => 11
            [sex] => Female
            [education] => GRADE 5
            [occupation] => Student
            [remarks] => 
            [photo] => 
            [id_photo_front] => 
            [id_photo_back] => 
            [birth_certificate] => 
            [qr_code_token] => 9d99f75e37b8f1ade4353fdcfc61bbd3
            [qr_code_id] => 
            [status] => active
            [created_at] => 2026-04-19 10:09:19
            [updated_at] => 2026-04-19 10:09:19
        )

    [3] => Array
        (
            [id] => 23182
            [resident_id] => 8432
            [member_id] => 0092-04
            [name] => JOHN GABRIEL CANINDO
            [relation] => Grandson
            [birthdate] => 2020-06-26
            [age] => 5
            [sex] => Male
            [education] => K-1
            [occupation] => Student
            [remarks] => 
            [photo] => 
            [id_photo_front] => 
            [id_photo_back] => 
            [birth_certificate] => 
            [qr_code_token] => 3ae020e17cab0c9a27ce54bc1cee2c54
            [qr_code_id] => 
            [status] => active
            [created_at] => 2026-04-19 10:09:19
            [updated_at] => 2026-04-19 10:09:19
        )

    [4] => Array
        (
            [id] => 23183
            [resident_id] => 8432
            [member_id] => 0092-05
            [name] => ISABEL CANINDO
            [relation] => Granddaughter
            [birthdate] => 2024-08-16
            [age] => 1
            [sex] => Male
            [education] => 
            [occupation] => 
            [remarks] => 
            [photo] => 
            [id_photo_front] => 
            [id_photo_back] => 
            [birth_certificate] => 
            [qr_code_token] => 534fcd518332f274f5178f13bd3e8379
            [qr_code_id] => 
            [status] => active
            [created_at] => 2026-04-19 10:09:19
            [updated_at] => 2026-04-19 10:09:19
        )

    [5] => Array
        (
            [id] => 23184
            [resident_id] => 8432
            [member_id] => 0092-06
            [name] => ROBERTO CANINDO
            [relation] => Son
            [birthdate] => 1997-10-10
            [age] => 28
            [sex] => Male
            [education] => GRADE 10
            [occupation] => Carwash
            [remarks] => 
            [photo] => 
            [id_photo_front] => 
            [id_photo_back] => 
            [birth_certificate] => 
            [qr_code_token] => 07fb9a403fafbfd68b4a6ec44cb5259e
            [qr_code_id] => 
            [status] => active
            [created_at] => 2026-04-19 10:09:19
            [updated_at] => 2026-04-19 10:09:19
        )

    [6] => Array
        (
            [id] => 23185
            [resident_id] => 8432
            [member_id] => 0092-07
            [name] => JOELLEN LAGRADA
            [relation] => Daughter In Law
            [birthdate] => 1996-08-25
            [age] => 29
            [sex] => Female
            [education] => COLLEGE LEVEL
            [occupation] => Housewife
            [remarks] => 
            [photo] => 
            [id_photo_front] => 
            [id_photo_back] => 
            [birth_certificate] => 
            [qr_code_token] => a08be5060e7a0ad5ee3917d6b258ca20
            [qr_code_id] => 
            [status] => active
            [created_at] => 2026-04-19 10:09:19
            [updated_at] => 2026-04-19 10:09:19
        )

    [7] => Array
        (
            [id] => 23186
            [resident_id] => 8432
            [member_id] => 0092-08
            [name] => RIANNA DENNIS CAILING
            [relation] => Granddaughter
            [birthdate] => 2010-10-10
            [age] => 15
            [sex] => Female
            [education] => GRADE 10
            [occupation] => Student
            [remarks] => 
            [photo] => 
            [id_photo_front] => 
            [id_photo_back] => 
            [birth_certificate] => 
            [qr_code_token] => dac80d22b921b95d37ac4640389c87b0
            [qr_code_id] => 
            [status] => active
            [created_at] => 2026-04-19 10:09:19
            [updated_at] => 2026-04-19 10:09:19
        )

)

DEBUG - 2026-04-19 13:16:13 --> Session: Class initialized using 'CodeIgniter\Session\Handlers\FileHandler' driver.
DEBUG - 2026-04-19 13:16:35 --> Session: Class initialized using 'CodeIgniter\Session\Handlers\FileHandler' driver.
DEBUG - 2026-04-19 13:16:35 --> Family members with file check: Array
(
    [0] => Array
        (
            [id] => 23179
            [resident_id] => 8432
            [member_id] => 0092-01
            [name] => RUBELYN CAILING
            [relation] => Daughter
            [birthdate] => 1990-02-12
            [age] => 36
            [sex] => Female
            [education] => HIGHSCHOOL GRADUATE
            [occupation] => Private Employee
            [remarks] => 10000
            [photo] => 
            [id_photo_front] => 
            [id_photo_back] => 
            [birth_certificate] => 
            [qr_code_token] => a2b6137215f26a2812f4bc677f5a55d8
            [qr_code_id] => 
            [status] => active
            [created_at] => 2026-04-19 10:09:19
            [updated_at] => 2026-04-19 10:09:19
        )

    [1] => Array
        (
            [id] => 23180
            [resident_id] => 8432
            [member_id] => 0092-02
            [name] => INA CAILING
            [relation] => Granddaughter
            [birthdate] => 2011-01-16
            [age] => 15
            [sex] => Female
            [education] => GRADE 7
            [occupation] => Student
            [remarks] => 
            [photo] => 
            [id_photo_front] => 
            [id_photo_back] => 
            [birth_certificate] => 
            [qr_code_token] => 0277f762a65db65083fe9ffefa00538f
            [qr_code_id] => 
            [status] => active
            [created_at] => 2026-04-19 10:09:19
            [updated_at] => 2026-04-19 10:09:19
        )

    [2] => Array
        (
            [id] => 23181
            [resident_id] => 8432
            [member_id] => 0092-03
            [name] => RIAN JOSE CAILING
            [relation] => Grandson
            [birthdate] => 2014-08-06
            [age] => 11
            [sex] => Female
            [education] => GRADE 5
            [occupation] => Student
            [remarks] => 
            [photo] => 
            [id_photo_front] => 
            [id_photo_back] => 
            [birth_certificate] => 
            [qr_code_token] => 9d99f75e37b8f1ade4353fdcfc61bbd3
            [qr_code_id] => 
            [status] => active
            [created_at] => 2026-04-19 10:09:19
            [updated_at] => 2026-04-19 10:09:19
        )

    [3] => Array
        (
            [id] => 23182
            [resident_id] => 8432
            [member_id] => 0092-04
            [name] => JOHN GABRIEL CANINDO
            [relation] => Grandson
            [birthdate] => 2020-06-26
            [age] => 5
            [sex] => Male
            [education] => K-1
            [occupation] => Student
            [remarks] => 
            [photo] => 
            [id_photo_front] => 
            [id_photo_back] => 
            [birth_certificate] => 
            [qr_code_token] => 3ae020e17cab0c9a27ce54bc1cee2c54
            [qr_code_id] => 
            [status] => active
            [created_at] => 2026-04-19 10:09:19
            [updated_at] => 2026-04-19 10:09:19
        )

    [4] => Array
        (
            [id] => 23183
            [resident_id] => 8432
            [member_id] => 0092-05
            [name] => ISABEL CANINDO
            [relation] => Granddaughter
            [birthdate] => 2024-08-16
            [age] => 1
            [sex] => Male
            [education] => 
            [occupation] => 
            [remarks] => 
            [photo] => 
            [id_photo_front] => 
            [id_photo_back] => 
            [birth_certificate] => 
            [qr_code_token] => 534fcd518332f274f5178f13bd3e8379
            [qr_code_id] => 
            [status] => active
            [created_at] => 2026-04-19 10:09:19
            [updated_at] => 2026-04-19 10:09:19
        )

    [5] => Array
        (
            [id] => 23184
            [resident_id] => 8432
            [member_id] => 0092-06
            [name] => ROBERTO CANINDO
            [relation] => Son
            [birthdate] => 1997-10-10
            [age] => 28
            [sex] => Male
            [education] => GRADE 10
            [occupation] => Carwash
            [remarks] => 
            [photo] => 
            [id_photo_front] => 
            [id_photo_back] => 
            [birth_certificate] => 
            [qr_code_token] => 07fb9a403fafbfd68b4a6ec44cb5259e
            [qr_code_id] => 
            [status] => active
            [created_at] => 2026-04-19 10:09:19
            [updated_at] => 2026-04-19 10:09:19
        )

    [6] => Array
        (
            [id] => 23185
            [resident_id] => 8432
            [member_id] => 0092-07
            [name] => JOELLEN LAGRADA
            [relation] => Daughter In Law
            [birthdate] => 1996-08-25
            [age] => 29
            [sex] => Female
            [education] => COLLEGE LEVEL
            [occupation] => Housewife
            [remarks] => 
            [photo] => 
            [id_photo_front] => 
            [id_photo_back] => 
            [birth_certificate] => 
            [qr_code_token] => a08be5060e7a0ad5ee3917d6b258ca20
            [qr_code_id] => 
            [status] => active
            [created_at] => 2026-04-19 10:09:19
            [updated_at] => 2026-04-19 10:09:19
        )

    [7] => Array
        (
            [id] => 23186
            [resident_id] => 8432
            [member_id] => 0092-08
            [name] => RIANNA DENNIS CAILING
            [relation] => Granddaughter
            [birthdate] => 2010-10-10
            [age] => 15
            [sex] => Female
            [education] => GRADE 10
            [occupation] => Student
            [remarks] => 
            [photo] => 
            [id_photo_front] => 
            [id_photo_back] => 
            [birth_certificate] => 
            [qr_code_token] => dac80d22b921b95d37ac4640389c87b0
            [qr_code_id] => 
            [status] => active
            [created_at] => 2026-04-19 10:09:19
            [updated_at] => 2026-04-19 10:09:19
        )

)

DEBUG - 2026-04-19 13:16:52 --> Session: Class initialized using 'CodeIgniter\Session\Handlers\FileHandler' driver.
DEBUG - 2026-04-19 13:16:53 --> Session: Class initialized using 'CodeIgniter\Session\Handlers\FileHandler' driver.
DEBUG - 2026-04-19 13:16:58 --> Session: Class initialized using 'CodeIgniter\Session\Handlers\FileHandler' driver.
DEBUG - 2026-04-19 13:17:01 --> Session: Class initialized using 'CodeIgniter\Session\Handlers\FileHandler' driver.
DEBUG - 2026-04-19 13:17:01 --> Family members with file check: Array
(
    [0] => Array
        (
            [id] => 23165
            [resident_id] => 8429
            [member_id] => 0089-01
            [name] => SONIA PITOGO
            [relation] => Mother
            [birthdate] => 1955-11-26
            [age] => 70
            [sex] => Female
            [education] => ELEMENTARY
            [occupation] => Senior
            [remarks] => 
            [photo] => 
            [id_photo_front] => 
            [id_photo_back] => 
            [birth_certificate] => 
            [qr_code_token] => 76caa57f2c787c1a92246e6e758e7161
            [qr_code_id] => 
            [status] => active
            [created_at] => 2026-04-19 10:09:19
            [updated_at] => 2026-04-19 10:09:19
        )

    [1] => Array
        (
            [id] => 23166
            [resident_id] => 8429
            [member_id] => 0089-02
            [name] => SUMMY DAGAAS
            [relation] => Husband
            [birthdate] => 1992-01-24
            [age] => 34
            [sex] => Male
            [education] => HIGHSCHOOL
            [occupation] => Timekeeper
            [remarks] => 
            [photo] => 
            [id_photo_front] => 
            [id_photo_back] => 
            [birth_certificate] => 
            [qr_code_token] => 3fb5012518dceb4b6f60a5281caa39b3
            [qr_code_id] => 
            [status] => active
            [created_at] => 2026-04-19 10:09:19
            [updated_at] => 2026-04-19 10:09:19
        )

    [2] => Array
        (
            [id] => 23167
            [resident_id] => 8429
            [member_id] => 0089-03
            [name] => KELVIN JAMES DAGAAS
            [relation] => Son
            [birthdate] => 2011-07-06
            [age] => 14
            [sex] => Male
            [education] => GRADE 9
            [occupation] => Student
            [remarks] => 
            [photo] => 
            [id_photo_front] => 
            [id_photo_back] => 
            [birth_certificate] => 
            [qr_code_token] => 418bbf153b47c66133d9ca95a5d16081
            [qr_code_id] => 
            [status] => active
            [created_at] => 2026-04-19 10:09:19
            [updated_at] => 2026-04-19 10:09:19
        )

    [3] => Array
        (
            [id] => 23168
            [resident_id] => 8429
            [member_id] => 0089-04
            [name] => SAMANTHA JACE DAGAAS
            [relation] => Daughter
            [birthdate] => 2015-07-26
            [age] => 10
            [sex] => Female
            [education] => GRADE 5
            [occupation] => Student
            [remarks] => 
            [photo] => 
            [id_photo_front] => 
            [id_photo_back] => 
            [birth_certificate] => 
            [qr_code_token] => 4aa21c0ec5844027a28baf900bc8cd77
            [qr_code_id] => 
            [status] => active
            [created_at] => 2026-04-19 10:09:19
            [updated_at] => 2026-04-19 10:09:19
        )

)

DEBUG - 2026-04-19 13:17:39 --> Session: Class initialized using 'CodeIgniter\Session\Handlers\FileHandler' driver.
DEBUG - 2026-04-19 13:17:40 --> Session: Class initialized using 'CodeIgniter\Session\Handlers\FileHandler' driver.
DEBUG - 2026-04-19 13:17:47 --> Session: Class initialized using 'CodeIgniter\Session\Handlers\FileHandler' driver.
DEBUG - 2026-04-19 13:17:50 --> Session: Class initialized using 'CodeIgniter\Session\Handlers\FileHandler' driver.
DEBUG - 2026-04-19 13:17:50 --> Family members with file check: Array
(
    [0] => Array
        (
            [id] => 23151
            [resident_id] => 8423
            [member_id] => 0083-01
            [name] => OLIVER GARILLO
            [relation] => Live-in
            [birthdate] => 1999-01-11
            [age] => 27
            [sex] => Male
            [education] => COLLEGE GRADUATE
            [occupation] => 
            [remarks] => 
            [photo] => 
            [id_photo_front] => 
            [id_photo_back] => 
            [birth_certificate] => 
            [qr_code_token] => e9d407659b54f95fa4b4a91cb2cbb0c0
            [qr_code_id] => 
            [status] => active
            [created_at] => 2026-04-19 10:09:19
            [updated_at] => 2026-04-19 10:09:19
        )

)

DEBUG - 2026-04-19 13:18:05 --> Session: Class initialized using 'CodeIgniter\Session\Handlers\FileHandler' driver.
DEBUG - 2026-04-19 13:18:15 --> Session: Class initialized using 'CodeIgniter\Session\Handlers\FileHandler' driver.
DEBUG - 2026-04-19 13:18:37 --> Session: Class initialized using 'CodeIgniter\Session\Handlers\FileHandler' driver.
DEBUG - 2026-04-19 13:18:52 --> Session: Class initialized using 'CodeIgniter\Session\Handlers\FileHandler' driver.
DEBUG - 2026-04-19 13:18:59 --> Session: Class initialized using 'CodeIgniter\Session\Handlers\FileHandler' driver.
DEBUG - 2026-04-19 13:19:04 --> Session: Class initialized using 'CodeIgniter\Session\Handlers\FileHandler' driver.
DEBUG - 2026-04-19 13:19:04 --> Family members with file check: Array
(
    [0] => Array
        (
            [id] => 23151
            [resident_id] => 8423
            [member_id] => 0083-01
            [name] => OLIVER GARILLO
            [relation] => Live-in
            [birthdate] => 1999-01-11
            [age] => 27
            [sex] => Male
            [education] => COLLEGE GRADUATE
            [occupation] => 
            [remarks] => 
            [photo] => 
            [id_photo_front] => 
            [id_photo_back] => 
            [birth_certificate] => 
            [qr_code_token] => e9d407659b54f95fa4b4a91cb2cbb0c0
            [qr_code_id] => 
            [status] => active
            [created_at] => 2026-04-19 10:09:19
            [updated_at] => 2026-04-19 10:09:19
        )

)

DEBUG - 2026-04-19 13:19:10 --> Session: Class initialized using 'CodeIgniter\Session\Handlers\FileHandler' driver.
DEBUG - 2026-04-19 13:19:10 --> Session: Class initialized using 'CodeIgniter\Session\Handlers\FileHandler' driver.
DEBUG - 2026-04-19 13:19:16 --> Session: Class initialized using 'CodeIgniter\Session\Handlers\FileHandler' driver.
DEBUG - 2026-04-19 13:19:20 --> Session: Class initialized using 'CodeIgniter\Session\Handlers\FileHandler' driver.
DEBUG - 2026-04-19 13:19:20 --> Family members with file check: Array
(
    [0] => Array
        (
            [id] => 23215
            [resident_id] => 8443
            [member_id] => 0103-01
            [name] => SUSAN T. PACULANAN
            [relation] => Wife
            [birthdate] => 1972-10-25
            [age] => 53
            [sex] => Female
            [education] => HIGHSCHOOL LEVEL
            [occupation] => On-call Lubelles
            [remarks] => 5000
            [photo] => 
            [id_photo_front] => 
            [id_photo_back] => 
            [birth_certificate] => 
            [qr_code_token] => 815fc0313320d1e8340c8fdd9fa7b89d
            [qr_code_id] => 
            [status] => active
            [created_at] => 2026-04-19 10:09:19
            [updated_at] => 2026-04-19 10:09:19
        )

    [1] => Array
        (
            [id] => 23216
            [resident_id] => 8443
            [member_id] => 0103-02
            [name] => OSHYN MAE T. PACULANAN
            [relation] => Daughter
            [birthdate] => 2000-05-04
            [age] => 25
            [sex] => Female
            [education] => COLLEGE GRADUATE
            [occupation] => 
            [remarks] => 
            [photo] => 
            [id_photo_front] => 
            [id_photo_back] => 
            [birth_certificate] => 
            [qr_code_token] => 7795a2cc23fa415537fdfc86d832d1af
            [qr_code_id] => 
            [status] => active
            [created_at] => 2026-04-19 10:09:19
            [updated_at] => 2026-04-19 10:09:19
        )

    [2] => Array
        (
            [id] => 23217
            [resident_id] => 8443
            [member_id] => 0103-03
            [name] => JOBERT T. PACULANAN
            [relation] => Son
            [birthdate] => 2005-05-15
            [age] => 20
            [sex] => Male
            [education] => SECOND YEAR COLLEGE
            [occupation] => Student
            [remarks] => 
            [photo] => 
            [id_photo_front] => 
            [id_photo_back] => 
            [birth_certificate] => 
            [qr_code_token] => 8e553f1d2ced3330b5728797effd0b5a
            [qr_code_id] => 
            [status] => active
            [created_at] => 2026-04-19 10:09:19
            [updated_at] => 2026-04-19 10:09:19
        )

    [3] => Array
        (
            [id] => 23218
            [resident_id] => 8443
            [member_id] => 0103-04
            [name] => ICONVIENUS T. PACULANAN
            [relation] => Daughter
            [birthdate] => 2010-05-16
            [age] => 15
            [sex] => Female
            [education] => GRADE 10
            [occupation] => Student
            [remarks] => 
            [photo] => 
            [id_photo_front] => 
            [id_photo_back] => 
            [birth_certificate] => 
            [qr_code_token] => cf996091d1f566887f68b675578115c1
            [qr_code_id] => 
            [status] => active
            [created_at] => 2026-04-19 10:09:19
            [updated_at] => 2026-04-19 10:09:19
        )

    [4] => Array
        (
            [id] => 23219
            [resident_id] => 8443
            [member_id] => 0103-05
            [name] => ROSE JANE T. PACULANAN
            [relation] => Daughter
            [birthdate] => 2011-10-07
            [age] => 14
            [sex] => Female
            [education] => GRADE 8
            [occupation] => Student
            [remarks] => 
            [photo] => 
            [id_photo_front] => 
            [id_photo_back] => 
            [birth_certificate] => 
            [qr_code_token] => 6a7c9e4ea4a9d5d4c3b02cbc49c6e8d4
            [qr_code_id] => 
            [status] => active
            [created_at] => 2026-04-19 10:09:19
            [updated_at] => 2026-04-19 10:09:19
        )

)

DEBUG - 2026-04-19 13:19:34 --> Session: Class initialized using 'CodeIgniter\Session\Handlers\FileHandler' driver.
DEBUG - 2026-04-19 13:19:34 --> Session: Class initialized using 'CodeIgniter\Session\Handlers\FileHandler' driver.
DEBUG - 2026-04-19 13:19:42 --> Session: Class initialized using 'CodeIgniter\Session\Handlers\FileHandler' driver.
DEBUG - 2026-04-19 13:19:45 --> Session: Class initialized using 'CodeIgniter\Session\Handlers\FileHandler' driver.
DEBUG - 2026-04-19 13:19:45 --> Family members with file check: Array
(
    [0] => Array
        (
            [id] => 23213
            [resident_id] => 8442
            [member_id] => 0102-01
            [name] => PHEA PACULANAN
            [relation] => Daughter
            [birthdate] => 2019-02-17
            [age] => 7
            [sex] => Female
            [education] => GRADE 1
            [occupation] => Student
            [remarks] => 
            [photo] => 
            [id_photo_front] => 
            [id_photo_back] => 
            [birth_certificate] => 
            [qr_code_token] => 63dfbe77089367b07a3033d9bffa5741
            [qr_code_id] => 
            [status] => active
            [created_at] => 2026-04-19 10:09:19
            [updated_at] => 2026-04-19 10:09:19
        )

    [1] => Array
        (
            [id] => 23214
            [resident_id] => 8442
            [member_id] => 0102-02
            [name] => ALEXA PACULANAN
            [relation] => Daughter
            [birthdate] => 2022-12-24
            [age] => 3
            [sex] => Female
            [education] => 
            [occupation] => 
            [remarks] => 
            [photo] => 
            [id_photo_front] => 
            [id_photo_back] => 
            [birth_certificate] => 
            [qr_code_token] => 9d3603a8b553bfa898968335a2f32ae7
            [qr_code_id] => 
            [status] => active
            [created_at] => 2026-04-19 10:09:19
            [updated_at] => 2026-04-19 10:09:19
        )

)

DEBUG - 2026-04-19 13:19:56 --> Session: Class initialized using 'CodeIgniter\Session\Handlers\FileHandler' driver.
DEBUG - 2026-04-19 13:19:57 --> Session: Class initialized using 'CodeIgniter\Session\Handlers\FileHandler' driver.
DEBUG - 2026-04-19 13:20:02 --> Session: Class initialized using 'CodeIgniter\Session\Handlers\FileHandler' driver.
DEBUG - 2026-04-19 13:20:05 --> Session: Class initialized using 'CodeIgniter\Session\Handlers\FileHandler' driver.
DEBUG - 2026-04-19 13:20:05 --> Family members with file check: Array
(
    [0] => Array
        (
            [id] => 23158
            [resident_id] => 8427
            [member_id] => 0087-01
            [name] => FELIPE C. QUINADA
            [relation] => Husband
            [birthdate] => 1964-10-16
            [age] => 61
            [sex] => Male
            [education] => ELEMENTARY GRADUATE
            [occupation] => 
            [remarks] => 
            [photo] => 
            [id_photo_front] => 
            [id_photo_back] => 
            [birth_certificate] => 
            [qr_code_token] => e6f28f60b7949e40359dd1e384d0f18c
            [qr_code_id] => 
            [status] => active
            [created_at] => 2026-04-19 10:09:19
            [updated_at] => 2026-04-19 10:09:19
        )

    [1] => Array
        (
            [id] => 23159
            [resident_id] => 8427
            [member_id] => 0087-02
            [name] => KENTH QUINADA
            [relation] => Son
            [birthdate] => 2007-05-13
            [age] => 18
            [sex] => Male
            [education] => COLLEGE
            [occupation] => Student
            [remarks] => 
            [photo] => 
            [id_photo_front] => 
            [id_photo_back] => 
            [birth_certificate] => 
            [qr_code_token] => d840443dcaff0e7d43da78f78ba01240
            [qr_code_id] => 
            [status] => active
            [created_at] => 2026-04-19 10:09:19
            [updated_at] => 2026-04-19 10:09:19
        )

    [2] => Array
        (
            [id] => 23160
            [resident_id] => 8427
            [member_id] => 0087-03
            [name] => KHYLA QUINADA
            [relation] => Daughter
            [birthdate] => 2012-07-19
            [age] => 13
            [sex] => Female
            [education] => GRADE 8
            [occupation] => Student
            [remarks] => 
            [photo] => 
            [id_photo_front] => 
            [id_photo_back] => 
            [birth_certificate] => 
            [qr_code_token] => 66909e420f3b372ea99f54b3115b0f1b
            [qr_code_id] => 
            [status] => active
            [created_at] => 2026-04-19 10:09:19
            [updated_at] => 2026-04-19 10:09:19
        )

)

DEBUG - 2026-04-19 13:20:29 --> Session: Class initialized using 'CodeIgniter\Session\Handlers\FileHandler' driver.
DEBUG - 2026-04-19 13:20:29 --> Session: Class initialized using 'CodeIgniter\Session\Handlers\FileHandler' driver.
DEBUG - 2026-04-19 13:20:35 --> Session: Class initialized using 'CodeIgniter\Session\Handlers\FileHandler' driver.
DEBUG - 2026-04-19 13:20:38 --> Session: Class initialized using 'CodeIgniter\Session\Handlers\FileHandler' driver.
DEBUG - 2026-04-19 13:20:38 --> Family members with file check: Array
(
)

DEBUG - 2026-04-19 13:20:55 --> Session: Class initialized using 'CodeIgniter\Session\Handlers\FileHandler' driver.
DEBUG - 2026-04-19 13:20:55 --> Session: Class initialized using 'CodeIgniter\Session\Handlers\FileHandler' driver.
DEBUG - 2026-04-19 13:21:02 --> Session: Class initialized using 'CodeIgniter\Session\Handlers\FileHandler' driver.
DEBUG - 2026-04-19 13:21:40 --> Session: Class initialized using 'CodeIgniter\Session\Handlers\FileHandler' driver.
DEBUG - 2026-04-19 13:21:45 --> Session: Class initialized using 'CodeIgniter\Session\Handlers\FileHandler' driver.
DEBUG - 2026-04-19 13:21:48 --> Session: Class initialized using 'CodeIgniter\Session\Handlers\FileHandler' driver.
DEBUG - 2026-04-19 13:21:48 --> Family members with file check: Array
(
    [0] => Array
        (
            [id] => 23087
            [resident_id] => 8403
            [member_id] => 0063-01
            [name] => RINS AMARI DUMANGCAS
            [relation] => Son
            [birthdate] => 2001-07-11
            [age] => 24
            [sex] => Male
            [education] => 
            [occupation] => 
            [remarks] => 
            [photo] => 
            [id_photo_front] => 
            [id_photo_back] => 
            [birth_certificate] => 
            [qr_code_token] => a5f601821954ff7c98891579afb7fb16
            [qr_code_id] => 
            [status] => active
            [created_at] => 2026-04-19 10:09:19
            [updated_at] => 2026-04-19 10:09:19
        )

    [1] => Array
        (
            [id] => 23088
            [resident_id] => 8403
            [member_id] => 0063-02
            [name] => LENE DUMANGCAS
            [relation] => Daughter
            [birthdate] => 2009-08-04
            [age] => 16
            [sex] => Female
            [education] => HIGHSCHOOL
            [occupation] => Student
            [remarks] => 
            [photo] => 
            [id_photo_front] => 
            [id_photo_back] => 
            [birth_certificate] => 
            [qr_code_token] => 696335c7725248771543527c73caf62e
            [qr_code_id] => 
            [status] => active
            [created_at] => 2026-04-19 10:09:19
            [updated_at] => 2026-04-19 10:09:19
        )

    [2] => Array
        (
            [id] => 23089
            [resident_id] => 8403
            [member_id] => 0063-03
            [name] => RELYNA AMARAH DUMANGCAS
            [relation] => Daughter
            [birthdate] => 2018-12-08
            [age] => 7
            [sex] => Female
            [education] => ELEMENTARY
            [occupation] => Student
            [remarks] => 
            [photo] => 
            [id_photo_front] => 
            [id_photo_back] => 
            [birth_certificate] => 
            [qr_code_token] => fb2151ea9c30723954c7583d69b6d5ed
            [qr_code_id] => 
            [status] => active
            [created_at] => 2026-04-19 10:09:19
            [updated_at] => 2026-04-19 10:09:19
        )

)

DEBUG - 2026-04-19 13:22:38 --> Session: Class initialized using 'CodeIgniter\Session\Handlers\FileHandler' driver.
DEBUG - 2026-04-19 13:22:42 --> Session: Class initialized using 'CodeIgniter\Session\Handlers\FileHandler' driver.
DEBUG - 2026-04-19 13:22:49 --> Session: Class initialized using 'CodeIgniter\Session\Handlers\FileHandler' driver.
DEBUG - 2026-04-19 13:22:59 --> Session: Class initialized using 'CodeIgniter\Session\Handlers\FileHandler' driver.
DEBUG - 2026-04-19 13:23:17 --> Session: Class initialized using 'CodeIgniter\Session\Handlers\FileHandler' driver.
DEBUG - 2026-04-19 13:23:22 --> Session: Class initialized using 'CodeIgniter\Session\Handlers\FileHandler' driver.
DEBUG - 2026-04-19 13:24:15 --> Session: Class initialized using 'CodeIgniter\Session\Handlers\FileHandler' driver.
DEBUG - 2026-04-19 13:24:20 --> Session: Class initialized using 'CodeIgniter\Session\Handlers\FileHandler' driver.
DEBUG - 2026-04-19 13:24:27 --> Session: Class initialized using 'CodeIgniter\Session\Handlers\FileHandler' driver.
DEBUG - 2026-04-19 13:24:27 --> Family members with file check: Array
(
    [0] => Array
        (
            [id] => 23209
            [resident_id] => 8441
            [member_id] => 0101-01
            [name] => ROWENA GRADO
            [relation] => Mother
            [birthdate] => 1979-03-14
            [age] => 47
            [sex] => Female
            [education] => HIGHSCHOOL GRADUATE
            [occupation] => 
            [remarks] => 
            [photo] => 
            [id_photo_front] => 
            [id_photo_back] => 
            [birth_certificate] => 
            [qr_code_token] => 3ebedea0835897cb330166670789efee
            [qr_code_id] => 
            [status] => active
            [created_at] => 2026-04-19 10:09:19
            [updated_at] => 2026-04-19 10:09:19
        )

    [1] => Array
        (
            [id] => 23210
            [resident_id] => 8441
            [member_id] => 0101-02
            [name] => JHIMWEN DONAX
            [relation] => Brother
            [birthdate] => 2005-06-17
            [age] => 20
            [sex] => Male
            [education] => GRADE 12
            [occupation] => Student
            [remarks] => 
            [photo] => 
            [id_photo_front] => 
            [id_photo_back] => 
            [birth_certificate] => 
            [qr_code_token] => 7589d61512934aecae8306acd4cca5cb
            [qr_code_id] => 
            [status] => active
            [created_at] => 2026-04-19 10:09:19
            [updated_at] => 2026-04-19 10:09:19
        )

    [2] => Array
        (
            [id] => 23211
            [resident_id] => 8441
            [member_id] => 0101-03
            [name] => JENELLE CRISTA SAMONTE
            [relation] => Sister
            [birthdate] => 2010-12-26
            [age] => 15
            [sex] => Female
            [education] => GRADE 9
            [occupation] => Student
            [remarks] => 
            [photo] => 
            [id_photo_front] => 
            [id_photo_back] => 
            [birth_certificate] => 
            [qr_code_token] => 99c84bcc9fddd153f0641ba1ff6d8141
            [qr_code_id] => 
            [status] => active
            [created_at] => 2026-04-19 10:09:19
            [updated_at] => 2026-04-19 10:09:19
        )

    [3] => Array
        (
            [id] => 23212
            [resident_id] => 8441
            [member_id] => 0101-04
            [name] => JIMME SAMONTE
            [relation] => Father
            [birthdate] => 1972-12-21
            [age] => 53
            [sex] => Male
            [education] => COLLEGE LEVEL
            [occupation] => Business
            [remarks] => 20000
            [photo] => 
            [id_photo_front] => 
            [id_photo_back] => 
            [birth_certificate] => 
            [qr_code_token] => 4272c89331701e5e61e4aeb03c811ead
            [qr_code_id] => 
            [status] => active
            [created_at] => 2026-04-19 10:09:19
            [updated_at] => 2026-04-19 10:09:19
        )

)

DEBUG - 2026-04-19 13:24:42 --> Session: Class initialized using 'CodeIgniter\Session\Handlers\FileHandler' driver.
DEBUG - 2026-04-19 13:24:43 --> Session: Class initialized using 'CodeIgniter\Session\Handlers\FileHandler' driver.
DEBUG - 2026-04-19 13:24:47 --> Session: Class initialized using 'CodeIgniter\Session\Handlers\FileHandler' driver.
DEBUG - 2026-04-19 13:25:19 --> Session: Class initialized using 'CodeIgniter\Session\Handlers\FileHandler' driver.
DEBUG - 2026-04-19 13:25:20 --> Session: Class initialized using 'CodeIgniter\Session\Handlers\FileHandler' driver.
DEBUG - 2026-04-19 13:25:25 --> Session: Class initialized using 'CodeIgniter\Session\Handlers\FileHandler' driver.
DEBUG - 2026-04-19 13:25:29 --> Session: Class initialized using 'CodeIgniter\Session\Handlers\FileHandler' driver.
DEBUG - 2026-04-19 13:25:35 --> Session: Class initialized using 'CodeIgniter\Session\Handlers\FileHandler' driver.
DEBUG - 2026-04-19 13:25:41 --> Session: Class initialized using 'CodeIgniter\Session\Handlers\FileHandler' driver.
DEBUG - 2026-04-19 13:26:43 --> Session: Class initialized using 'CodeIgniter\Session\Handlers\FileHandler' driver.
DEBUG - 2026-04-19 13:32:23 --> Session: Class initialized using 'CodeIgniter\Session\Handlers\FileHandler' driver.
DEBUG - 2026-04-19 13:32:30 --> Session: Class initialized using 'CodeIgniter\Session\Handlers\FileHandler' driver.
DEBUG - 2026-04-19 13:32:36 --> Session: Class initialized using 'CodeIgniter\Session\Handlers\FileHandler' driver.
DEBUG - 2026-04-19 13:32:52 --> Session: Class initialized using 'CodeIgniter\Session\Handlers\FileHandler' driver.
DEBUG - 2026-04-19 13:32:55 --> Session: Class initialized using 'CodeIgniter\Session\Handlers\FileHandler' driver.
DEBUG - 2026-04-19 13:33:58 --> Session: Class initialized using 'CodeIgniter\Session\Handlers\FileHandler' driver.
DEBUG - 2026-04-19 13:34:03 --> Session: Class initialized using 'CodeIgniter\Session\Handlers\FileHandler' driver.
DEBUG - 2026-04-19 13:34:09 --> Session: Class initialized using 'CodeIgniter\Session\Handlers\FileHandler' driver.
DEBUG - 2026-04-19 13:34:18 --> Session: Class initialized using 'CodeIgniter\Session\Handlers\FileHandler' driver.
DEBUG - 2026-04-19 13:34:34 --> Session: Class initialized using 'CodeIgniter\Session\Handlers\FileHandler' driver.
DEBUG - 2026-04-19 13:34:40 --> Session: Class initialized using 'CodeIgniter\Session\Handlers\FileHandler' driver.
DEBUG - 2026-04-19 13:35:54 --> Session: Class initialized using 'CodeIgniter\Session\Handlers\FileHandler' driver.
DEBUG - 2026-04-19 13:36:04 --> Session: Class initialized using 'CodeIgniter\Session\Handlers\FileHandler' driver.
DEBUG - 2026-04-19 13:36:06 --> Session: Class initialized using 'CodeIgniter\Session\Handlers\FileHandler' driver.
DEBUG - 2026-04-19 13:36:08 --> Session: Class initialized using 'CodeIgniter\Session\Handlers\FileHandler' driver.
DEBUG - 2026-04-19 13:51:21 --> Session: Class initialized using 'CodeIgniter\Session\Handlers\FileHandler' driver.
DEBUG - 2026-04-19 13:51:24 --> Session: Class initialized using 'CodeIgniter\Session\Handlers\FileHandler' driver.
DEBUG - 2026-04-19 13:51:27 --> Session: Class initialized using 'CodeIgniter\Session\Handlers\FileHandler' driver.
DEBUG - 2026-04-19 13:51:28 --> Session: Class initialized using 'CodeIgniter\Session\Handlers\FileHandler' driver.
DEBUG - 2026-04-19 13:51:30 --> Session: Class initialized using 'CodeIgniter\Session\Handlers\FileHandler' driver.
DEBUG - 2026-04-19 13:51:43 --> Session: Class initialized using 'CodeIgniter\Session\Handlers\FileHandler' driver.
DEBUG - 2026-04-19 13:51:48 --> Session: Class initialized using 'CodeIgniter\Session\Handlers\FileHandler' driver.
DEBUG - 2026-04-19 13:54:05 --> Session: Class initialized using 'CodeIgniter\Session\Handlers\FileHandler' driver.
DEBUG - 2026-04-19 13:54:11 --> Session: Class initialized using 'CodeIgniter\Session\Handlers\FileHandler' driver.
DEBUG - 2026-04-19 13:59:55 --> Session: Class initialized using 'CodeIgniter\Session\Handlers\FileHandler' driver.
DEBUG - 2026-04-19 13:59:59 --> Session: Class initialized using 'CodeIgniter\Session\Handlers\FileHandler' driver.
DEBUG - 2026-04-19 14:00:46 --> Session: Class initialized using 'CodeIgniter\Session\Handlers\FileHandler' driver.
DEBUG - 2026-04-19 14:00:55 --> Session: Class initialized using 'CodeIgniter\Session\Handlers\FileHandler' driver.
DEBUG - 2026-04-19 14:00:57 --> Session: Class initialized using 'CodeIgniter\Session\Handlers\FileHandler' driver.
DEBUG - 2026-04-19 14:00:59 --> Session: Class initialized using 'CodeIgniter\Session\Handlers\FileHandler' driver.
DEBUG - 2026-04-19 14:01:33 --> Session: Class initialized using 'CodeIgniter\Session\Handlers\FileHandler' driver.
DEBUG - 2026-04-19 14:01:37 --> Session: Class initialized using 'CodeIgniter\Session\Handlers\FileHandler' driver.
DEBUG - 2026-04-19 14:02:56 --> Session: Class initialized using 'CodeIgniter\Session\Handlers\FileHandler' driver.
CRITICAL - 2026-04-19 14:03:29 --> ErrorException: Allowed memory size of 536870912 bytes exhausted (tried to allocate 528384 bytes)
[Method: GET, Route: /]
in SYSTEMPATH\Debug\Toolbar.php on line 312.
 1 [internal function]: CodeIgniter\Debug\Exceptions->shutdownHandler()
DEBUG - 2026-04-19 14:03:29 --> Session: Class initialized using 'CodeIgniter\Session\Handlers\FileHandler' driver.
DEBUG - 2026-04-19 14:03:29 --> Session: Class initialized using 'CodeIgniter\Session\Handlers\FileHandler' driver.
DEBUG - 2026-04-19 14:04:43 --> Session: Class initialized using 'CodeIgniter\Session\Handlers\FileHandler' driver.
DEBUG - 2026-04-19 14:05:56 --> Session: Class initialized using 'CodeIgniter\Session\Handlers\FileHandler' driver.
DEBUG - 2026-04-19 14:05:56 --> Session: Class initialized using 'CodeIgniter\Session\Handlers\FileHandler' driver.
DEBUG - 2026-04-19 14:05:59 --> Session: Class initialized using 'CodeIgniter\Session\Handlers\FileHandler' driver.
DEBUG - 2026-04-19 14:06:50 --> Session: Class initialized using 'CodeIgniter\Session\Handlers\FileHandler' driver.
DEBUG - 2026-04-19 14:07:17 --> Session: Class initialized using 'CodeIgniter\Session\Handlers\FileHandler' driver.
DEBUG - 2026-04-19 14:07:29 --> Session: Class initialized using 'CodeIgniter\Session\Handlers\FileHandler' driver.
DEBUG - 2026-04-19 14:15:51 --> Session: Class initialized using 'CodeIgniter\Session\Handlers\FileHandler' driver.
DEBUG - 2026-04-19 14:15:55 --> Session: Class initialized using 'CodeIgniter\Session\Handlers\FileHandler' driver.
DEBUG - 2026-04-19 14:15:59 --> Session: Class initialized using 'CodeIgniter\Session\Handlers\FileHandler' driver.
DEBUG - 2026-04-19 14:18:53 --> Session: Class initialized using 'CodeIgniter\Session\Handlers\FileHandler' driver.
DEBUG - 2026-04-19 14:19:06 --> Session: Class initialized using 'CodeIgniter\Session\Handlers\FileHandler' driver.
DEBUG - 2026-04-19 14:19:06 --> Family members with file check: Array
(
    [0] => Array
        (
            [id] => 23687
            [resident_id] => 8590
            [member_id] => 0275-01
            [name] => JESTER CARCON
            [relation] => Cousin
            [birthdate] => 
            [age] => 0
            [sex] => Male
            [education] => 
            [occupation] => On-call
            [remarks] => 
            [photo] => 
            [id_photo_front] => 
            [id_photo_back] => 
            [birth_certificate] => 
            [qr_code_token] => d325707f99b1edc111dbb8fca0bcb07d
            [qr_code_id] => 
            [status] => active
            [created_at] => 2026-04-19 10:09:21
            [updated_at] => 2026-04-19 10:09:21
        )

)

DEBUG - 2026-04-19 14:19:13 --> Session: Class initialized using 'CodeIgniter\Session\Handlers\FileHandler' driver.
DEBUG - 2026-04-19 14:19:35 --> Session: Class initialized using 'CodeIgniter\Session\Handlers\FileHandler' driver.
DEBUG - 2026-04-19 14:19:35 --> Session: Class initialized using 'CodeIgniter\Session\Handlers\FileHandler' driver.
DEBUG - 2026-04-19 14:24:54 --> Session: Class initialized using 'CodeIgniter\Session\Handlers\FileHandler' driver.
DEBUG - 2026-04-19 14:24:57 --> Session: Class initialized using 'CodeIgniter\Session\Handlers\FileHandler' driver.
DEBUG - 2026-04-19 14:27:41 --> Session: Class initialized using 'CodeIgniter\Session\Handlers\FileHandler' driver.
DEBUG - 2026-04-19 14:28:17 --> Session: Class initialized using 'CodeIgniter\Session\Handlers\FileHandler' driver.
DEBUG - 2026-04-19 14:28:31 --> Session: Class initialized using 'CodeIgniter\Session\Handlers\FileHandler' driver.
DEBUG - 2026-04-19 14:30:54 --> Session: Class initialized using 'CodeIgniter\Session\Handlers\FileHandler' driver.
DEBUG - 2026-04-19 14:31:49 --> Session: Class initialized using 'CodeIgniter\Session\Handlers\FileHandler' driver.
DEBUG - 2026-04-19 14:31:59 --> Session: Class initialized using 'CodeIgniter\Session\Handlers\FileHandler' driver.
DEBUG - 2026-04-19 14:32:13 --> Session: Class initialized using 'CodeIgniter\Session\Handlers\FileHandler' driver.
DEBUG - 2026-04-19 14:35:18 --> Session: Class initialized using 'CodeIgniter\Session\Handlers\FileHandler' driver.
DEBUG - 2026-04-19 14:35:26 --> Session: Class initialized using 'CodeIgniter\Session\Handlers\FileHandler' driver.
DEBUG - 2026-04-19 14:35:32 --> Session: Class initialized using 'CodeIgniter\Session\Handlers\FileHandler' driver.
DEBUG - 2026-04-19 14:35:36 --> Session: Class initialized using 'CodeIgniter\Session\Handlers\FileHandler' driver.
DEBUG - 2026-04-19 14:35:39 --> Session: Class initialized using 'CodeIgniter\Session\Handlers\FileHandler' driver.
DEBUG - 2026-04-19 14:35:39 --> Family members with file check: Array
(
    [0] => Array
        (
            [id] => 23173
            [resident_id] => 8431
            [member_id] => 0091-01
            [name] => HASANAL PAMASTORA
            [relation] => Husband
            [birthdate] => 1978-09-28
            [age] => 47
            [sex] => Male
            [education] => COLLEGE GRAD
            [occupation] => Grit- Employee
            [remarks] => 
            [photo] => 
            [id_photo_front] => 
            [id_photo_back] => 
            [birth_certificate] => 
            [qr_code_token] => fffb0443ab55eb315d2d47a8df69b358
            [qr_code_id] => 
            [status] => active
            [created_at] => 2026-04-19 10:09:19
            [updated_at] => 2026-04-19 10:09:19
        )

    [1] => Array
        (
            [id] => 23174
            [resident_id] => 8431
            [member_id] => 0091-02
            [name] => PRINCESS SAIPAHMAATORA
            [relation] => Daughter
            [birthdate] => 2008-04-18
            [age] => 17
            [sex] => Female
            [education] => HIGHSCHOOL
            [occupation] => 
            [remarks] => 
            [photo] => 
            [id_photo_front] => 
            [id_photo_back] => 
            [birth_certificate] => 
            [qr_code_token] => ed0708eeedd510e02ecf60a55c0a02c7
            [qr_code_id] => 
            [status] => active
            [created_at] => 2026-04-19 10:09:19
            [updated_at] => 2026-04-19 10:09:19
        )

    [2] => Array
        (
            [id] => 23175
            [resident_id] => 8431
            [member_id] => 0091-03
            [name] => HASHNIAH MASTORA
            [relation] => Daughter
            [birthdate] => 2011-08-05
            [age] => 14
            [sex] => Female
            [education] => HIGHSCHOOL
            [occupation] => 
            [remarks] => 
            [photo] => 
            [id_photo_front] => 
            [id_photo_back] => 
            [birth_certificate] => 
            [qr_code_token] => bbe53ba5976d74b2b0aac61d7ef79f2e
            [qr_code_id] => 
            [status] => active
            [created_at] => 2026-04-19 10:09:19
            [updated_at] => 2026-04-19 10:09:19
        )

    [3] => Array
        (
            [id] => 23176
            [resident_id] => 8431
            [member_id] => 0091-04
            [name] => HASHIM MASTORA
            [relation] => Son
            [birthdate] => 2014-05-09
            [age] => 11
            [sex] => Male
            [education] => ELEM
            [occupation] => 
            [remarks] => 
            [photo] => 
            [id_photo_front] => 
            [id_photo_back] => 
            [birth_certificate] => 
            [qr_code_token] => c9158c3a90089c128bef16cc399701fd
            [qr_code_id] => 
            [status] => active
            [created_at] => 2026-04-19 10:09:19
            [updated_at] => 2026-04-19 10:09:19
        )

    [4] => Array
        (
            [id] => 23177
            [resident_id] => 8431
            [member_id] => 0091-05
            [name] => NOR AKIFAH
            [relation] => Daughter
            [birthdate] => 2016-11-07
            [age] => 9
            [sex] => Female
            [education] => ELEMENTARY
            [occupation] => 
            [remarks] => 
            [photo] => 
            [id_photo_front] => 
            [id_photo_back] => 
            [birth_certificate] => 
            [qr_code_token] => 34b8d5998e2fb91a2e4118c35fb3fde1
            [qr_code_id] => 
            [status] => active
            [created_at] => 2026-04-19 10:09:19
            [updated_at] => 2026-04-19 10:09:19
        )

    [5] => Array
        (
            [id] => 23178
            [resident_id] => 8431
            [member_id] => 0091-06
            [name] => ZARAH ALIYAH MASTORA
            [relation] => Daughter
            [birthdate] => 2025-09-20
            [age] => 0
            [sex] => Female
            [education] => 
            [occupation] => 
            [remarks] => 
            [photo] => 
            [id_photo_front] => 
            [id_photo_back] => 
            [birth_certificate] => 
            [qr_code_token] => c576eaf5d7c62523a262fb27f319b38b
            [qr_code_id] => 
            [status] => active
            [created_at] => 2026-04-19 10:09:19
            [updated_at] => 2026-04-19 10:09:19
        )

)

DEBUG - 2026-04-19 14:35:47 --> Session: Class initialized using 'CodeIgniter\Session\Handlers\FileHandler' driver.
DEBUG - 2026-04-19 14:35:48 --> Session: Class initialized using 'CodeIgniter\Session\Handlers\FileHandler' driver.
DEBUG - 2026-04-19 14:35:58 --> Session: Class initialized using 'CodeIgniter\Session\Handlers\FileHandler' driver.
DEBUG - 2026-04-19 14:36:04 --> Session: Class initialized using 'CodeIgniter\Session\Handlers\FileHandler' driver.
DEBUG - 2026-04-19 14:36:13 --> Session: Class initialized using 'CodeIgniter\Session\Handlers\FileHandler' driver.
DEBUG - 2026-04-19 14:36:28 --> Session: Class initialized using 'CodeIgniter\Session\Handlers\FileHandler' driver.
DEBUG - 2026-04-19 14:37:01 --> Session: Class initialized using 'CodeIgniter\Session\Handlers\FileHandler' driver.
DEBUG - 2026-04-19 14:37:04 --> Session: Class initialized using 'CodeIgniter\Session\Handlers\FileHandler' driver.
DEBUG - 2026-04-19 14:37:04 --> Family members with file check: Array
(
    [0] => Array
        (
            [id] => 23190
            [resident_id] => 8434
            [member_id] => 0094-01
            [name] => ROSFEL ISIN
            [relation] => Husband
            [birthdate] => 1981-04-25
            [age] => 44
            [sex] => Male
            [education] => ELEMENTARY
            [occupation] => Laborer
            [remarks] => 
            [photo] => 
            [id_photo_front] => 
            [id_photo_back] => 
            [birth_certificate] => 
            [qr_code_token] => df468c785bd4ad30818a066a1d737f69
            [qr_code_id] => 
            [status] => active
            [created_at] => 2026-04-19 10:09:19
            [updated_at] => 2026-04-19 10:09:19
        )

    [1] => Array
        (
            [id] => 23191
            [resident_id] => 8434
            [member_id] => 0094-02
            [name] => ANGEL ROSE ISIN
            [relation] => Daughter
            [birthdate] => 2015-09-15
            [age] => 10
            [sex] => Female
            [education] => ELEM
            [occupation] => Student
            [remarks] => 
            [photo] => 
            [id_photo_front] => 
            [id_photo_back] => 
            [birth_certificate] => 
            [qr_code_token] => 35d166369efee0807d065ca7e6711aa0
            [qr_code_id] => 
            [status] => active
            [created_at] => 2026-04-19 10:09:19
            [updated_at] => 2026-04-19 10:09:19
        )

)

DEBUG - 2026-04-19 14:37:11 --> Session: Class initialized using 'CodeIgniter\Session\Handlers\FileHandler' driver.
DEBUG - 2026-04-19 14:37:12 --> Session: Class initialized using 'CodeIgniter\Session\Handlers\FileHandler' driver.
DEBUG - 2026-04-19 14:37:19 --> Session: Class initialized using 'CodeIgniter\Session\Handlers\FileHandler' driver.
DEBUG - 2026-04-19 14:37:24 --> Session: Class initialized using 'CodeIgniter\Session\Handlers\FileHandler' driver.
DEBUG - 2026-04-19 14:49:29 --> Session: Class initialized using 'CodeIgniter\Session\Handlers\FileHandler' driver.
DEBUG - 2026-04-19 14:49:29 --> Family members with file check: Array
(
    [0] => Array
        (
            [id] => 23712
            [resident_id] => 8404
            [member_id] => 0064-01
            [name] => JOMAR P. TORAYNO
            [relation] => HUSBAND
            [birthdate] => 1990-06-04
            [age] => 35
            [sex] => Male
            [education] => HIGHSCHOOL LEVEL
            [occupation] => LABORER
            [remarks] => 
            [photo] => uploads/family_photos/JOMAR_P_TORAYNO_2026-04-18_19-14-25.jpg
            [id_photo_front] => 
            [id_photo_back] => 
            [birth_certificate] => 
            [qr_code_token] => 5009122619692107a2e2ac1429abd7d1
            [qr_code_id] => 
            [status] => active
            [created_at] => 2026-04-19 13:15:29
            [updated_at] => 2026-04-19 13:15:29
            [photo_exists] => YES
            [full_path] => C:\Users\Richard Miculob\Documents\ResQR\public\uploads/family_photos/JOMAR_P_TORAYNO_2026-04-18_19-14-25.jpg
        )

    [1] => Array
        (
            [id] => 23713
            [resident_id] => 8404
            [member_id] => 0064-02
            [name] => JESSEL M. TORAYNO
            [relation] => DAUGHTER
            [birthdate] => 2012-01-08
            [age] => 14
            [sex] => Female
            [education] => HIGHSCHOOL
            [occupation] => STUDENT
            [remarks] => 
            [photo] => uploads/family_photos/JESSEL_M_TORAYNO_2026-04-18_19-14-25.jpg
            [id_photo_front] => 
            [id_photo_back] => 
            [birth_certificate] => 
            [qr_code_token] => 98dacdf423497fd39406088e0c8bfd2b
            [qr_code_id] => 
            [status] => active
            [created_at] => 2026-04-19 13:15:29
            [updated_at] => 2026-04-19 13:15:29
            [photo_exists] => YES
            [full_path] => C:\Users\Richard Miculob\Documents\ResQR\public\uploads/family_photos/JESSEL_M_TORAYNO_2026-04-18_19-14-25.jpg
        )

    [2] => Array
        (
            [id] => 23714
            [resident_id] => 8404
            [member_id] => 0064-03
            [name] => MARY LOU M. TORAYNO
            [relation] => DAUGHTER
            [birthdate] => 2014-02-08
            [age] => 12
            [sex] => Female
            [education] => ELEMENTARY
            [occupation] => STUDENT
            [remarks] => 
            [photo] => uploads/family_photos/MARY_LOU_M_TORAYNO_2026-04-18_19-14-25.jpg
            [id_photo_front] => 
            [id_photo_back] => 
            [birth_certificate] => 
            [qr_code_token] => 14f01479621d1609b91e99b56ac722af
            [qr_code_id] => 
            [status] => active
            [created_at] => 2026-04-19 13:15:29
            [updated_at] => 2026-04-19 13:15:29
            [photo_exists] => YES
            [full_path] => C:\Users\Richard Miculob\Documents\ResQR\public\uploads/family_photos/MARY_LOU_M_TORAYNO_2026-04-18_19-14-25.jpg
        )

    [3] => Array
        (
            [id] => 23715
            [resident_id] => 8404
            [member_id] => 0064-04
            [name] => JAY BOY M. TORAYNO
            [relation] => SON
            [birthdate] => 2015-09-11
            [age] => 10
            [sex] => Male
            [education] => ELEMENTARY
            [occupation] => STUDENT
            [remarks] => 
            [photo] => uploads/family_photos/JAY_BOY_M_TORAYNO_2026-04-18_19-14-25.jpg
            [id_photo_front] => 
            [id_photo_back] => 
            [birth_certificate] => 
            [qr_code_token] => 2803c849685b664102d1bd7c24736ec2
            [qr_code_id] => 
            [status] => active
            [created_at] => 2026-04-19 13:15:29
            [updated_at] => 2026-04-19 13:15:29
            [photo_exists] => YES
            [full_path] => C:\Users\Richard Miculob\Documents\ResQR\public\uploads/family_photos/JAY_BOY_M_TORAYNO_2026-04-18_19-14-25.jpg
        )

)

DEBUG - 2026-04-19 14:49:47 --> Session: Class initialized using 'CodeIgniter\Session\Handlers\FileHandler' driver.
DEBUG - 2026-04-19 14:49:54 --> Session: Class initialized using 'CodeIgniter\Session\Handlers\FileHandler' driver.
DEBUG - 2026-04-19 14:49:59 --> Session: Class initialized using 'CodeIgniter\Session\Handlers\FileHandler' driver.
DEBUG - 2026-04-19 14:51:40 --> Session: Class initialized using 'CodeIgniter\Session\Handlers\FileHandler' driver.
DEBUG - 2026-04-19 14:51:56 --> Session: Class initialized using 'CodeIgniter\Session\Handlers\FileHandler' driver.
DEBUG - 2026-04-19 14:52:07 --> Session: Class initialized using 'CodeIgniter\Session\Handlers\FileHandler' driver.
DEBUG - 2026-04-19 14:52:18 --> Session: Class initialized using 'CodeIgniter\Session\Handlers\FileHandler' driver.
DEBUG - 2026-04-19 14:52:49 --> Session: Class initialized using 'CodeIgniter\Session\Handlers\FileHandler' driver.
DEBUG - 2026-04-19 14:58:13 --> Session: Class initialized using 'CodeIgniter\Session\Handlers\FileHandler' driver.
DEBUG - 2026-04-19 14:58:21 --> Session: Class initialized using 'CodeIgniter\Session\Handlers\FileHandler' driver.
DEBUG - 2026-04-19 14:58:35 --> Session: Class initialized using 'CodeIgniter\Session\Handlers\FileHandler' driver.
DEBUG - 2026-04-19 14:58:56 --> Session: Class initialized using 'CodeIgniter\Session\Handlers\FileHandler' driver.
DEBUG - 2026-04-19 14:59:01 --> Session: Class initialized using 'CodeIgniter\Session\Handlers\FileHandler' driver.
DEBUG - 2026-04-19 14:59:19 --> Session: Class initialized using 'CodeIgniter\Session\Handlers\FileHandler' driver.
DEBUG - 2026-04-19 14:59:19 --> Family members with file check: Array
(
    [0] => Array
        (
            [id] => 23687
            [resident_id] => 8590
            [member_id] => 0275-01
            [name] => JESTER CARCON
            [relation] => Cousin
            [birthdate] => 
            [age] => 0
            [sex] => Male
            [education] => 
            [occupation] => On-call
            [remarks] => 
            [photo] => 
            [id_photo_front] => 
            [id_photo_back] => 
            [birth_certificate] => 
            [qr_code_token] => d325707f99b1edc111dbb8fca0bcb07d
            [qr_code_id] => 
            [status] => active
            [created_at] => 2026-04-19 10:09:21
            [updated_at] => 2026-04-19 10:09:21
        )

)

DEBUG - 2026-04-19 14:59:26 --> Session: Class initialized using 'CodeIgniter\Session\Handlers\FileHandler' driver.
DEBUG - 2026-04-19 14:59:26 --> Session: Class initialized using 'CodeIgniter\Session\Handlers\FileHandler' driver.
DEBUG - 2026-04-19 14:59:33 --> Session: Class initialized using 'CodeIgniter\Session\Handlers\FileHandler' driver.
DEBUG - 2026-04-19 14:59:39 --> Session: Class initialized using 'CodeIgniter\Session\Handlers\FileHandler' driver.
DEBUG - 2026-04-19 14:59:39 --> Family members with file check: Array
(
    [0] => Array
        (
            [id] => 23755
            [resident_id] => 8590
            [member_id] => 0275-01
            [name] => JESTER CARCON
            [relation] => COUSIN
            [birthdate] => 0000-00-00
            [age] => 0
            [sex] => Male
            [education] => 
            [occupation] => ON-CALL
            [remarks] => 
            [photo] => 
            [id_photo_front] => 
            [id_photo_back] => 
            [birth_certificate] => 
            [qr_code_token] => d325707f99b1edc111dbb8fca0bcb07d
            [qr_code_id] => 
            [status] => active
            [created_at] => 2026-04-19 14:59:26
            [updated_at] => 2026-04-19 14:59:26
        )

)

DEBUG - 2026-04-19 14:59:42 --> Session: Class initialized using 'CodeIgniter\Session\Handlers\FileHandler' driver.
DEBUG - 2026-04-19 15:02:08 --> Session: Class initialized using 'CodeIgniter\Session\Handlers\FileHandler' driver.
DEBUG - 2026-04-19 15:12:24 --> Session: Class initialized using 'CodeIgniter\Session\Handlers\FileHandler' driver.
DEBUG - 2026-04-19 15:12:33 --> Session: Class initialized using 'CodeIgniter\Session\Handlers\FileHandler' driver.
DEBUG - 2026-04-19 15:12:36 --> Session: Class initialized using 'CodeIgniter\Session\Handlers\FileHandler' driver.
DEBUG - 2026-04-19 15:12:47 --> Session: Class initialized using 'CodeIgniter\Session\Handlers\FileHandler' driver.
DEBUG - 2026-04-19 15:12:52 --> Session: Class initialized using 'CodeIgniter\Session\Handlers\FileHandler' driver.
DEBUG - 2026-04-19 15:19:10 --> Session: Class initialized using 'CodeIgniter\Session\Handlers\FileHandler' driver.
DEBUG - 2026-04-19 15:19:23 --> Session: Class initialized using 'CodeIgniter\Session\Handlers\FileHandler' driver.
DEBUG - 2026-04-19 15:19:29 --> Session: Class initialized using 'CodeIgniter\Session\Handlers\FileHandler' driver.
DEBUG - 2026-04-19 15:19:31 --> Session: Class initialized using 'CodeIgniter\Session\Handlers\FileHandler' driver.
DEBUG - 2026-04-19 15:19:42 --> Session: Class initialized using 'CodeIgniter\Session\Handlers\FileHandler' driver.
DEBUG - 2026-04-19 15:19:57 --> Session: Class initialized using 'CodeIgniter\Session\Handlers\FileHandler' driver.
DEBUG - 2026-04-19 15:22:42 --> Session: Class initialized using 'CodeIgniter\Session\Handlers\FileHandler' driver.
DEBUG - 2026-04-19 15:22:50 --> Session: Class initialized using 'CodeIgniter\Session\Handlers\FileHandler' driver.
DEBUG - 2026-04-19 15:22:54 --> Session: Class initialized using 'CodeIgniter\Session\Handlers\FileHandler' driver.
DEBUG - 2026-04-19 15:23:00 --> Session: Class initialized using 'CodeIgniter\Session\Handlers\FileHandler' driver.
DEBUG - 2026-04-19 15:24:35 --> Session: Class initialized using 'CodeIgniter\Session\Handlers\FileHandler' driver.
DEBUG - 2026-04-19 15:24:38 --> Session: Class initialized using 'CodeIgniter\Session\Handlers\FileHandler' driver.
DEBUG - 2026-04-19 15:24:51 --> Session: Class initialized using 'CodeIgniter\Session\Handlers\FileHandler' driver.
DEBUG - 2026-04-19 15:24:57 --> Session: Class initialized using 'CodeIgniter\Session\Handlers\FileHandler' driver.
DEBUG - 2026-04-19 15:25:10 --> Session: Class initialized using 'CodeIgniter\Session\Handlers\FileHandler' driver.
DEBUG - 2026-04-19 15:26:06 --> Session: Class initialized using 'CodeIgniter\Session\Handlers\FileHandler' driver.
DEBUG - 2026-04-19 15:26:08 --> Session: Class initialized using 'CodeIgniter\Session\Handlers\FileHandler' driver.
DEBUG - 2026-04-19 15:26:11 --> Session: Class initialized using 'CodeIgniter\Session\Handlers\FileHandler' driver.
DEBUG - 2026-04-19 15:26:14 --> Session: Class initialized using 'CodeIgniter\Session\Handlers\FileHandler' driver.
DEBUG - 2026-04-19 15:26:29 --> Session: Class initialized using 'CodeIgniter\Session\Handlers\FileHandler' driver.
DEBUG - 2026-04-19 15:28:22 --> Session: Class initialized using 'CodeIgniter\Session\Handlers\FileHandler' driver.
DEBUG - 2026-04-19 15:31:40 --> Session: Class initialized using 'CodeIgniter\Session\Handlers\FileHandler' driver.
DEBUG - 2026-04-19 15:31:42 --> Session: Class initialized using 'CodeIgniter\Session\Handlers\FileHandler' driver.
DEBUG - 2026-04-19 15:31:56 --> Session: Class initialized using 'CodeIgniter\Session\Handlers\FileHandler' driver.
DEBUG - 2026-04-19 15:32:42 --> Session: Class initialized using 'CodeIgniter\Session\Handlers\FileHandler' driver.
DEBUG - 2026-04-19 15:32:54 --> Session: Class initialized using 'CodeIgniter\Session\Handlers\FileHandler' driver.
DEBUG - 2026-04-19 15:34:16 --> Session: Class initialized using 'CodeIgniter\Session\Handlers\FileHandler' driver.
DEBUG - 2026-04-19 15:35:17 --> Session: Class initialized using 'CodeIgniter\Session\Handlers\FileHandler' driver.
DEBUG - 2026-04-19 15:35:33 --> Session: Class initialized using 'CodeIgniter\Session\Handlers\FileHandler' driver.
DEBUG - 2026-04-19 15:38:04 --> Session: Class initialized using 'CodeIgniter\Session\Handlers\FileHandler' driver.
DEBUG - 2026-04-19 15:39:08 --> Session: Class initialized using 'CodeIgniter\Session\Handlers\FileHandler' driver.
DEBUG - 2026-04-19 15:50:33 --> Session: Class initialized using 'CodeIgniter\Session\Handlers\FileHandler' driver.
DEBUG - 2026-04-19 15:51:12 --> Session: Class initialized using 'CodeIgniter\Session\Handlers\FileHandler' driver.
DEBUG - 2026-04-19 15:51:34 --> Session: Class initialized using 'CodeIgniter\Session\Handlers\FileHandler' driver.
DEBUG - 2026-04-19 15:51:46 --> Session: Class initialized using 'CodeIgniter\Session\Handlers\FileHandler' driver.
DEBUG - 2026-04-19 15:53:17 --> Session: Class initialized using 'CodeIgniter\Session\Handlers\FileHandler' driver.
DEBUG - 2026-04-19 15:53:30 --> Session: Class initialized using 'CodeIgniter\Session\Handlers\FileHandler' driver.
DEBUG - 2026-04-19 15:53:30 --> Family members with file check: Array
(
    [0] => Array
        (
            [id] => 23755
            [resident_id] => 8590
            [member_id] => 0275-01
            [name] => JESTER CARCON
            [relation] => COUSIN
            [birthdate] => 0000-00-00
            [age] => 0
            [sex] => Male
            [education] => 
            [occupation] => ON-CALL
            [remarks] => 
            [photo] => 
            [id_photo_front] => 
            [id_photo_back] => 
            [birth_certificate] => 
            [qr_code_token] => d325707f99b1edc111dbb8fca0bcb07d
            [qr_code_id] => 
            [status] => active
            [created_at] => 2026-04-19 14:59:26
            [updated_at] => 2026-04-19 14:59:26
        )

)

DEBUG - 2026-04-19 15:53:44 --> Session: Class initialized using 'CodeIgniter\Session\Handlers\FileHandler' driver.
DEBUG - 2026-04-19 15:54:28 --> Session: Class initialized using 'CodeIgniter\Session\Handlers\FileHandler' driver.
DEBUG - 2026-04-19 15:58:22 --> Session: Class initialized using 'CodeIgniter\Session\Handlers\FileHandler' driver.
DEBUG - 2026-04-19 16:00:46 --> Session: Class initialized using 'CodeIgniter\Session\Handlers\FileHandler' driver.
DEBUG - 2026-04-19 16:10:17 --> Session: Class initialized using 'CodeIgniter\Session\Handlers\FileHandler' driver.
DEBUG - 2026-04-19 16:10:17 --> Session: Class initialized using 'CodeIgniter\Session\Handlers\FileHandler' driver.
DEBUG - 2026-04-19 16:37:18 --> Session: Class initialized using 'CodeIgniter\Session\Handlers\FileHandler' driver.
DEBUG - 2026-04-19 16:37:27 --> Session: Class initialized using 'CodeIgniter\Session\Handlers\FileHandler' driver.
DEBUG - 2026-04-19 16:37:28 --> Session: Class initialized using 'CodeIgniter\Session\Handlers\FileHandler' driver.
DEBUG - 2026-04-19 16:37:33 --> Session: Class initialized using 'CodeIgniter\Session\Handlers\FileHandler' driver.
DEBUG - 2026-04-19 16:37:38 --> Session: Class initialized using 'CodeIgniter\Session\Handlers\FileHandler' driver.
DEBUG - 2026-04-19 16:37:44 --> Session: Class initialized using 'CodeIgniter\Session\Handlers\FileHandler' driver.
DEBUG - 2026-04-19 16:37:46 --> Session: Class initialized using 'CodeIgniter\Session\Handlers\FileHandler' driver.
DEBUG - 2026-04-19 16:41:29 --> Session: Class initialized using 'CodeIgniter\Session\Handlers\FileHandler' driver.
DEBUG - 2026-04-19 16:41:51 --> Session: Class initialized using 'CodeIgniter\Session\Handlers\FileHandler' driver.
DEBUG - 2026-04-19 16:43:55 --> Session: Class initialized using 'CodeIgniter\Session\Handlers\FileHandler' driver.
DEBUG - 2026-04-19 16:46:32 --> Session: Class initialized using 'CodeIgniter\Session\Handlers\FileHandler' driver.
DEBUG - 2026-04-19 16:48:33 --> Session: Class initialized using 'CodeIgniter\Session\Handlers\FileHandler' driver.
DEBUG - 2026-04-19 16:49:23 --> Session: Class initialized using 'CodeIgniter\Session\Handlers\FileHandler' driver.
DEBUG - 2026-04-19 16:50:49 --> Session: Class initialized using 'CodeIgniter\Session\Handlers\FileHandler' driver.
DEBUG - 2026-04-19 16:51:14 --> Session: Class initialized using 'CodeIgniter\Session\Handlers\FileHandler' driver.
DEBUG - 2026-04-19 16:52:42 --> Session: Class initialized using 'CodeIgniter\Session\Handlers\FileHandler' driver.
DEBUG - 2026-04-19 16:53:17 --> Session: Class initialized using 'CodeIgniter\Session\Handlers\FileHandler' driver.
DEBUG - 2026-04-19 16:57:58 --> Session: Class initialized using 'CodeIgniter\Session\Handlers\FileHandler' driver.
DEBUG - 2026-04-19 17:04:03 --> Session: Class initialized using 'CodeIgniter\Session\Handlers\FileHandler' driver.
DEBUG - 2026-04-19 17:04:07 --> Session: Class initialized using 'CodeIgniter\Session\Handlers\FileHandler' driver.
DEBUG - 2026-04-19 17:04:45 --> Session: Class initialized using 'CodeIgniter\Session\Handlers\FileHandler' driver.
DEBUG - 2026-04-19 17:04:50 --> Session: Class initialized using 'CodeIgniter\Session\Handlers\FileHandler' driver.
DEBUG - 2026-04-19 17:04:53 --> Session: Class initialized using 'CodeIgniter\Session\Handlers\FileHandler' driver.
DEBUG - 2026-04-19 17:04:58 --> Session: Class initialized using 'CodeIgniter\Session\Handlers\FileHandler' driver.
DEBUG - 2026-04-19 17:07:55 --> Session: Class initialized using 'CodeIgniter\Session\Handlers\FileHandler' driver.
DEBUG - 2026-04-19 17:08:10 --> Session: Class initialized using 'CodeIgniter\Session\Handlers\FileHandler' driver.
DEBUG - 2026-04-19 17:08:17 --> Session: Class initialized using 'CodeIgniter\Session\Handlers\FileHandler' driver.
DEBUG - 2026-04-19 17:13:45 --> Session: Class initialized using 'CodeIgniter\Session\Handlers\FileHandler' driver.
DEBUG - 2026-04-19 17:13:53 --> Session: Class initialized using 'CodeIgniter\Session\Handlers\FileHandler' driver.
DEBUG - 2026-04-19 17:13:57 --> Session: Class initialized using 'CodeIgniter\Session\Handlers\FileHandler' driver.
DEBUG - 2026-04-19 17:16:22 --> Session: Class initialized using 'CodeIgniter\Session\Handlers\FileHandler' driver.
DEBUG - 2026-04-19 17:16:44 --> Session: Class initialized using 'CodeIgniter\Session\Handlers\FileHandler' driver.
DEBUG - 2026-04-19 17:16:50 --> Session: Class initialized using 'CodeIgniter\Session\Handlers\FileHandler' driver.
DEBUG - 2026-04-19 17:16:53 --> Session: Class initialized using 'CodeIgniter\Session\Handlers\FileHandler' driver.
DEBUG - 2026-04-19 17:20:56 --> Session: Class initialized using 'CodeIgniter\Session\Handlers\FileHandler' driver.
DEBUG - 2026-04-19 17:20:57 --> Session: Class initialized using 'CodeIgniter\Session\Handlers\FileHandler' driver.
DEBUG - 2026-04-19 17:20:59 --> Session: Class initialized using 'CodeIgniter\Session\Handlers\FileHandler' driver.
DEBUG - 2026-04-19 17:21:07 --> Session: Class initialized using 'CodeIgniter\Session\Handlers\FileHandler' driver.
DEBUG - 2026-04-19 17:21:10 --> Session: Class initialized using 'CodeIgniter\Session\Handlers\FileHandler' driver.
DEBUG - 2026-04-19 17:22:48 --> Session: Class initialized using 'CodeIgniter\Session\Handlers\FileHandler' driver.
DEBUG - 2026-04-19 17:22:52 --> Session: Class initialized using 'CodeIgniter\Session\Handlers\FileHandler' driver.
DEBUG - 2026-04-19 17:29:46 --> Session: Class initialized using 'CodeIgniter\Session\Handlers\FileHandler' driver.
