DEBUG - 2026-02-27 00:00:38 --> Session: Class initialized using 'CodeIgniter\Session\Handlers\FileHandler' driver.
DEBUG - 2026-02-27 00:00:40 --> Session: Class initialized using 'CodeIgniter\Session\Handlers\FileHandler' driver.
DEBUG - 2026-02-27 00:01:06 --> Session: Class initialized using 'CodeIgniter\Session\Handlers\FileHandler' driver.
DEBUG - 2026-02-27 00:01:13 --> Session: Class initialized using 'CodeIgniter\Session\Handlers\FileHandler' driver.
DEBUG - 2026-02-27 00:01:18 --> Session: Class initialized using 'CodeIgniter\Session\Handlers\FileHandler' driver.
CRITICAL - 2026-02-27 00:01:18 --> ErrorException: Undefined array key "distributor_name"
[Method: GET, Route: reports]
in APPPATH\Views\reports\distribution.php on line 27.
 1 APPPATH\Views\reports\distribution.php(27): CodeIgniter\Debug\Exceptions->errorHandler(2, 'Undefined array key "distributor_name"', 'C:\\Users\\Richard Miculob\\Documents\\ReliefTrack\\app\\Views\\reports\\distribution.php', 27)
 2 SYSTEMPATH\View\View.php(226): include('C:\\Users\\Richard Miculob\\Documents\\ReliefTrack\\app\\Views\\reports\\distribution.php')
 3 SYSTEMPATH\View\View.php(229): CodeIgniter\View\View->CodeIgniter\View\{closure}()
 4 SYSTEMPATH\Common.php(1167): CodeIgniter\View\View->render('reports/distribution', [], true)
 5 APPPATH\Controllers\Reports.php(23): view('reports/distribution', [...])
 6 SYSTEMPATH\CodeIgniter.php(933): App\Controllers\Reports->index()
 7 SYSTEMPATH\CodeIgniter.php(507): CodeIgniter\CodeIgniter->runController(Object(App\Controllers\Reports))
 8 SYSTEMPATH\CodeIgniter.php(354): CodeIgniter\CodeIgniter->handleRequest(null, Object(Config\Cache), false)
 9 SYSTEMPATH\Boot.php(363): CodeIgniter\CodeIgniter->run()
10 SYSTEMPATH\Boot.php(68): CodeIgniter\Boot::runCodeIgniter(Object(CodeIgniter\CodeIgniter))
11 FCPATH\index.php(59): CodeIgniter\Boot::bootWeb(Object(Config\Paths))
12 SYSTEMPATH\rewrite.php(44): require_once('C:\\Users\\Richard Miculob\\Documents\\ReliefTrack\\public\\index.php')
DEBUG - 2026-02-27 00:06:31 --> Session: Class initialized using 'CodeIgniter\Session\Handlers\FileHandler' driver.
DEBUG - 2026-02-27 00:06:55 --> Session: Class initialized using 'CodeIgniter\Session\Handlers\FileHandler' driver.
DEBUG - 2026-02-27 00:06:57 --> Session: Class initialized using 'CodeIgniter\Session\Handlers\FileHandler' driver.
DEBUG - 2026-02-27 00:07:02 --> Session: Class initialized using 'CodeIgniter\Session\Handlers\FileHandler' driver.
DEBUG - 2026-02-27 00:07:10 --> Session: Class initialized using 'CodeIgniter\Session\Handlers\FileHandler' driver.
DEBUG - 2026-02-27 00:07:21 --> Session: Class initialized using 'CodeIgniter\Session\Handlers\FileHandler' driver.
DEBUG - 2026-02-27 00:52:33 --> Session: Class initialized using 'CodeIgniter\Session\Handlers\FileHandler' driver.
DEBUG - 2026-02-27 00:52:38 --> Session: Class initialized using 'CodeIgniter\Session\Handlers\FileHandler' driver.
DEBUG - 2026-02-27 00:52:38 --> Session: Class initialized using 'CodeIgniter\Session\Handlers\FileHandler' driver.
DEBUG - 2026-02-27 00:52:41 --> Session: Class initialized using 'CodeIgniter\Session\Handlers\FileHandler' driver.
DEBUG - 2026-02-27 00:55:54 --> Session: Class initialized using 'CodeIgniter\Session\Handlers\FileHandler' driver.
DEBUG - 2026-02-27 00:56:02 --> Session: Class initialized using 'CodeIgniter\Session\Handlers\FileHandler' driver.
DEBUG - 2026-02-27 00:56:46 --> Session: Class initialized using 'CodeIgniter\Session\Handlers\FileHandler' driver.
DEBUG - 2026-02-27 00:56:47 --> Session: Class initialized using 'CodeIgniter\Session\Handlers\FileHandler' driver.
DEBUG - 2026-02-27 00:57:33 --> Session: Class initialized using 'CodeIgniter\Session\Handlers\FileHandler' driver.
DEBUG - 2026-02-27 00:57:34 --> Session: Class initialized using 'CodeIgniter\Session\Handlers\FileHandler' driver.
CRITICAL - 2026-02-27 00:57:34 --> ErrorException: Undefined array key "distributor_name"
[Method: GET, Route: reports]
in APPPATH\Views\reports\distribution.php on line 27.
 1 APPPATH\Views\reports\distribution.php(27): CodeIgniter\Debug\Exceptions->errorHandler(2, 'Undefined array key "distributor_name"', 'C:\\Users\\Richard Miculob\\Documents\\ReliefTrack\\app\\Views\\reports\\distribution.php', 27)
 2 SYSTEMPATH\View\View.php(226): include('C:\\Users\\Richard Miculob\\Documents\\ReliefTrack\\app\\Views\\reports\\distribution.php')
 3 SYSTEMPATH\View\View.php(229): CodeIgniter\View\View->CodeIgniter\View\{closure}()
 4 SYSTEMPATH\Common.php(1167): CodeIgniter\View\View->render('reports/distribution', [], true)
 5 APPPATH\Controllers\Reports.php(23): view('reports/distribution', [...])
 6 SYSTEMPATH\CodeIgniter.php(933): App\Controllers\Reports->index()
 7 SYSTEMPATH\CodeIgniter.php(507): CodeIgniter\CodeIgniter->runController(Object(App\Controllers\Reports))
 8 SYSTEMPATH\CodeIgniter.php(354): CodeIgniter\CodeIgniter->handleRequest(null, Object(Config\Cache), false)
 9 SYSTEMPATH\Boot.php(363): CodeIgniter\CodeIgniter->run()
10 SYSTEMPATH\Boot.php(68): CodeIgniter\Boot::runCodeIgniter(Object(CodeIgniter\CodeIgniter))
11 FCPATH\index.php(59): CodeIgniter\Boot::bootWeb(Object(Config\Paths))
12 SYSTEMPATH\rewrite.php(44): require_once('C:\\Users\\Richard Miculob\\Documents\\ReliefTrack\\public\\index.php')
DEBUG - 2026-02-27 00:57:36 --> Session: Class initialized using 'CodeIgniter\Session\Handlers\FileHandler' driver.
DEBUG - 2026-02-27 00:57:40 --> Session: Class initialized using 'CodeIgniter\Session\Handlers\FileHandler' driver.
DEBUG - 2026-02-27 00:57:41 --> Session: Class initialized using 'CodeIgniter\Session\Handlers\FileHandler' driver.
DEBUG - 2026-02-27 00:57:42 --> Session: Class initialized using 'CodeIgniter\Session\Handlers\FileHandler' driver.
DEBUG - 2026-02-27 00:57:43 --> Session: Class initialized using 'CodeIgniter\Session\Handlers\FileHandler' driver.
DEBUG - 2026-02-27 00:58:12 --> Session: Class initialized using 'CodeIgniter\Session\Handlers\FileHandler' driver.
DEBUG - 2026-02-27 00:58:36 --> Session: Class initialized using 'CodeIgniter\Session\Handlers\FileHandler' driver.
DEBUG - 2026-02-27 01:01:24 --> Session: Class initialized using 'CodeIgniter\Session\Handlers\FileHandler' driver.
DEBUG - 2026-02-27 01:01:27 --> Session: Class initialized using 'CodeIgniter\Session\Handlers\FileHandler' driver.
DEBUG - 2026-02-27 01:01:30 --> Session: Class initialized using 'CodeIgniter\Session\Handlers\FileHandler' driver.
DEBUG - 2026-02-27 01:01:33 --> Session: Class initialized using 'CodeIgniter\Session\Handlers\FileHandler' driver.
DEBUG - 2026-02-27 01:01:34 --> Session: Class initialized using 'CodeIgniter\Session\Handlers\FileHandler' driver.
DEBUG - 2026-02-27 01:04:02 --> Session: Class initialized using 'CodeIgniter\Session\Handlers\FileHandler' driver.
DEBUG - 2026-02-27 01:04:50 --> Session: Class initialized using 'CodeIgniter\Session\Handlers\FileHandler' driver.
DEBUG - 2026-02-27 01:05:15 --> Session: Class initialized using 'CodeIgniter\Session\Handlers\FileHandler' driver.
DEBUG - 2026-02-27 01:05:24 --> Session: Class initialized using 'CodeIgniter\Session\Handlers\FileHandler' driver.
DEBUG - 2026-02-27 01:05:54 --> Session: Class initialized using 'CodeIgniter\Session\Handlers\FileHandler' driver.
DEBUG - 2026-02-27 01:06:05 --> Session: Class initialized using 'CodeIgniter\Session\Handlers\FileHandler' driver.
DEBUG - 2026-02-27 01:10:03 --> Session: Class initialized using 'CodeIgniter\Session\Handlers\FileHandler' driver.
DEBUG - 2026-02-27 01:11:08 --> Session: Class initialized using 'CodeIgniter\Session\Handlers\FileHandler' driver.
DEBUG - 2026-02-27 01:13:45 --> Session: Class initialized using 'CodeIgniter\Session\Handlers\FileHandler' driver.
DEBUG - 2026-02-27 01:13:51 --> Session: Class initialized using 'CodeIgniter\Session\Handlers\FileHandler' driver.
CRITICAL - 2026-02-27 01:13:51 --> ErrorException: Undefined array key "distributor_name"
[Method: GET, Route: reports]
in APPPATH\Views\reports\distribution.php on line 27.
 1 APPPATH\Views\reports\distribution.php(27): CodeIgniter\Debug\Exceptions->errorHandler(2, 'Undefined array key "distributor_name"', 'C:\\Users\\Richard Miculob\\Documents\\ReliefTrack\\app\\Views\\reports\\distribution.php', 27)
 2 SYSTEMPATH\View\View.php(226): include('C:\\Users\\Richard Miculob\\Documents\\ReliefTrack\\app\\Views\\reports\\distribution.php')
 3 SYSTEMPATH\View\View.php(229): CodeIgniter\View\View->CodeIgniter\View\{closure}()
 4 SYSTEMPATH\Common.php(1167): CodeIgniter\View\View->render('reports/distribution', [], true)
 5 APPPATH\Controllers\Reports.php(23): view('reports/distribution', [...])
 6 SYSTEMPATH\CodeIgniter.php(933): App\Controllers\Reports->index()
 7 SYSTEMPATH\CodeIgniter.php(507): CodeIgniter\CodeIgniter->runController(Object(App\Controllers\Reports))
 8 SYSTEMPATH\CodeIgniter.php(354): CodeIgniter\CodeIgniter->handleRequest(null, Object(Config\Cache), false)
 9 SYSTEMPATH\Boot.php(363): CodeIgniter\CodeIgniter->run()
10 SYSTEMPATH\Boot.php(68): CodeIgniter\Boot::runCodeIgniter(Object(CodeIgniter\CodeIgniter))
11 FCPATH\index.php(59): CodeIgniter\Boot::bootWeb(Object(Config\Paths))
12 SYSTEMPATH\rewrite.php(44): require_once('C:\\Users\\Richard Miculob\\Documents\\ReliefTrack\\public\\index.php')
DEBUG - 2026-02-27 01:13:55 --> Session: Class initialized using 'CodeIgniter\Session\Handlers\FileHandler' driver.
DEBUG - 2026-02-27 01:15:11 --> Session: Class initialized using 'CodeIgniter\Session\Handlers\FileHandler' driver.
DEBUG - 2026-02-27 01:15:47 --> Session: Class initialized using 'CodeIgniter\Session\Handlers\FileHandler' driver.
DEBUG - 2026-02-27 01:15:47 --> Session: Class initialized using 'CodeIgniter\Session\Handlers\FileHandler' driver.
DEBUG - 2026-02-27 01:15:57 --> Session: Class initialized using 'CodeIgniter\Session\Handlers\FileHandler' driver.
DEBUG - 2026-02-27 01:15:58 --> Session: Class initialized using 'CodeIgniter\Session\Handlers\FileHandler' driver.
DEBUG - 2026-02-27 01:15:58 --> Session: Class initialized using 'CodeIgniter\Session\Handlers\FileHandler' driver.
DEBUG - 2026-02-27 01:16:13 --> Session: Class initialized using 'CodeIgniter\Session\Handlers\FileHandler' driver.
DEBUG - 2026-02-27 01:16:24 --> Session: Class initialized using 'CodeIgniter\Session\Handlers\FileHandler' driver.
DEBUG - 2026-02-27 01:16:25 --> Session: Class initialized using 'CodeIgniter\Session\Handlers\FileHandler' driver.
DEBUG - 2026-02-27 01:16:25 --> Session: Class initialized using 'CodeIgniter\Session\Handlers\FileHandler' driver.
DEBUG - 2026-02-27 01:16:30 --> Session: Class initialized using 'CodeIgniter\Session\Handlers\FileHandler' driver.
DEBUG - 2026-02-27 01:24:47 --> Session: Class initialized using 'CodeIgniter\Session\Handlers\FileHandler' driver.
DEBUG - 2026-02-27 01:24:47 --> Session: Class initialized using 'CodeIgniter\Session\Handlers\FileHandler' driver.
DEBUG - 2026-02-27 01:24:50 --> Session: Class initialized using 'CodeIgniter\Session\Handlers\FileHandler' driver.
DEBUG - 2026-02-27 01:24:50 --> Session: Class initialized using 'CodeIgniter\Session\Handlers\FileHandler' driver.
DEBUG - 2026-02-27 01:24:55 --> Session: Class initialized using 'CodeIgniter\Session\Handlers\FileHandler' driver.
DEBUG - 2026-02-27 01:24:55 --> Session: Class initialized using 'CodeIgniter\Session\Handlers\FileHandler' driver.
DEBUG - 2026-02-27 01:24:59 --> Session: Class initialized using 'CodeIgniter\Session\Handlers\FileHandler' driver.
DEBUG - 2026-02-27 01:25:00 --> Session: Class initialized using 'CodeIgniter\Session\Handlers\FileHandler' driver.
DEBUG - 2026-02-27 01:25:04 --> Session: Class initialized using 'CodeIgniter\Session\Handlers\FileHandler' driver.
DEBUG - 2026-02-27 01:25:12 --> Session: Class initialized using 'CodeIgniter\Session\Handlers\FileHandler' driver.
DEBUG - 2026-02-27 01:25:14 --> Session: Class initialized using 'CodeIgniter\Session\Handlers\FileHandler' driver.
DEBUG - 2026-02-27 01:25:15 --> Session: Class initialized using 'CodeIgniter\Session\Handlers\FileHandler' driver.
DEBUG - 2026-02-27 01:25:23 --> Session: Class initialized using 'CodeIgniter\Session\Handlers\FileHandler' driver.
DEBUG - 2026-02-27 01:25:24 --> Session: Class initialized using 'CodeIgniter\Session\Handlers\FileHandler' driver.
DEBUG - 2026-02-27 01:25:33 --> Session: Class initialized using 'CodeIgniter\Session\Handlers\FileHandler' driver.
DEBUG - 2026-02-27 01:25:33 --> Session: Class initialized using 'CodeIgniter\Session\Handlers\FileHandler' driver.
DEBUG - 2026-02-27 01:26:03 --> Session: Class initialized using 'CodeIgniter\Session\Handlers\FileHandler' driver.
DEBUG - 2026-02-27 01:26:15 --> Session: Class initialized using 'CodeIgniter\Session\Handlers\FileHandler' driver.
DEBUG - 2026-02-27 01:26:17 --> Session: Class initialized using 'CodeIgniter\Session\Handlers\FileHandler' driver.
DEBUG - 2026-02-27 01:26:18 --> Session: Class initialized using 'CodeIgniter\Session\Handlers\FileHandler' driver.
DEBUG - 2026-02-27 01:26:44 --> Session: Class initialized using 'CodeIgniter\Session\Handlers\FileHandler' driver.
DEBUG - 2026-02-27 01:28:10 --> Session: Class initialized using 'CodeIgniter\Session\Handlers\FileHandler' driver.
DEBUG - 2026-02-27 01:28:14 --> Session: Class initialized using 'CodeIgniter\Session\Handlers\FileHandler' driver.
DEBUG - 2026-02-27 01:31:29 --> Session: Class initialized using 'CodeIgniter\Session\Handlers\FileHandler' driver.
DEBUG - 2026-02-27 01:31:30 --> Session: Class initialized using 'CodeIgniter\Session\Handlers\FileHandler' driver.
DEBUG - 2026-02-27 01:31:34 --> Session: Class initialized using 'CodeIgniter\Session\Handlers\FileHandler' driver.
DEBUG - 2026-02-27 01:33:11 --> Session: Class initialized using 'CodeIgniter\Session\Handlers\FileHandler' driver.
DEBUG - 2026-02-27 01:33:12 --> Session: Class initialized using 'CodeIgniter\Session\Handlers\FileHandler' driver.
DEBUG - 2026-02-27 01:33:15 --> Session: Class initialized using 'CodeIgniter\Session\Handlers\FileHandler' driver.
DEBUG - 2026-02-27 01:37:34 --> Session: Class initialized using 'CodeIgniter\Session\Handlers\FileHandler' driver.
DEBUG - 2026-02-27 01:37:35 --> Session: Class initialized using 'CodeIgniter\Session\Handlers\FileHandler' driver.
DEBUG - 2026-02-27 01:37:35 --> Session: Class initialized using 'CodeIgniter\Session\Handlers\FileHandler' driver.
DEBUG - 2026-02-27 01:37:46 --> Session: Class initialized using 'CodeIgniter\Session\Handlers\FileHandler' driver.
DEBUG - 2026-02-27 01:37:52 --> Session: Class initialized using 'CodeIgniter\Session\Handlers\FileHandler' driver.
DEBUG - 2026-02-27 01:38:20 --> Session: Class initialized using 'CodeIgniter\Session\Handlers\FileHandler' driver.
DEBUG - 2026-02-27 01:38:20 --> Session: Class initialized using 'CodeIgniter\Session\Handlers\FileHandler' driver.
DEBUG - 2026-02-27 01:38:23 --> Session: Class initialized using 'CodeIgniter\Session\Handlers\FileHandler' driver.
DEBUG - 2026-02-27 01:58:04 --> Session: Class initialized using 'CodeIgniter\Session\Handlers\FileHandler' driver.
DEBUG - 2026-02-27 01:58:35 --> Session: Class initialized using 'CodeIgniter\Session\Handlers\FileHandler' driver.
DEBUG - 2026-02-27 01:58:44 --> Session: Class initialized using 'CodeIgniter\Session\Handlers\FileHandler' driver.
DEBUG - 2026-02-27 01:59:06 --> Session: Class initialized using 'CodeIgniter\Session\Handlers\FileHandler' driver.
DEBUG - 2026-02-27 01:59:09 --> Session: Class initialized using 'CodeIgniter\Session\Handlers\FileHandler' driver.
DEBUG - 2026-02-27 01:59:16 --> Session: Class initialized using 'CodeIgniter\Session\Handlers\FileHandler' driver.
DEBUG - 2026-02-27 01:59:20 --> Session: Class initialized using 'CodeIgniter\Session\Handlers\FileHandler' driver.
DEBUG - 2026-02-27 01:59:57 --> Session: Class initialized using 'CodeIgniter\Session\Handlers\FileHandler' driver.
DEBUG - 2026-02-27 02:00:07 --> Session: Class initialized using 'CodeIgniter\Session\Handlers\FileHandler' driver.
DEBUG - 2026-02-27 02:00:14 --> Session: Class initialized using 'CodeIgniter\Session\Handlers\FileHandler' driver.
DEBUG - 2026-02-27 02:00:14 --> Session: Class initialized using 'CodeIgniter\Session\Handlers\FileHandler' driver.
DEBUG - 2026-02-27 02:00:44 --> Session: Class initialized using 'CodeIgniter\Session\Handlers\FileHandler' driver.
DEBUG - 2026-02-27 02:00:51 --> Session: Class initialized using 'CodeIgniter\Session\Handlers\FileHandler' driver.
DEBUG - 2026-02-27 02:00:53 --> Session: Class initialized using 'CodeIgniter\Session\Handlers\FileHandler' driver.
DEBUG - 2026-02-27 02:00:55 --> Session: Class initialized using 'CodeIgniter\Session\Handlers\FileHandler' driver.
DEBUG - 2026-02-27 02:00:59 --> Session: Class initialized using 'CodeIgniter\Session\Handlers\FileHandler' driver.
DEBUG - 2026-02-27 02:01:00 --> Session: Class initialized using 'CodeIgniter\Session\Handlers\FileHandler' driver.
DEBUG - 2026-02-27 02:01:04 --> Session: Class initialized using 'CodeIgniter\Session\Handlers\FileHandler' driver.
CRITICAL - 2026-02-27 02:01:04 --> ErrorException: Undefined array key "distributor_name"
[Method: GET, Route: reports]
in APPPATH\Views\reports\distribution.php on line 27.
 1 APPPATH\Views\reports\distribution.php(27): CodeIgniter\Debug\Exceptions->errorHandler(2, 'Undefined array key "distributor_name"', 'C:\\Users\\Richard Miculob\\Documents\\ReliefTrack\\app\\Views\\reports\\distribution.php', 27)
 2 SYSTEMPATH\View\View.php(226): include('C:\\Users\\Richard Miculob\\Documents\\ReliefTrack\\app\\Views\\reports\\distribution.php')
 3 SYSTEMPATH\View\View.php(229): CodeIgniter\View\View->CodeIgniter\View\{closure}()
 4 SYSTEMPATH\Common.php(1167): CodeIgniter\View\View->render('reports/distribution', [], true)
 5 APPPATH\Controllers\Reports.php(23): view('reports/distribution', [...])
 6 SYSTEMPATH\CodeIgniter.php(933): App\Controllers\Reports->index()
 7 SYSTEMPATH\CodeIgniter.php(507): CodeIgniter\CodeIgniter->runController(Object(App\Controllers\Reports))
 8 SYSTEMPATH\CodeIgniter.php(354): CodeIgniter\CodeIgniter->handleRequest(null, Object(Config\Cache), false)
 9 SYSTEMPATH\Boot.php(363): CodeIgniter\CodeIgniter->run()
10 SYSTEMPATH\Boot.php(68): CodeIgniter\Boot::runCodeIgniter(Object(CodeIgniter\CodeIgniter))
11 FCPATH\index.php(59): CodeIgniter\Boot::bootWeb(Object(Config\Paths))
12 SYSTEMPATH\rewrite.php(44): require_once('C:\\Users\\Richard Miculob\\Documents\\ReliefTrack\\public\\index.php')
DEBUG - 2026-02-27 02:01:12 --> Session: Class initialized using 'CodeIgniter\Session\Handlers\FileHandler' driver.
DEBUG - 2026-02-27 02:01:14 --> Session: Class initialized using 'CodeIgniter\Session\Handlers\FileHandler' driver.
DEBUG - 2026-02-27 02:01:15 --> Session: Class initialized using 'CodeIgniter\Session\Handlers\FileHandler' driver.
DEBUG - 2026-02-27 02:01:16 --> Session: Class initialized using 'CodeIgniter\Session\Handlers\FileHandler' driver.
DEBUG - 2026-02-27 02:01:32 --> Session: Class initialized using 'CodeIgniter\Session\Handlers\FileHandler' driver.
DEBUG - 2026-02-27 02:01:49 --> Session: Class initialized using 'CodeIgniter\Session\Handlers\FileHandler' driver.
DEBUG - 2026-02-27 02:01:50 --> Session: Class initialized using 'CodeIgniter\Session\Handlers\FileHandler' driver.
DEBUG - 2026-02-27 02:02:00 --> Session: Class initialized using 'CodeIgniter\Session\Handlers\FileHandler' driver.
DEBUG - 2026-02-27 02:02:06 --> Session: Class initialized using 'CodeIgniter\Session\Handlers\FileHandler' driver.
DEBUG - 2026-02-27 02:02:09 --> Session: Class initialized using 'CodeIgniter\Session\Handlers\FileHandler' driver.
DEBUG - 2026-02-27 02:02:24 --> Session: Class initialized using 'CodeIgniter\Session\Handlers\FileHandler' driver.
DEBUG - 2026-02-27 02:02:26 --> Session: Class initialized using 'CodeIgniter\Session\Handlers\FileHandler' driver.
DEBUG - 2026-02-27 02:02:49 --> Session: Class initialized using 'CodeIgniter\Session\Handlers\FileHandler' driver.
DEBUG - 2026-02-27 02:02:56 --> Session: Class initialized using 'CodeIgniter\Session\Handlers\FileHandler' driver.
DEBUG - 2026-02-27 02:05:25 --> Session: Class initialized using 'CodeIgniter\Session\Handlers\FileHandler' driver.
DEBUG - 2026-02-27 02:05:25 --> Session: Class initialized using 'CodeIgniter\Session\Handlers\FileHandler' driver.
DEBUG - 2026-02-27 02:05:28 --> Session: Class initialized using 'CodeIgniter\Session\Handlers\FileHandler' driver.
DEBUG - 2026-02-27 02:05:30 --> Session: Class initialized using 'CodeIgniter\Session\Handlers\FileHandler' driver.
DEBUG - 2026-02-27 02:05:59 --> Session: Class initialized using 'CodeIgniter\Session\Handlers\FileHandler' driver.
DEBUG - 2026-02-27 02:06:00 --> Session: Class initialized using 'CodeIgniter\Session\Handlers\FileHandler' driver.
DEBUG - 2026-02-27 02:07:23 --> Session: Class initialized using 'CodeIgniter\Session\Handlers\FileHandler' driver.
DEBUG - 2026-02-27 02:07:23 --> Session: Class initialized using 'CodeIgniter\Session\Handlers\FileHandler' driver.
DEBUG - 2026-02-27 02:07:26 --> Session: Class initialized using 'CodeIgniter\Session\Handlers\FileHandler' driver.
DEBUG - 2026-02-27 02:07:26 --> Session: Class initialized using 'CodeIgniter\Session\Handlers\FileHandler' driver.
DEBUG - 2026-02-27 02:08:52 --> Session: Class initialized using 'CodeIgniter\Session\Handlers\FileHandler' driver.
DEBUG - 2026-02-27 02:14:40 --> Session: Class initialized using 'CodeIgniter\Session\Handlers\FileHandler' driver.
DEBUG - 2026-02-27 02:14:42 --> Session: Class initialized using 'CodeIgniter\Session\Handlers\FileHandler' driver.
DEBUG - 2026-02-27 02:14:44 --> Session: Class initialized using 'CodeIgniter\Session\Handlers\FileHandler' driver.
DEBUG - 2026-02-27 02:14:46 --> Session: Class initialized using 'CodeIgniter\Session\Handlers\FileHandler' driver.
DEBUG - 2026-02-27 02:14:48 --> Session: Class initialized using 'CodeIgniter\Session\Handlers\FileHandler' driver.
DEBUG - 2026-02-27 02:14:49 --> Session: Class initialized using 'CodeIgniter\Session\Handlers\FileHandler' driver.
DEBUG - 2026-02-27 02:14:51 --> Session: Class initialized using 'CodeIgniter\Session\Handlers\FileHandler' driver.
DEBUG - 2026-02-27 02:16:20 --> Session: Class initialized using 'CodeIgniter\Session\Handlers\FileHandler' driver.
DEBUG - 2026-02-27 02:16:21 --> Session: Class initialized using 'CodeIgniter\Session\Handlers\FileHandler' driver.
DEBUG - 2026-02-27 02:16:24 --> Session: Class initialized using 'CodeIgniter\Session\Handlers\FileHandler' driver.
DEBUG - 2026-02-27 02:18:56 --> Session: Class initialized using 'CodeIgniter\Session\Handlers\FileHandler' driver.
DEBUG - 2026-02-27 02:18:58 --> Session: Class initialized using 'CodeIgniter\Session\Handlers\FileHandler' driver.
DEBUG - 2026-02-27 02:18:58 --> Session: Class initialized using 'CodeIgniter\Session\Handlers\FileHandler' driver.
DEBUG - 2026-02-27 02:19:00 --> Session: Class initialized using 'CodeIgniter\Session\Handlers\FileHandler' driver.
DEBUG - 2026-02-27 02:19:02 --> Session: Class initialized using 'CodeIgniter\Session\Handlers\FileHandler' driver.
DEBUG - 2026-02-27 02:19:14 --> Session: Class initialized using 'CodeIgniter\Session\Handlers\FileHandler' driver.
DEBUG - 2026-02-27 02:26:19 --> Session: Class initialized using 'CodeIgniter\Session\Handlers\FileHandler' driver.
DEBUG - 2026-02-27 02:26:21 --> Session: Class initialized using 'CodeIgniter\Session\Handlers\FileHandler' driver.
DEBUG - 2026-02-27 02:28:25 --> Session: Class initialized using 'CodeIgniter\Session\Handlers\FileHandler' driver.
DEBUG - 2026-02-27 02:29:03 --> Session: Class initialized using 'CodeIgniter\Session\Handlers\FileHandler' driver.
DEBUG - 2026-02-27 02:29:22 --> Session: Class initialized using 'CodeIgniter\Session\Handlers\FileHandler' driver.
DEBUG - 2026-02-27 02:34:59 --> Session: Class initialized using 'CodeIgniter\Session\Handlers\FileHandler' driver.
DEBUG - 2026-02-27 02:35:03 --> Session: Class initialized using 'CodeIgniter\Session\Handlers\FileHandler' driver.
DEBUG - 2026-02-27 02:35:03 --> Session: Class initialized using 'CodeIgniter\Session\Handlers\FileHandler' driver.
DEBUG - 2026-02-27 02:35:12 --> Session: Class initialized using 'CodeIgniter\Session\Handlers\FileHandler' driver.
DEBUG - 2026-02-27 02:37:02 --> Session: Class initialized using 'CodeIgniter\Session\Handlers\FileHandler' driver.
CRITICAL - 2026-02-27 02:37:02 --> CodeIgniter\View\Exceptions\ViewException: Invalid file: "beneficiaries/view.php"
[Method: GET, Route: beneficiaries/view/9]
in SYSTEMPATH\Exceptions\FrameworkException.php on line 39.
 1 SYSTEMPATH\View\View.php(214): CodeIgniter\Exceptions\FrameworkException::forInvalidFile('beneficiaries/view.php')
 2 SYSTEMPATH\Common.php(1167): CodeIgniter\View\View->render('beneficiaries/view', [], true)
 3 APPPATH\Controllers\Beneficiaries.php(447): view('beneficiaries/view', [...])
 4 SYSTEMPATH\CodeIgniter.php(933): App\Controllers\Beneficiaries->view('9')
 5 SYSTEMPATH\CodeIgniter.php(507): CodeIgniter\CodeIgniter->runController(Object(App\Controllers\Beneficiaries))
 6 SYSTEMPATH\CodeIgniter.php(354): CodeIgniter\CodeIgniter->handleRequest(null, Object(Config\Cache), false)
 7 SYSTEMPATH\Boot.php(363): CodeIgniter\CodeIgniter->run()
 8 SYSTEMPATH\Boot.php(68): CodeIgniter\Boot::runCodeIgniter(Object(CodeIgniter\CodeIgniter))
 9 FCPATH\index.php(59): CodeIgniter\Boot::bootWeb(Object(Config\Paths))
10 SYSTEMPATH\rewrite.php(44): require_once('C:\\Users\\Richard Miculob\\Documents\\ReliefTrack\\public\\index.php')
DEBUG - 2026-02-27 02:37:23 --> Session: Class initialized using 'CodeIgniter\Session\Handlers\FileHandler' driver.
DEBUG - 2026-02-27 02:38:01 --> Session: Class initialized using 'CodeIgniter\Session\Handlers\FileHandler' driver.
DEBUG - 2026-02-27 02:38:08 --> Session: Class initialized using 'CodeIgniter\Session\Handlers\FileHandler' driver.
DEBUG - 2026-02-27 02:38:10 --> Session: Class initialized using 'CodeIgniter\Session\Handlers\FileHandler' driver.
DEBUG - 2026-02-27 02:38:27 --> Session: Class initialized using 'CodeIgniter\Session\Handlers\FileHandler' driver.
DEBUG - 2026-02-27 02:39:42 --> Session: Class initialized using 'CodeIgniter\Session\Handlers\FileHandler' driver.
DEBUG - 2026-02-27 02:39:47 --> Session: Class initialized using 'CodeIgniter\Session\Handlers\FileHandler' driver.
DEBUG - 2026-02-27 02:40:10 --> Session: Class initialized using 'CodeIgniter\Session\Handlers\FileHandler' driver.
DEBUG - 2026-02-27 02:40:17 --> Session: Class initialized using 'CodeIgniter\Session\Handlers\FileHandler' driver.
DEBUG - 2026-02-27 02:40:19 --> Session: Class initialized using 'CodeIgniter\Session\Handlers\FileHandler' driver.
DEBUG - 2026-02-27 02:40:28 --> Session: Class initialized using 'CodeIgniter\Session\Handlers\FileHandler' driver.
DEBUG - 2026-02-27 02:46:47 --> Session: Class initialized using 'CodeIgniter\Session\Handlers\FileHandler' driver.
DEBUG - 2026-02-27 02:46:48 --> Session: Class initialized using 'CodeIgniter\Session\Handlers\FileHandler' driver.
DEBUG - 2026-02-27 02:46:52 --> Session: Class initialized using 'CodeIgniter\Session\Handlers\FileHandler' driver.
DEBUG - 2026-02-27 02:46:54 --> Session: Class initialized using 'CodeIgniter\Session\Handlers\FileHandler' driver.
DEBUG - 2026-02-27 02:46:55 --> Session: Class initialized using 'CodeIgniter\Session\Handlers\FileHandler' driver.
DEBUG - 2026-02-27 02:47:56 --> Session: Class initialized using 'CodeIgniter\Session\Handlers\FileHandler' driver.
DEBUG - 2026-02-27 02:49:23 --> Session: Class initialized using 'CodeIgniter\Session\Handlers\FileHandler' driver.
DEBUG - 2026-02-27 02:49:27 --> Session: Class initialized using 'CodeIgniter\Session\Handlers\FileHandler' driver.
DEBUG - 2026-02-27 02:50:33 --> Session: Class initialized using 'CodeIgniter\Session\Handlers\FileHandler' driver.
DEBUG - 2026-02-27 02:51:00 --> Session: Class initialized using 'CodeIgniter\Session\Handlers\FileHandler' driver.
DEBUG - 2026-02-27 02:51:03 --> Session: Class initialized using 'CodeIgniter\Session\Handlers\FileHandler' driver.
DEBUG - 2026-02-27 02:52:02 --> Session: Class initialized using 'CodeIgniter\Session\Handlers\FileHandler' driver.
ERROR - 2026-02-27 02:52:02 --> mysqli_sql_exception: Unknown column 'household_qr_token' in 'field list' in C:\Users\Richard Miculob\Documents\ReliefTrack\system\Database\MySQLi\Connection.php:327
Stack trace:
#0 C:\Users\Richard Miculob\Documents\ReliefTrack\system\Database\MySQLi\Connection.php(327): mysqli->query('INSERT INTO `re...', 0)
#1 C:\Users\Richard Miculob\Documents\ReliefTrack\system\Database\BaseConnection.php(729): CodeIgniter\Database\MySQLi\Connection->execute('INSERT INTO `re...')
#2 C:\Users\Richard Miculob\Documents\ReliefTrack\system\Database\BaseConnection.php(646): CodeIgniter\Database\BaseConnection->simpleQuery('INSERT INTO `re...')
#3 C:\Users\Richard Miculob\Documents\ReliefTrack\system\Database\BaseBuilder.php(2345): CodeIgniter\Database\BaseConnection->query('INSERT INTO `re...', Array, false)
#4 C:\Users\Richard Miculob\Documents\ReliefTrack\system\Model.php(394): CodeIgniter\Database\BaseBuilder->insert()
#5 C:\Users\Richard Miculob\Documents\ReliefTrack\system\BaseModel.php(838): CodeIgniter\Model->doInsert(Array)
#6 C:\Users\Richard Miculob\Documents\ReliefTrack\system\Model.php(797): CodeIgniter\BaseModel->insert(Array, true)
#7 C:\Users\Richard Miculob\Documents\ReliefTrack\app\Controllers\Beneficiaries.php(128): CodeIgniter\Model->insert(Array)
#8 C:\Users\Richard Miculob\Documents\ReliefTrack\system\CodeIgniter.php(933): App\Controllers\Beneficiaries->store()
#9 C:\Users\Richard Miculob\Documents\ReliefTrack\system\CodeIgniter.php(507): CodeIgniter\CodeIgniter->runController(Object(App\Controllers\Beneficiaries))
#10 C:\Users\Richard Miculob\Documents\ReliefTrack\system\CodeIgniter.php(354): CodeIgniter\CodeIgniter->handleRequest(NULL, Object(Config\Cache), false)
#11 C:\Users\Richard Miculob\Documents\ReliefTrack\system\Boot.php(363): CodeIgniter\CodeIgniter->run()
#12 C:\Users\Richard Miculob\Documents\ReliefTrack\system\Boot.php(68): CodeIgniter\Boot::runCodeIgniter(Object(CodeIgniter\CodeIgniter))
#13 C:\Users\Richard Miculob\Documents\ReliefTrack\public\index.php(59): CodeIgniter\Boot::bootWeb(Object(Config\Paths))
#14 C:\Users\Richard Miculob\Documents\ReliefTrack\system\rewrite.php(44): require_once('C:\\Users\\Richar...')
#15 {main}
DEBUG - 2026-02-27 02:52:02 --> Session: Class initialized using 'CodeIgniter\Session\Handlers\FileHandler' driver.
DEBUG - 2026-02-27 02:52:07 --> Session: Class initialized using 'CodeIgniter\Session\Handlers\FileHandler' driver.
DEBUG - 2026-02-27 02:52:59 --> Session: Class initialized using 'CodeIgniter\Session\Handlers\FileHandler' driver.
DEBUG - 2026-02-27 02:53:00 --> Session: Class initialized using 'CodeIgniter\Session\Handlers\FileHandler' driver.
DEBUG - 2026-02-27 02:54:07 --> Session: Class initialized using 'CodeIgniter\Session\Handlers\FileHandler' driver.
DEBUG - 2026-02-27 02:54:07 --> Session: Class initialized using 'CodeIgniter\Session\Handlers\FileHandler' driver.
DEBUG - 2026-02-27 02:54:10 --> Session: Class initialized using 'CodeIgniter\Session\Handlers\FileHandler' driver.
DEBUG - 2026-02-27 02:54:53 --> Session: Class initialized using 'CodeIgniter\Session\Handlers\FileHandler' driver.
DEBUG - 2026-02-27 03:01:07 --> Session: Class initialized using 'CodeIgniter\Session\Handlers\FileHandler' driver.
DEBUG - 2026-02-27 03:01:08 --> Session: Class initialized using 'CodeIgniter\Session\Handlers\FileHandler' driver.
DEBUG - 2026-02-27 03:01:09 --> Session: Class initialized using 'CodeIgniter\Session\Handlers\FileHandler' driver.
DEBUG - 2026-02-27 03:01:09 --> Session: Class initialized using 'CodeIgniter\Session\Handlers\FileHandler' driver.
DEBUG - 2026-02-27 03:01:12 --> Session: Class initialized using 'CodeIgniter\Session\Handlers\FileHandler' driver.
DEBUG - 2026-02-27 03:01:13 --> Session: Class initialized using 'CodeIgniter\Session\Handlers\FileHandler' driver.
DEBUG - 2026-02-27 03:01:15 --> Session: Class initialized using 'CodeIgniter\Session\Handlers\FileHandler' driver.
DEBUG - 2026-02-27 03:01:16 --> Session: Class initialized using 'CodeIgniter\Session\Handlers\FileHandler' driver.
DEBUG - 2026-02-27 03:01:59 --> Session: Class initialized using 'CodeIgniter\Session\Handlers\FileHandler' driver.
DEBUG - 2026-02-27 03:01:59 --> Session: Class initialized using 'CodeIgniter\Session\Handlers\FileHandler' driver.
DEBUG - 2026-02-27 03:02:01 --> Session: Class initialized using 'CodeIgniter\Session\Handlers\FileHandler' driver.
DEBUG - 2026-02-27 03:05:43 --> Session: Class initialized using 'CodeIgniter\Session\Handlers\FileHandler' driver.
DEBUG - 2026-02-27 03:05:45 --> Session: Class initialized using 'CodeIgniter\Session\Handlers\FileHandler' driver.
DEBUG - 2026-02-27 03:08:58 --> Session: Class initialized using 'CodeIgniter\Session\Handlers\FileHandler' driver.
DEBUG - 2026-02-27 03:09:01 --> Session: Class initialized using 'CodeIgniter\Session\Handlers\FileHandler' driver.
DEBUG - 2026-02-27 03:09:02 --> Session: Class initialized using 'CodeIgniter\Session\Handlers\FileHandler' driver.
DEBUG - 2026-02-27 03:09:03 --> Session: Class initialized using 'CodeIgniter\Session\Handlers\FileHandler' driver.
DEBUG - 2026-02-27 03:09:09 --> Session: Class initialized using 'CodeIgniter\Session\Handlers\FileHandler' driver.
DEBUG - 2026-02-27 03:09:10 --> Session: Class initialized using 'CodeIgniter\Session\Handlers\FileHandler' driver.
DEBUG - 2026-02-27 03:17:52 --> Session: Class initialized using 'CodeIgniter\Session\Handlers\FileHandler' driver.
DEBUG - 2026-02-27 03:17:52 --> Session: Class initialized using 'CodeIgniter\Session\Handlers\FileHandler' driver.
DEBUG - 2026-02-27 03:17:58 --> Session: Class initialized using 'CodeIgniter\Session\Handlers\FileHandler' driver.
DEBUG - 2026-02-27 03:17:59 --> Session: Class initialized using 'CodeIgniter\Session\Handlers\FileHandler' driver.
DEBUG - 2026-02-27 03:17:59 --> Session: Class initialized using 'CodeIgniter\Session\Handlers\FileHandler' driver.
DEBUG - 2026-02-27 03:18:10 --> Session: Class initialized using 'CodeIgniter\Session\Handlers\FileHandler' driver.
DEBUG - 2026-02-27 03:18:10 --> Session: Class initialized using 'CodeIgniter\Session\Handlers\FileHandler' driver.
DEBUG - 2026-02-27 03:18:15 --> Session: Class initialized using 'CodeIgniter\Session\Handlers\FileHandler' driver.
DEBUG - 2026-02-27 03:18:15 --> Session: Class initialized using 'CodeIgniter\Session\Handlers\FileHandler' driver.
DEBUG - 2026-02-27 03:49:21 --> Session: Class initialized using 'CodeIgniter\Session\Handlers\FileHandler' driver.
DEBUG - 2026-02-27 03:49:23 --> Session: Class initialized using 'CodeIgniter\Session\Handlers\FileHandler' driver.
DEBUG - 2026-02-27 03:49:55 --> Session: Class initialized using 'CodeIgniter\Session\Handlers\FileHandler' driver.
DEBUG - 2026-02-27 03:49:56 --> Session: Class initialized using 'CodeIgniter\Session\Handlers\FileHandler' driver.
DEBUG - 2026-02-27 03:49:56 --> Session: Class initialized using 'CodeIgniter\Session\Handlers\FileHandler' driver.
DEBUG - 2026-02-27 03:49:57 --> Session: Class initialized using 'CodeIgniter\Session\Handlers\FileHandler' driver.
DEBUG - 2026-02-27 05:13:54 --> Session: Class initialized using 'CodeIgniter\Session\Handlers\FileHandler' driver.
DEBUG - 2026-02-27 05:13:54 --> Session: Class initialized using 'CodeIgniter\Session\Handlers\FileHandler' driver.
DEBUG - 2026-02-27 05:13:54 --> Session: Class initialized using 'CodeIgniter\Session\Handlers\FileHandler' driver.
DEBUG - 2026-02-27 05:13:55 --> Session: Class initialized using 'CodeIgniter\Session\Handlers\FileHandler' driver.
DEBUG - 2026-02-27 05:13:59 --> Session: Class initialized using 'CodeIgniter\Session\Handlers\FileHandler' driver.
DEBUG - 2026-02-27 05:13:59 --> Session: Class initialized using 'CodeIgniter\Session\Handlers\FileHandler' driver.
DEBUG - 2026-02-27 05:13:59 --> Session: Class initialized using 'CodeIgniter\Session\Handlers\FileHandler' driver.
DEBUG - 2026-02-27 05:13:59 --> Session: Class initialized using 'CodeIgniter\Session\Handlers\FileHandler' driver.
DEBUG - 2026-02-27 05:14:05 --> Session: Class initialized using 'CodeIgniter\Session\Handlers\FileHandler' driver.
DEBUG - 2026-02-27 05:14:05 --> Session: Class initialized using 'CodeIgniter\Session\Handlers\FileHandler' driver.
DEBUG - 2026-02-27 05:14:06 --> Session: Class initialized using 'CodeIgniter\Session\Handlers\FileHandler' driver.
DEBUG - 2026-02-27 05:14:07 --> Session: Class initialized using 'CodeIgniter\Session\Handlers\FileHandler' driver.
DEBUG - 2026-02-27 05:14:09 --> Session: Class initialized using 'CodeIgniter\Session\Handlers\FileHandler' driver.
DEBUG - 2026-02-27 05:14:09 --> Session: Class initialized using 'CodeIgniter\Session\Handlers\FileHandler' driver.
DEBUG - 2026-02-27 05:14:09 --> Session: Class initialized using 'CodeIgniter\Session\Handlers\FileHandler' driver.
DEBUG - 2026-02-27 05:14:53 --> Session: Class initialized using 'CodeIgniter\Session\Handlers\FileHandler' driver.
DEBUG - 2026-02-27 05:14:53 --> Session: Class initialized using 'CodeIgniter\Session\Handlers\FileHandler' driver.
DEBUG - 2026-02-27 05:15:57 --> Session: Class initialized using 'CodeIgniter\Session\Handlers\FileHandler' driver.
DEBUG - 2026-02-27 05:15:58 --> Session: Class initialized using 'CodeIgniter\Session\Handlers\FileHandler' driver.
DEBUG - 2026-02-27 05:20:37 --> Session: Class initialized using 'CodeIgniter\Session\Handlers\FileHandler' driver.
DEBUG - 2026-02-27 05:20:37 --> Session: Class initialized using 'CodeIgniter\Session\Handlers\FileHandler' driver.
DEBUG - 2026-02-27 05:20:40 --> Session: Class initialized using 'CodeIgniter\Session\Handlers\FileHandler' driver.
DEBUG - 2026-02-27 05:20:40 --> Session: Class initialized using 'CodeIgniter\Session\Handlers\FileHandler' driver.
DEBUG - 2026-02-27 05:20:50 --> Session: Class initialized using 'CodeIgniter\Session\Handlers\FileHandler' driver.
DEBUG - 2026-02-27 05:20:50 --> Session: Class initialized using 'CodeIgniter\Session\Handlers\FileHandler' driver.
DEBUG - 2026-02-27 05:20:51 --> Session: Class initialized using 'CodeIgniter\Session\Handlers\FileHandler' driver.
DEBUG - 2026-02-27 05:20:59 --> Session: Class initialized using 'CodeIgniter\Session\Handlers\FileHandler' driver.
DEBUG - 2026-02-27 05:20:59 --> Session: Class initialized using 'CodeIgniter\Session\Handlers\FileHandler' driver.
DEBUG - 2026-02-27 05:20:59 --> Session: Class initialized using 'CodeIgniter\Session\Handlers\FileHandler' driver.
DEBUG - 2026-02-27 05:21:06 --> Session: Class initialized using 'CodeIgniter\Session\Handlers\FileHandler' driver.
DEBUG - 2026-02-27 05:21:10 --> Session: Class initialized using 'CodeIgniter\Session\Handlers\FileHandler' driver.
DEBUG - 2026-02-27 05:21:11 --> Session: Class initialized using 'CodeIgniter\Session\Handlers\FileHandler' driver.
DEBUG - 2026-02-27 05:21:19 --> Session: Class initialized using 'CodeIgniter\Session\Handlers\FileHandler' driver.
DEBUG - 2026-02-27 05:21:19 --> Session: Class initialized using 'CodeIgniter\Session\Handlers\FileHandler' driver.
DEBUG - 2026-02-27 05:21:23 --> Session: Class initialized using 'CodeIgniter\Session\Handlers\FileHandler' driver.
DEBUG - 2026-02-27 05:21:26 --> Session: Class initialized using 'CodeIgniter\Session\Handlers\FileHandler' driver.
DEBUG - 2026-02-27 05:22:22 --> Session: Class initialized using 'CodeIgniter\Session\Handlers\FileHandler' driver.
DEBUG - 2026-02-27 05:26:45 --> Session: Class initialized using 'CodeIgniter\Session\Handlers\FileHandler' driver.
DEBUG - 2026-02-27 05:33:58 --> Session: Class initialized using 'CodeIgniter\Session\Handlers\FileHandler' driver.
DEBUG - 2026-02-27 05:35:13 --> Session: Class initialized using 'CodeIgniter\Session\Handlers\FileHandler' driver.
DEBUG - 2026-02-27 05:35:13 --> Session: Class initialized using 'CodeIgniter\Session\Handlers\FileHandler' driver.
DEBUG - 2026-02-27 05:35:36 --> Session: Class initialized using 'CodeIgniter\Session\Handlers\FileHandler' driver.
DEBUG - 2026-02-27 05:35:36 --> Session: Class initialized using 'CodeIgniter\Session\Handlers\FileHandler' driver.
DEBUG - 2026-02-27 05:35:37 --> Session: Class initialized using 'CodeIgniter\Session\Handlers\FileHandler' driver.
DEBUG - 2026-02-27 05:39:22 --> Session: Class initialized using 'CodeIgniter\Session\Handlers\FileHandler' driver.
DEBUG - 2026-02-27 05:39:30 --> Session: Class initialized using 'CodeIgniter\Session\Handlers\FileHandler' driver.
DEBUG - 2026-02-27 05:39:30 --> Session: Class initialized using 'CodeIgniter\Session\Handlers\FileHandler' driver.
DEBUG - 2026-02-27 05:39:32 --> Session: Class initialized using 'CodeIgniter\Session\Handlers\FileHandler' driver.
DEBUG - 2026-02-27 05:39:33 --> Session: Class initialized using 'CodeIgniter\Session\Handlers\FileHandler' driver.
DEBUG - 2026-02-27 05:41:12 --> Session: Class initialized using 'CodeIgniter\Session\Handlers\FileHandler' driver.
DEBUG - 2026-02-27 05:41:27 --> Session: Class initialized using 'CodeIgniter\Session\Handlers\FileHandler' driver.
DEBUG - 2026-02-27 05:43:00 --> Session: Class initialized using 'CodeIgniter\Session\Handlers\FileHandler' driver.
ERROR - 2026-02-27 05:43:00 --> mysqli_sql_exception: You have an error in your SQL syntax; check the manual that corresponds to your MariaDB server version for the right syntax to use near '`REGEXP` = '^[0-9]{4}$'
ORDER BY `household_no` DESC
 LIMIT 1' at line 4 in C:\Users\Richard Miculob\Documents\ReliefTrack\system\Database\MySQLi\Connection.php:327
Stack trace:
#0 C:\Users\Richard Miculob\Documents\ReliefTrack\system\Database\MySQLi\Connection.php(327): mysqli->query('SELECT `househo...', 0)
#1 C:\Users\Richard Miculob\Documents\ReliefTrack\system\Database\BaseConnection.php(729): CodeIgniter\Database\MySQLi\Connection->execute('SELECT `househo...')
#2 C:\Users\Richard Miculob\Documents\ReliefTrack\system\Database\BaseConnection.php(646): CodeIgniter\Database\BaseConnection->simpleQuery('SELECT `househo...')
#3 C:\Users\Richard Miculob\Documents\ReliefTrack\system\Database\BaseBuilder.php(1649): CodeIgniter\Database\BaseConnection->query('SELECT `househo...', Array, false)
#4 C:\Users\Richard Miculob\Documents\ReliefTrack\system\Model.php(330): CodeIgniter\Database\BaseBuilder->get()
#5 C:\Users\Richard Miculob\Documents\ReliefTrack\system\BaseModel.php(715): CodeIgniter\Model->doFirst()
#6 C:\Users\Richard Miculob\Documents\ReliefTrack\app\Models\ResidentModel.php(193): CodeIgniter\BaseModel->first()
#7 C:\Users\Richard Miculob\Documents\ReliefTrack\app\Controllers\Beneficiaries.php(119): App\Models\ResidentModel->generateHouseholdNo()
#8 C:\Users\Richard Miculob\Documents\ReliefTrack\system\CodeIgniter.php(933): App\Controllers\Beneficiaries->store()
#9 C:\Users\Richard Miculob\Documents\ReliefTrack\system\CodeIgniter.php(507): CodeIgniter\CodeIgniter->runController(Object(App\Controllers\Beneficiaries))
#10 C:\Users\Richard Miculob\Documents\ReliefTrack\system\CodeIgniter.php(354): CodeIgniter\CodeIgniter->handleRequest(NULL, Object(Config\Cache), false)
#11 C:\Users\Richard Miculob\Documents\ReliefTrack\system\Boot.php(363): CodeIgniter\CodeIgniter->run()
#12 C:\Users\Richard Miculob\Documents\ReliefTrack\system\Boot.php(68): CodeIgniter\Boot::runCodeIgniter(Object(CodeIgniter\CodeIgniter))
#13 C:\Users\Richard Miculob\Documents\ReliefTrack\public\index.php(59): CodeIgniter\Boot::bootWeb(Object(Config\Paths))
#14 C:\Users\Richard Miculob\Documents\ReliefTrack\system\rewrite.php(44): require_once('C:\\Users\\Richar...')
#15 {main}
CRITICAL - 2026-02-27 05:43:00 --> CodeIgniter\Database\Exceptions\DatabaseException: You have an error in your SQL syntax; check the manual that corresponds to your MariaDB server version for the right syntax to use near '`REGEXP` = '^[0-9]{4}$'
ORDER BY `household_no` DESC
 LIMIT 1' at line 4
[Method: POST, Route: beneficiaries/store]
in SYSTEMPATH\Database\BaseConnection.php on line 684.
 1 SYSTEMPATH\Database\BaseBuilder.php(1649): CodeIgniter\Database\BaseConnection->query('SELECT `household_no`
FROM `residents`
WHERE `household_no` LIKE :household_no: ESCAPE \'!\'
AND `household_no` `REGEXP` = :household_no REGEXP:
ORDER BY `household_no` DESC
 LIMIT 1', [...], false)
 2 SYSTEMPATH\Model.php(330): CodeIgniter\Database\BaseBuilder->get()
 3 SYSTEMPATH\BaseModel.php(715): CodeIgniter\Model->doFirst()
 4 APPPATH\Models\ResidentModel.php(193): CodeIgniter\BaseModel->first()
 5 APPPATH\Controllers\Beneficiaries.php(119): App\Models\ResidentModel->generateHouseholdNo()
 6 SYSTEMPATH\CodeIgniter.php(933): App\Controllers\Beneficiaries->store()
 7 SYSTEMPATH\CodeIgniter.php(507): CodeIgniter\CodeIgniter->runController(Object(App\Controllers\Beneficiaries))
 8 SYSTEMPATH\CodeIgniter.php(354): CodeIgniter\CodeIgniter->handleRequest(null, Object(Config\Cache), false)
 9 SYSTEMPATH\Boot.php(363): CodeIgniter\CodeIgniter->run()
10 SYSTEMPATH\Boot.php(68): CodeIgniter\Boot::runCodeIgniter(Object(CodeIgniter\CodeIgniter))
11 FCPATH\index.php(59): CodeIgniter\Boot::bootWeb(Object(Config\Paths))
12 SYSTEMPATH\rewrite.php(44): require_once('C:\\Users\\Richard Miculob\\Documents\\ReliefTrack\\public\\index.php')
CRITICAL - 2026-02-27 05:43:00 --> [Caused by] CodeIgniter\Database\Exceptions\DatabaseException: You have an error in your SQL syntax; check the manual that corresponds to your MariaDB server version for the right syntax to use near '`REGEXP` = '^[0-9]{4}$'
ORDER BY `household_no` DESC
 LIMIT 1' at line 4
in SYSTEMPATH\Database\MySQLi\Connection.php on line 332.
 1 SYSTEMPATH\Database\BaseConnection.php(729): CodeIgniter\Database\MySQLi\Connection->execute('SELECT `household_no`
FROM `residents`
WHERE `household_no` LIKE \'____\' ESCAPE \'!\'
AND `household_no` `REGEXP` = \'^[0-9]{4}$\'
ORDER BY `household_no` DESC
 LIMIT 1')
 2 SYSTEMPATH\Database\BaseConnection.php(646): CodeIgniter\Database\BaseConnection->simpleQuery('SELECT `household_no`
FROM `residents`
WHERE `household_no` LIKE \'____\' ESCAPE \'!\'
AND `household_no` `REGEXP` = \'^[0-9]{4}$\'
ORDER BY `household_no` DESC
 LIMIT 1')
 3 SYSTEMPATH\Database\BaseBuilder.php(1649): CodeIgniter\Database\BaseConnection->query('SELECT `household_no`
FROM `residents`
WHERE `household_no` LIKE :household_no: ESCAPE \'!\'
AND `household_no` `REGEXP` = :household_no REGEXP:
ORDER BY `household_no` DESC
 LIMIT 1', [...], false)
 4 SYSTEMPATH\Model.php(330): CodeIgniter\Database\BaseBuilder->get()
 5 SYSTEMPATH\BaseModel.php(715): CodeIgniter\Model->doFirst()
 6 APPPATH\Models\ResidentModel.php(193): CodeIgniter\BaseModel->first()
 7 APPPATH\Controllers\Beneficiaries.php(119): App\Models\ResidentModel->generateHouseholdNo()
 8 SYSTEMPATH\CodeIgniter.php(933): App\Controllers\Beneficiaries->store()
 9 SYSTEMPATH\CodeIgniter.php(507): CodeIgniter\CodeIgniter->runController(Object(App\Controllers\Beneficiaries))
10 SYSTEMPATH\CodeIgniter.php(354): CodeIgniter\CodeIgniter->handleRequest(null, Object(Config\Cache), false)
11 SYSTEMPATH\Boot.php(363): CodeIgniter\CodeIgniter->run()
12 SYSTEMPATH\Boot.php(68): CodeIgniter\Boot::runCodeIgniter(Object(CodeIgniter\CodeIgniter))
13 FCPATH\index.php(59): CodeIgniter\Boot::bootWeb(Object(Config\Paths))
14 SYSTEMPATH\rewrite.php(44): require_once('C:\\Users\\Richard Miculob\\Documents\\ReliefTrack\\public\\index.php')
CRITICAL - 2026-02-27 05:43:00 --> [Caused by] mysqli_sql_exception: You have an error in your SQL syntax; check the manual that corresponds to your MariaDB server version for the right syntax to use near '`REGEXP` = '^[0-9]{4}$'
ORDER BY `household_no` DESC
 LIMIT 1' at line 4
in SYSTEMPATH\Database\MySQLi\Connection.php on line 327.
 1 SYSTEMPATH\Database\MySQLi\Connection.php(327): mysqli->query('SELECT `household_no`
FROM `residents`
WHERE `household_no` LIKE \'____\' ESCAPE \'!\'
AND `household_no` `REGEXP` = \'^[0-9]{4}$\'
ORDER BY `household_no` DESC
 LIMIT 1', 0)
 2 SYSTEMPATH\Database\BaseConnection.php(729): CodeIgniter\Database\MySQLi\Connection->execute('SELECT `household_no`
FROM `residents`
WHERE `household_no` LIKE \'____\' ESCAPE \'!\'
AND `household_no` `REGEXP` = \'^[0-9]{4}$\'
ORDER BY `household_no` DESC
 LIMIT 1')
 3 SYSTEMPATH\Database\BaseConnection.php(646): CodeIgniter\Database\BaseConnection->simpleQuery('SELECT `household_no`
FROM `residents`
WHERE `household_no` LIKE \'____\' ESCAPE \'!\'
AND `household_no` `REGEXP` = \'^[0-9]{4}$\'
ORDER BY `household_no` DESC
 LIMIT 1')
 4 SYSTEMPATH\Database\BaseBuilder.php(1649): CodeIgniter\Database\BaseConnection->query('SELECT `household_no`
FROM `residents`
WHERE `household_no` LIKE :household_no: ESCAPE \'!\'
AND `household_no` `REGEXP` = :household_no REGEXP:
ORDER BY `household_no` DESC
 LIMIT 1', [...], false)
 5 SYSTEMPATH\Model.php(330): CodeIgniter\Database\BaseBuilder->get()
 6 SYSTEMPATH\BaseModel.php(715): CodeIgniter\Model->doFirst()
 7 APPPATH\Models\ResidentModel.php(193): CodeIgniter\BaseModel->first()
 8 APPPATH\Controllers\Beneficiaries.php(119): App\Models\ResidentModel->generateHouseholdNo()
 9 SYSTEMPATH\CodeIgniter.php(933): App\Controllers\Beneficiaries->store()
10 SYSTEMPATH\CodeIgniter.php(507): CodeIgniter\CodeIgniter->runController(Object(App\Controllers\Beneficiaries))
11 SYSTEMPATH\CodeIgniter.php(354): CodeIgniter\CodeIgniter->handleRequest(null, Object(Config\Cache), false)
12 SYSTEMPATH\Boot.php(363): CodeIgniter\CodeIgniter->run()
13 SYSTEMPATH\Boot.php(68): CodeIgniter\Boot::runCodeIgniter(Object(CodeIgniter\CodeIgniter))
14 FCPATH\index.php(59): CodeIgniter\Boot::bootWeb(Object(Config\Paths))
15 SYSTEMPATH\rewrite.php(44): require_once('C:\\Users\\Richard Miculob\\Documents\\ReliefTrack\\public\\index.php')
DEBUG - 2026-02-27 05:43:36 --> Session: Class initialized using 'CodeIgniter\Session\Handlers\FileHandler' driver.
ERROR - 2026-02-27 05:43:36 --> mysqli_sql_exception: You have an error in your SQL syntax; check the manual that corresponds to your MariaDB server version for the right syntax to use near '`?` = '^[0-9]{4}$'
ORDER BY CAST(household_no AS UNSIGNED) DESC
 LIMIT 1' at line 3 in C:\Users\Richard Miculob\Documents\ReliefTrack\system\Database\MySQLi\Connection.php:327
Stack trace:
#0 C:\Users\Richard Miculob\Documents\ReliefTrack\system\Database\MySQLi\Connection.php(327): mysqli->query('SELECT `househo...', 0)
#1 C:\Users\Richard Miculob\Documents\ReliefTrack\system\Database\BaseConnection.php(729): CodeIgniter\Database\MySQLi\Connection->execute('SELECT `househo...')
#2 C:\Users\Richard Miculob\Documents\ReliefTrack\system\Database\BaseConnection.php(646): CodeIgniter\Database\BaseConnection->simpleQuery('SELECT `househo...')
#3 C:\Users\Richard Miculob\Documents\ReliefTrack\system\Database\BaseBuilder.php(1649): CodeIgniter\Database\BaseConnection->query('SELECT `househo...', Array, false)
#4 C:\Users\Richard Miculob\Documents\ReliefTrack\system\Model.php(330): CodeIgniter\Database\BaseBuilder->get()
#5 C:\Users\Richard Miculob\Documents\ReliefTrack\system\BaseModel.php(715): CodeIgniter\Model->doFirst()
#6 C:\Users\Richard Miculob\Documents\ReliefTrack\app\Models\ResidentModel.php(192): CodeIgniter\BaseModel->first()
#7 C:\Users\Richard Miculob\Documents\ReliefTrack\app\Controllers\Beneficiaries.php(119): App\Models\ResidentModel->generateHouseholdNo()
#8 C:\Users\Richard Miculob\Documents\ReliefTrack\system\CodeIgniter.php(933): App\Controllers\Beneficiaries->store()
#9 C:\Users\Richard Miculob\Documents\ReliefTrack\system\CodeIgniter.php(507): CodeIgniter\CodeIgniter->runController(Object(App\Controllers\Beneficiaries))
#10 C:\Users\Richard Miculob\Documents\ReliefTrack\system\CodeIgniter.php(354): CodeIgniter\CodeIgniter->handleRequest(NULL, Object(Config\Cache), false)
#11 C:\Users\Richard Miculob\Documents\ReliefTrack\system\Boot.php(363): CodeIgniter\CodeIgniter->run()
#12 C:\Users\Richard Miculob\Documents\ReliefTrack\system\Boot.php(68): CodeIgniter\Boot::runCodeIgniter(Object(CodeIgniter\CodeIgniter))
#13 C:\Users\Richard Miculob\Documents\ReliefTrack\public\index.php(59): CodeIgniter\Boot::bootWeb(Object(Config\Paths))
#14 C:\Users\Richard Miculob\Documents\ReliefTrack\system\rewrite.php(44): require_once('C:\\Users\\Richar...')
#15 {main}
CRITICAL - 2026-02-27 05:43:36 --> CodeIgniter\Database\Exceptions\DatabaseException: You have an error in your SQL syntax; check the manual that corresponds to your MariaDB server version for the right syntax to use near '`?` = '^[0-9]{4}$'
ORDER BY CAST(household_no AS UNSIGNED) DESC
 LIMIT 1' at line 3
[Method: POST, Route: beneficiaries/store]
in SYSTEMPATH\Database\BaseConnection.php on line 684.
 1 SYSTEMPATH\Database\BaseBuilder.php(1649): CodeIgniter\Database\BaseConnection->query('SELECT `household_no`
FROM `residents`
WHERE `household_no REGEXP` `?` = :household_no REGEXP ?:
ORDER BY CAST(household_no AS UNSIGNED) DESC
 LIMIT 1', [...], false)
 2 SYSTEMPATH\Model.php(330): CodeIgniter\Database\BaseBuilder->get()
 3 SYSTEMPATH\BaseModel.php(715): CodeIgniter\Model->doFirst()
 4 APPPATH\Models\ResidentModel.php(192): CodeIgniter\BaseModel->first()
 5 APPPATH\Controllers\Beneficiaries.php(119): App\Models\ResidentModel->generateHouseholdNo()
 6 SYSTEMPATH\CodeIgniter.php(933): App\Controllers\Beneficiaries->store()
 7 SYSTEMPATH\CodeIgniter.php(507): CodeIgniter\CodeIgniter->runController(Object(App\Controllers\Beneficiaries))
 8 SYSTEMPATH\CodeIgniter.php(354): CodeIgniter\CodeIgniter->handleRequest(null, Object(Config\Cache), false)
 9 SYSTEMPATH\Boot.php(363): CodeIgniter\CodeIgniter->run()
10 SYSTEMPATH\Boot.php(68): CodeIgniter\Boot::runCodeIgniter(Object(CodeIgniter\CodeIgniter))
11 FCPATH\index.php(59): CodeIgniter\Boot::bootWeb(Object(Config\Paths))
12 SYSTEMPATH\rewrite.php(44): require_once('C:\\Users\\Richard Miculob\\Documents\\ReliefTrack\\public\\index.php')
CRITICAL - 2026-02-27 05:43:36 --> [Caused by] CodeIgniter\Database\Exceptions\DatabaseException: You have an error in your SQL syntax; check the manual that corresponds to your MariaDB server version for the right syntax to use near '`?` = '^[0-9]{4}$'
ORDER BY CAST(household_no AS UNSIGNED) DESC
 LIMIT 1' at line 3
in SYSTEMPATH\Database\MySQLi\Connection.php on line 332.
 1 SYSTEMPATH\Database\BaseConnection.php(729): CodeIgniter\Database\MySQLi\Connection->execute('SELECT `household_no`
FROM `residents`
WHERE `household_no REGEXP` `?` = \'^[0-9]{4}$\'
ORDER BY CAST(household_no AS UNSIGNED) DESC
 LIMIT 1')
 2 SYSTEMPATH\Database\BaseConnection.php(646): CodeIgniter\Database\BaseConnection->simpleQuery('SELECT `household_no`
FROM `residents`
WHERE `household_no REGEXP` `?` = \'^[0-9]{4}$\'
ORDER BY CAST(household_no AS UNSIGNED) DESC
 LIMIT 1')
 3 SYSTEMPATH\Database\BaseBuilder.php(1649): CodeIgniter\Database\BaseConnection->query('SELECT `household_no`
FROM `residents`
WHERE `household_no REGEXP` `?` = :household_no REGEXP ?:
ORDER BY CAST(household_no AS UNSIGNED) DESC
 LIMIT 1', [...], false)
 4 SYSTEMPATH\Model.php(330): CodeIgniter\Database\BaseBuilder->get()
 5 SYSTEMPATH\BaseModel.php(715): CodeIgniter\Model->doFirst()
 6 APPPATH\Models\ResidentModel.php(192): CodeIgniter\BaseModel->first()
 7 APPPATH\Controllers\Beneficiaries.php(119): App\Models\ResidentModel->generateHouseholdNo()
 8 SYSTEMPATH\CodeIgniter.php(933): App\Controllers\Beneficiaries->store()
 9 SYSTEMPATH\CodeIgniter.php(507): CodeIgniter\CodeIgniter->runController(Object(App\Controllers\Beneficiaries))
10 SYSTEMPATH\CodeIgniter.php(354): CodeIgniter\CodeIgniter->handleRequest(null, Object(Config\Cache), false)
11 SYSTEMPATH\Boot.php(363): CodeIgniter\CodeIgniter->run()
12 SYSTEMPATH\Boot.php(68): CodeIgniter\Boot::runCodeIgniter(Object(CodeIgniter\CodeIgniter))
13 FCPATH\index.php(59): CodeIgniter\Boot::bootWeb(Object(Config\Paths))
14 SYSTEMPATH\rewrite.php(44): require_once('C:\\Users\\Richard Miculob\\Documents\\ReliefTrack\\public\\index.php')
CRITICAL - 2026-02-27 05:43:36 --> [Caused by] mysqli_sql_exception: You have an error in your SQL syntax; check the manual that corresponds to your MariaDB server version for the right syntax to use near '`?` = '^[0-9]{4}$'
ORDER BY CAST(household_no AS UNSIGNED) DESC
 LIMIT 1' at line 3
in SYSTEMPATH\Database\MySQLi\Connection.php on line 327.
 1 SYSTEMPATH\Database\MySQLi\Connection.php(327): mysqli->query('SELECT `household_no`
FROM `residents`
WHERE `household_no REGEXP` `?` = \'^[0-9]{4}$\'
ORDER BY CAST(household_no AS UNSIGNED) DESC
 LIMIT 1', 0)
 2 SYSTEMPATH\Database\BaseConnection.php(729): CodeIgniter\Database\MySQLi\Connection->execute('SELECT `household_no`
FROM `residents`
WHERE `household_no REGEXP` `?` = \'^[0-9]{4}$\'
ORDER BY CAST(household_no AS UNSIGNED) DESC
 LIMIT 1')
 3 SYSTEMPATH\Database\BaseConnection.php(646): CodeIgniter\Database\BaseConnection->simpleQuery('SELECT `household_no`
FROM `residents`
WHERE `household_no REGEXP` `?` = \'^[0-9]{4}$\'
ORDER BY CAST(household_no AS UNSIGNED) DESC
 LIMIT 1')
 4 SYSTEMPATH\Database\BaseBuilder.php(1649): CodeIgniter\Database\BaseConnection->query('SELECT `household_no`
FROM `residents`
WHERE `household_no REGEXP` `?` = :household_no REGEXP ?:
ORDER BY CAST(household_no AS UNSIGNED) DESC
 LIMIT 1', [...], false)
 5 SYSTEMPATH\Model.php(330): CodeIgniter\Database\BaseBuilder->get()
 6 SYSTEMPATH\BaseModel.php(715): CodeIgniter\Model->doFirst()
 7 APPPATH\Models\ResidentModel.php(192): CodeIgniter\BaseModel->first()
 8 APPPATH\Controllers\Beneficiaries.php(119): App\Models\ResidentModel->generateHouseholdNo()
 9 SYSTEMPATH\CodeIgniter.php(933): App\Controllers\Beneficiaries->store()
10 SYSTEMPATH\CodeIgniter.php(507): CodeIgniter\CodeIgniter->runController(Object(App\Controllers\Beneficiaries))
11 SYSTEMPATH\CodeIgniter.php(354): CodeIgniter\CodeIgniter->handleRequest(null, Object(Config\Cache), false)
12 SYSTEMPATH\Boot.php(363): CodeIgniter\CodeIgniter->run()
13 SYSTEMPATH\Boot.php(68): CodeIgniter\Boot::runCodeIgniter(Object(CodeIgniter\CodeIgniter))
14 FCPATH\index.php(59): CodeIgniter\Boot::bootWeb(Object(Config\Paths))
15 SYSTEMPATH\rewrite.php(44): require_once('C:\\Users\\Richard Miculob\\Documents\\ReliefTrack\\public\\index.php')
DEBUG - 2026-02-27 05:43:39 --> Session: Class initialized using 'CodeIgniter\Session\Handlers\FileHandler' driver.
DEBUG - 2026-02-27 05:43:39 --> Session: Class initialized using 'CodeIgniter\Session\Handlers\FileHandler' driver.
DEBUG - 2026-02-27 05:43:41 --> Session: Class initialized using 'CodeIgniter\Session\Handlers\FileHandler' driver.
DEBUG - 2026-02-27 05:43:46 --> Session: Class initialized using 'CodeIgniter\Session\Handlers\FileHandler' driver.
DEBUG - 2026-02-27 05:44:30 --> Session: Class initialized using 'CodeIgniter\Session\Handlers\FileHandler' driver.
ERROR - 2026-02-27 05:44:30 --> mysqli_sql_exception: You have an error in your SQL syntax; check the manual that corresponds to your MariaDB server version for the right syntax to use near '`?` = '^[0-9]{4}$'
ORDER BY CAST(household_no AS UNSIGNED) DESC
 LIMIT 1' at line 3 in C:\Users\Richard Miculob\Documents\ReliefTrack\system\Database\MySQLi\Connection.php:327
Stack trace:
#0 C:\Users\Richard Miculob\Documents\ReliefTrack\system\Database\MySQLi\Connection.php(327): mysqli->query('SELECT `househo...', 0)
#1 C:\Users\Richard Miculob\Documents\ReliefTrack\system\Database\BaseConnection.php(729): CodeIgniter\Database\MySQLi\Connection->execute('SELECT `househo...')
#2 C:\Users\Richard Miculob\Documents\ReliefTrack\system\Database\BaseConnection.php(646): CodeIgniter\Database\BaseConnection->simpleQuery('SELECT `househo...')
#3 C:\Users\Richard Miculob\Documents\ReliefTrack\system\Database\BaseBuilder.php(1649): CodeIgniter\Database\BaseConnection->query('SELECT `househo...', Array, false)
#4 C:\Users\Richard Miculob\Documents\ReliefTrack\system\Model.php(330): CodeIgniter\Database\BaseBuilder->get()
#5 C:\Users\Richard Miculob\Documents\ReliefTrack\system\BaseModel.php(715): CodeIgniter\Model->doFirst()
#6 C:\Users\Richard Miculob\Documents\ReliefTrack\app\Models\ResidentModel.php(192): CodeIgniter\BaseModel->first()
#7 C:\Users\Richard Miculob\Documents\ReliefTrack\app\Controllers\Beneficiaries.php(119): App\Models\ResidentModel->generateHouseholdNo()
#8 C:\Users\Richard Miculob\Documents\ReliefTrack\system\CodeIgniter.php(933): App\Controllers\Beneficiaries->store()
#9 C:\Users\Richard Miculob\Documents\ReliefTrack\system\CodeIgniter.php(507): CodeIgniter\CodeIgniter->runController(Object(App\Controllers\Beneficiaries))
#10 C:\Users\Richard Miculob\Documents\ReliefTrack\system\CodeIgniter.php(354): CodeIgniter\CodeIgniter->handleRequest(NULL, Object(Config\Cache), false)
#11 C:\Users\Richard Miculob\Documents\ReliefTrack\system\Boot.php(363): CodeIgniter\CodeIgniter->run()
#12 C:\Users\Richard Miculob\Documents\ReliefTrack\system\Boot.php(68): CodeIgniter\Boot::runCodeIgniter(Object(CodeIgniter\CodeIgniter))
#13 C:\Users\Richard Miculob\Documents\ReliefTrack\public\index.php(59): CodeIgniter\Boot::bootWeb(Object(Config\Paths))
#14 C:\Users\Richard Miculob\Documents\ReliefTrack\system\rewrite.php(44): require_once('C:\\Users\\Richar...')
#15 {main}
CRITICAL - 2026-02-27 05:44:30 --> CodeIgniter\Database\Exceptions\DatabaseException: You have an error in your SQL syntax; check the manual that corresponds to your MariaDB server version for the right syntax to use near '`?` = '^[0-9]{4}$'
ORDER BY CAST(household_no AS UNSIGNED) DESC
 LIMIT 1' at line 3
[Method: POST, Route: beneficiaries/store]
in SYSTEMPATH\Database\BaseConnection.php on line 684.
 1 SYSTEMPATH\Database\BaseBuilder.php(1649): CodeIgniter\Database\BaseConnection->query('SELECT `household_no`
FROM `residents`
WHERE `household_no REGEXP` `?` = :household_no REGEXP ?:
ORDER BY CAST(household_no AS UNSIGNED) DESC
 LIMIT 1', [...], false)
 2 SYSTEMPATH\Model.php(330): CodeIgniter\Database\BaseBuilder->get()
 3 SYSTEMPATH\BaseModel.php(715): CodeIgniter\Model->doFirst()
 4 APPPATH\Models\ResidentModel.php(192): CodeIgniter\BaseModel->first()
 5 APPPATH\Controllers\Beneficiaries.php(119): App\Models\ResidentModel->generateHouseholdNo()
 6 SYSTEMPATH\CodeIgniter.php(933): App\Controllers\Beneficiaries->store()
 7 SYSTEMPATH\CodeIgniter.php(507): CodeIgniter\CodeIgniter->runController(Object(App\Controllers\Beneficiaries))
 8 SYSTEMPATH\CodeIgniter.php(354): CodeIgniter\CodeIgniter->handleRequest(null, Object(Config\Cache), false)
 9 SYSTEMPATH\Boot.php(363): CodeIgniter\CodeIgniter->run()
10 SYSTEMPATH\Boot.php(68): CodeIgniter\Boot::runCodeIgniter(Object(CodeIgniter\CodeIgniter))
11 FCPATH\index.php(59): CodeIgniter\Boot::bootWeb(Object(Config\Paths))
12 SYSTEMPATH\rewrite.php(44): require_once('C:\\Users\\Richard Miculob\\Documents\\ReliefTrack\\public\\index.php')
CRITICAL - 2026-02-27 05:44:30 --> [Caused by] CodeIgniter\Database\Exceptions\DatabaseException: You have an error in your SQL syntax; check the manual that corresponds to your MariaDB server version for the right syntax to use near '`?` = '^[0-9]{4}$'
ORDER BY CAST(household_no AS UNSIGNED) DESC
 LIMIT 1' at line 3
in SYSTEMPATH\Database\MySQLi\Connection.php on line 332.
 1 SYSTEMPATH\Database\BaseConnection.php(729): CodeIgniter\Database\MySQLi\Connection->execute('SELECT `household_no`
FROM `residents`
WHERE `household_no REGEXP` `?` = \'^[0-9]{4}$\'
ORDER BY CAST(household_no AS UNSIGNED) DESC
 LIMIT 1')
 2 SYSTEMPATH\Database\BaseConnection.php(646): CodeIgniter\Database\BaseConnection->simpleQuery('SELECT `household_no`
FROM `residents`
WHERE `household_no REGEXP` `?` = \'^[0-9]{4}$\'
ORDER BY CAST(household_no AS UNSIGNED) DESC
 LIMIT 1')
 3 SYSTEMPATH\Database\BaseBuilder.php(1649): CodeIgniter\Database\BaseConnection->query('SELECT `household_no`
FROM `residents`
WHERE `household_no REGEXP` `?` = :household_no REGEXP ?:
ORDER BY CAST(household_no AS UNSIGNED) DESC
 LIMIT 1', [...], false)
 4 SYSTEMPATH\Model.php(330): CodeIgniter\Database\BaseBuilder->get()
 5 SYSTEMPATH\BaseModel.php(715): CodeIgniter\Model->doFirst()
 6 APPPATH\Models\ResidentModel.php(192): CodeIgniter\BaseModel->first()
 7 APPPATH\Controllers\Beneficiaries.php(119): App\Models\ResidentModel->generateHouseholdNo()
 8 SYSTEMPATH\CodeIgniter.php(933): App\Controllers\Beneficiaries->store()
 9 SYSTEMPATH\CodeIgniter.php(507): CodeIgniter\CodeIgniter->runController(Object(App\Controllers\Beneficiaries))
10 SYSTEMPATH\CodeIgniter.php(354): CodeIgniter\CodeIgniter->handleRequest(null, Object(Config\Cache), false)
11 SYSTEMPATH\Boot.php(363): CodeIgniter\CodeIgniter->run()
12 SYSTEMPATH\Boot.php(68): CodeIgniter\Boot::runCodeIgniter(Object(CodeIgniter\CodeIgniter))
13 FCPATH\index.php(59): CodeIgniter\Boot::bootWeb(Object(Config\Paths))
14 SYSTEMPATH\rewrite.php(44): require_once('C:\\Users\\Richard Miculob\\Documents\\ReliefTrack\\public\\index.php')
CRITICAL - 2026-02-27 05:44:30 --> [Caused by] mysqli_sql_exception: You have an error in your SQL syntax; check the manual that corresponds to your MariaDB server version for the right syntax to use near '`?` = '^[0-9]{4}$'
ORDER BY CAST(household_no AS UNSIGNED) DESC
 LIMIT 1' at line 3
in SYSTEMPATH\Database\MySQLi\Connection.php on line 327.
 1 SYSTEMPATH\Database\MySQLi\Connection.php(327): mysqli->query('SELECT `household_no`
FROM `residents`
WHERE `household_no REGEXP` `?` = \'^[0-9]{4}$\'
ORDER BY CAST(household_no AS UNSIGNED) DESC
 LIMIT 1', 0)
 2 SYSTEMPATH\Database\BaseConnection.php(729): CodeIgniter\Database\MySQLi\Connection->execute('SELECT `household_no`
FROM `residents`
WHERE `household_no REGEXP` `?` = \'^[0-9]{4}$\'
ORDER BY CAST(household_no AS UNSIGNED) DESC
 LIMIT 1')
 3 SYSTEMPATH\Database\BaseConnection.php(646): CodeIgniter\Database\BaseConnection->simpleQuery('SELECT `household_no`
FROM `residents`
WHERE `household_no REGEXP` `?` = \'^[0-9]{4}$\'
ORDER BY CAST(household_no AS UNSIGNED) DESC
 LIMIT 1')
 4 SYSTEMPATH\Database\BaseBuilder.php(1649): CodeIgniter\Database\BaseConnection->query('SELECT `household_no`
FROM `residents`
WHERE `household_no REGEXP` `?` = :household_no REGEXP ?:
ORDER BY CAST(household_no AS UNSIGNED) DESC
 LIMIT 1', [...], false)
 5 SYSTEMPATH\Model.php(330): CodeIgniter\Database\BaseBuilder->get()
 6 SYSTEMPATH\BaseModel.php(715): CodeIgniter\Model->doFirst()
 7 APPPATH\Models\ResidentModel.php(192): CodeIgniter\BaseModel->first()
 8 APPPATH\Controllers\Beneficiaries.php(119): App\Models\ResidentModel->generateHouseholdNo()
 9 SYSTEMPATH\CodeIgniter.php(933): App\Controllers\Beneficiaries->store()
10 SYSTEMPATH\CodeIgniter.php(507): CodeIgniter\CodeIgniter->runController(Object(App\Controllers\Beneficiaries))
11 SYSTEMPATH\CodeIgniter.php(354): CodeIgniter\CodeIgniter->handleRequest(null, Object(Config\Cache), false)
12 SYSTEMPATH\Boot.php(363): CodeIgniter\CodeIgniter->run()
13 SYSTEMPATH\Boot.php(68): CodeIgniter\Boot::runCodeIgniter(Object(CodeIgniter\CodeIgniter))
14 FCPATH\index.php(59): CodeIgniter\Boot::bootWeb(Object(Config\Paths))
15 SYSTEMPATH\rewrite.php(44): require_once('C:\\Users\\Richard Miculob\\Documents\\ReliefTrack\\public\\index.php')
DEBUG - 2026-02-27 05:44:46 --> Session: Class initialized using 'CodeIgniter\Session\Handlers\FileHandler' driver.
DEBUG - 2026-02-27 05:44:46 --> Session: Class initialized using 'CodeIgniter\Session\Handlers\FileHandler' driver.
DEBUG - 2026-02-27 05:44:49 --> Session: Class initialized using 'CodeIgniter\Session\Handlers\FileHandler' driver.
DEBUG - 2026-02-27 05:44:53 --> Session: Class initialized using 'CodeIgniter\Session\Handlers\FileHandler' driver.
DEBUG - 2026-02-27 05:45:08 --> Session: Class initialized using 'CodeIgniter\Session\Handlers\FileHandler' driver.
DEBUG - 2026-02-27 05:52:40 --> Session: Class initialized using 'CodeIgniter\Session\Handlers\FileHandler' driver.
DEBUG - 2026-02-27 05:52:40 --> Session: Class initialized using 'CodeIgniter\Session\Handlers\FileHandler' driver.
DEBUG - 2026-02-27 05:52:44 --> Session: Class initialized using 'CodeIgniter\Session\Handlers\FileHandler' driver.
DEBUG - 2026-02-27 05:52:45 --> Session: Class initialized using 'CodeIgniter\Session\Handlers\FileHandler' driver.
DEBUG - 2026-02-27 05:52:45 --> Session: Class initialized using 'CodeIgniter\Session\Handlers\FileHandler' driver.
DEBUG - 2026-02-27 05:52:46 --> Session: Class initialized using 'CodeIgniter\Session\Handlers\FileHandler' driver.
DEBUG - 2026-02-27 05:52:49 --> Session: Class initialized using 'CodeIgniter\Session\Handlers\FileHandler' driver.
DEBUG - 2026-02-27 05:52:49 --> Session: Class initialized using 'CodeIgniter\Session\Handlers\FileHandler' driver.
DEBUG - 2026-02-27 05:52:53 --> Session: Class initialized using 'CodeIgniter\Session\Handlers\FileHandler' driver.
DEBUG - 2026-02-27 05:52:54 --> Session: Class initialized using 'CodeIgniter\Session\Handlers\FileHandler' driver.
DEBUG - 2026-02-27 05:52:59 --> Session: Class initialized using 'CodeIgniter\Session\Handlers\FileHandler' driver.
DEBUG - 2026-02-27 05:53:00 --> Session: Class initialized using 'CodeIgniter\Session\Handlers\FileHandler' driver.
DEBUG - 2026-02-27 05:53:00 --> Session: Class initialized using 'CodeIgniter\Session\Handlers\FileHandler' driver.
DEBUG - 2026-02-27 05:54:22 --> Session: Class initialized using 'CodeIgniter\Session\Handlers\FileHandler' driver.
DEBUG - 2026-02-27 05:54:34 --> Session: Class initialized using 'CodeIgniter\Session\Handlers\FileHandler' driver.
DEBUG - 2026-02-27 05:54:34 --> Session: Class initialized using 'CodeIgniter\Session\Handlers\FileHandler' driver.
DEBUG - 2026-02-27 05:54:35 --> Session: Class initialized using 'CodeIgniter\Session\Handlers\FileHandler' driver.
DEBUG - 2026-02-27 05:54:36 --> Session: Class initialized using 'CodeIgniter\Session\Handlers\FileHandler' driver.
DEBUG - 2026-02-27 05:54:53 --> Session: Class initialized using 'CodeIgniter\Session\Handlers\FileHandler' driver.
DEBUG - 2026-02-27 05:54:53 --> Session: Class initialized using 'CodeIgniter\Session\Handlers\FileHandler' driver.
DEBUG - 2026-02-27 05:54:53 --> Session: Class initialized using 'CodeIgniter\Session\Handlers\FileHandler' driver.
DEBUG - 2026-02-27 05:54:53 --> Session: Class initialized using 'CodeIgniter\Session\Handlers\FileHandler' driver.
DEBUG - 2026-02-27 05:57:20 --> Session: Class initialized using 'CodeIgniter\Session\Handlers\FileHandler' driver.
DEBUG - 2026-02-27 05:57:21 --> Session: Class initialized using 'CodeIgniter\Session\Handlers\FileHandler' driver.
DEBUG - 2026-02-27 05:57:32 --> Session: Class initialized using 'CodeIgniter\Session\Handlers\FileHandler' driver.
DEBUG - 2026-02-27 05:57:32 --> Session: Class initialized using 'CodeIgniter\Session\Handlers\FileHandler' driver.
DEBUG - 2026-02-27 05:57:32 --> Session: Class initialized using 'CodeIgniter\Session\Handlers\FileHandler' driver.
DEBUG - 2026-02-27 05:57:33 --> Session: Class initialized using 'CodeIgniter\Session\Handlers\FileHandler' driver.
DEBUG - 2026-02-27 05:59:00 --> Session: Class initialized using 'CodeIgniter\Session\Handlers\FileHandler' driver.
DEBUG - 2026-02-27 05:59:00 --> Session: Class initialized using 'CodeIgniter\Session\Handlers\FileHandler' driver.
DEBUG - 2026-02-27 05:59:00 --> Session: Class initialized using 'CodeIgniter\Session\Handlers\FileHandler' driver.
DEBUG - 2026-02-27 05:59:01 --> Session: Class initialized using 'CodeIgniter\Session\Handlers\FileHandler' driver.
DEBUG - 2026-02-27 05:59:06 --> Session: Class initialized using 'CodeIgniter\Session\Handlers\FileHandler' driver.
DEBUG - 2026-02-27 05:59:06 --> Session: Class initialized using 'CodeIgniter\Session\Handlers\FileHandler' driver.
DEBUG - 2026-02-27 05:59:45 --> Session: Class initialized using 'CodeIgniter\Session\Handlers\FileHandler' driver.
DEBUG - 2026-02-27 05:59:45 --> Session: Class initialized using 'CodeIgniter\Session\Handlers\FileHandler' driver.
DEBUG - 2026-02-27 05:59:45 --> Session: Class initialized using 'CodeIgniter\Session\Handlers\FileHandler' driver.
DEBUG - 2026-02-27 05:59:46 --> Session: Class initialized using 'CodeIgniter\Session\Handlers\FileHandler' driver.
DEBUG - 2026-02-27 05:59:46 --> Session: Class initialized using 'CodeIgniter\Session\Handlers\FileHandler' driver.
DEBUG - 2026-02-27 05:59:46 --> Session: Class initialized using 'CodeIgniter\Session\Handlers\FileHandler' driver.
DEBUG - 2026-02-27 05:59:47 --> Session: Class initialized using 'CodeIgniter\Session\Handlers\FileHandler' driver.
DEBUG - 2026-02-27 06:00:03 --> Session: Class initialized using 'CodeIgniter\Session\Handlers\FileHandler' driver.
DEBUG - 2026-02-27 06:00:03 --> Session: Class initialized using 'CodeIgniter\Session\Handlers\FileHandler' driver.
DEBUG - 2026-02-27 06:00:04 --> Session: Class initialized using 'CodeIgniter\Session\Handlers\FileHandler' driver.
DEBUG - 2026-02-27 06:00:04 --> Session: Class initialized using 'CodeIgniter\Session\Handlers\FileHandler' driver.
DEBUG - 2026-02-27 06:00:04 --> Session: Class initialized using 'CodeIgniter\Session\Handlers\FileHandler' driver.
DEBUG - 2026-02-27 06:00:04 --> Session: Class initialized using 'CodeIgniter\Session\Handlers\FileHandler' driver.
DEBUG - 2026-02-27 06:00:05 --> Session: Class initialized using 'CodeIgniter\Session\Handlers\FileHandler' driver.
DEBUG - 2026-02-27 06:03:48 --> Session: Class initialized using 'CodeIgniter\Session\Handlers\FileHandler' driver.
DEBUG - 2026-02-27 06:08:06 --> Session: Class initialized using 'CodeIgniter\Session\Handlers\FileHandler' driver.
DEBUG - 2026-02-27 06:08:09 --> Session: Class initialized using 'CodeIgniter\Session\Handlers\FileHandler' driver.
DEBUG - 2026-02-27 06:08:09 --> Session: Class initialized using 'CodeIgniter\Session\Handlers\FileHandler' driver.
DEBUG - 2026-02-27 06:08:15 --> Session: Class initialized using 'CodeIgniter\Session\Handlers\FileHandler' driver.
DEBUG - 2026-02-27 06:08:15 --> Session: Class initialized using 'CodeIgniter\Session\Handlers\FileHandler' driver.
DEBUG - 2026-02-27 06:08:23 --> Session: Class initialized using 'CodeIgniter\Session\Handlers\FileHandler' driver.
DEBUG - 2026-02-27 06:08:24 --> Session: Class initialized using 'CodeIgniter\Session\Handlers\FileHandler' driver.
DEBUG - 2026-02-27 06:08:27 --> Session: Class initialized using 'CodeIgniter\Session\Handlers\FileHandler' driver.
DEBUG - 2026-02-27 06:08:29 --> Session: Class initialized using 'CodeIgniter\Session\Handlers\FileHandler' driver.
DEBUG - 2026-02-27 06:08:38 --> Session: Class initialized using 'CodeIgniter\Session\Handlers\FileHandler' driver.
DEBUG - 2026-02-27 06:08:38 --> Session: Class initialized using 'CodeIgniter\Session\Handlers\FileHandler' driver.
DEBUG - 2026-02-27 06:08:49 --> Session: Class initialized using 'CodeIgniter\Session\Handlers\FileHandler' driver.
DEBUG - 2026-02-27 06:08:49 --> Session: Class initialized using 'CodeIgniter\Session\Handlers\FileHandler' driver.
DEBUG - 2026-02-27 06:08:51 --> Session: Class initialized using 'CodeIgniter\Session\Handlers\FileHandler' driver.
DEBUG - 2026-02-27 06:09:02 --> Session: Class initialized using 'CodeIgniter\Session\Handlers\FileHandler' driver.
DEBUG - 2026-02-27 06:09:02 --> Session: Class initialized using 'CodeIgniter\Session\Handlers\FileHandler' driver.
DEBUG - 2026-02-27 06:09:05 --> Session: Class initialized using 'CodeIgniter\Session\Handlers\FileHandler' driver.
DEBUG - 2026-02-27 06:29:04 --> Session: Class initialized using 'CodeIgniter\Session\Handlers\FileHandler' driver.
DEBUG - 2026-02-27 06:29:11 --> Session: Class initialized using 'CodeIgniter\Session\Handlers\FileHandler' driver.
DEBUG - 2026-02-27 06:31:00 --> Session: Class initialized using 'CodeIgniter\Session\Handlers\FileHandler' driver.
DEBUG - 2026-02-27 06:31:02 --> Session: Class initialized using 'CodeIgniter\Session\Handlers\FileHandler' driver.
DEBUG - 2026-02-27 06:31:04 --> Session: Class initialized using 'CodeIgniter\Session\Handlers\FileHandler' driver.
DEBUG - 2026-02-27 06:31:13 --> Session: Class initialized using 'CodeIgniter\Session\Handlers\FileHandler' driver.
DEBUG - 2026-02-27 06:31:13 --> Session: Class initialized using 'CodeIgniter\Session\Handlers\FileHandler' driver.
DEBUG - 2026-02-27 06:49:36 --> Session: Class initialized using 'CodeIgniter\Session\Handlers\FileHandler' driver.
DEBUG - 2026-02-27 06:49:36 --> Session: Class initialized using 'CodeIgniter\Session\Handlers\FileHandler' driver.
DEBUG - 2026-02-27 06:49:37 --> Session: Class initialized using 'CodeIgniter\Session\Handlers\FileHandler' driver.
DEBUG - 2026-02-27 06:49:45 --> Session: Class initialized using 'CodeIgniter\Session\Handlers\FileHandler' driver.
DEBUG - 2026-02-27 06:49:46 --> Session: Class initialized using 'CodeIgniter\Session\Handlers\FileHandler' driver.
DEBUG - 2026-02-27 06:49:52 --> Session: Class initialized using 'CodeIgniter\Session\Handlers\FileHandler' driver.
DEBUG - 2026-02-27 06:49:53 --> Session: Class initialized using 'CodeIgniter\Session\Handlers\FileHandler' driver.
DEBUG - 2026-02-27 06:49:54 --> Session: Class initialized using 'CodeIgniter\Session\Handlers\FileHandler' driver.
DEBUG - 2026-02-27 06:49:55 --> Session: Class initialized using 'CodeIgniter\Session\Handlers\FileHandler' driver.
DEBUG - 2026-02-27 06:49:56 --> Session: Class initialized using 'CodeIgniter\Session\Handlers\FileHandler' driver.
DEBUG - 2026-02-27 06:50:05 --> Session: Class initialized using 'CodeIgniter\Session\Handlers\FileHandler' driver.
DEBUG - 2026-02-27 06:50:06 --> Session: Class initialized using 'CodeIgniter\Session\Handlers\FileHandler' driver.
DEBUG - 2026-02-27 06:54:53 --> Session: Class initialized using 'CodeIgniter\Session\Handlers\FileHandler' driver.
DEBUG - 2026-02-27 06:54:54 --> Session: Class initialized using 'CodeIgniter\Session\Handlers\FileHandler' driver.
DEBUG - 2026-02-27 06:54:56 --> Session: Class initialized using 'CodeIgniter\Session\Handlers\FileHandler' driver.
DEBUG - 2026-02-27 06:54:59 --> Session: Class initialized using 'CodeIgniter\Session\Handlers\FileHandler' driver.
DEBUG - 2026-02-27 06:55:05 --> Session: Class initialized using 'CodeIgniter\Session\Handlers\FileHandler' driver.
DEBUG - 2026-02-27 06:55:05 --> Session: Class initialized using 'CodeIgniter\Session\Handlers\FileHandler' driver.
DEBUG - 2026-02-27 06:55:12 --> Session: Class initialized using 'CodeIgniter\Session\Handlers\FileHandler' driver.
DEBUG - 2026-02-27 06:55:16 --> Session: Class initialized using 'CodeIgniter\Session\Handlers\FileHandler' driver.
DEBUG - 2026-02-27 06:55:16 --> Session: Class initialized using 'CodeIgniter\Session\Handlers\FileHandler' driver.
DEBUG - 2026-02-27 06:55:18 --> Session: Class initialized using 'CodeIgniter\Session\Handlers\FileHandler' driver.
DEBUG - 2026-02-27 06:56:31 --> Session: Class initialized using 'CodeIgniter\Session\Handlers\FileHandler' driver.
DEBUG - 2026-02-27 06:56:32 --> Session: Class initialized using 'CodeIgniter\Session\Handlers\FileHandler' driver.
DEBUG - 2026-02-27 06:57:42 --> Session: Class initialized using 'CodeIgniter\Session\Handlers\FileHandler' driver.
DEBUG - 2026-02-27 06:57:43 --> Session: Class initialized using 'CodeIgniter\Session\Handlers\FileHandler' driver.
DEBUG - 2026-02-27 06:57:43 --> Session: Class initialized using 'CodeIgniter\Session\Handlers\FileHandler' driver.
DEBUG - 2026-02-27 06:57:48 --> Session: Class initialized using 'CodeIgniter\Session\Handlers\FileHandler' driver.
ERROR - 2026-02-27 06:57:48 --> mysqli_sql_exception: Unknown column 'family_member_id' in 'field list' in C:\Users\Richard Miculob\Documents\ReliefTrack\system\Database\MySQLi\Connection.php:327
Stack trace:
#0 C:\Users\Richard Miculob\Documents\ReliefTrack\system\Database\MySQLi\Connection.php(327): mysqli->query('INSERT INTO `di...', 0)
#1 C:\Users\Richard Miculob\Documents\ReliefTrack\system\Database\BaseConnection.php(729): CodeIgniter\Database\MySQLi\Connection->execute('INSERT INTO `di...')
#2 C:\Users\Richard Miculob\Documents\ReliefTrack\system\Database\BaseConnection.php(646): CodeIgniter\Database\BaseConnection->simpleQuery('INSERT INTO `di...')
#3 C:\Users\Richard Miculob\Documents\ReliefTrack\system\Database\BaseBuilder.php(2345): CodeIgniter\Database\BaseConnection->query('INSERT INTO `di...', Array, false)
#4 C:\Users\Richard Miculob\Documents\ReliefTrack\system\Model.php(394): CodeIgniter\Database\BaseBuilder->insert()
#5 C:\Users\Richard Miculob\Documents\ReliefTrack\system\BaseModel.php(838): CodeIgniter\Model->doInsert(Array)
#6 C:\Users\Richard Miculob\Documents\ReliefTrack\system\Model.php(797): CodeIgniter\BaseModel->insert(Array, false)
#7 C:\Users\Richard Miculob\Documents\ReliefTrack\system\BaseModel.php(751): CodeIgniter\Model->insert(Array, false)
#8 C:\Users\Richard Miculob\Documents\ReliefTrack\app\Controllers\Distribution.php(187): CodeIgniter\BaseModel->save(Array)
#9 C:\Users\Richard Miculob\Documents\ReliefTrack\system\CodeIgniter.php(933): App\Controllers\Distribution->processScanView()
#10 C:\Users\Richard Miculob\Documents\ReliefTrack\system\CodeIgniter.php(507): CodeIgniter\CodeIgniter->runController(Object(App\Controllers\Distribution))
#11 C:\Users\Richard Miculob\Documents\ReliefTrack\system\CodeIgniter.php(354): CodeIgniter\CodeIgniter->handleRequest(NULL, Object(Config\Cache), false)
#12 C:\Users\Richard Miculob\Documents\ReliefTrack\system\Boot.php(363): CodeIgniter\CodeIgniter->run()
#13 C:\Users\Richard Miculob\Documents\ReliefTrack\system\Boot.php(68): CodeIgniter\Boot::runCodeIgniter(Object(CodeIgniter\CodeIgniter))
#14 C:\Users\Richard Miculob\Documents\ReliefTrack\public\index.php(59): CodeIgniter\Boot::bootWeb(Object(Config\Paths))
#15 C:\Users\Richard Miculob\Documents\ReliefTrack\system\rewrite.php(44): require_once('C:\\Users\\Richar...')
#16 {main}
DEBUG - 2026-02-27 06:57:49 --> Session: Class initialized using 'CodeIgniter\Session\Handlers\FileHandler' driver.
DEBUG - 2026-02-27 06:57:50 --> Session: Class initialized using 'CodeIgniter\Session\Handlers\FileHandler' driver.
DEBUG - 2026-02-27 06:57:50 --> Session: Class initialized using 'CodeIgniter\Session\Handlers\FileHandler' driver.
DEBUG - 2026-02-27 06:57:52 --> Session: Class initialized using 'CodeIgniter\Session\Handlers\FileHandler' driver.
DEBUG - 2026-02-27 06:57:54 --> Session: Class initialized using 'CodeIgniter\Session\Handlers\FileHandler' driver.
DEBUG - 2026-02-27 06:57:55 --> Session: Class initialized using 'CodeIgniter\Session\Handlers\FileHandler' driver.
DEBUG - 2026-02-27 06:57:55 --> Session: Class initialized using 'CodeIgniter\Session\Handlers\FileHandler' driver.
DEBUG - 2026-02-27 06:58:00 --> Session: Class initialized using 'CodeIgniter\Session\Handlers\FileHandler' driver.
DEBUG - 2026-02-27 06:58:03 --> Session: Class initialized using 'CodeIgniter\Session\Handlers\FileHandler' driver.
DEBUG - 2026-02-27 06:58:04 --> Session: Class initialized using 'CodeIgniter\Session\Handlers\FileHandler' driver.
DEBUG - 2026-02-27 06:58:04 --> Session: Class initialized using 'CodeIgniter\Session\Handlers\FileHandler' driver.
DEBUG - 2026-02-27 06:58:09 --> Session: Class initialized using 'CodeIgniter\Session\Handlers\FileHandler' driver.
DEBUG - 2026-02-27 06:58:11 --> Session: Class initialized using 'CodeIgniter\Session\Handlers\FileHandler' driver.
DEBUG - 2026-02-27 06:58:12 --> Session: Class initialized using 'CodeIgniter\Session\Handlers\FileHandler' driver.
DEBUG - 2026-02-27 06:58:12 --> Session: Class initialized using 'CodeIgniter\Session\Handlers\FileHandler' driver.
DEBUG - 2026-02-27 06:58:24 --> Session: Class initialized using 'CodeIgniter\Session\Handlers\FileHandler' driver.
DEBUG - 2026-02-27 06:58:28 --> Session: Class initialized using 'CodeIgniter\Session\Handlers\FileHandler' driver.
DEBUG - 2026-02-27 06:58:28 --> Session: Class initialized using 'CodeIgniter\Session\Handlers\FileHandler' driver.
DEBUG - 2026-02-27 06:58:37 --> Session: Class initialized using 'CodeIgniter\Session\Handlers\FileHandler' driver.
DEBUG - 2026-02-27 06:58:43 --> Session: Class initialized using 'CodeIgniter\Session\Handlers\FileHandler' driver.
ERROR - 2026-02-27 06:58:43 --> mysqli_sql_exception: Unknown column 'family_member_id' in 'field list' in C:\Users\Richard Miculob\Documents\ReliefTrack\system\Database\MySQLi\Connection.php:327
Stack trace:
#0 C:\Users\Richard Miculob\Documents\ReliefTrack\system\Database\MySQLi\Connection.php(327): mysqli->query('INSERT INTO `di...', 0)
#1 C:\Users\Richard Miculob\Documents\ReliefTrack\system\Database\BaseConnection.php(729): CodeIgniter\Database\MySQLi\Connection->execute('INSERT INTO `di...')
#2 C:\Users\Richard Miculob\Documents\ReliefTrack\system\Database\BaseConnection.php(646): CodeIgniter\Database\BaseConnection->simpleQuery('INSERT INTO `di...')
#3 C:\Users\Richard Miculob\Documents\ReliefTrack\system\Database\BaseBuilder.php(2345): CodeIgniter\Database\BaseConnection->query('INSERT INTO `di...', Array, false)
#4 C:\Users\Richard Miculob\Documents\ReliefTrack\system\Model.php(394): CodeIgniter\Database\BaseBuilder->insert()
#5 C:\Users\Richard Miculob\Documents\ReliefTrack\system\BaseModel.php(838): CodeIgniter\Model->doInsert(Array)
#6 C:\Users\Richard Miculob\Documents\ReliefTrack\system\Model.php(797): CodeIgniter\BaseModel->insert(Array, false)
#7 C:\Users\Richard Miculob\Documents\ReliefTrack\system\BaseModel.php(751): CodeIgniter\Model->insert(Array, false)
#8 C:\Users\Richard Miculob\Documents\ReliefTrack\app\Controllers\Distribution.php(187): CodeIgniter\BaseModel->save(Array)
#9 C:\Users\Richard Miculob\Documents\ReliefTrack\system\CodeIgniter.php(933): App\Controllers\Distribution->processScanView()
#10 C:\Users\Richard Miculob\Documents\ReliefTrack\system\CodeIgniter.php(507): CodeIgniter\CodeIgniter->runController(Object(App\Controllers\Distribution))
#11 C:\Users\Richard Miculob\Documents\ReliefTrack\system\CodeIgniter.php(354): CodeIgniter\CodeIgniter->handleRequest(NULL, Object(Config\Cache), false)
#12 C:\Users\Richard Miculob\Documents\ReliefTrack\system\Boot.php(363): CodeIgniter\CodeIgniter->run()
#13 C:\Users\Richard Miculob\Documents\ReliefTrack\system\Boot.php(68): CodeIgniter\Boot::runCodeIgniter(Object(CodeIgniter\CodeIgniter))
#14 C:\Users\Richard Miculob\Documents\ReliefTrack\public\index.php(59): CodeIgniter\Boot::bootWeb(Object(Config\Paths))
#15 C:\Users\Richard Miculob\Documents\ReliefTrack\system\rewrite.php(44): require_once('C:\\Users\\Richar...')
#16 {main}
DEBUG - 2026-02-27 06:58:45 --> Session: Class initialized using 'CodeIgniter\Session\Handlers\FileHandler' driver.
DEBUG - 2026-02-27 06:58:45 --> Session: Class initialized using 'CodeIgniter\Session\Handlers\FileHandler' driver.
DEBUG - 2026-02-27 06:58:45 --> Session: Class initialized using 'CodeIgniter\Session\Handlers\FileHandler' driver.
DEBUG - 2026-02-27 06:58:47 --> Session: Class initialized using 'CodeIgniter\Session\Handlers\FileHandler' driver.
ERROR - 2026-02-27 06:58:47 --> mysqli_sql_exception: Unknown column 'family_member_id' in 'field list' in C:\Users\Richard Miculob\Documents\ReliefTrack\system\Database\MySQLi\Connection.php:327
Stack trace:
#0 C:\Users\Richard Miculob\Documents\ReliefTrack\system\Database\MySQLi\Connection.php(327): mysqli->query('INSERT INTO `di...', 0)
#1 C:\Users\Richard Miculob\Documents\ReliefTrack\system\Database\BaseConnection.php(729): CodeIgniter\Database\MySQLi\Connection->execute('INSERT INTO `di...')
#2 C:\Users\Richard Miculob\Documents\ReliefTrack\system\Database\BaseConnection.php(646): CodeIgniter\Database\BaseConnection->simpleQuery('INSERT INTO `di...')
#3 C:\Users\Richard Miculob\Documents\ReliefTrack\system\Database\BaseBuilder.php(2345): CodeIgniter\Database\BaseConnection->query('INSERT INTO `di...', Array, false)
#4 C:\Users\Richard Miculob\Documents\ReliefTrack\system\Model.php(394): CodeIgniter\Database\BaseBuilder->insert()
#5 C:\Users\Richard Miculob\Documents\ReliefTrack\system\BaseModel.php(838): CodeIgniter\Model->doInsert(Array)
#6 C:\Users\Richard Miculob\Documents\ReliefTrack\system\Model.php(797): CodeIgniter\BaseModel->insert(Array, false)
#7 C:\Users\Richard Miculob\Documents\ReliefTrack\system\BaseModel.php(751): CodeIgniter\Model->insert(Array, false)
#8 C:\Users\Richard Miculob\Documents\ReliefTrack\app\Controllers\Distribution.php(187): CodeIgniter\BaseModel->save(Array)
#9 C:\Users\Richard Miculob\Documents\ReliefTrack\system\CodeIgniter.php(933): App\Controllers\Distribution->processScanView()
#10 C:\Users\Richard Miculob\Documents\ReliefTrack\system\CodeIgniter.php(507): CodeIgniter\CodeIgniter->runController(Object(App\Controllers\Distribution))
#11 C:\Users\Richard Miculob\Documents\ReliefTrack\system\CodeIgniter.php(354): CodeIgniter\CodeIgniter->handleRequest(NULL, Object(Config\Cache), false)
#12 C:\Users\Richard Miculob\Documents\ReliefTrack\system\Boot.php(363): CodeIgniter\CodeIgniter->run()
#13 C:\Users\Richard Miculob\Documents\ReliefTrack\system\Boot.php(68): CodeIgniter\Boot::runCodeIgniter(Object(CodeIgniter\CodeIgniter))
#14 C:\Users\Richard Miculob\Documents\ReliefTrack\public\index.php(59): CodeIgniter\Boot::bootWeb(Object(Config\Paths))
#15 C:\Users\Richard Miculob\Documents\ReliefTrack\system\rewrite.php(44): require_once('C:\\Users\\Richar...')
#16 {main}
DEBUG - 2026-02-27 06:58:50 --> Session: Class initialized using 'CodeIgniter\Session\Handlers\FileHandler' driver.
DEBUG - 2026-02-27 06:58:50 --> Session: Class initialized using 'CodeIgniter\Session\Handlers\FileHandler' driver.
DEBUG - 2026-02-27 06:58:50 --> Session: Class initialized using 'CodeIgniter\Session\Handlers\FileHandler' driver.
DEBUG - 2026-02-27 06:58:51 --> Session: Class initialized using 'CodeIgniter\Session\Handlers\FileHandler' driver.
DEBUG - 2026-02-27 06:58:52 --> Session: Class initialized using 'CodeIgniter\Session\Handlers\FileHandler' driver.
DEBUG - 2026-02-27 06:58:52 --> Session: Class initialized using 'CodeIgniter\Session\Handlers\FileHandler' driver.
DEBUG - 2026-02-27 06:58:53 --> Session: Class initialized using 'CodeIgniter\Session\Handlers\FileHandler' driver.
DEBUG - 2026-02-27 06:58:55 --> Session: Class initialized using 'CodeIgniter\Session\Handlers\FileHandler' driver.
DEBUG - 2026-02-27 06:58:56 --> Session: Class initialized using 'CodeIgniter\Session\Handlers\FileHandler' driver.
DEBUG - 2026-02-27 06:58:56 --> Session: Class initialized using 'CodeIgniter\Session\Handlers\FileHandler' driver.
DEBUG - 2026-02-27 07:02:52 --> Session: Class initialized using 'CodeIgniter\Session\Handlers\FileHandler' driver.
DEBUG - 2026-02-27 07:02:57 --> Session: Class initialized using 'CodeIgniter\Session\Handlers\FileHandler' driver.
DEBUG - 2026-02-27 07:03:04 --> Session: Class initialized using 'CodeIgniter\Session\Handlers\FileHandler' driver.
DEBUG - 2026-02-27 07:03:05 --> Session: Class initialized using 'CodeIgniter\Session\Handlers\FileHandler' driver.
DEBUG - 2026-02-27 07:03:05 --> Session: Class initialized using 'CodeIgniter\Session\Handlers\FileHandler' driver.
DEBUG - 2026-02-27 07:03:07 --> Session: Class initialized using 'CodeIgniter\Session\Handlers\FileHandler' driver.
ERROR - 2026-02-27 07:03:08 --> mysqli_sql_exception: Unknown column 'family_member_id' in 'field list' in C:\Users\Richard Miculob\Documents\ReliefTrack\system\Database\MySQLi\Connection.php:327
Stack trace:
#0 C:\Users\Richard Miculob\Documents\ReliefTrack\system\Database\MySQLi\Connection.php(327): mysqli->query('INSERT INTO `di...', 0)
#1 C:\Users\Richard Miculob\Documents\ReliefTrack\system\Database\BaseConnection.php(729): CodeIgniter\Database\MySQLi\Connection->execute('INSERT INTO `di...')
#2 C:\Users\Richard Miculob\Documents\ReliefTrack\system\Database\BaseConnection.php(646): CodeIgniter\Database\BaseConnection->simpleQuery('INSERT INTO `di...')
#3 C:\Users\Richard Miculob\Documents\ReliefTrack\system\Database\BaseBuilder.php(2345): CodeIgniter\Database\BaseConnection->query('INSERT INTO `di...', Array, false)
#4 C:\Users\Richard Miculob\Documents\ReliefTrack\system\Model.php(394): CodeIgniter\Database\BaseBuilder->insert()
#5 C:\Users\Richard Miculob\Documents\ReliefTrack\system\BaseModel.php(838): CodeIgniter\Model->doInsert(Array)
#6 C:\Users\Richard Miculob\Documents\ReliefTrack\system\Model.php(797): CodeIgniter\BaseModel->insert(Array, false)
#7 C:\Users\Richard Miculob\Documents\ReliefTrack\system\BaseModel.php(751): CodeIgniter\Model->insert(Array, false)
#8 C:\Users\Richard Miculob\Documents\ReliefTrack\app\Controllers\Distribution.php(187): CodeIgniter\BaseModel->save(Array)
#9 C:\Users\Richard Miculob\Documents\ReliefTrack\system\CodeIgniter.php(933): App\Controllers\Distribution->processScanView()
#10 C:\Users\Richard Miculob\Documents\ReliefTrack\system\CodeIgniter.php(507): CodeIgniter\CodeIgniter->runController(Object(App\Controllers\Distribution))
#11 C:\Users\Richard Miculob\Documents\ReliefTrack\system\CodeIgniter.php(354): CodeIgniter\CodeIgniter->handleRequest(NULL, Object(Config\Cache), false)
#12 C:\Users\Richard Miculob\Documents\ReliefTrack\system\Boot.php(363): CodeIgniter\CodeIgniter->run()
#13 C:\Users\Richard Miculob\Documents\ReliefTrack\system\Boot.php(68): CodeIgniter\Boot::runCodeIgniter(Object(CodeIgniter\CodeIgniter))
#14 C:\Users\Richard Miculob\Documents\ReliefTrack\public\index.php(59): CodeIgniter\Boot::bootWeb(Object(Config\Paths))
#15 C:\Users\Richard Miculob\Documents\ReliefTrack\system\rewrite.php(44): require_once('C:\\Users\\Richar...')
#16 {main}
DEBUG - 2026-02-27 07:03:09 --> Session: Class initialized using 'CodeIgniter\Session\Handlers\FileHandler' driver.
DEBUG - 2026-02-27 07:03:10 --> Session: Class initialized using 'CodeIgniter\Session\Handlers\FileHandler' driver.
DEBUG - 2026-02-27 07:03:10 --> Session: Class initialized using 'CodeIgniter\Session\Handlers\FileHandler' driver.
DEBUG - 2026-02-27 07:03:44 --> Session: Class initialized using 'CodeIgniter\Session\Handlers\FileHandler' driver.
DEBUG - 2026-02-27 07:03:46 --> Session: Class initialized using 'CodeIgniter\Session\Handlers\FileHandler' driver.
DEBUG - 2026-02-27 07:03:46 --> Session: Class initialized using 'CodeIgniter\Session\Handlers\FileHandler' driver.
DEBUG - 2026-02-27 07:04:17 --> Session: Class initialized using 'CodeIgniter\Session\Handlers\FileHandler' driver.
DEBUG - 2026-02-27 15:04:47 --> Session: Class initialized using 'CodeIgniter\Session\Handlers\FileHandler' driver.
DEBUG - 2026-02-27 15:05:17 --> Session: Class initialized using 'CodeIgniter\Session\Handlers\FileHandler' driver.
DEBUG - 2026-02-27 15:05:47 --> Session: Class initialized using 'CodeIgniter\Session\Handlers\FileHandler' driver.
DEBUG - 2026-02-27 15:06:17 --> Session: Class initialized using 'CodeIgniter\Session\Handlers\FileHandler' driver.
DEBUG - 2026-02-27 15:06:47 --> Session: Class initialized using 'CodeIgniter\Session\Handlers\FileHandler' driver.
DEBUG - 2026-02-27 15:07:41 --> Session: Class initialized using 'CodeIgniter\Session\Handlers\FileHandler' driver.
DEBUG - 2026-02-27 15:08:41 --> Session: Class initialized using 'CodeIgniter\Session\Handlers\FileHandler' driver.
DEBUG - 2026-02-27 15:09:41 --> Session: Class initialized using 'CodeIgniter\Session\Handlers\FileHandler' driver.
DEBUG - 2026-02-27 15:10:41 --> Session: Class initialized using 'CodeIgniter\Session\Handlers\FileHandler' driver.
DEBUG - 2026-02-27 15:11:02 --> Session: Class initialized using 'CodeIgniter\Session\Handlers\FileHandler' driver.
DEBUG - 2026-02-27 15:11:16 --> Session: Class initialized using 'CodeIgniter\Session\Handlers\FileHandler' driver.
DEBUG - 2026-02-27 15:11:46 --> Session: Class initialized using 'CodeIgniter\Session\Handlers\FileHandler' driver.
DEBUG - 2026-02-27 15:12:01 --> Session: Class initialized using 'CodeIgniter\Session\Handlers\FileHandler' driver.
DEBUG - 2026-02-27 15:17:24 --> Session: Class initialized using 'CodeIgniter\Session\Handlers\FileHandler' driver.
DEBUG - 2026-02-27 15:17:25 --> Session: Class initialized using 'CodeIgniter\Session\Handlers\FileHandler' driver.
DEBUG - 2026-02-27 15:17:25 --> Session: Class initialized using 'CodeIgniter\Session\Handlers\FileHandler' driver.
DEBUG - 2026-02-27 15:17:27 --> Session: Class initialized using 'CodeIgniter\Session\Handlers\FileHandler' driver.
DEBUG - 2026-02-27 15:17:28 --> Session: Class initialized using 'CodeIgniter\Session\Handlers\FileHandler' driver.
DEBUG - 2026-02-27 15:17:30 --> Session: Class initialized using 'CodeIgniter\Session\Handlers\FileHandler' driver.
DEBUG - 2026-02-27 15:17:31 --> Session: Class initialized using 'CodeIgniter\Session\Handlers\FileHandler' driver.
DEBUG - 2026-02-27 15:17:38 --> Session: Class initialized using 'CodeIgniter\Session\Handlers\FileHandler' driver.
DEBUG - 2026-02-27 15:17:46 --> Session: Class initialized using 'CodeIgniter\Session\Handlers\FileHandler' driver.
DEBUG - 2026-02-27 15:17:46 --> Session: Class initialized using 'CodeIgniter\Session\Handlers\FileHandler' driver.
DEBUG - 2026-02-27 15:17:46 --> Session: Class initialized using 'CodeIgniter\Session\Handlers\FileHandler' driver.
DEBUG - 2026-02-27 15:17:55 --> Session: Class initialized using 'CodeIgniter\Session\Handlers\FileHandler' driver.
DEBUG - 2026-02-27 15:17:58 --> Session: Class initialized using 'CodeIgniter\Session\Handlers\FileHandler' driver.
DEBUG - 2026-02-27 15:17:59 --> Session: Class initialized using 'CodeIgniter\Session\Handlers\FileHandler' driver.
DEBUG - 2026-02-27 15:17:59 --> Session: Class initialized using 'CodeIgniter\Session\Handlers\FileHandler' driver.
DEBUG - 2026-02-27 15:18:57 --> Session: Class initialized using 'CodeIgniter\Session\Handlers\FileHandler' driver.
DEBUG - 2026-02-27 15:24:37 --> Session: Class initialized using 'CodeIgniter\Session\Handlers\FileHandler' driver.
DEBUG - 2026-02-27 15:24:39 --> Session: Class initialized using 'CodeIgniter\Session\Handlers\FileHandler' driver.
DEBUG - 2026-02-27 15:24:39 --> Session: Class initialized using 'CodeIgniter\Session\Handlers\FileHandler' driver.
DEBUG - 2026-02-27 15:24:40 --> Session: Class initialized using 'CodeIgniter\Session\Handlers\FileHandler' driver.
DEBUG - 2026-02-27 15:24:41 --> Session: Class initialized using 'CodeIgniter\Session\Handlers\FileHandler' driver.
DEBUG - 2026-02-27 15:28:16 --> Session: Class initialized using 'CodeIgniter\Session\Handlers\FileHandler' driver.
DEBUG - 2026-02-27 15:28:22 --> Session: Class initialized using 'CodeIgniter\Session\Handlers\FileHandler' driver.
DEBUG - 2026-02-27 15:28:29 --> Session: Class initialized using 'CodeIgniter\Session\Handlers\FileHandler' driver.
DEBUG - 2026-02-27 15:29:10 --> Session: Class initialized using 'CodeIgniter\Session\Handlers\FileHandler' driver.
DEBUG - 2026-02-27 15:32:21 --> Session: Class initialized using 'CodeIgniter\Session\Handlers\FileHandler' driver.
DEBUG - 2026-02-27 15:33:02 --> Session: Class initialized using 'CodeIgniter\Session\Handlers\FileHandler' driver.
DEBUG - 2026-02-27 15:33:16 --> Session: Class initialized using 'CodeIgniter\Session\Handlers\FileHandler' driver.
DEBUG - 2026-02-27 15:33:17 --> Session: Class initialized using 'CodeIgniter\Session\Handlers\FileHandler' driver.
DEBUG - 2026-02-27 15:39:39 --> Session: Class initialized using 'CodeIgniter\Session\Handlers\FileHandler' driver.
DEBUG - 2026-02-27 15:39:41 --> Session: Class initialized using 'CodeIgniter\Session\Handlers\FileHandler' driver.
DEBUG - 2026-02-27 15:39:45 --> Session: Class initialized using 'CodeIgniter\Session\Handlers\FileHandler' driver.
DEBUG - 2026-02-27 15:40:02 --> Session: Class initialized using 'CodeIgniter\Session\Handlers\FileHandler' driver.
DEBUG - 2026-02-27 15:40:02 --> Session: Class initialized using 'CodeIgniter\Session\Handlers\FileHandler' driver.
DEBUG - 2026-02-27 16:00:12 --> Session: Class initialized using 'CodeIgniter\Session\Handlers\FileHandler' driver.
DEBUG - 2026-02-27 16:25:01 --> Session: Class initialized using 'CodeIgniter\Session\Handlers\FileHandler' driver.
DEBUG - 2026-02-27 16:25:02 --> Session: Class initialized using 'CodeIgniter\Session\Handlers\FileHandler' driver.
DEBUG - 2026-02-27 16:25:10 --> Session: Class initialized using 'CodeIgniter\Session\Handlers\FileHandler' driver.
DEBUG - 2026-02-27 16:25:10 --> Session: Class initialized using 'CodeIgniter\Session\Handlers\FileHandler' driver.
DEBUG - 2026-02-27 16:25:40 --> Session: Class initialized using 'CodeIgniter\Session\Handlers\FileHandler' driver.
DEBUG - 2026-02-27 16:25:40 --> Session: Class initialized using 'CodeIgniter\Session\Handlers\FileHandler' driver.
DEBUG - 2026-02-27 16:27:29 --> Session: Class initialized using 'CodeIgniter\Session\Handlers\FileHandler' driver.
DEBUG - 2026-02-27 16:27:30 --> Session: Class initialized using 'CodeIgniter\Session\Handlers\FileHandler' driver.
DEBUG - 2026-02-27 16:27:31 --> Session: Class initialized using 'CodeIgniter\Session\Handlers\FileHandler' driver.
DEBUG - 2026-02-27 16:27:32 --> Session: Class initialized using 'CodeIgniter\Session\Handlers\FileHandler' driver.
DEBUG - 2026-02-27 16:46:17 --> Session: Class initialized using 'CodeIgniter\Session\Handlers\FileHandler' driver.
DEBUG - 2026-02-27 16:46:17 --> Session: Class initialized using 'CodeIgniter\Session\Handlers\FileHandler' driver.
DEBUG - 2026-02-27 16:46:33 --> Session: Class initialized using 'CodeIgniter\Session\Handlers\FileHandler' driver.
DEBUG - 2026-02-27 16:46:35 --> Session: Class initialized using 'CodeIgniter\Session\Handlers\FileHandler' driver.
DEBUG - 2026-02-27 16:46:35 --> Session: Class initialized using 'CodeIgniter\Session\Handlers\FileHandler' driver.
DEBUG - 2026-02-27 16:46:38 --> Session: Class initialized using 'CodeIgniter\Session\Handlers\FileHandler' driver.
DEBUG - 2026-02-27 16:46:39 --> Session: Class initialized using 'CodeIgniter\Session\Handlers\FileHandler' driver.
DEBUG - 2026-02-27 16:46:40 --> Session: Class initialized using 'CodeIgniter\Session\Handlers\FileHandler' driver.
DEBUG - 2026-02-27 16:46:43 --> Session: Class initialized using 'CodeIgniter\Session\Handlers\FileHandler' driver.
DEBUG - 2026-02-27 16:46:54 --> Session: Class initialized using 'CodeIgniter\Session\Handlers\FileHandler' driver.
ERROR - 2026-02-27 16:46:54 --> mysqli_sql_exception: Unknown column 'family_member_id' in 'field list' in C:\Users\Richard Miculob\Documents\ReliefTrack\system\Database\MySQLi\Connection.php:327
Stack trace:
#0 C:\Users\Richard Miculob\Documents\ReliefTrack\system\Database\MySQLi\Connection.php(327): mysqli->query('INSERT INTO `di...', 0)
#1 C:\Users\Richard Miculob\Documents\ReliefTrack\system\Database\BaseConnection.php(729): CodeIgniter\Database\MySQLi\Connection->execute('INSERT INTO `di...')
#2 C:\Users\Richard Miculob\Documents\ReliefTrack\system\Database\BaseConnection.php(646): CodeIgniter\Database\BaseConnection->simpleQuery('INSERT INTO `di...')
#3 C:\Users\Richard Miculob\Documents\ReliefTrack\system\Database\BaseBuilder.php(2345): CodeIgniter\Database\BaseConnection->query('INSERT INTO `di...', Array, false)
#4 C:\Users\Richard Miculob\Documents\ReliefTrack\system\Model.php(394): CodeIgniter\Database\BaseBuilder->insert()
#5 C:\Users\Richard Miculob\Documents\ReliefTrack\system\BaseModel.php(838): CodeIgniter\Model->doInsert(Array)
#6 C:\Users\Richard Miculob\Documents\ReliefTrack\system\Model.php(797): CodeIgniter\BaseModel->insert(Array, false)
#7 C:\Users\Richard Miculob\Documents\ReliefTrack\system\BaseModel.php(751): CodeIgniter\Model->insert(Array, false)
#8 C:\Users\Richard Miculob\Documents\ReliefTrack\app\Controllers\Distribution.php(187): CodeIgniter\BaseModel->save(Array)
#9 C:\Users\Richard Miculob\Documents\ReliefTrack\system\CodeIgniter.php(933): App\Controllers\Distribution->processScanView()
#10 C:\Users\Richard Miculob\Documents\ReliefTrack\system\CodeIgniter.php(507): CodeIgniter\CodeIgniter->runController(Object(App\Controllers\Distribution))
#11 C:\Users\Richard Miculob\Documents\ReliefTrack\system\CodeIgniter.php(354): CodeIgniter\CodeIgniter->handleRequest(NULL, Object(Config\Cache), false)
#12 C:\Users\Richard Miculob\Documents\ReliefTrack\system\Boot.php(363): CodeIgniter\CodeIgniter->run()
#13 C:\Users\Richard Miculob\Documents\ReliefTrack\system\Boot.php(68): CodeIgniter\Boot::runCodeIgniter(Object(CodeIgniter\CodeIgniter))
#14 C:\Users\Richard Miculob\Documents\ReliefTrack\public\index.php(59): CodeIgniter\Boot::bootWeb(Object(Config\Paths))
#15 C:\Users\Richard Miculob\Documents\ReliefTrack\system\rewrite.php(44): require_once('C:\\Users\\Richar...')
#16 {main}
DEBUG - 2026-02-27 16:46:58 --> Session: Class initialized using 'CodeIgniter\Session\Handlers\FileHandler' driver.
DEBUG - 2026-02-27 16:46:59 --> Session: Class initialized using 'CodeIgniter\Session\Handlers\FileHandler' driver.
DEBUG - 2026-02-27 16:46:59 --> Session: Class initialized using 'CodeIgniter\Session\Handlers\FileHandler' driver.
DEBUG - 2026-02-27 16:47:01 --> Session: Class initialized using 'CodeIgniter\Session\Handlers\FileHandler' driver.
DEBUG - 2026-02-27 16:47:06 --> Session: Class initialized using 'CodeIgniter\Session\Handlers\FileHandler' driver.
DEBUG - 2026-02-27 16:47:06 --> Session: Class initialized using 'CodeIgniter\Session\Handlers\FileHandler' driver.
DEBUG - 2026-02-27 16:47:06 --> Session: Class initialized using 'CodeIgniter\Session\Handlers\FileHandler' driver.
DEBUG - 2026-02-27 16:47:08 --> Session: Class initialized using 'CodeIgniter\Session\Handlers\FileHandler' driver.
DEBUG - 2026-02-27 16:47:10 --> Session: Class initialized using 'CodeIgniter\Session\Handlers\FileHandler' driver.
DEBUG - 2026-02-27 16:47:11 --> Session: Class initialized using 'CodeIgniter\Session\Handlers\FileHandler' driver.
DEBUG - 2026-02-27 16:47:11 --> Session: Class initialized using 'CodeIgniter\Session\Handlers\FileHandler' driver.
DEBUG - 2026-02-27 16:47:13 --> Session: Class initialized using 'CodeIgniter\Session\Handlers\FileHandler' driver.
DEBUG - 2026-02-27 16:47:18 --> Session: Class initialized using 'CodeIgniter\Session\Handlers\FileHandler' driver.
DEBUG - 2026-02-27 16:47:18 --> Session: Class initialized using 'CodeIgniter\Session\Handlers\FileHandler' driver.
DEBUG - 2026-02-27 16:47:18 --> Session: Class initialized using 'CodeIgniter\Session\Handlers\FileHandler' driver.
DEBUG - 2026-02-27 16:47:21 --> Session: Class initialized using 'CodeIgniter\Session\Handlers\FileHandler' driver.
ERROR - 2026-02-27 16:47:21 --> mysqli_sql_exception: Unknown column 'family_member_id' in 'field list' in C:\Users\Richard Miculob\Documents\ReliefTrack\system\Database\MySQLi\Connection.php:327
Stack trace:
#0 C:\Users\Richard Miculob\Documents\ReliefTrack\system\Database\MySQLi\Connection.php(327): mysqli->query('INSERT INTO `di...', 0)
#1 C:\Users\Richard Miculob\Documents\ReliefTrack\system\Database\BaseConnection.php(729): CodeIgniter\Database\MySQLi\Connection->execute('INSERT INTO `di...')
#2 C:\Users\Richard Miculob\Documents\ReliefTrack\system\Database\BaseConnection.php(646): CodeIgniter\Database\BaseConnection->simpleQuery('INSERT INTO `di...')
#3 C:\Users\Richard Miculob\Documents\ReliefTrack\system\Database\BaseBuilder.php(2345): CodeIgniter\Database\BaseConnection->query('INSERT INTO `di...', Array, false)
#4 C:\Users\Richard Miculob\Documents\ReliefTrack\system\Model.php(394): CodeIgniter\Database\BaseBuilder->insert()
#5 C:\Users\Richard Miculob\Documents\ReliefTrack\system\BaseModel.php(838): CodeIgniter\Model->doInsert(Array)
#6 C:\Users\Richard Miculob\Documents\ReliefTrack\system\Model.php(797): CodeIgniter\BaseModel->insert(Array, false)
#7 C:\Users\Richard Miculob\Documents\ReliefTrack\system\BaseModel.php(751): CodeIgniter\Model->insert(Array, false)
#8 C:\Users\Richard Miculob\Documents\ReliefTrack\app\Controllers\Distribution.php(187): CodeIgniter\BaseModel->save(Array)
#9 C:\Users\Richard Miculob\Documents\ReliefTrack\system\CodeIgniter.php(933): App\Controllers\Distribution->processScanView()
#10 C:\Users\Richard Miculob\Documents\ReliefTrack\system\CodeIgniter.php(507): CodeIgniter\CodeIgniter->runController(Object(App\Controllers\Distribution))
#11 C:\Users\Richard Miculob\Documents\ReliefTrack\system\CodeIgniter.php(354): CodeIgniter\CodeIgniter->handleRequest(NULL, Object(Config\Cache), false)
#12 C:\Users\Richard Miculob\Documents\ReliefTrack\system\Boot.php(363): CodeIgniter\CodeIgniter->run()
#13 C:\Users\Richard Miculob\Documents\ReliefTrack\system\Boot.php(68): CodeIgniter\Boot::runCodeIgniter(Object(CodeIgniter\CodeIgniter))
#14 C:\Users\Richard Miculob\Documents\ReliefTrack\public\index.php(59): CodeIgniter\Boot::bootWeb(Object(Config\Paths))
#15 C:\Users\Richard Miculob\Documents\ReliefTrack\system\rewrite.php(44): require_once('C:\\Users\\Richar...')
#16 {main}
DEBUG - 2026-02-27 16:47:23 --> Session: Class initialized using 'CodeIgniter\Session\Handlers\FileHandler' driver.
DEBUG - 2026-02-27 16:47:24 --> Session: Class initialized using 'CodeIgniter\Session\Handlers\FileHandler' driver.
DEBUG - 2026-02-27 16:47:24 --> Session: Class initialized using 'CodeIgniter\Session\Handlers\FileHandler' driver.
DEBUG - 2026-02-27 16:47:28 --> Session: Class initialized using 'CodeIgniter\Session\Handlers\FileHandler' driver.
DEBUG - 2026-02-27 16:48:27 --> Session: Class initialized using 'CodeIgniter\Session\Handlers\FileHandler' driver.
DEBUG - 2026-02-27 16:48:27 --> Session: Class initialized using 'CodeIgniter\Session\Handlers\FileHandler' driver.
DEBUG - 2026-02-27 16:48:27 --> Session: Class initialized using 'CodeIgniter\Session\Handlers\FileHandler' driver.
DEBUG - 2026-02-27 16:50:14 --> Session: Class initialized using 'CodeIgniter\Session\Handlers\FileHandler' driver.
DEBUG - 2026-02-27 16:50:15 --> Session: Class initialized using 'CodeIgniter\Session\Handlers\FileHandler' driver.
DEBUG - 2026-02-27 16:50:15 --> Session: Class initialized using 'CodeIgniter\Session\Handlers\FileHandler' driver.
DEBUG - 2026-02-27 16:53:38 --> Session: Class initialized using 'CodeIgniter\Session\Handlers\FileHandler' driver.
DEBUG - 2026-02-27 16:53:39 --> Session: Class initialized using 'CodeIgniter\Session\Handlers\FileHandler' driver.
DEBUG - 2026-02-27 16:53:39 --> Session: Class initialized using 'CodeIgniter\Session\Handlers\FileHandler' driver.
DEBUG - 2026-02-27 16:53:57 --> Session: Class initialized using 'CodeIgniter\Session\Handlers\FileHandler' driver.
DEBUG - 2026-02-27 16:53:58 --> Session: Class initialized using 'CodeIgniter\Session\Handlers\FileHandler' driver.
DEBUG - 2026-02-27 16:53:58 --> Session: Class initialized using 'CodeIgniter\Session\Handlers\FileHandler' driver.
DEBUG - 2026-02-27 16:54:01 --> Session: Class initialized using 'CodeIgniter\Session\Handlers\FileHandler' driver.
DEBUG - 2026-02-27 16:54:08 --> Session: Class initialized using 'CodeIgniter\Session\Handlers\FileHandler' driver.
DEBUG - 2026-02-27 16:54:11 --> Session: Class initialized using 'CodeIgniter\Session\Handlers\FileHandler' driver.
DEBUG - 2026-02-27 16:54:12 --> Session: Class initialized using 'CodeIgniter\Session\Handlers\FileHandler' driver.
DEBUG - 2026-02-27 16:54:12 --> Session: Class initialized using 'CodeIgniter\Session\Handlers\FileHandler' driver.
DEBUG - 2026-02-27 16:54:13 --> Session: Class initialized using 'CodeIgniter\Session\Handlers\FileHandler' driver.
DEBUG - 2026-02-27 16:54:15 --> Session: Class initialized using 'CodeIgniter\Session\Handlers\FileHandler' driver.
DEBUG - 2026-02-27 16:54:15 --> Session: Class initialized using 'CodeIgniter\Session\Handlers\FileHandler' driver.
DEBUG - 2026-02-27 16:54:16 --> Session: Class initialized using 'CodeIgniter\Session\Handlers\FileHandler' driver.
DEBUG - 2026-02-27 16:54:17 --> Session: Class initialized using 'CodeIgniter\Session\Handlers\FileHandler' driver.
DEBUG - 2026-02-27 16:54:19 --> Session: Class initialized using 'CodeIgniter\Session\Handlers\FileHandler' driver.
DEBUG - 2026-02-27 16:54:19 --> Session: Class initialized using 'CodeIgniter\Session\Handlers\FileHandler' driver.
DEBUG - 2026-02-27 16:54:20 --> Session: Class initialized using 'CodeIgniter\Session\Handlers\FileHandler' driver.
DEBUG - 2026-02-27 16:54:21 --> Session: Class initialized using 'CodeIgniter\Session\Handlers\FileHandler' driver.
ERROR - 2026-02-27 16:54:21 --> mysqli_sql_exception: Unknown column 'family_member_id' in 'field list' in C:\Users\Richard Miculob\Documents\ReliefTrack\system\Database\MySQLi\Connection.php:327
Stack trace:
#0 C:\Users\Richard Miculob\Documents\ReliefTrack\system\Database\MySQLi\Connection.php(327): mysqli->query('INSERT INTO `di...', 0)
#1 C:\Users\Richard Miculob\Documents\ReliefTrack\system\Database\BaseConnection.php(729): CodeIgniter\Database\MySQLi\Connection->execute('INSERT INTO `di...')
#2 C:\Users\Richard Miculob\Documents\ReliefTrack\system\Database\BaseConnection.php(646): CodeIgniter\Database\BaseConnection->simpleQuery('INSERT INTO `di...')
#3 C:\Users\Richard Miculob\Documents\ReliefTrack\system\Database\BaseBuilder.php(2345): CodeIgniter\Database\BaseConnection->query('INSERT INTO `di...', Array, false)
#4 C:\Users\Richard Miculob\Documents\ReliefTrack\system\Model.php(394): CodeIgniter\Database\BaseBuilder->insert()
#5 C:\Users\Richard Miculob\Documents\ReliefTrack\system\BaseModel.php(838): CodeIgniter\Model->doInsert(Array)
#6 C:\Users\Richard Miculob\Documents\ReliefTrack\system\Model.php(797): CodeIgniter\BaseModel->insert(Array, false)
#7 C:\Users\Richard Miculob\Documents\ReliefTrack\system\BaseModel.php(751): CodeIgniter\Model->insert(Array, false)
#8 C:\Users\Richard Miculob\Documents\ReliefTrack\app\Controllers\Distribution.php(187): CodeIgniter\BaseModel->save(Array)
#9 C:\Users\Richard Miculob\Documents\ReliefTrack\system\CodeIgniter.php(933): App\Controllers\Distribution->processScanView()
#10 C:\Users\Richard Miculob\Documents\ReliefTrack\system\CodeIgniter.php(507): CodeIgniter\CodeIgniter->runController(Object(App\Controllers\Distribution))
#11 C:\Users\Richard Miculob\Documents\ReliefTrack\system\CodeIgniter.php(354): CodeIgniter\CodeIgniter->handleRequest(NULL, Object(Config\Cache), false)
#12 C:\Users\Richard Miculob\Documents\ReliefTrack\system\Boot.php(363): CodeIgniter\CodeIgniter->run()
#13 C:\Users\Richard Miculob\Documents\ReliefTrack\system\Boot.php(68): CodeIgniter\Boot::runCodeIgniter(Object(CodeIgniter\CodeIgniter))
#14 C:\Users\Richard Miculob\Documents\ReliefTrack\public\index.php(59): CodeIgniter\Boot::bootWeb(Object(Config\Paths))
#15 C:\Users\Richard Miculob\Documents\ReliefTrack\system\rewrite.php(44): require_once('C:\\Users\\Richar...')
#16 {main}
DEBUG - 2026-02-27 16:56:58 --> Session: Class initialized using 'CodeIgniter\Session\Handlers\FileHandler' driver.
ERROR - 2026-02-27 16:56:58 --> mysqli_sql_exception: Unknown column 'family_member_id' in 'where clause' in C:\Users\Richard Miculob\Documents\ReliefTrack\system\Database\MySQLi\Connection.php:327
Stack trace:
#0 C:\Users\Richard Miculob\Documents\ReliefTrack\system\Database\MySQLi\Connection.php(327): mysqli->query('SELECT *\nFROM `...', 0)
#1 C:\Users\Richard Miculob\Documents\ReliefTrack\system\Database\BaseConnection.php(729): CodeIgniter\Database\MySQLi\Connection->execute('SELECT *\nFROM `...')
#2 C:\Users\Richard Miculob\Documents\ReliefTrack\system\Database\BaseConnection.php(646): CodeIgniter\Database\BaseConnection->simpleQuery('SELECT *\nFROM `...')
#3 C:\Users\Richard Miculob\Documents\ReliefTrack\system\Database\BaseBuilder.php(1649): CodeIgniter\Database\BaseConnection->query('SELECT *\nFROM `...', Array, false)
#4 C:\Users\Richard Miculob\Documents\ReliefTrack\system\Model.php(330): CodeIgniter\Database\BaseBuilder->get()
#5 C:\Users\Richard Miculob\Documents\ReliefTrack\system\BaseModel.php(715): CodeIgniter\Model->doFirst()
#6 C:\Users\Richard Miculob\Documents\ReliefTrack\app\Controllers\Distribution.php(133): CodeIgniter\BaseModel->first()
#7 C:\Users\Richard Miculob\Documents\ReliefTrack\system\CodeIgniter.php(933): App\Controllers\Distribution->processScanView()
#8 C:\Users\Richard Miculob\Documents\ReliefTrack\system\CodeIgniter.php(507): CodeIgniter\CodeIgniter->runController(Object(App\Controllers\Distribution))
#9 C:\Users\Richard Miculob\Documents\ReliefTrack\system\CodeIgniter.php(354): CodeIgniter\CodeIgniter->handleRequest(NULL, Object(Config\Cache), false)
#10 C:\Users\Richard Miculob\Documents\ReliefTrack\system\Boot.php(363): CodeIgniter\CodeIgniter->run()
#11 C:\Users\Richard Miculob\Documents\ReliefTrack\system\Boot.php(68): CodeIgniter\Boot::runCodeIgniter(Object(CodeIgniter\CodeIgniter))
#12 C:\Users\Richard Miculob\Documents\ReliefTrack\public\index.php(59): CodeIgniter\Boot::bootWeb(Object(Config\Paths))
#13 C:\Users\Richard Miculob\Documents\ReliefTrack\system\rewrite.php(44): require_once('C:\\Users\\Richar...')
#14 {main}
CRITICAL - 2026-02-27 16:56:58 --> CodeIgniter\Database\Exceptions\DatabaseException: Unknown column 'family_member_id' in 'where clause'
[Method: GET, Route: distribution/process-scan-view]
in SYSTEMPATH\Database\BaseConnection.php on line 684.
 1 SYSTEMPATH\Database\BaseBuilder.php(1649): CodeIgniter\Database\BaseConnection->query('SELECT *
FROM `distribution_logs`
WHERE `resident_id` = :resident_id:
AND `family_member_id` IS NULL
AND DATE(claimed_at) = :DATE(claimed_at):
 LIMIT 1', [...], false)
 2 SYSTEMPATH\Model.php(330): CodeIgniter\Database\BaseBuilder->get()
 3 SYSTEMPATH\BaseModel.php(715): CodeIgniter\Model->doFirst()
 4 APPPATH\Controllers\Distribution.php(133): CodeIgniter\BaseModel->first()
 5 SYSTEMPATH\CodeIgniter.php(933): App\Controllers\Distribution->processScanView()
 6 SYSTEMPATH\CodeIgniter.php(507): CodeIgniter\CodeIgniter->runController(Object(App\Controllers\Distribution))
 7 SYSTEMPATH\CodeIgniter.php(354): CodeIgniter\CodeIgniter->handleRequest(null, Object(Config\Cache), false)
 8 SYSTEMPATH\Boot.php(363): CodeIgniter\CodeIgniter->run()
 9 SYSTEMPATH\Boot.php(68): CodeIgniter\Boot::runCodeIgniter(Object(CodeIgniter\CodeIgniter))
10 FCPATH\index.php(59): CodeIgniter\Boot::bootWeb(Object(Config\Paths))
11 SYSTEMPATH\rewrite.php(44): require_once('C:\\Users\\Richard Miculob\\Documents\\ReliefTrack\\public\\index.php')
CRITICAL - 2026-02-27 16:56:58 --> [Caused by] CodeIgniter\Database\Exceptions\DatabaseException: Unknown column 'family_member_id' in 'where clause'
in SYSTEMPATH\Database\MySQLi\Connection.php on line 332.
 1 SYSTEMPATH\Database\BaseConnection.php(729): CodeIgniter\Database\MySQLi\Connection->execute('SELECT *
FROM `distribution_logs`
WHERE `resident_id` = \'12\'
AND `family_member_id` IS NULL
AND DATE(claimed_at) = \'2026-02-27\'
 LIMIT 1')
 2 SYSTEMPATH\Database\BaseConnection.php(646): CodeIgniter\Database\BaseConnection->simpleQuery('SELECT *
FROM `distribution_logs`
WHERE `resident_id` = \'12\'
AND `family_member_id` IS NULL
AND DATE(claimed_at) = \'2026-02-27\'
 LIMIT 1')
 3 SYSTEMPATH\Database\BaseBuilder.php(1649): CodeIgniter\Database\BaseConnection->query('SELECT *
FROM `distribution_logs`
WHERE `resident_id` = :resident_id:
AND `family_member_id` IS NULL
AND DATE(claimed_at) = :DATE(claimed_at):
 LIMIT 1', [...], false)
 4 SYSTEMPATH\Model.php(330): CodeIgniter\Database\BaseBuilder->get()
 5 SYSTEMPATH\BaseModel.php(715): CodeIgniter\Model->doFirst()
 6 APPPATH\Controllers\Distribution.php(133): CodeIgniter\BaseModel->first()
 7 SYSTEMPATH\CodeIgniter.php(933): App\Controllers\Distribution->processScanView()
 8 SYSTEMPATH\CodeIgniter.php(507): CodeIgniter\CodeIgniter->runController(Object(App\Controllers\Distribution))
 9 SYSTEMPATH\CodeIgniter.php(354): CodeIgniter\CodeIgniter->handleRequest(null, Object(Config\Cache), false)
10 SYSTEMPATH\Boot.php(363): CodeIgniter\CodeIgniter->run()
11 SYSTEMPATH\Boot.php(68): CodeIgniter\Boot::runCodeIgniter(Object(CodeIgniter\CodeIgniter))
12 FCPATH\index.php(59): CodeIgniter\Boot::bootWeb(Object(Config\Paths))
13 SYSTEMPATH\rewrite.php(44): require_once('C:\\Users\\Richard Miculob\\Documents\\ReliefTrack\\public\\index.php')
CRITICAL - 2026-02-27 16:56:58 --> [Caused by] mysqli_sql_exception: Unknown column 'family_member_id' in 'where clause'
in SYSTEMPATH\Database\MySQLi\Connection.php on line 327.
 1 SYSTEMPATH\Database\MySQLi\Connection.php(327): mysqli->query('SELECT *
FROM `distribution_logs`
WHERE `resident_id` = \'12\'
AND `family_member_id` IS NULL
AND DATE(claimed_at) = \'2026-02-27\'
 LIMIT 1', 0)
 2 SYSTEMPATH\Database\BaseConnection.php(729): CodeIgniter\Database\MySQLi\Connection->execute('SELECT *
FROM `distribution_logs`
WHERE `resident_id` = \'12\'
AND `family_member_id` IS NULL
AND DATE(claimed_at) = \'2026-02-27\'
 LIMIT 1')
 3 SYSTEMPATH\Database\BaseConnection.php(646): CodeIgniter\Database\BaseConnection->simpleQuery('SELECT *
FROM `distribution_logs`
WHERE `resident_id` = \'12\'
AND `family_member_id` IS NULL
AND DATE(claimed_at) = \'2026-02-27\'
 LIMIT 1')
 4 SYSTEMPATH\Database\BaseBuilder.php(1649): CodeIgniter\Database\BaseConnection->query('SELECT *
FROM `distribution_logs`
WHERE `resident_id` = :resident_id:
AND `family_member_id` IS NULL
AND DATE(claimed_at) = :DATE(claimed_at):
 LIMIT 1', [...], false)
 5 SYSTEMPATH\Model.php(330): CodeIgniter\Database\BaseBuilder->get()
 6 SYSTEMPATH\BaseModel.php(715): CodeIgniter\Model->doFirst()
 7 APPPATH\Controllers\Distribution.php(133): CodeIgniter\BaseModel->first()
 8 SYSTEMPATH\CodeIgniter.php(933): App\Controllers\Distribution->processScanView()
 9 SYSTEMPATH\CodeIgniter.php(507): CodeIgniter\CodeIgniter->runController(Object(App\Controllers\Distribution))
10 SYSTEMPATH\CodeIgniter.php(354): CodeIgniter\CodeIgniter->handleRequest(null, Object(Config\Cache), false)
11 SYSTEMPATH\Boot.php(363): CodeIgniter\CodeIgniter->run()
12 SYSTEMPATH\Boot.php(68): CodeIgniter\Boot::runCodeIgniter(Object(CodeIgniter\CodeIgniter))
13 FCPATH\index.php(59): CodeIgniter\Boot::bootWeb(Object(Config\Paths))
14 SYSTEMPATH\rewrite.php(44): require_once('C:\\Users\\Richard Miculob\\Documents\\ReliefTrack\\public\\index.php')
DEBUG - 2026-02-27 16:56:59 --> Session: Class initialized using 'CodeIgniter\Session\Handlers\FileHandler' driver.
DEBUG - 2026-02-27 19:41:47 --> Session: Class initialized using 'CodeIgniter\Session\Handlers\FileHandler' driver.
DEBUG - 2026-02-27 19:41:57 --> Session: Class initialized using 'CodeIgniter\Session\Handlers\FileHandler' driver.
DEBUG - 2026-02-27 19:41:58 --> Session: Class initialized using 'CodeIgniter\Session\Handlers\FileHandler' driver.
DEBUG - 2026-02-27 19:41:59 --> Session: Class initialized using 'CodeIgniter\Session\Handlers\FileHandler' driver.
DEBUG - 2026-02-27 19:42:00 --> Session: Class initialized using 'CodeIgniter\Session\Handlers\FileHandler' driver.
DEBUG - 2026-02-27 19:42:01 --> Session: Class initialized using 'CodeIgniter\Session\Handlers\FileHandler' driver.
DEBUG - 2026-02-27 19:42:04 --> Session: Class initialized using 'CodeIgniter\Session\Handlers\FileHandler' driver.
DEBUG - 2026-02-27 19:42:04 --> Session: Class initialized using 'CodeIgniter\Session\Handlers\FileHandler' driver.
DEBUG - 2026-02-27 19:42:04 --> Session: Class initialized using 'CodeIgniter\Session\Handlers\FileHandler' driver.
DEBUG - 2026-02-27 19:42:05 --> Session: Class initialized using 'CodeIgniter\Session\Handlers\FileHandler' driver.
DEBUG - 2026-02-27 19:42:05 --> Session: Class initialized using 'CodeIgniter\Session\Handlers\FileHandler' driver.
DEBUG - 2026-02-27 19:42:07 --> Session: Class initialized using 'CodeIgniter\Session\Handlers\FileHandler' driver.
DEBUG - 2026-02-27 19:42:07 --> Session: Class initialized using 'CodeIgniter\Session\Handlers\FileHandler' driver.
DEBUG - 2026-02-27 19:42:13 --> Session: Class initialized using 'CodeIgniter\Session\Handlers\FileHandler' driver.
DEBUG - 2026-02-27 19:42:14 --> Session: Class initialized using 'CodeIgniter\Session\Handlers\FileHandler' driver.
DEBUG - 2026-02-27 19:43:18 --> Session: Class initialized using 'CodeIgniter\Session\Handlers\FileHandler' driver.
DEBUG - 2026-02-27 19:43:31 --> Session: Class initialized using 'CodeIgniter\Session\Handlers\FileHandler' driver.
DEBUG - 2026-02-27 19:43:32 --> Session: Class initialized using 'CodeIgniter\Session\Handlers\FileHandler' driver.
DEBUG - 2026-02-27 19:43:33 --> Session: Class initialized using 'CodeIgniter\Session\Handlers\FileHandler' driver.
DEBUG - 2026-02-27 19:43:34 --> Session: Class initialized using 'CodeIgniter\Session\Handlers\FileHandler' driver.
DEBUG - 2026-02-27 19:43:37 --> Session: Class initialized using 'CodeIgniter\Session\Handlers\FileHandler' driver.
DEBUG - 2026-02-27 19:43:37 --> Session: Class initialized using 'CodeIgniter\Session\Handlers\FileHandler' driver.
DEBUG - 2026-02-27 20:05:51 --> Session: Class initialized using 'CodeIgniter\Session\Handlers\FileHandler' driver.
WARNING - 2026-02-27 20:05:51 --> [DEPRECATED] Optional parameter $familyMemberId declared before required parameter $distributorId is implicitly treated as a required parameter in APPPATH\Models\InventoryModel.php on line 111.
 1 SYSTEMPATH\Autoloader\Autoloader.php(315): include_once('C:\\Users\\Richard Miculob\\Documents\\ReliefTrack\\system\\Debug\\Exceptions.php')
 2 SYSTEMPATH\Autoloader\Autoloader.php(295): CodeIgniter\Autoloader\Autoloader->includeFile('C:\\Users\\Richard Miculob\\Documents\\ReliefTrack\\app\\Models\\InventoryModel.php')
 3 SYSTEMPATH\Autoloader\Autoloader.php(271): CodeIgniter\Autoloader\Autoloader->loadInNamespace('App\\Models\\InventoryModel')
 4 APPPATH\Controllers\Inventory.php(11): CodeIgniter\Autoloader\Autoloader->loadClass('App\\Models\\InventoryModel')
 5 SYSTEMPATH\CodeIgniter.php(933): App\Controllers\Inventory->index()
 6 SYSTEMPATH\CodeIgniter.php(507): CodeIgniter\CodeIgniter->runController(Object(App\Controllers\Inventory))
 7 SYSTEMPATH\CodeIgniter.php(354): CodeIgniter\CodeIgniter->handleRequest(null, Object(Config\Cache), false)
 8 SYSTEMPATH\Boot.php(363): CodeIgniter\CodeIgniter->run()
 9 SYSTEMPATH\Boot.php(68): CodeIgniter\Boot::runCodeIgniter(Object(CodeIgniter\CodeIgniter))
10 FCPATH\index.php(59): CodeIgniter\Boot::bootWeb(Object(Config\Paths))
11 SYSTEMPATH\rewrite.php(44): require_once('C:\\Users\\Richard Miculob\\Documents\\ReliefTrack\\public\\index.php')
CRITICAL - 2026-02-27 20:05:51 --> CodeIgniter\Database\Exceptions\DatabaseException: You must set the database table to be used with your query.
[Method: GET, Route: inventory]
in SYSTEMPATH\Database\BaseConnection.php on line 944.
 1 SYSTEMPATH\Model.php(713): CodeIgniter\Database\BaseConnection->table(null)
 2 SYSTEMPATH\Model.php(273): CodeIgniter\Model->builder()
 3 SYSTEMPATH\BaseModel.php(677): CodeIgniter\Model->doFindAll(0, 0)
 4 APPPATH\Controllers\Inventory.php(12): CodeIgniter\BaseModel->findAll()
 5 SYSTEMPATH\CodeIgniter.php(933): App\Controllers\Inventory->index()
 6 SYSTEMPATH\CodeIgniter.php(507): CodeIgniter\CodeIgniter->runController(Object(App\Controllers\Inventory))
 7 SYSTEMPATH\CodeIgniter.php(354): CodeIgniter\CodeIgniter->handleRequest(null, Object(Config\Cache), false)
 8 SYSTEMPATH\Boot.php(363): CodeIgniter\CodeIgniter->run()
 9 SYSTEMPATH\Boot.php(68): CodeIgniter\Boot::runCodeIgniter(Object(CodeIgniter\CodeIgniter))
10 FCPATH\index.php(59): CodeIgniter\Boot::bootWeb(Object(Config\Paths))
11 SYSTEMPATH\rewrite.php(44): require_once('C:\\Users\\Richard Miculob\\Documents\\ReliefTrack\\public\\index.php')
DEBUG - 2026-02-27 20:06:06 --> Session: Class initialized using 'CodeIgniter\Session\Handlers\FileHandler' driver.
WARNING - 2026-02-27 20:06:06 --> [DEPRECATED] Optional parameter $familyMemberId declared before required parameter $distributorId is implicitly treated as a required parameter in APPPATH\Models\InventoryModel.php on line 111.
 1 SYSTEMPATH\Autoloader\Autoloader.php(315): include_once('C:\\Users\\Richard Miculob\\Documents\\ReliefTrack\\system\\Debug\\Exceptions.php')
 2 SYSTEMPATH\Autoloader\Autoloader.php(295): CodeIgniter\Autoloader\Autoloader->includeFile('C:\\Users\\Richard Miculob\\Documents\\ReliefTrack\\app\\Models\\InventoryModel.php')
 3 SYSTEMPATH\Autoloader\Autoloader.php(271): CodeIgniter\Autoloader\Autoloader->loadInNamespace('App\\Models\\InventoryModel')
 4 APPPATH\Controllers\Inventory.php(11): CodeIgniter\Autoloader\Autoloader->loadClass('App\\Models\\InventoryModel')
 5 SYSTEMPATH\CodeIgniter.php(933): App\Controllers\Inventory->index()
 6 SYSTEMPATH\CodeIgniter.php(507): CodeIgniter\CodeIgniter->runController(Object(App\Controllers\Inventory))
 7 SYSTEMPATH\CodeIgniter.php(354): CodeIgniter\CodeIgniter->handleRequest(null, Object(Config\Cache), false)
 8 SYSTEMPATH\Boot.php(363): CodeIgniter\CodeIgniter->run()
 9 SYSTEMPATH\Boot.php(68): CodeIgniter\Boot::runCodeIgniter(Object(CodeIgniter\CodeIgniter))
10 FCPATH\index.php(59): CodeIgniter\Boot::bootWeb(Object(Config\Paths))
11 SYSTEMPATH\rewrite.php(44): require_once('C:\\Users\\Richard Miculob\\Documents\\ReliefTrack\\public\\index.php')
CRITICAL - 2026-02-27 20:06:06 --> CodeIgniter\Database\Exceptions\DatabaseException: You must set the database table to be used with your query.
[Method: GET, Route: inventory]
in SYSTEMPATH\Database\BaseConnection.php on line 944.
 1 SYSTEMPATH\Model.php(713): CodeIgniter\Database\BaseConnection->table(null)
 2 SYSTEMPATH\Model.php(273): CodeIgniter\Model->builder()
 3 SYSTEMPATH\BaseModel.php(677): CodeIgniter\Model->doFindAll(0, 0)
 4 APPPATH\Controllers\Inventory.php(12): CodeIgniter\BaseModel->findAll()
 5 SYSTEMPATH\CodeIgniter.php(933): App\Controllers\Inventory->index()
 6 SYSTEMPATH\CodeIgniter.php(507): CodeIgniter\CodeIgniter->runController(Object(App\Controllers\Inventory))
 7 SYSTEMPATH\CodeIgniter.php(354): CodeIgniter\CodeIgniter->handleRequest(null, Object(Config\Cache), false)
 8 SYSTEMPATH\Boot.php(363): CodeIgniter\CodeIgniter->run()
 9 SYSTEMPATH\Boot.php(68): CodeIgniter\Boot::runCodeIgniter(Object(CodeIgniter\CodeIgniter))
10 FCPATH\index.php(59): CodeIgniter\Boot::bootWeb(Object(Config\Paths))
11 SYSTEMPATH\rewrite.php(44): require_once('C:\\Users\\Richard Miculob\\Documents\\ReliefTrack\\public\\index.php')
DEBUG - 2026-02-27 20:06:36 --> Session: Class initialized using 'CodeIgniter\Session\Handlers\FileHandler' driver.
WARNING - 2026-02-27 20:06:36 --> [DEPRECATED] Optional parameter $familyMemberId declared before required parameter $distributorId is implicitly treated as a required parameter in APPPATH\Models\InventoryModel.php on line 111.
 1 SYSTEMPATH\Autoloader\Autoloader.php(315): include_once('C:\\Users\\Richard Miculob\\Documents\\ReliefTrack\\system\\Debug\\Exceptions.php')
 2 SYSTEMPATH\Autoloader\Autoloader.php(295): CodeIgniter\Autoloader\Autoloader->includeFile('C:\\Users\\Richard Miculob\\Documents\\ReliefTrack\\app\\Models\\InventoryModel.php')
 3 SYSTEMPATH\Autoloader\Autoloader.php(271): CodeIgniter\Autoloader\Autoloader->loadInNamespace('App\\Models\\InventoryModel')
 4 APPPATH\Controllers\Inventory.php(11): CodeIgniter\Autoloader\Autoloader->loadClass('App\\Models\\InventoryModel')
 5 SYSTEMPATH\CodeIgniter.php(933): App\Controllers\Inventory->index()
 6 SYSTEMPATH\CodeIgniter.php(507): CodeIgniter\CodeIgniter->runController(Object(App\Controllers\Inventory))
 7 SYSTEMPATH\CodeIgniter.php(354): CodeIgniter\CodeIgniter->handleRequest(null, Object(Config\Cache), false)
 8 SYSTEMPATH\Boot.php(363): CodeIgniter\CodeIgniter->run()
 9 SYSTEMPATH\Boot.php(68): CodeIgniter\Boot::runCodeIgniter(Object(CodeIgniter\CodeIgniter))
10 FCPATH\index.php(59): CodeIgniter\Boot::bootWeb(Object(Config\Paths))
11 SYSTEMPATH\rewrite.php(44): require_once('C:\\Users\\Richard Miculob\\Documents\\ReliefTrack\\public\\index.php')
CRITICAL - 2026-02-27 20:06:36 --> Error: Class "App\Controllers\InventoryBatchModel" not found
[Method: GET, Route: inventory]
in APPPATH\Controllers\Inventory.php on line 12.
 1 SYSTEMPATH\CodeIgniter.php(933): App\Controllers\Inventory->index()
 2 SYSTEMPATH\CodeIgniter.php(507): CodeIgniter\CodeIgniter->runController(Object(App\Controllers\Inventory))
 3 SYSTEMPATH\CodeIgniter.php(354): CodeIgniter\CodeIgniter->handleRequest(null, Object(Config\Cache), false)
 4 SYSTEMPATH\Boot.php(363): CodeIgniter\CodeIgniter->run()
 5 SYSTEMPATH\Boot.php(68): CodeIgniter\Boot::runCodeIgniter(Object(CodeIgniter\CodeIgniter))
 6 FCPATH\index.php(59): CodeIgniter\Boot::bootWeb(Object(Config\Paths))
 7 SYSTEMPATH\rewrite.php(44): require_once('C:\\Users\\Richard Miculob\\Documents\\ReliefTrack\\public\\index.php')
DEBUG - 2026-02-27 20:07:56 --> Session: Class initialized using 'CodeIgniter\Session\Handlers\FileHandler' driver.
WARNING - 2026-02-27 20:07:56 --> [DEPRECATED] Optional parameter $familyMemberId declared before required parameter $distributorId is implicitly treated as a required parameter in APPPATH\Models\InventoryModel.php on line 111.
 1 SYSTEMPATH\Autoloader\Autoloader.php(315): include_once('C:\\Users\\Richard Miculob\\Documents\\ReliefTrack\\system\\Debug\\Exceptions.php')
 2 SYSTEMPATH\Autoloader\Autoloader.php(295): CodeIgniter\Autoloader\Autoloader->includeFile('C:\\Users\\Richard Miculob\\Documents\\ReliefTrack\\app\\Models\\InventoryModel.php')
 3 SYSTEMPATH\Autoloader\Autoloader.php(271): CodeIgniter\Autoloader\Autoloader->loadInNamespace('App\\Models\\InventoryModel')
 4 APPPATH\Controllers\Inventory.php(13): CodeIgniter\Autoloader\Autoloader->loadClass('App\\Models\\InventoryModel')
 5 SYSTEMPATH\CodeIgniter.php(933): App\Controllers\Inventory->index()
 6 SYSTEMPATH\CodeIgniter.php(507): CodeIgniter\CodeIgniter->runController(Object(App\Controllers\Inventory))
 7 SYSTEMPATH\CodeIgniter.php(354): CodeIgniter\CodeIgniter->handleRequest(null, Object(Config\Cache), false)
 8 SYSTEMPATH\Boot.php(363): CodeIgniter\CodeIgniter->run()
 9 SYSTEMPATH\Boot.php(68): CodeIgniter\Boot::runCodeIgniter(Object(CodeIgniter\CodeIgniter))
10 FCPATH\index.php(59): CodeIgniter\Boot::bootWeb(Object(Config\Paths))
11 SYSTEMPATH\rewrite.php(44): require_once('C:\\Users\\Richard Miculob\\Documents\\ReliefTrack\\public\\index.php')
CRITICAL - 2026-02-27 20:07:56 --> CodeIgniter\Database\Exceptions\DatabaseException: You must set the database table to be used with your query.
[Method: GET, Route: inventory]
in SYSTEMPATH\Database\BaseConnection.php on line 944.
 1 SYSTEMPATH\Model.php(713): CodeIgniter\Database\BaseConnection->table(null)
 2 SYSTEMPATH\Model.php(273): CodeIgniter\Model->builder()
 3 SYSTEMPATH\BaseModel.php(677): CodeIgniter\Model->doFindAll(0, 0)
 4 APPPATH\Controllers\Inventory.php(17): CodeIgniter\BaseModel->findAll()
 5 SYSTEMPATH\CodeIgniter.php(933): App\Controllers\Inventory->index()
 6 SYSTEMPATH\CodeIgniter.php(507): CodeIgniter\CodeIgniter->runController(Object(App\Controllers\Inventory))
 7 SYSTEMPATH\CodeIgniter.php(354): CodeIgniter\CodeIgniter->handleRequest(null, Object(Config\Cache), false)
 8 SYSTEMPATH\Boot.php(363): CodeIgniter\CodeIgniter->run()
 9 SYSTEMPATH\Boot.php(68): CodeIgniter\Boot::runCodeIgniter(Object(CodeIgniter\CodeIgniter))
10 FCPATH\index.php(59): CodeIgniter\Boot::bootWeb(Object(Config\Paths))
11 SYSTEMPATH\rewrite.php(44): require_once('C:\\Users\\Richard Miculob\\Documents\\ReliefTrack\\public\\index.php')
DEBUG - 2026-02-27 20:12:18 --> Session: Class initialized using 'CodeIgniter\Session\Handlers\FileHandler' driver.
WARNING - 2026-02-27 20:12:18 --> [DEPRECATED] Optional parameter $familyMemberId declared before required parameter $distributorId is implicitly treated as a required parameter in APPPATH\Models\InventoryModel.php on line 111.
 1 SYSTEMPATH\Autoloader\Autoloader.php(315): include_once('C:\\Users\\Richard Miculob\\Documents\\ReliefTrack\\system\\Debug\\Exceptions.php')
 2 SYSTEMPATH\Autoloader\Autoloader.php(295): CodeIgniter\Autoloader\Autoloader->includeFile('C:\\Users\\Richard Miculob\\Documents\\ReliefTrack\\app\\Models\\InventoryModel.php')
 3 SYSTEMPATH\Autoloader\Autoloader.php(271): CodeIgniter\Autoloader\Autoloader->loadInNamespace('App\\Models\\InventoryModel')
 4 APPPATH\Controllers\Inventory.php(13): CodeIgniter\Autoloader\Autoloader->loadClass('App\\Models\\InventoryModel')
 5 SYSTEMPATH\CodeIgniter.php(933): App\Controllers\Inventory->index()
 6 SYSTEMPATH\CodeIgniter.php(507): CodeIgniter\CodeIgniter->runController(Object(App\Controllers\Inventory))
 7 SYSTEMPATH\CodeIgniter.php(354): CodeIgniter\CodeIgniter->handleRequest(null, Object(Config\Cache), false)
 8 SYSTEMPATH\Boot.php(363): CodeIgniter\CodeIgniter->run()
 9 SYSTEMPATH\Boot.php(68): CodeIgniter\Boot::runCodeIgniter(Object(CodeIgniter\CodeIgniter))
10 FCPATH\index.php(59): CodeIgniter\Boot::bootWeb(Object(Config\Paths))
11 SYSTEMPATH\rewrite.php(44): require_once('C:\\Users\\Richard Miculob\\Documents\\ReliefTrack\\public\\index.php')
CRITICAL - 2026-02-27 20:12:18 --> CodeIgniter\Database\Exceptions\DatabaseException: You must set the database table to be used with your query.
[Method: GET, Route: inventory]
in SYSTEMPATH\Database\BaseConnection.php on line 944.
 1 SYSTEMPATH\Model.php(713): CodeIgniter\Database\BaseConnection->table(null)
 2 SYSTEMPATH\Model.php(273): CodeIgniter\Model->builder()
 3 SYSTEMPATH\BaseModel.php(677): CodeIgniter\Model->doFindAll(0, 0)
 4 APPPATH\Controllers\Inventory.php(17): CodeIgniter\BaseModel->findAll()
 5 SYSTEMPATH\CodeIgniter.php(933): App\Controllers\Inventory->index()
 6 SYSTEMPATH\CodeIgniter.php(507): CodeIgniter\CodeIgniter->runController(Object(App\Controllers\Inventory))
 7 SYSTEMPATH\CodeIgniter.php(354): CodeIgniter\CodeIgniter->handleRequest(null, Object(Config\Cache), false)
 8 SYSTEMPATH\Boot.php(363): CodeIgniter\CodeIgniter->run()
 9 SYSTEMPATH\Boot.php(68): CodeIgniter\Boot::runCodeIgniter(Object(CodeIgniter\CodeIgniter))
10 FCPATH\index.php(59): CodeIgniter\Boot::bootWeb(Object(Config\Paths))
11 SYSTEMPATH\rewrite.php(44): require_once('C:\\Users\\Richard Miculob\\Documents\\ReliefTrack\\public\\index.php')
