DEBUG - 2026-02-28 12:44:52 --> Session: Class initialized using 'CodeIgniter\Session\Handlers\FileHandler' driver.
DEBUG - 2026-02-28 12:45:01 --> Session: Class initialized using 'CodeIgniter\Session\Handlers\FileHandler' driver.
DEBUG - 2026-02-28 12:45:01 --> Session: Class initialized using 'CodeIgniter\Session\Handlers\FileHandler' driver.
WARNING - 2026-02-28 12:45:01 --> [DEPRECATED] Optional parameter $familyMemberId declared before required parameter $distributorId is implicitly treated as a required parameter in APPPATH\Models\InventoryModel.php on line 111.
 1 SYSTEMPATH\Autoloader\Autoloader.php(315): include_once('C:\\Users\\Richard Miculob\\Documents\\ReliefTrack\\system\\Debug\\Exceptions.php')
 2 SYSTEMPATH\Autoloader\Autoloader.php(295): CodeIgniter\Autoloader\Autoloader->includeFile('C:\\Users\\Richard Miculob\\Documents\\ReliefTrack\\app\\Models\\InventoryModel.php')
 3 SYSTEMPATH\Autoloader\Autoloader.php(271): CodeIgniter\Autoloader\Autoloader->loadInNamespace('App\\Models\\InventoryModel')
 4 APPPATH\Controllers\Dashboard.php(18): CodeIgniter\Autoloader\Autoloader->loadClass('App\\Models\\InventoryModel')
 5 SYSTEMPATH\CodeIgniter.php(933): App\Controllers\Dashboard->index()
 6 SYSTEMPATH\CodeIgniter.php(507): CodeIgniter\CodeIgniter->runController(Object(App\Controllers\Dashboard))
 7 SYSTEMPATH\CodeIgniter.php(354): CodeIgniter\CodeIgniter->handleRequest(null, Object(Config\Cache), false)
 8 SYSTEMPATH\Boot.php(363): CodeIgniter\CodeIgniter->run()
 9 SYSTEMPATH\Boot.php(68): CodeIgniter\Boot::runCodeIgniter(Object(CodeIgniter\CodeIgniter))
10 FCPATH\index.php(59): CodeIgniter\Boot::bootWeb(Object(Config\Paths))
11 SYSTEMPATH\rewrite.php(44): require_once('C:\\Users\\Richard Miculob\\Documents\\ReliefTrack\\public\\index.php')
CRITICAL - 2026-02-28 12:45:01 --> CodeIgniter\Database\Exceptions\DatabaseException: You must set the database table to be used with your query.
[Method: GET, Route: dashboard]
in SYSTEMPATH\Database\BaseConnection.php on line 944.
 1 SYSTEMPATH\Model.php(713): CodeIgniter\Database\BaseConnection->table(null)
 2 SYSTEMPATH\Model.php(273): CodeIgniter\Model->builder()
 3 SYSTEMPATH\BaseModel.php(677): CodeIgniter\Model->doFindAll(0, 0)
 4 APPPATH\Controllers\Dashboard.php(24): CodeIgniter\BaseModel->findAll()
 5 SYSTEMPATH\CodeIgniter.php(933): App\Controllers\Dashboard->index()
 6 SYSTEMPATH\CodeIgniter.php(507): CodeIgniter\CodeIgniter->runController(Object(App\Controllers\Dashboard))
 7 SYSTEMPATH\CodeIgniter.php(354): CodeIgniter\CodeIgniter->handleRequest(null, Object(Config\Cache), false)
 8 SYSTEMPATH\Boot.php(363): CodeIgniter\CodeIgniter->run()
 9 SYSTEMPATH\Boot.php(68): CodeIgniter\Boot::runCodeIgniter(Object(CodeIgniter\CodeIgniter))
10 FCPATH\index.php(59): CodeIgniter\Boot::bootWeb(Object(Config\Paths))
11 SYSTEMPATH\rewrite.php(44): require_once('C:\\Users\\Richard Miculob\\Documents\\ReliefTrack\\public\\index.php')
DEBUG - 2026-02-28 12:50:30 --> Session: Class initialized using 'CodeIgniter\Session\Handlers\FileHandler' driver.
WARNING - 2026-02-28 12:50:30 --> [DEPRECATED] Optional parameter $familyMemberId declared before required parameter $distributorId is implicitly treated as a required parameter in APPPATH\Models\InventoryModel.php on line 135.
 1 SYSTEMPATH\Autoloader\Autoloader.php(315): include_once('C:\\Users\\Richard Miculob\\Documents\\ReliefTrack\\system\\Debug\\Exceptions.php')
 2 SYSTEMPATH\Autoloader\Autoloader.php(295): CodeIgniter\Autoloader\Autoloader->includeFile('C:\\Users\\Richard Miculob\\Documents\\ReliefTrack\\app\\Models\\InventoryModel.php')
 3 SYSTEMPATH\Autoloader\Autoloader.php(271): CodeIgniter\Autoloader\Autoloader->loadInNamespace('App\\Models\\InventoryModel')
 4 APPPATH\Controllers\Dashboard.php(18): CodeIgniter\Autoloader\Autoloader->loadClass('App\\Models\\InventoryModel')
 5 SYSTEMPATH\CodeIgniter.php(933): App\Controllers\Dashboard->index()
 6 SYSTEMPATH\CodeIgniter.php(507): CodeIgniter\CodeIgniter->runController(Object(App\Controllers\Dashboard))
 7 SYSTEMPATH\CodeIgniter.php(354): CodeIgniter\CodeIgniter->handleRequest(null, Object(Config\Cache), false)
 8 SYSTEMPATH\Boot.php(363): CodeIgniter\CodeIgniter->run()
 9 SYSTEMPATH\Boot.php(68): CodeIgniter\Boot::runCodeIgniter(Object(CodeIgniter\CodeIgniter))
10 FCPATH\index.php(59): CodeIgniter\Boot::bootWeb(Object(Config\Paths))
11 SYSTEMPATH\rewrite.php(44): require_once('C:\\Users\\Richard Miculob\\Documents\\ReliefTrack\\public\\index.php')
DEBUG - 2026-02-28 12:50:33 --> Session: Class initialized using 'CodeIgniter\Session\Handlers\FileHandler' driver.
WARNING - 2026-02-28 12:50:33 --> [DEPRECATED] Optional parameter $familyMemberId declared before required parameter $distributorId is implicitly treated as a required parameter in APPPATH\Models\InventoryModel.php on line 135.
 1 SYSTEMPATH\Autoloader\Autoloader.php(315): include_once('C:\\Users\\Richard Miculob\\Documents\\ReliefTrack\\system\\Debug\\Exceptions.php')
 2 SYSTEMPATH\Autoloader\Autoloader.php(295): CodeIgniter\Autoloader\Autoloader->includeFile('C:\\Users\\Richard Miculob\\Documents\\ReliefTrack\\app\\Models\\InventoryModel.php')
 3 SYSTEMPATH\Autoloader\Autoloader.php(271): CodeIgniter\Autoloader\Autoloader->loadInNamespace('App\\Models\\InventoryModel')
 4 APPPATH\Controllers\Inventory.php(13): CodeIgniter\Autoloader\Autoloader->loadClass('App\\Models\\InventoryModel')
 5 SYSTEMPATH\CodeIgniter.php(933): App\Controllers\Inventory->index()
 6 SYSTEMPATH\CodeIgniter.php(507): CodeIgniter\CodeIgniter->runController(Object(App\Controllers\Inventory))
 7 SYSTEMPATH\CodeIgniter.php(354): CodeIgniter\CodeIgniter->handleRequest(null, Object(Config\Cache), false)
 8 SYSTEMPATH\Boot.php(363): CodeIgniter\CodeIgniter->run()
 9 SYSTEMPATH\Boot.php(68): CodeIgniter\Boot::runCodeIgniter(Object(CodeIgniter\CodeIgniter))
10 FCPATH\index.php(59): CodeIgniter\Boot::bootWeb(Object(Config\Paths))
11 SYSTEMPATH\rewrite.php(44): require_once('C:\\Users\\Richard Miculob\\Documents\\ReliefTrack\\public\\index.php')
DEBUG - 2026-02-28 12:50:36 --> Session: Class initialized using 'CodeIgniter\Session\Handlers\FileHandler' driver.
DEBUG - 2026-02-28 12:51:12 --> Session: Class initialized using 'CodeIgniter\Session\Handlers\FileHandler' driver.
DEBUG - 2026-02-28 12:52:51 --> Session: Class initialized using 'CodeIgniter\Session\Handlers\FileHandler' driver.
DEBUG - 2026-02-28 12:53:10 --> Session: Class initialized using 'CodeIgniter\Session\Handlers\FileHandler' driver.
WARNING - 2026-02-28 12:53:10 --> [DEPRECATED] Optional parameter $familyMemberId declared before required parameter $distributorId is implicitly treated as a required parameter in APPPATH\Models\InventoryModel.php on line 135.
 1 SYSTEMPATH\Autoloader\Autoloader.php(315): include_once('C:\\Users\\Richard Miculob\\Documents\\ReliefTrack\\system\\Debug\\Exceptions.php')
 2 SYSTEMPATH\Autoloader\Autoloader.php(295): CodeIgniter\Autoloader\Autoloader->includeFile('C:\\Users\\Richard Miculob\\Documents\\ReliefTrack\\app\\Models\\InventoryModel.php')
 3 SYSTEMPATH\Autoloader\Autoloader.php(271): CodeIgniter\Autoloader\Autoloader->loadInNamespace('App\\Models\\InventoryModel')
 4 APPPATH\Controllers\Inventory.php(13): CodeIgniter\Autoloader\Autoloader->loadClass('App\\Models\\InventoryModel')
 5 SYSTEMPATH\CodeIgniter.php(933): App\Controllers\Inventory->index()
 6 SYSTEMPATH\CodeIgniter.php(507): CodeIgniter\CodeIgniter->runController(Object(App\Controllers\Inventory))
 7 SYSTEMPATH\CodeIgniter.php(354): CodeIgniter\CodeIgniter->handleRequest(null, Object(Config\Cache), false)
 8 SYSTEMPATH\Boot.php(363): CodeIgniter\CodeIgniter->run()
 9 SYSTEMPATH\Boot.php(68): CodeIgniter\Boot::runCodeIgniter(Object(CodeIgniter\CodeIgniter))
10 FCPATH\index.php(59): CodeIgniter\Boot::bootWeb(Object(Config\Paths))
11 SYSTEMPATH\rewrite.php(44): require_once('C:\\Users\\Richard Miculob\\Documents\\ReliefTrack\\public\\index.php')
DEBUG - 2026-02-28 12:53:12 --> Session: Class initialized using 'CodeIgniter\Session\Handlers\FileHandler' driver.
DEBUG - 2026-02-28 12:54:33 --> Session: Class initialized using 'CodeIgniter\Session\Handlers\FileHandler' driver.
WARNING - 2026-02-28 12:54:33 --> [DEPRECATED] Optional parameter $familyMemberId declared before required parameter $distributorId is implicitly treated as a required parameter in APPPATH\Models\InventoryModel.php on line 135.
 1 SYSTEMPATH\Autoloader\Autoloader.php(315): include_once('C:\\Users\\Richard Miculob\\Documents\\ReliefTrack\\system\\Debug\\Exceptions.php')
 2 SYSTEMPATH\Autoloader\Autoloader.php(295): CodeIgniter\Autoloader\Autoloader->includeFile('C:\\Users\\Richard Miculob\\Documents\\ReliefTrack\\app\\Models\\InventoryModel.php')
 3 SYSTEMPATH\Autoloader\Autoloader.php(271): CodeIgniter\Autoloader\Autoloader->loadInNamespace('App\\Models\\InventoryModel')
 4 APPPATH\Controllers\Inventory.php(118): CodeIgniter\Autoloader\Autoloader->loadClass('App\\Models\\InventoryModel')
 5 SYSTEMPATH\CodeIgniter.php(933): App\Controllers\Inventory->update_stock('1')
 6 SYSTEMPATH\CodeIgniter.php(507): CodeIgniter\CodeIgniter->runController(Object(App\Controllers\Inventory))
 7 SYSTEMPATH\CodeIgniter.php(354): CodeIgniter\CodeIgniter->handleRequest(null, Object(Config\Cache), false)
 8 SYSTEMPATH\Boot.php(363): CodeIgniter\CodeIgniter->run()
 9 SYSTEMPATH\Boot.php(68): CodeIgniter\Boot::runCodeIgniter(Object(CodeIgniter\CodeIgniter))
10 FCPATH\index.php(59): CodeIgniter\Boot::bootWeb(Object(Config\Paths))
11 SYSTEMPATH\rewrite.php(44): require_once('C:\\Users\\Richard Miculob\\Documents\\ReliefTrack\\public\\index.php')
DEBUG - 2026-02-28 12:59:20 --> Session: Class initialized using 'CodeIgniter\Session\Handlers\FileHandler' driver.
DEBUG - 2026-02-28 12:59:28 --> Session: Class initialized using 'CodeIgniter\Session\Handlers\FileHandler' driver.
WARNING - 2026-02-28 12:59:28 --> [DEPRECATED] Optional parameter $familyMemberId declared before required parameter $distributorId is implicitly treated as a required parameter in APPPATH\Models\InventoryModel.php on line 135.
 1 SYSTEMPATH\Autoloader\Autoloader.php(315): include_once('C:\\Users\\Richard Miculob\\Documents\\ReliefTrack\\system\\Debug\\Exceptions.php')
 2 SYSTEMPATH\Autoloader\Autoloader.php(295): CodeIgniter\Autoloader\Autoloader->includeFile('C:\\Users\\Richard Miculob\\Documents\\ReliefTrack\\app\\Models\\InventoryModel.php')
 3 SYSTEMPATH\Autoloader\Autoloader.php(271): CodeIgniter\Autoloader\Autoloader->loadInNamespace('App\\Models\\InventoryModel')
 4 APPPATH\Controllers\Inventory.php(64): CodeIgniter\Autoloader\Autoloader->loadClass('App\\Models\\InventoryModel')
 5 SYSTEMPATH\CodeIgniter.php(933): App\Controllers\Inventory->update_stock('1')
 6 SYSTEMPATH\CodeIgniter.php(507): CodeIgniter\CodeIgniter->runController(Object(App\Controllers\Inventory))
 7 SYSTEMPATH\CodeIgniter.php(354): CodeIgniter\CodeIgniter->handleRequest(null, Object(Config\Cache), false)
 8 SYSTEMPATH\Boot.php(363): CodeIgniter\CodeIgniter->run()
 9 SYSTEMPATH\Boot.php(68): CodeIgniter\Boot::runCodeIgniter(Object(CodeIgniter\CodeIgniter))
10 FCPATH\index.php(59): CodeIgniter\Boot::bootWeb(Object(Config\Paths))
11 SYSTEMPATH\rewrite.php(44): require_once('C:\\Users\\Richard Miculob\\Documents\\ReliefTrack\\public\\index.php')
DEBUG - 2026-02-28 12:59:47 --> Session: Class initialized using 'CodeIgniter\Session\Handlers\FileHandler' driver.
WARNING - 2026-02-28 12:59:47 --> [DEPRECATED] Optional parameter $familyMemberId declared before required parameter $distributorId is implicitly treated as a required parameter in APPPATH\Models\InventoryModel.php on line 135.
 1 SYSTEMPATH\Autoloader\Autoloader.php(315): include_once('C:\\Users\\Richard Miculob\\Documents\\ReliefTrack\\system\\Debug\\Exceptions.php')
 2 SYSTEMPATH\Autoloader\Autoloader.php(295): CodeIgniter\Autoloader\Autoloader->includeFile('C:\\Users\\Richard Miculob\\Documents\\ReliefTrack\\app\\Models\\InventoryModel.php')
 3 SYSTEMPATH\Autoloader\Autoloader.php(271): CodeIgniter\Autoloader\Autoloader->loadInNamespace('App\\Models\\InventoryModel')
 4 APPPATH\Controllers\Inventory.php(64): CodeIgniter\Autoloader\Autoloader->loadClass('App\\Models\\InventoryModel')
 5 SYSTEMPATH\CodeIgniter.php(933): App\Controllers\Inventory->update_stock('1')
 6 SYSTEMPATH\CodeIgniter.php(507): CodeIgniter\CodeIgniter->runController(Object(App\Controllers\Inventory))
 7 SYSTEMPATH\CodeIgniter.php(354): CodeIgniter\CodeIgniter->handleRequest(null, Object(Config\Cache), false)
 8 SYSTEMPATH\Boot.php(363): CodeIgniter\CodeIgniter->run()
 9 SYSTEMPATH\Boot.php(68): CodeIgniter\Boot::runCodeIgniter(Object(CodeIgniter\CodeIgniter))
10 FCPATH\index.php(59): CodeIgniter\Boot::bootWeb(Object(Config\Paths))
11 SYSTEMPATH\rewrite.php(44): require_once('C:\\Users\\Richard Miculob\\Documents\\ReliefTrack\\public\\index.php')
DEBUG - 2026-02-28 12:59:50 --> Session: Class initialized using 'CodeIgniter\Session\Handlers\FileHandler' driver.
WARNING - 2026-02-28 12:59:50 --> [DEPRECATED] Optional parameter $familyMemberId declared before required parameter $distributorId is implicitly treated as a required parameter in APPPATH\Models\InventoryModel.php on line 135.
 1 SYSTEMPATH\Autoloader\Autoloader.php(315): include_once('C:\\Users\\Richard Miculob\\Documents\\ReliefTrack\\system\\Debug\\Exceptions.php')
 2 SYSTEMPATH\Autoloader\Autoloader.php(295): CodeIgniter\Autoloader\Autoloader->includeFile('C:\\Users\\Richard Miculob\\Documents\\ReliefTrack\\app\\Models\\InventoryModel.php')
 3 SYSTEMPATH\Autoloader\Autoloader.php(271): CodeIgniter\Autoloader\Autoloader->loadInNamespace('App\\Models\\InventoryModel')
 4 APPPATH\Controllers\Inventory.php(13): CodeIgniter\Autoloader\Autoloader->loadClass('App\\Models\\InventoryModel')
 5 SYSTEMPATH\CodeIgniter.php(933): App\Controllers\Inventory->index()
 6 SYSTEMPATH\CodeIgniter.php(507): CodeIgniter\CodeIgniter->runController(Object(App\Controllers\Inventory))
 7 SYSTEMPATH\CodeIgniter.php(354): CodeIgniter\CodeIgniter->handleRequest(null, Object(Config\Cache), false)
 8 SYSTEMPATH\Boot.php(363): CodeIgniter\CodeIgniter->run()
 9 SYSTEMPATH\Boot.php(68): CodeIgniter\Boot::runCodeIgniter(Object(CodeIgniter\CodeIgniter))
10 FCPATH\index.php(59): CodeIgniter\Boot::bootWeb(Object(Config\Paths))
11 SYSTEMPATH\rewrite.php(44): require_once('C:\\Users\\Richard Miculob\\Documents\\ReliefTrack\\public\\index.php')
DEBUG - 2026-02-28 12:59:52 --> Session: Class initialized using 'CodeIgniter\Session\Handlers\FileHandler' driver.
WARNING - 2026-02-28 12:59:52 --> [DEPRECATED] Optional parameter $familyMemberId declared before required parameter $distributorId is implicitly treated as a required parameter in APPPATH\Models\InventoryModel.php on line 135.
 1 SYSTEMPATH\Autoloader\Autoloader.php(315): include_once('C:\\Users\\Richard Miculob\\Documents\\ReliefTrack\\system\\Debug\\Exceptions.php')
 2 SYSTEMPATH\Autoloader\Autoloader.php(295): CodeIgniter\Autoloader\Autoloader->includeFile('C:\\Users\\Richard Miculob\\Documents\\ReliefTrack\\app\\Models\\InventoryModel.php')
 3 SYSTEMPATH\Autoloader\Autoloader.php(271): CodeIgniter\Autoloader\Autoloader->loadInNamespace('App\\Models\\InventoryModel')
 4 APPPATH\Controllers\Inventory.php(64): CodeIgniter\Autoloader\Autoloader->loadClass('App\\Models\\InventoryModel')
 5 SYSTEMPATH\CodeIgniter.php(933): App\Controllers\Inventory->update_stock('2')
 6 SYSTEMPATH\CodeIgniter.php(507): CodeIgniter\CodeIgniter->runController(Object(App\Controllers\Inventory))
 7 SYSTEMPATH\CodeIgniter.php(354): CodeIgniter\CodeIgniter->handleRequest(null, Object(Config\Cache), false)
 8 SYSTEMPATH\Boot.php(363): CodeIgniter\CodeIgniter->run()
 9 SYSTEMPATH\Boot.php(68): CodeIgniter\Boot::runCodeIgniter(Object(CodeIgniter\CodeIgniter))
10 FCPATH\index.php(59): CodeIgniter\Boot::bootWeb(Object(Config\Paths))
11 SYSTEMPATH\rewrite.php(44): require_once('C:\\Users\\Richard Miculob\\Documents\\ReliefTrack\\public\\index.php')
DEBUG - 2026-02-28 13:00:48 --> Session: Class initialized using 'CodeIgniter\Session\Handlers\FileHandler' driver.
WARNING - 2026-02-28 13:00:48 --> [DEPRECATED] Optional parameter $familyMemberId declared before required parameter $distributorId is implicitly treated as a required parameter in APPPATH\Models\InventoryModel.php on line 135.
 1 SYSTEMPATH\Autoloader\Autoloader.php(315): include_once('C:\\Users\\Richard Miculob\\Documents\\ReliefTrack\\system\\Debug\\Exceptions.php')
 2 SYSTEMPATH\Autoloader\Autoloader.php(295): CodeIgniter\Autoloader\Autoloader->includeFile('C:\\Users\\Richard Miculob\\Documents\\ReliefTrack\\app\\Models\\InventoryModel.php')
 3 SYSTEMPATH\Autoloader\Autoloader.php(271): CodeIgniter\Autoloader\Autoloader->loadInNamespace('App\\Models\\InventoryModel')
 4 APPPATH\Controllers\Inventory.php(13): CodeIgniter\Autoloader\Autoloader->loadClass('App\\Models\\InventoryModel')
 5 SYSTEMPATH\CodeIgniter.php(933): App\Controllers\Inventory->index()
 6 SYSTEMPATH\CodeIgniter.php(507): CodeIgniter\CodeIgniter->runController(Object(App\Controllers\Inventory))
 7 SYSTEMPATH\CodeIgniter.php(354): CodeIgniter\CodeIgniter->handleRequest(null, Object(Config\Cache), false)
 8 SYSTEMPATH\Boot.php(363): CodeIgniter\CodeIgniter->run()
 9 SYSTEMPATH\Boot.php(68): CodeIgniter\Boot::runCodeIgniter(Object(CodeIgniter\CodeIgniter))
10 FCPATH\index.php(59): CodeIgniter\Boot::bootWeb(Object(Config\Paths))
11 SYSTEMPATH\rewrite.php(44): require_once('C:\\Users\\Richard Miculob\\Documents\\ReliefTrack\\public\\index.php')
DEBUG - 2026-02-28 13:03:32 --> Session: Class initialized using 'CodeIgniter\Session\Handlers\FileHandler' driver.
WARNING - 2026-02-28 13:03:32 --> [DEPRECATED] Optional parameter $familyMemberId declared before required parameter $distributorId is implicitly treated as a required parameter in APPPATH\Models\InventoryModel.php on line 135.
 1 SYSTEMPATH\Autoloader\Autoloader.php(315): include_once('C:\\Users\\Richard Miculob\\Documents\\ReliefTrack\\system\\Debug\\Exceptions.php')
 2 SYSTEMPATH\Autoloader\Autoloader.php(295): CodeIgniter\Autoloader\Autoloader->includeFile('C:\\Users\\Richard Miculob\\Documents\\ReliefTrack\\app\\Models\\InventoryModel.php')
 3 SYSTEMPATH\Autoloader\Autoloader.php(271): CodeIgniter\Autoloader\Autoloader->loadInNamespace('App\\Models\\InventoryModel')
 4 APPPATH\Controllers\Inventory.php(176): CodeIgniter\Autoloader\Autoloader->loadClass('App\\Models\\InventoryModel')
 5 SYSTEMPATH\CodeIgniter.php(933): App\Controllers\Inventory->batches('1')
 6 SYSTEMPATH\CodeIgniter.php(507): CodeIgniter\CodeIgniter->runController(Object(App\Controllers\Inventory))
 7 SYSTEMPATH\CodeIgniter.php(354): CodeIgniter\CodeIgniter->handleRequest(null, Object(Config\Cache), false)
 8 SYSTEMPATH\Boot.php(363): CodeIgniter\CodeIgniter->run()
 9 SYSTEMPATH\Boot.php(68): CodeIgniter\Boot::runCodeIgniter(Object(CodeIgniter\CodeIgniter))
10 FCPATH\index.php(59): CodeIgniter\Boot::bootWeb(Object(Config\Paths))
11 SYSTEMPATH\rewrite.php(44): require_once('C:\\Users\\Richard Miculob\\Documents\\ReliefTrack\\public\\index.php')
DEBUG - 2026-02-28 13:03:37 --> Session: Class initialized using 'CodeIgniter\Session\Handlers\FileHandler' driver.
WARNING - 2026-02-28 13:03:37 --> [DEPRECATED] Optional parameter $familyMemberId declared before required parameter $distributorId is implicitly treated as a required parameter in APPPATH\Models\InventoryModel.php on line 135.
 1 SYSTEMPATH\Autoloader\Autoloader.php(315): include_once('C:\\Users\\Richard Miculob\\Documents\\ReliefTrack\\system\\Debug\\Exceptions.php')
 2 SYSTEMPATH\Autoloader\Autoloader.php(295): CodeIgniter\Autoloader\Autoloader->includeFile('C:\\Users\\Richard Miculob\\Documents\\ReliefTrack\\app\\Models\\InventoryModel.php')
 3 SYSTEMPATH\Autoloader\Autoloader.php(271): CodeIgniter\Autoloader\Autoloader->loadInNamespace('App\\Models\\InventoryModel')
 4 APPPATH\Controllers\Inventory.php(13): CodeIgniter\Autoloader\Autoloader->loadClass('App\\Models\\InventoryModel')
 5 SYSTEMPATH\CodeIgniter.php(933): App\Controllers\Inventory->index()
 6 SYSTEMPATH\CodeIgniter.php(507): CodeIgniter\CodeIgniter->runController(Object(App\Controllers\Inventory))
 7 SYSTEMPATH\CodeIgniter.php(354): CodeIgniter\CodeIgniter->handleRequest(null, Object(Config\Cache), false)
 8 SYSTEMPATH\Boot.php(363): CodeIgniter\CodeIgniter->run()
 9 SYSTEMPATH\Boot.php(68): CodeIgniter\Boot::runCodeIgniter(Object(CodeIgniter\CodeIgniter))
10 FCPATH\index.php(59): CodeIgniter\Boot::bootWeb(Object(Config\Paths))
11 SYSTEMPATH\rewrite.php(44): require_once('C:\\Users\\Richard Miculob\\Documents\\ReliefTrack\\public\\index.php')
DEBUG - 2026-02-28 13:03:39 --> Session: Class initialized using 'CodeIgniter\Session\Handlers\FileHandler' driver.
WARNING - 2026-02-28 13:03:39 --> [DEPRECATED] Optional parameter $familyMemberId declared before required parameter $distributorId is implicitly treated as a required parameter in APPPATH\Models\InventoryModel.php on line 135.
 1 SYSTEMPATH\Autoloader\Autoloader.php(315): include_once('C:\\Users\\Richard Miculob\\Documents\\ReliefTrack\\system\\Debug\\Exceptions.php')
 2 SYSTEMPATH\Autoloader\Autoloader.php(295): CodeIgniter\Autoloader\Autoloader->includeFile('C:\\Users\\Richard Miculob\\Documents\\ReliefTrack\\app\\Models\\InventoryModel.php')
 3 SYSTEMPATH\Autoloader\Autoloader.php(271): CodeIgniter\Autoloader\Autoloader->loadInNamespace('App\\Models\\InventoryModel')
 4 APPPATH\Controllers\Inventory.php(176): CodeIgniter\Autoloader\Autoloader->loadClass('App\\Models\\InventoryModel')
 5 SYSTEMPATH\CodeIgniter.php(933): App\Controllers\Inventory->batches('2')
 6 SYSTEMPATH\CodeIgniter.php(507): CodeIgniter\CodeIgniter->runController(Object(App\Controllers\Inventory))
 7 SYSTEMPATH\CodeIgniter.php(354): CodeIgniter\CodeIgniter->handleRequest(null, Object(Config\Cache), false)
 8 SYSTEMPATH\Boot.php(363): CodeIgniter\CodeIgniter->run()
 9 SYSTEMPATH\Boot.php(68): CodeIgniter\Boot::runCodeIgniter(Object(CodeIgniter\CodeIgniter))
10 FCPATH\index.php(59): CodeIgniter\Boot::bootWeb(Object(Config\Paths))
11 SYSTEMPATH\rewrite.php(44): require_once('C:\\Users\\Richard Miculob\\Documents\\ReliefTrack\\public\\index.php')
DEBUG - 2026-02-28 13:03:41 --> Session: Class initialized using 'CodeIgniter\Session\Handlers\FileHandler' driver.
WARNING - 2026-02-28 13:03:41 --> [DEPRECATED] Optional parameter $familyMemberId declared before required parameter $distributorId is implicitly treated as a required parameter in APPPATH\Models\InventoryModel.php on line 135.
 1 SYSTEMPATH\Autoloader\Autoloader.php(315): include_once('C:\\Users\\Richard Miculob\\Documents\\ReliefTrack\\system\\Debug\\Exceptions.php')
 2 SYSTEMPATH\Autoloader\Autoloader.php(295): CodeIgniter\Autoloader\Autoloader->includeFile('C:\\Users\\Richard Miculob\\Documents\\ReliefTrack\\app\\Models\\InventoryModel.php')
 3 SYSTEMPATH\Autoloader\Autoloader.php(271): CodeIgniter\Autoloader\Autoloader->loadInNamespace('App\\Models\\InventoryModel')
 4 APPPATH\Controllers\Inventory.php(64): CodeIgniter\Autoloader\Autoloader->loadClass('App\\Models\\InventoryModel')
 5 SYSTEMPATH\CodeIgniter.php(933): App\Controllers\Inventory->update_stock('2')
 6 SYSTEMPATH\CodeIgniter.php(507): CodeIgniter\CodeIgniter->runController(Object(App\Controllers\Inventory))
 7 SYSTEMPATH\CodeIgniter.php(354): CodeIgniter\CodeIgniter->handleRequest(null, Object(Config\Cache), false)
 8 SYSTEMPATH\Boot.php(363): CodeIgniter\CodeIgniter->run()
 9 SYSTEMPATH\Boot.php(68): CodeIgniter\Boot::runCodeIgniter(Object(CodeIgniter\CodeIgniter))
10 FCPATH\index.php(59): CodeIgniter\Boot::bootWeb(Object(Config\Paths))
11 SYSTEMPATH\rewrite.php(44): require_once('C:\\Users\\Richard Miculob\\Documents\\ReliefTrack\\public\\index.php')
DEBUG - 2026-02-28 13:03:43 --> Session: Class initialized using 'CodeIgniter\Session\Handlers\FileHandler' driver.
WARNING - 2026-02-28 13:03:43 --> [DEPRECATED] Optional parameter $familyMemberId declared before required parameter $distributorId is implicitly treated as a required parameter in APPPATH\Models\InventoryModel.php on line 135.
 1 SYSTEMPATH\Autoloader\Autoloader.php(315): include_once('C:\\Users\\Richard Miculob\\Documents\\ReliefTrack\\system\\Debug\\Exceptions.php')
 2 SYSTEMPATH\Autoloader\Autoloader.php(295): CodeIgniter\Autoloader\Autoloader->includeFile('C:\\Users\\Richard Miculob\\Documents\\ReliefTrack\\app\\Models\\InventoryModel.php')
 3 SYSTEMPATH\Autoloader\Autoloader.php(271): CodeIgniter\Autoloader\Autoloader->loadInNamespace('App\\Models\\InventoryModel')
 4 APPPATH\Controllers\Inventory.php(13): CodeIgniter\Autoloader\Autoloader->loadClass('App\\Models\\InventoryModel')
 5 SYSTEMPATH\CodeIgniter.php(933): App\Controllers\Inventory->index()
 6 SYSTEMPATH\CodeIgniter.php(507): CodeIgniter\CodeIgniter->runController(Object(App\Controllers\Inventory))
 7 SYSTEMPATH\CodeIgniter.php(354): CodeIgniter\CodeIgniter->handleRequest(null, Object(Config\Cache), false)
 8 SYSTEMPATH\Boot.php(363): CodeIgniter\CodeIgniter->run()
 9 SYSTEMPATH\Boot.php(68): CodeIgniter\Boot::runCodeIgniter(Object(CodeIgniter\CodeIgniter))
10 FCPATH\index.php(59): CodeIgniter\Boot::bootWeb(Object(Config\Paths))
11 SYSTEMPATH\rewrite.php(44): require_once('C:\\Users\\Richard Miculob\\Documents\\ReliefTrack\\public\\index.php')
DEBUG - 2026-02-28 13:03:45 --> Session: Class initialized using 'CodeIgniter\Session\Handlers\FileHandler' driver.
WARNING - 2026-02-28 13:03:45 --> [DEPRECATED] Optional parameter $familyMemberId declared before required parameter $distributorId is implicitly treated as a required parameter in APPPATH\Models\InventoryModel.php on line 135.
 1 SYSTEMPATH\Autoloader\Autoloader.php(315): include_once('C:\\Users\\Richard Miculob\\Documents\\ReliefTrack\\system\\Debug\\Exceptions.php')
 2 SYSTEMPATH\Autoloader\Autoloader.php(295): CodeIgniter\Autoloader\Autoloader->includeFile('C:\\Users\\Richard Miculob\\Documents\\ReliefTrack\\app\\Models\\InventoryModel.php')
 3 SYSTEMPATH\Autoloader\Autoloader.php(271): CodeIgniter\Autoloader\Autoloader->loadInNamespace('App\\Models\\InventoryModel')
 4 APPPATH\Controllers\Inventory.php(176): CodeIgniter\Autoloader\Autoloader->loadClass('App\\Models\\InventoryModel')
 5 SYSTEMPATH\CodeIgniter.php(933): App\Controllers\Inventory->batches('2')
 6 SYSTEMPATH\CodeIgniter.php(507): CodeIgniter\CodeIgniter->runController(Object(App\Controllers\Inventory))
 7 SYSTEMPATH\CodeIgniter.php(354): CodeIgniter\CodeIgniter->handleRequest(null, Object(Config\Cache), false)
 8 SYSTEMPATH\Boot.php(363): CodeIgniter\CodeIgniter->run()
 9 SYSTEMPATH\Boot.php(68): CodeIgniter\Boot::runCodeIgniter(Object(CodeIgniter\CodeIgniter))
10 FCPATH\index.php(59): CodeIgniter\Boot::bootWeb(Object(Config\Paths))
11 SYSTEMPATH\rewrite.php(44): require_once('C:\\Users\\Richard Miculob\\Documents\\ReliefTrack\\public\\index.php')
DEBUG - 2026-02-28 13:03:51 --> Session: Class initialized using 'CodeIgniter\Session\Handlers\FileHandler' driver.
WARNING - 2026-02-28 13:03:51 --> [DEPRECATED] Optional parameter $familyMemberId declared before required parameter $distributorId is implicitly treated as a required parameter in APPPATH\Models\InventoryModel.php on line 135.
 1 SYSTEMPATH\Autoloader\Autoloader.php(315): include_once('C:\\Users\\Richard Miculob\\Documents\\ReliefTrack\\system\\Debug\\Exceptions.php')
 2 SYSTEMPATH\Autoloader\Autoloader.php(295): CodeIgniter\Autoloader\Autoloader->includeFile('C:\\Users\\Richard Miculob\\Documents\\ReliefTrack\\app\\Models\\InventoryModel.php')
 3 SYSTEMPATH\Autoloader\Autoloader.php(271): CodeIgniter\Autoloader\Autoloader->loadInNamespace('App\\Models\\InventoryModel')
 4 APPPATH\Controllers\Inventory.php(13): CodeIgniter\Autoloader\Autoloader->loadClass('App\\Models\\InventoryModel')
 5 SYSTEMPATH\CodeIgniter.php(933): App\Controllers\Inventory->index()
 6 SYSTEMPATH\CodeIgniter.php(507): CodeIgniter\CodeIgniter->runController(Object(App\Controllers\Inventory))
 7 SYSTEMPATH\CodeIgniter.php(354): CodeIgniter\CodeIgniter->handleRequest(null, Object(Config\Cache), false)
 8 SYSTEMPATH\Boot.php(363): CodeIgniter\CodeIgniter->run()
 9 SYSTEMPATH\Boot.php(68): CodeIgniter\Boot::runCodeIgniter(Object(CodeIgniter\CodeIgniter))
10 FCPATH\index.php(59): CodeIgniter\Boot::bootWeb(Object(Config\Paths))
11 SYSTEMPATH\rewrite.php(44): require_once('C:\\Users\\Richard Miculob\\Documents\\ReliefTrack\\public\\index.php')
DEBUG - 2026-02-28 13:03:54 --> Session: Class initialized using 'CodeIgniter\Session\Handlers\FileHandler' driver.
WARNING - 2026-02-28 13:03:54 --> [DEPRECATED] Optional parameter $familyMemberId declared before required parameter $distributorId is implicitly treated as a required parameter in APPPATH\Models\InventoryModel.php on line 135.
 1 SYSTEMPATH\Autoloader\Autoloader.php(315): include_once('C:\\Users\\Richard Miculob\\Documents\\ReliefTrack\\system\\Debug\\Exceptions.php')
 2 SYSTEMPATH\Autoloader\Autoloader.php(295): CodeIgniter\Autoloader\Autoloader->includeFile('C:\\Users\\Richard Miculob\\Documents\\ReliefTrack\\app\\Models\\InventoryModel.php')
 3 SYSTEMPATH\Autoloader\Autoloader.php(271): CodeIgniter\Autoloader\Autoloader->loadInNamespace('App\\Models\\InventoryModel')
 4 APPPATH\Controllers\Inventory.php(176): CodeIgniter\Autoloader\Autoloader->loadClass('App\\Models\\InventoryModel')
 5 SYSTEMPATH\CodeIgniter.php(933): App\Controllers\Inventory->batches('2')
 6 SYSTEMPATH\CodeIgniter.php(507): CodeIgniter\CodeIgniter->runController(Object(App\Controllers\Inventory))
 7 SYSTEMPATH\CodeIgniter.php(354): CodeIgniter\CodeIgniter->handleRequest(null, Object(Config\Cache), false)
 8 SYSTEMPATH\Boot.php(363): CodeIgniter\CodeIgniter->run()
 9 SYSTEMPATH\Boot.php(68): CodeIgniter\Boot::runCodeIgniter(Object(CodeIgniter\CodeIgniter))
10 FCPATH\index.php(59): CodeIgniter\Boot::bootWeb(Object(Config\Paths))
11 SYSTEMPATH\rewrite.php(44): require_once('C:\\Users\\Richard Miculob\\Documents\\ReliefTrack\\public\\index.php')
DEBUG - 2026-02-28 13:03:57 --> Session: Class initialized using 'CodeIgniter\Session\Handlers\FileHandler' driver.
WARNING - 2026-02-28 13:03:57 --> [DEPRECATED] Optional parameter $familyMemberId declared before required parameter $distributorId is implicitly treated as a required parameter in APPPATH\Models\InventoryModel.php on line 135.
 1 SYSTEMPATH\Autoloader\Autoloader.php(315): include_once('C:\\Users\\Richard Miculob\\Documents\\ReliefTrack\\system\\Debug\\Exceptions.php')
 2 SYSTEMPATH\Autoloader\Autoloader.php(295): CodeIgniter\Autoloader\Autoloader->includeFile('C:\\Users\\Richard Miculob\\Documents\\ReliefTrack\\app\\Models\\InventoryModel.php')
 3 SYSTEMPATH\Autoloader\Autoloader.php(271): CodeIgniter\Autoloader\Autoloader->loadInNamespace('App\\Models\\InventoryModel')
 4 APPPATH\Controllers\Inventory.php(13): CodeIgniter\Autoloader\Autoloader->loadClass('App\\Models\\InventoryModel')
 5 SYSTEMPATH\CodeIgniter.php(933): App\Controllers\Inventory->index()
 6 SYSTEMPATH\CodeIgniter.php(507): CodeIgniter\CodeIgniter->runController(Object(App\Controllers\Inventory))
 7 SYSTEMPATH\CodeIgniter.php(354): CodeIgniter\CodeIgniter->handleRequest(null, Object(Config\Cache), false)
 8 SYSTEMPATH\Boot.php(363): CodeIgniter\CodeIgniter->run()
 9 SYSTEMPATH\Boot.php(68): CodeIgniter\Boot::runCodeIgniter(Object(CodeIgniter\CodeIgniter))
10 FCPATH\index.php(59): CodeIgniter\Boot::bootWeb(Object(Config\Paths))
11 SYSTEMPATH\rewrite.php(44): require_once('C:\\Users\\Richard Miculob\\Documents\\ReliefTrack\\public\\index.php')
DEBUG - 2026-02-28 13:03:58 --> Session: Class initialized using 'CodeIgniter\Session\Handlers\FileHandler' driver.
WARNING - 2026-02-28 13:03:58 --> [DEPRECATED] Optional parameter $familyMemberId declared before required parameter $distributorId is implicitly treated as a required parameter in APPPATH\Models\InventoryModel.php on line 135.
 1 SYSTEMPATH\Autoloader\Autoloader.php(315): include_once('C:\\Users\\Richard Miculob\\Documents\\ReliefTrack\\system\\Debug\\Exceptions.php')
 2 SYSTEMPATH\Autoloader\Autoloader.php(295): CodeIgniter\Autoloader\Autoloader->includeFile('C:\\Users\\Richard Miculob\\Documents\\ReliefTrack\\app\\Models\\InventoryModel.php')
 3 SYSTEMPATH\Autoloader\Autoloader.php(271): CodeIgniter\Autoloader\Autoloader->loadInNamespace('App\\Models\\InventoryModel')
 4 APPPATH\Controllers\Inventory.php(176): CodeIgniter\Autoloader\Autoloader->loadClass('App\\Models\\InventoryModel')
 5 SYSTEMPATH\CodeIgniter.php(933): App\Controllers\Inventory->batches('1')
 6 SYSTEMPATH\CodeIgniter.php(507): CodeIgniter\CodeIgniter->runController(Object(App\Controllers\Inventory))
 7 SYSTEMPATH\CodeIgniter.php(354): CodeIgniter\CodeIgniter->handleRequest(null, Object(Config\Cache), false)
 8 SYSTEMPATH\Boot.php(363): CodeIgniter\CodeIgniter->run()
 9 SYSTEMPATH\Boot.php(68): CodeIgniter\Boot::runCodeIgniter(Object(CodeIgniter\CodeIgniter))
10 FCPATH\index.php(59): CodeIgniter\Boot::bootWeb(Object(Config\Paths))
11 SYSTEMPATH\rewrite.php(44): require_once('C:\\Users\\Richard Miculob\\Documents\\ReliefTrack\\public\\index.php')
DEBUG - 2026-02-28 13:04:06 --> Session: Class initialized using 'CodeIgniter\Session\Handlers\FileHandler' driver.
WARNING - 2026-02-28 13:04:06 --> [DEPRECATED] Optional parameter $familyMemberId declared before required parameter $distributorId is implicitly treated as a required parameter in APPPATH\Models\InventoryModel.php on line 135.
 1 SYSTEMPATH\Autoloader\Autoloader.php(315): include_once('C:\\Users\\Richard Miculob\\Documents\\ReliefTrack\\system\\Debug\\Exceptions.php')
 2 SYSTEMPATH\Autoloader\Autoloader.php(295): CodeIgniter\Autoloader\Autoloader->includeFile('C:\\Users\\Richard Miculob\\Documents\\ReliefTrack\\app\\Models\\InventoryModel.php')
 3 SYSTEMPATH\Autoloader\Autoloader.php(271): CodeIgniter\Autoloader\Autoloader->loadInNamespace('App\\Models\\InventoryModel')
 4 APPPATH\Controllers\Inventory.php(13): CodeIgniter\Autoloader\Autoloader->loadClass('App\\Models\\InventoryModel')
 5 SYSTEMPATH\CodeIgniter.php(933): App\Controllers\Inventory->index()
 6 SYSTEMPATH\CodeIgniter.php(507): CodeIgniter\CodeIgniter->runController(Object(App\Controllers\Inventory))
 7 SYSTEMPATH\CodeIgniter.php(354): CodeIgniter\CodeIgniter->handleRequest(null, Object(Config\Cache), false)
 8 SYSTEMPATH\Boot.php(363): CodeIgniter\CodeIgniter->run()
 9 SYSTEMPATH\Boot.php(68): CodeIgniter\Boot::runCodeIgniter(Object(CodeIgniter\CodeIgniter))
10 FCPATH\index.php(59): CodeIgniter\Boot::bootWeb(Object(Config\Paths))
11 SYSTEMPATH\rewrite.php(44): require_once('C:\\Users\\Richard Miculob\\Documents\\ReliefTrack\\public\\index.php')
DEBUG - 2026-02-28 13:04:15 --> Session: Class initialized using 'CodeIgniter\Session\Handlers\FileHandler' driver.
WARNING - 2026-02-28 13:04:15 --> [DEPRECATED] Optional parameter $familyMemberId declared before required parameter $distributorId is implicitly treated as a required parameter in APPPATH\Models\InventoryModel.php on line 135.
 1 SYSTEMPATH\Autoloader\Autoloader.php(315): include_once('C:\\Users\\Richard Miculob\\Documents\\ReliefTrack\\system\\Debug\\Exceptions.php')
 2 SYSTEMPATH\Autoloader\Autoloader.php(295): CodeIgniter\Autoloader\Autoloader->includeFile('C:\\Users\\Richard Miculob\\Documents\\ReliefTrack\\app\\Models\\InventoryModel.php')
 3 SYSTEMPATH\Autoloader\Autoloader.php(271): CodeIgniter\Autoloader\Autoloader->loadInNamespace('App\\Models\\InventoryModel')
 4 APPPATH\Controllers\Inventory.php(176): CodeIgniter\Autoloader\Autoloader->loadClass('App\\Models\\InventoryModel')
 5 SYSTEMPATH\CodeIgniter.php(933): App\Controllers\Inventory->batches('2')
 6 SYSTEMPATH\CodeIgniter.php(507): CodeIgniter\CodeIgniter->runController(Object(App\Controllers\Inventory))
 7 SYSTEMPATH\CodeIgniter.php(354): CodeIgniter\CodeIgniter->handleRequest(null, Object(Config\Cache), false)
 8 SYSTEMPATH\Boot.php(363): CodeIgniter\CodeIgniter->run()
 9 SYSTEMPATH\Boot.php(68): CodeIgniter\Boot::runCodeIgniter(Object(CodeIgniter\CodeIgniter))
10 FCPATH\index.php(59): CodeIgniter\Boot::bootWeb(Object(Config\Paths))
11 SYSTEMPATH\rewrite.php(44): require_once('C:\\Users\\Richard Miculob\\Documents\\ReliefTrack\\public\\index.php')
DEBUG - 2026-02-28 13:18:25 --> Session: Class initialized using 'CodeIgniter\Session\Handlers\FileHandler' driver.
DEBUG - 2026-02-28 13:18:26 --> Session: Class initialized using 'CodeIgniter\Session\Handlers\FileHandler' driver.
DEBUG - 2026-02-28 13:18:27 --> Session: Class initialized using 'CodeIgniter\Session\Handlers\FileHandler' driver.
DEBUG - 2026-02-28 13:18:27 --> Session: Class initialized using 'CodeIgniter\Session\Handlers\FileHandler' driver.
DEBUG - 2026-02-28 13:18:27 --> Session: Class initialized using 'CodeIgniter\Session\Handlers\FileHandler' driver.
WARNING - 2026-02-28 13:18:27 --> [DEPRECATED] Optional parameter $familyMemberId declared before required parameter $distributorId is implicitly treated as a required parameter in APPPATH\Models\InventoryModel.php on line 135.
 1 SYSTEMPATH\Autoloader\Autoloader.php(315): include_once('C:\\Users\\Richard Miculob\\Documents\\ReliefTrack\\system\\Debug\\Exceptions.php')
 2 SYSTEMPATH\Autoloader\Autoloader.php(295): CodeIgniter\Autoloader\Autoloader->includeFile('C:\\Users\\Richard Miculob\\Documents\\ReliefTrack\\app\\Models\\InventoryModel.php')
 3 SYSTEMPATH\Autoloader\Autoloader.php(271): CodeIgniter\Autoloader\Autoloader->loadInNamespace('App\\Models\\InventoryModel')
 4 APPPATH\Controllers\Inventory.php(13): CodeIgniter\Autoloader\Autoloader->loadClass('App\\Models\\InventoryModel')
 5 SYSTEMPATH\CodeIgniter.php(933): App\Controllers\Inventory->index()
 6 SYSTEMPATH\CodeIgniter.php(507): CodeIgniter\CodeIgniter->runController(Object(App\Controllers\Inventory))
 7 SYSTEMPATH\CodeIgniter.php(354): CodeIgniter\CodeIgniter->handleRequest(null, Object(Config\Cache), false)
 8 SYSTEMPATH\Boot.php(363): CodeIgniter\CodeIgniter->run()
 9 SYSTEMPATH\Boot.php(68): CodeIgniter\Boot::runCodeIgniter(Object(CodeIgniter\CodeIgniter))
10 FCPATH\index.php(59): CodeIgniter\Boot::bootWeb(Object(Config\Paths))
11 SYSTEMPATH\rewrite.php(44): require_once('C:\\Users\\Richard Miculob\\Documents\\ReliefTrack\\public\\index.php')
DEBUG - 2026-02-28 13:18:28 --> Session: Class initialized using 'CodeIgniter\Session\Handlers\FileHandler' driver.
DEBUG - 2026-02-28 13:18:29 --> Session: Class initialized using 'CodeIgniter\Session\Handlers\FileHandler' driver.
DEBUG - 2026-02-28 13:18:31 --> Session: Class initialized using 'CodeIgniter\Session\Handlers\FileHandler' driver.
WARNING - 2026-02-28 13:18:31 --> [DEPRECATED] Optional parameter $familyMemberId declared before required parameter $distributorId is implicitly treated as a required parameter in APPPATH\Models\InventoryModel.php on line 135.
 1 SYSTEMPATH\Autoloader\Autoloader.php(315): include_once('C:\\Users\\Richard Miculob\\Documents\\ReliefTrack\\system\\Debug\\Exceptions.php')
 2 SYSTEMPATH\Autoloader\Autoloader.php(295): CodeIgniter\Autoloader\Autoloader->includeFile('C:\\Users\\Richard Miculob\\Documents\\ReliefTrack\\app\\Models\\InventoryModel.php')
 3 SYSTEMPATH\Autoloader\Autoloader.php(271): CodeIgniter\Autoloader\Autoloader->loadInNamespace('App\\Models\\InventoryModel')
 4 APPPATH\Controllers\Inventory.php(13): CodeIgniter\Autoloader\Autoloader->loadClass('App\\Models\\InventoryModel')
 5 SYSTEMPATH\CodeIgniter.php(933): App\Controllers\Inventory->index()
 6 SYSTEMPATH\CodeIgniter.php(507): CodeIgniter\CodeIgniter->runController(Object(App\Controllers\Inventory))
 7 SYSTEMPATH\CodeIgniter.php(354): CodeIgniter\CodeIgniter->handleRequest(null, Object(Config\Cache), false)
 8 SYSTEMPATH\Boot.php(363): CodeIgniter\CodeIgniter->run()
 9 SYSTEMPATH\Boot.php(68): CodeIgniter\Boot::runCodeIgniter(Object(CodeIgniter\CodeIgniter))
10 FCPATH\index.php(59): CodeIgniter\Boot::bootWeb(Object(Config\Paths))
11 SYSTEMPATH\rewrite.php(44): require_once('C:\\Users\\Richard Miculob\\Documents\\ReliefTrack\\public\\index.php')
DEBUG - 2026-02-28 13:23:49 --> Session: Class initialized using 'CodeIgniter\Session\Handlers\FileHandler' driver.
WARNING - 2026-02-28 13:23:49 --> [DEPRECATED] Optional parameter $familyMemberId declared before required parameter $distributorId is implicitly treated as a required parameter in APPPATH\Models\InventoryModel.php on line 135.
 1 SYSTEMPATH\Autoloader\Autoloader.php(315): include_once('C:\\Users\\Richard Miculob\\Documents\\ReliefTrack\\system\\Debug\\Exceptions.php')
 2 SYSTEMPATH\Autoloader\Autoloader.php(295): CodeIgniter\Autoloader\Autoloader->includeFile('C:\\Users\\Richard Miculob\\Documents\\ReliefTrack\\app\\Models\\InventoryModel.php')
 3 SYSTEMPATH\Autoloader\Autoloader.php(271): CodeIgniter\Autoloader\Autoloader->loadInNamespace('App\\Models\\InventoryModel')
 4 APPPATH\Controllers\Inventory.php(13): CodeIgniter\Autoloader\Autoloader->loadClass('App\\Models\\InventoryModel')
 5 SYSTEMPATH\CodeIgniter.php(933): App\Controllers\Inventory->index()
 6 SYSTEMPATH\CodeIgniter.php(507): CodeIgniter\CodeIgniter->runController(Object(App\Controllers\Inventory))
 7 SYSTEMPATH\CodeIgniter.php(354): CodeIgniter\CodeIgniter->handleRequest(null, Object(Config\Cache), false)
 8 SYSTEMPATH\Boot.php(363): CodeIgniter\CodeIgniter->run()
 9 SYSTEMPATH\Boot.php(68): CodeIgniter\Boot::runCodeIgniter(Object(CodeIgniter\CodeIgniter))
10 FCPATH\index.php(59): CodeIgniter\Boot::bootWeb(Object(Config\Paths))
11 SYSTEMPATH\rewrite.php(44): require_once('C:\\Users\\Richard Miculob\\Documents\\ReliefTrack\\public\\index.php')
DEBUG - 2026-02-28 13:24:21 --> Session: Class initialized using 'CodeIgniter\Session\Handlers\FileHandler' driver.
WARNING - 2026-02-28 13:24:21 --> [DEPRECATED] Optional parameter $familyMemberId declared before required parameter $distributorId is implicitly treated as a required parameter in APPPATH\Models\InventoryModel.php on line 135.
 1 SYSTEMPATH\Autoloader\Autoloader.php(315): include_once('C:\\Users\\Richard Miculob\\Documents\\ReliefTrack\\system\\Debug\\Exceptions.php')
 2 SYSTEMPATH\Autoloader\Autoloader.php(295): CodeIgniter\Autoloader\Autoloader->includeFile('C:\\Users\\Richard Miculob\\Documents\\ReliefTrack\\app\\Models\\InventoryModel.php')
 3 SYSTEMPATH\Autoloader\Autoloader.php(271): CodeIgniter\Autoloader\Autoloader->loadInNamespace('App\\Models\\InventoryModel')
 4 APPPATH\Controllers\Inventory.php(13): CodeIgniter\Autoloader\Autoloader->loadClass('App\\Models\\InventoryModel')
 5 SYSTEMPATH\CodeIgniter.php(933): App\Controllers\Inventory->index()
 6 SYSTEMPATH\CodeIgniter.php(507): CodeIgniter\CodeIgniter->runController(Object(App\Controllers\Inventory))
 7 SYSTEMPATH\CodeIgniter.php(354): CodeIgniter\CodeIgniter->handleRequest(null, Object(Config\Cache), false)
 8 SYSTEMPATH\Boot.php(363): CodeIgniter\CodeIgniter->run()
 9 SYSTEMPATH\Boot.php(68): CodeIgniter\Boot::runCodeIgniter(Object(CodeIgniter\CodeIgniter))
10 FCPATH\index.php(59): CodeIgniter\Boot::bootWeb(Object(Config\Paths))
11 SYSTEMPATH\rewrite.php(44): require_once('C:\\Users\\Richard Miculob\\Documents\\ReliefTrack\\public\\index.php')
DEBUG - 2026-02-28 13:25:29 --> Session: Class initialized using 'CodeIgniter\Session\Handlers\FileHandler' driver.
WARNING - 2026-02-28 13:25:29 --> [DEPRECATED] Optional parameter $familyMemberId declared before required parameter $distributorId is implicitly treated as a required parameter in APPPATH\Models\InventoryModel.php on line 135.
 1 SYSTEMPATH\Autoloader\Autoloader.php(315): include_once('C:\\Users\\Richard Miculob\\Documents\\ReliefTrack\\system\\Debug\\Exceptions.php')
 2 SYSTEMPATH\Autoloader\Autoloader.php(295): CodeIgniter\Autoloader\Autoloader->includeFile('C:\\Users\\Richard Miculob\\Documents\\ReliefTrack\\app\\Models\\InventoryModel.php')
 3 SYSTEMPATH\Autoloader\Autoloader.php(271): CodeIgniter\Autoloader\Autoloader->loadInNamespace('App\\Models\\InventoryModel')
 4 APPPATH\Controllers\Inventory.php(13): CodeIgniter\Autoloader\Autoloader->loadClass('App\\Models\\InventoryModel')
 5 SYSTEMPATH\CodeIgniter.php(933): App\Controllers\Inventory->index()
 6 SYSTEMPATH\CodeIgniter.php(507): CodeIgniter\CodeIgniter->runController(Object(App\Controllers\Inventory))
 7 SYSTEMPATH\CodeIgniter.php(354): CodeIgniter\CodeIgniter->handleRequest(null, Object(Config\Cache), false)
 8 SYSTEMPATH\Boot.php(363): CodeIgniter\CodeIgniter->run()
 9 SYSTEMPATH\Boot.php(68): CodeIgniter\Boot::runCodeIgniter(Object(CodeIgniter\CodeIgniter))
10 FCPATH\index.php(59): CodeIgniter\Boot::bootWeb(Object(Config\Paths))
11 SYSTEMPATH\rewrite.php(44): require_once('C:\\Users\\Richard Miculob\\Documents\\ReliefTrack\\public\\index.php')
DEBUG - 2026-02-28 13:25:57 --> Session: Class initialized using 'CodeIgniter\Session\Handlers\FileHandler' driver.
WARNING - 2026-02-28 13:25:57 --> [DEPRECATED] Optional parameter $familyMemberId declared before required parameter $distributorId is implicitly treated as a required parameter in APPPATH\Models\InventoryModel.php on line 135.
 1 SYSTEMPATH\Autoloader\Autoloader.php(315): include_once('C:\\Users\\Richard Miculob\\Documents\\ReliefTrack\\system\\Debug\\Exceptions.php')
 2 SYSTEMPATH\Autoloader\Autoloader.php(295): CodeIgniter\Autoloader\Autoloader->includeFile('C:\\Users\\Richard Miculob\\Documents\\ReliefTrack\\app\\Models\\InventoryModel.php')
 3 SYSTEMPATH\Autoloader\Autoloader.php(271): CodeIgniter\Autoloader\Autoloader->loadInNamespace('App\\Models\\InventoryModel')
 4 APPPATH\Controllers\Inventory.php(13): CodeIgniter\Autoloader\Autoloader->loadClass('App\\Models\\InventoryModel')
 5 SYSTEMPATH\CodeIgniter.php(933): App\Controllers\Inventory->index()
 6 SYSTEMPATH\CodeIgniter.php(507): CodeIgniter\CodeIgniter->runController(Object(App\Controllers\Inventory))
 7 SYSTEMPATH\CodeIgniter.php(354): CodeIgniter\CodeIgniter->handleRequest(null, Object(Config\Cache), false)
 8 SYSTEMPATH\Boot.php(363): CodeIgniter\CodeIgniter->run()
 9 SYSTEMPATH\Boot.php(68): CodeIgniter\Boot::runCodeIgniter(Object(CodeIgniter\CodeIgniter))
10 FCPATH\index.php(59): CodeIgniter\Boot::bootWeb(Object(Config\Paths))
11 SYSTEMPATH\rewrite.php(44): require_once('C:\\Users\\Richard Miculob\\Documents\\ReliefTrack\\public\\index.php')
DEBUG - 2026-02-28 13:26:02 --> Session: Class initialized using 'CodeIgniter\Session\Handlers\FileHandler' driver.
WARNING - 2026-02-28 13:26:02 --> [DEPRECATED] Optional parameter $familyMemberId declared before required parameter $distributorId is implicitly treated as a required parameter in APPPATH\Models\InventoryModel.php on line 135.
 1 SYSTEMPATH\Autoloader\Autoloader.php(315): include_once('C:\\Users\\Richard Miculob\\Documents\\ReliefTrack\\system\\Debug\\Exceptions.php')
 2 SYSTEMPATH\Autoloader\Autoloader.php(295): CodeIgniter\Autoloader\Autoloader->includeFile('C:\\Users\\Richard Miculob\\Documents\\ReliefTrack\\app\\Models\\InventoryModel.php')
 3 SYSTEMPATH\Autoloader\Autoloader.php(271): CodeIgniter\Autoloader\Autoloader->loadInNamespace('App\\Models\\InventoryModel')
 4 APPPATH\Controllers\Inventory.php(13): CodeIgniter\Autoloader\Autoloader->loadClass('App\\Models\\InventoryModel')
 5 SYSTEMPATH\CodeIgniter.php(933): App\Controllers\Inventory->index()
 6 SYSTEMPATH\CodeIgniter.php(507): CodeIgniter\CodeIgniter->runController(Object(App\Controllers\Inventory))
 7 SYSTEMPATH\CodeIgniter.php(354): CodeIgniter\CodeIgniter->handleRequest(null, Object(Config\Cache), false)
 8 SYSTEMPATH\Boot.php(363): CodeIgniter\CodeIgniter->run()
 9 SYSTEMPATH\Boot.php(68): CodeIgniter\Boot::runCodeIgniter(Object(CodeIgniter\CodeIgniter))
10 FCPATH\index.php(59): CodeIgniter\Boot::bootWeb(Object(Config\Paths))
11 SYSTEMPATH\rewrite.php(44): require_once('C:\\Users\\Richard Miculob\\Documents\\ReliefTrack\\public\\index.php')
DEBUG - 2026-02-28 13:33:21 --> Session: Class initialized using 'CodeIgniter\Session\Handlers\FileHandler' driver.
WARNING - 2026-02-28 13:33:21 --> [DEPRECATED] Optional parameter $familyMemberId declared before required parameter $distributorId is implicitly treated as a required parameter in APPPATH\Models\InventoryModel.php on line 135.
 1 SYSTEMPATH\Autoloader\Autoloader.php(315): include_once('C:\\Users\\Richard Miculob\\Documents\\ReliefTrack\\system\\Debug\\Exceptions.php')
 2 SYSTEMPATH\Autoloader\Autoloader.php(295): CodeIgniter\Autoloader\Autoloader->includeFile('C:\\Users\\Richard Miculob\\Documents\\ReliefTrack\\app\\Models\\InventoryModel.php')
 3 SYSTEMPATH\Autoloader\Autoloader.php(271): CodeIgniter\Autoloader\Autoloader->loadInNamespace('App\\Models\\InventoryModel')
 4 APPPATH\Controllers\Inventory.php(13): CodeIgniter\Autoloader\Autoloader->loadClass('App\\Models\\InventoryModel')
 5 SYSTEMPATH\CodeIgniter.php(933): App\Controllers\Inventory->index()
 6 SYSTEMPATH\CodeIgniter.php(507): CodeIgniter\CodeIgniter->runController(Object(App\Controllers\Inventory))
 7 SYSTEMPATH\CodeIgniter.php(354): CodeIgniter\CodeIgniter->handleRequest(null, Object(Config\Cache), false)
 8 SYSTEMPATH\Boot.php(363): CodeIgniter\CodeIgniter->run()
 9 SYSTEMPATH\Boot.php(68): CodeIgniter\Boot::runCodeIgniter(Object(CodeIgniter\CodeIgniter))
10 FCPATH\index.php(59): CodeIgniter\Boot::bootWeb(Object(Config\Paths))
11 SYSTEMPATH\rewrite.php(44): require_once('C:\\Users\\Richard Miculob\\Documents\\ReliefTrack\\public\\index.php')
DEBUG - 2026-02-28 13:34:18 --> Session: Class initialized using 'CodeIgniter\Session\Handlers\FileHandler' driver.
WARNING - 2026-02-28 13:34:18 --> [DEPRECATED] Optional parameter $familyMemberId declared before required parameter $distributorId is implicitly treated as a required parameter in APPPATH\Models\InventoryModel.php on line 135.
 1 SYSTEMPATH\Autoloader\Autoloader.php(315): include_once('C:\\Users\\Richard Miculob\\Documents\\ReliefTrack\\system\\Debug\\Exceptions.php')
 2 SYSTEMPATH\Autoloader\Autoloader.php(295): CodeIgniter\Autoloader\Autoloader->includeFile('C:\\Users\\Richard Miculob\\Documents\\ReliefTrack\\app\\Models\\InventoryModel.php')
 3 SYSTEMPATH\Autoloader\Autoloader.php(271): CodeIgniter\Autoloader\Autoloader->loadInNamespace('App\\Models\\InventoryModel')
 4 APPPATH\Controllers\Inventory.php(13): CodeIgniter\Autoloader\Autoloader->loadClass('App\\Models\\InventoryModel')
 5 SYSTEMPATH\CodeIgniter.php(933): App\Controllers\Inventory->index()
 6 SYSTEMPATH\CodeIgniter.php(507): CodeIgniter\CodeIgniter->runController(Object(App\Controllers\Inventory))
 7 SYSTEMPATH\CodeIgniter.php(354): CodeIgniter\CodeIgniter->handleRequest(null, Object(Config\Cache), false)
 8 SYSTEMPATH\Boot.php(363): CodeIgniter\CodeIgniter->run()
 9 SYSTEMPATH\Boot.php(68): CodeIgniter\Boot::runCodeIgniter(Object(CodeIgniter\CodeIgniter))
10 FCPATH\index.php(59): CodeIgniter\Boot::bootWeb(Object(Config\Paths))
11 SYSTEMPATH\rewrite.php(44): require_once('C:\\Users\\Richard Miculob\\Documents\\ReliefTrack\\public\\index.php')
DEBUG - 2026-02-28 13:35:15 --> Session: Class initialized using 'CodeIgniter\Session\Handlers\FileHandler' driver.
WARNING - 2026-02-28 13:35:15 --> [DEPRECATED] Optional parameter $familyMemberId declared before required parameter $distributorId is implicitly treated as a required parameter in APPPATH\Models\InventoryModel.php on line 135.
 1 SYSTEMPATH\Autoloader\Autoloader.php(315): include_once('C:\\Users\\Richard Miculob\\Documents\\ReliefTrack\\system\\Debug\\Exceptions.php')
 2 SYSTEMPATH\Autoloader\Autoloader.php(295): CodeIgniter\Autoloader\Autoloader->includeFile('C:\\Users\\Richard Miculob\\Documents\\ReliefTrack\\app\\Models\\InventoryModel.php')
 3 SYSTEMPATH\Autoloader\Autoloader.php(271): CodeIgniter\Autoloader\Autoloader->loadInNamespace('App\\Models\\InventoryModel')
 4 APPPATH\Controllers\Inventory.php(13): CodeIgniter\Autoloader\Autoloader->loadClass('App\\Models\\InventoryModel')
 5 SYSTEMPATH\CodeIgniter.php(933): App\Controllers\Inventory->index()
 6 SYSTEMPATH\CodeIgniter.php(507): CodeIgniter\CodeIgniter->runController(Object(App\Controllers\Inventory))
 7 SYSTEMPATH\CodeIgniter.php(354): CodeIgniter\CodeIgniter->handleRequest(null, Object(Config\Cache), false)
 8 SYSTEMPATH\Boot.php(363): CodeIgniter\CodeIgniter->run()
 9 SYSTEMPATH\Boot.php(68): CodeIgniter\Boot::runCodeIgniter(Object(CodeIgniter\CodeIgniter))
10 FCPATH\index.php(59): CodeIgniter\Boot::bootWeb(Object(Config\Paths))
11 SYSTEMPATH\rewrite.php(44): require_once('C:\\Users\\Richard Miculob\\Documents\\ReliefTrack\\public\\index.php')
DEBUG - 2026-02-28 13:35:25 --> Session: Class initialized using 'CodeIgniter\Session\Handlers\FileHandler' driver.
WARNING - 2026-02-28 13:35:25 --> [DEPRECATED] Optional parameter $familyMemberId declared before required parameter $distributorId is implicitly treated as a required parameter in APPPATH\Models\InventoryModel.php on line 135.
 1 SYSTEMPATH\Autoloader\Autoloader.php(315): include_once('C:\\Users\\Richard Miculob\\Documents\\ReliefTrack\\system\\Debug\\Exceptions.php')
 2 SYSTEMPATH\Autoloader\Autoloader.php(295): CodeIgniter\Autoloader\Autoloader->includeFile('C:\\Users\\Richard Miculob\\Documents\\ReliefTrack\\app\\Models\\InventoryModel.php')
 3 SYSTEMPATH\Autoloader\Autoloader.php(271): CodeIgniter\Autoloader\Autoloader->loadInNamespace('App\\Models\\InventoryModel')
 4 APPPATH\Controllers\Inventory.php(214): CodeIgniter\Autoloader\Autoloader->loadClass('App\\Models\\InventoryModel')
 5 SYSTEMPATH\CodeIgniter.php(933): App\Controllers\Inventory->delete('1')
 6 SYSTEMPATH\CodeIgniter.php(507): CodeIgniter\CodeIgniter->runController(Object(App\Controllers\Inventory))
 7 SYSTEMPATH\CodeIgniter.php(354): CodeIgniter\CodeIgniter->handleRequest(null, Object(Config\Cache), false)
 8 SYSTEMPATH\Boot.php(363): CodeIgniter\CodeIgniter->run()
 9 SYSTEMPATH\Boot.php(68): CodeIgniter\Boot::runCodeIgniter(Object(CodeIgniter\CodeIgniter))
10 FCPATH\index.php(59): CodeIgniter\Boot::bootWeb(Object(Config\Paths))
11 SYSTEMPATH\rewrite.php(44): require_once('C:\\Users\\Richard Miculob\\Documents\\ReliefTrack\\public\\index.php')
DEBUG - 2026-02-28 13:35:25 --> Session: Class initialized using 'CodeIgniter\Session\Handlers\FileHandler' driver.
WARNING - 2026-02-28 13:35:25 --> [DEPRECATED] Optional parameter $familyMemberId declared before required parameter $distributorId is implicitly treated as a required parameter in APPPATH\Models\InventoryModel.php on line 135.
 1 SYSTEMPATH\Autoloader\Autoloader.php(315): include_once('C:\\Users\\Richard Miculob\\Documents\\ReliefTrack\\system\\Debug\\Exceptions.php')
 2 SYSTEMPATH\Autoloader\Autoloader.php(295): CodeIgniter\Autoloader\Autoloader->includeFile('C:\\Users\\Richard Miculob\\Documents\\ReliefTrack\\app\\Models\\InventoryModel.php')
 3 SYSTEMPATH\Autoloader\Autoloader.php(271): CodeIgniter\Autoloader\Autoloader->loadInNamespace('App\\Models\\InventoryModel')
 4 APPPATH\Controllers\Inventory.php(13): CodeIgniter\Autoloader\Autoloader->loadClass('App\\Models\\InventoryModel')
 5 SYSTEMPATH\CodeIgniter.php(933): App\Controllers\Inventory->index()
 6 SYSTEMPATH\CodeIgniter.php(507): CodeIgniter\CodeIgniter->runController(Object(App\Controllers\Inventory))
 7 SYSTEMPATH\CodeIgniter.php(354): CodeIgniter\CodeIgniter->handleRequest(null, Object(Config\Cache), false)
 8 SYSTEMPATH\Boot.php(363): CodeIgniter\CodeIgniter->run()
 9 SYSTEMPATH\Boot.php(68): CodeIgniter\Boot::runCodeIgniter(Object(CodeIgniter\CodeIgniter))
10 FCPATH\index.php(59): CodeIgniter\Boot::bootWeb(Object(Config\Paths))
11 SYSTEMPATH\rewrite.php(44): require_once('C:\\Users\\Richard Miculob\\Documents\\ReliefTrack\\public\\index.php')
DEBUG - 2026-02-28 13:35:27 --> Session: Class initialized using 'CodeIgniter\Session\Handlers\FileHandler' driver.
WARNING - 2026-02-28 13:35:27 --> [DEPRECATED] Optional parameter $familyMemberId declared before required parameter $distributorId is implicitly treated as a required parameter in APPPATH\Models\InventoryModel.php on line 135.
 1 SYSTEMPATH\Autoloader\Autoloader.php(315): include_once('C:\\Users\\Richard Miculob\\Documents\\ReliefTrack\\system\\Debug\\Exceptions.php')
 2 SYSTEMPATH\Autoloader\Autoloader.php(295): CodeIgniter\Autoloader\Autoloader->includeFile('C:\\Users\\Richard Miculob\\Documents\\ReliefTrack\\app\\Models\\InventoryModel.php')
 3 SYSTEMPATH\Autoloader\Autoloader.php(271): CodeIgniter\Autoloader\Autoloader->loadInNamespace('App\\Models\\InventoryModel')
 4 APPPATH\Controllers\Inventory.php(214): CodeIgniter\Autoloader\Autoloader->loadClass('App\\Models\\InventoryModel')
 5 SYSTEMPATH\CodeIgniter.php(933): App\Controllers\Inventory->delete('2')
 6 SYSTEMPATH\CodeIgniter.php(507): CodeIgniter\CodeIgniter->runController(Object(App\Controllers\Inventory))
 7 SYSTEMPATH\CodeIgniter.php(354): CodeIgniter\CodeIgniter->handleRequest(null, Object(Config\Cache), false)
 8 SYSTEMPATH\Boot.php(363): CodeIgniter\CodeIgniter->run()
 9 SYSTEMPATH\Boot.php(68): CodeIgniter\Boot::runCodeIgniter(Object(CodeIgniter\CodeIgniter))
10 FCPATH\index.php(59): CodeIgniter\Boot::bootWeb(Object(Config\Paths))
11 SYSTEMPATH\rewrite.php(44): require_once('C:\\Users\\Richard Miculob\\Documents\\ReliefTrack\\public\\index.php')
DEBUG - 2026-02-28 13:35:28 --> Session: Class initialized using 'CodeIgniter\Session\Handlers\FileHandler' driver.
WARNING - 2026-02-28 13:35:28 --> [DEPRECATED] Optional parameter $familyMemberId declared before required parameter $distributorId is implicitly treated as a required parameter in APPPATH\Models\InventoryModel.php on line 135.
 1 SYSTEMPATH\Autoloader\Autoloader.php(315): include_once('C:\\Users\\Richard Miculob\\Documents\\ReliefTrack\\system\\Debug\\Exceptions.php')
 2 SYSTEMPATH\Autoloader\Autoloader.php(295): CodeIgniter\Autoloader\Autoloader->includeFile('C:\\Users\\Richard Miculob\\Documents\\ReliefTrack\\app\\Models\\InventoryModel.php')
 3 SYSTEMPATH\Autoloader\Autoloader.php(271): CodeIgniter\Autoloader\Autoloader->loadInNamespace('App\\Models\\InventoryModel')
 4 APPPATH\Controllers\Inventory.php(13): CodeIgniter\Autoloader\Autoloader->loadClass('App\\Models\\InventoryModel')
 5 SYSTEMPATH\CodeIgniter.php(933): App\Controllers\Inventory->index()
 6 SYSTEMPATH\CodeIgniter.php(507): CodeIgniter\CodeIgniter->runController(Object(App\Controllers\Inventory))
 7 SYSTEMPATH\CodeIgniter.php(354): CodeIgniter\CodeIgniter->handleRequest(null, Object(Config\Cache), false)
 8 SYSTEMPATH\Boot.php(363): CodeIgniter\CodeIgniter->run()
 9 SYSTEMPATH\Boot.php(68): CodeIgniter\Boot::runCodeIgniter(Object(CodeIgniter\CodeIgniter))
10 FCPATH\index.php(59): CodeIgniter\Boot::bootWeb(Object(Config\Paths))
11 SYSTEMPATH\rewrite.php(44): require_once('C:\\Users\\Richard Miculob\\Documents\\ReliefTrack\\public\\index.php')
DEBUG - 2026-02-28 13:35:29 --> Session: Class initialized using 'CodeIgniter\Session\Handlers\FileHandler' driver.
WARNING - 2026-02-28 13:35:29 --> [DEPRECATED] Optional parameter $familyMemberId declared before required parameter $distributorId is implicitly treated as a required parameter in APPPATH\Models\InventoryModel.php on line 135.
 1 SYSTEMPATH\Autoloader\Autoloader.php(315): include_once('C:\\Users\\Richard Miculob\\Documents\\ReliefTrack\\system\\Debug\\Exceptions.php')
 2 SYSTEMPATH\Autoloader\Autoloader.php(295): CodeIgniter\Autoloader\Autoloader->includeFile('C:\\Users\\Richard Miculob\\Documents\\ReliefTrack\\app\\Models\\InventoryModel.php')
 3 SYSTEMPATH\Autoloader\Autoloader.php(271): CodeIgniter\Autoloader\Autoloader->loadInNamespace('App\\Models\\InventoryModel')
 4 APPPATH\Controllers\Inventory.php(214): CodeIgniter\Autoloader\Autoloader->loadClass('App\\Models\\InventoryModel')
 5 SYSTEMPATH\CodeIgniter.php(933): App\Controllers\Inventory->delete('3')
 6 SYSTEMPATH\CodeIgniter.php(507): CodeIgniter\CodeIgniter->runController(Object(App\Controllers\Inventory))
 7 SYSTEMPATH\CodeIgniter.php(354): CodeIgniter\CodeIgniter->handleRequest(null, Object(Config\Cache), false)
 8 SYSTEMPATH\Boot.php(363): CodeIgniter\CodeIgniter->run()
 9 SYSTEMPATH\Boot.php(68): CodeIgniter\Boot::runCodeIgniter(Object(CodeIgniter\CodeIgniter))
10 FCPATH\index.php(59): CodeIgniter\Boot::bootWeb(Object(Config\Paths))
11 SYSTEMPATH\rewrite.php(44): require_once('C:\\Users\\Richard Miculob\\Documents\\ReliefTrack\\public\\index.php')
DEBUG - 2026-02-28 13:35:29 --> Session: Class initialized using 'CodeIgniter\Session\Handlers\FileHandler' driver.
WARNING - 2026-02-28 13:35:29 --> [DEPRECATED] Optional parameter $familyMemberId declared before required parameter $distributorId is implicitly treated as a required parameter in APPPATH\Models\InventoryModel.php on line 135.
 1 SYSTEMPATH\Autoloader\Autoloader.php(315): include_once('C:\\Users\\Richard Miculob\\Documents\\ReliefTrack\\system\\Debug\\Exceptions.php')
 2 SYSTEMPATH\Autoloader\Autoloader.php(295): CodeIgniter\Autoloader\Autoloader->includeFile('C:\\Users\\Richard Miculob\\Documents\\ReliefTrack\\app\\Models\\InventoryModel.php')
 3 SYSTEMPATH\Autoloader\Autoloader.php(271): CodeIgniter\Autoloader\Autoloader->loadInNamespace('App\\Models\\InventoryModel')
 4 APPPATH\Controllers\Inventory.php(13): CodeIgniter\Autoloader\Autoloader->loadClass('App\\Models\\InventoryModel')
 5 SYSTEMPATH\CodeIgniter.php(933): App\Controllers\Inventory->index()
 6 SYSTEMPATH\CodeIgniter.php(507): CodeIgniter\CodeIgniter->runController(Object(App\Controllers\Inventory))
 7 SYSTEMPATH\CodeIgniter.php(354): CodeIgniter\CodeIgniter->handleRequest(null, Object(Config\Cache), false)
 8 SYSTEMPATH\Boot.php(363): CodeIgniter\CodeIgniter->run()
 9 SYSTEMPATH\Boot.php(68): CodeIgniter\Boot::runCodeIgniter(Object(CodeIgniter\CodeIgniter))
10 FCPATH\index.php(59): CodeIgniter\Boot::bootWeb(Object(Config\Paths))
11 SYSTEMPATH\rewrite.php(44): require_once('C:\\Users\\Richard Miculob\\Documents\\ReliefTrack\\public\\index.php')
DEBUG - 2026-02-28 13:36:19 --> Session: Class initialized using 'CodeIgniter\Session\Handlers\FileHandler' driver.
DEBUG - 2026-02-28 13:38:46 --> Session: Class initialized using 'CodeIgniter\Session\Handlers\FileHandler' driver.
WARNING - 2026-02-28 13:38:46 --> [DEPRECATED] Optional parameter $familyMemberId declared before required parameter $distributorId is implicitly treated as a required parameter in APPPATH\Models\InventoryModel.php on line 135.
 1 SYSTEMPATH\Autoloader\Autoloader.php(315): include_once('C:\\Users\\Richard Miculob\\Documents\\ReliefTrack\\system\\Debug\\Exceptions.php')
 2 SYSTEMPATH\Autoloader\Autoloader.php(295): CodeIgniter\Autoloader\Autoloader->includeFile('C:\\Users\\Richard Miculob\\Documents\\ReliefTrack\\app\\Models\\InventoryModel.php')
 3 SYSTEMPATH\Autoloader\Autoloader.php(271): CodeIgniter\Autoloader\Autoloader->loadInNamespace('App\\Models\\InventoryModel')
 4 APPPATH\Controllers\Inventory.php(90): CodeIgniter\Autoloader\Autoloader->loadClass('App\\Models\\InventoryModel')
 5 SYSTEMPATH\CodeIgniter.php(933): App\Controllers\Inventory->saveItemWithBatch()
 6 SYSTEMPATH\CodeIgniter.php(507): CodeIgniter\CodeIgniter->runController(Object(App\Controllers\Inventory))
 7 SYSTEMPATH\CodeIgniter.php(354): CodeIgniter\CodeIgniter->handleRequest(null, Object(Config\Cache), false)
 8 SYSTEMPATH\Boot.php(363): CodeIgniter\CodeIgniter->run()
 9 SYSTEMPATH\Boot.php(68): CodeIgniter\Boot::runCodeIgniter(Object(CodeIgniter\CodeIgniter))
10 FCPATH\index.php(59): CodeIgniter\Boot::bootWeb(Object(Config\Paths))
11 SYSTEMPATH\rewrite.php(44): require_once('C:\\Users\\Richard Miculob\\Documents\\ReliefTrack\\public\\index.php')
ERROR - 2026-02-28 13:38:46 --> mysqli_sql_exception: Unknown column 'created_at' in 'field list' in C:\Users\Richard Miculob\Documents\ReliefTrack\system\Database\MySQLi\Connection.php:327
Stack trace:
#0 C:\Users\Richard Miculob\Documents\ReliefTrack\system\Database\MySQLi\Connection.php(327): mysqli->query('INSERT INTO `in...', 0)
#1 C:\Users\Richard Miculob\Documents\ReliefTrack\system\Database\BaseConnection.php(729): CodeIgniter\Database\MySQLi\Connection->execute('INSERT INTO `in...')
#2 C:\Users\Richard Miculob\Documents\ReliefTrack\system\Database\BaseConnection.php(646): CodeIgniter\Database\BaseConnection->simpleQuery('INSERT INTO `in...')
#3 C:\Users\Richard Miculob\Documents\ReliefTrack\system\Database\BaseBuilder.php(2345): CodeIgniter\Database\BaseConnection->query('INSERT INTO `in...', Array, false)
#4 C:\Users\Richard Miculob\Documents\ReliefTrack\system\Model.php(394): CodeIgniter\Database\BaseBuilder->insert()
#5 C:\Users\Richard Miculob\Documents\ReliefTrack\system\BaseModel.php(838): CodeIgniter\Model->doInsert(Array)
#6 C:\Users\Richard Miculob\Documents\ReliefTrack\system\Model.php(797): CodeIgniter\BaseModel->insert(Array, true)
#7 C:\Users\Richard Miculob\Documents\ReliefTrack\app\Models\InventoryModel.php(54): CodeIgniter\Model->insert(Array)
#8 C:\Users\Richard Miculob\Documents\ReliefTrack\app\Controllers\Inventory.php(118): App\Models\InventoryModel->addWithBatch(Array, Array)
#9 C:\Users\Richard Miculob\Documents\ReliefTrack\system\CodeIgniter.php(933): App\Controllers\Inventory->saveItemWithBatch()
#10 C:\Users\Richard Miculob\Documents\ReliefTrack\system\CodeIgniter.php(507): CodeIgniter\CodeIgniter->runController(Object(App\Controllers\Inventory))
#11 C:\Users\Richard Miculob\Documents\ReliefTrack\system\CodeIgniter.php(354): CodeIgniter\CodeIgniter->handleRequest(NULL, Object(Config\Cache), false)
#12 C:\Users\Richard Miculob\Documents\ReliefTrack\system\Boot.php(363): CodeIgniter\CodeIgniter->run()
#13 C:\Users\Richard Miculob\Documents\ReliefTrack\system\Boot.php(68): CodeIgniter\Boot::runCodeIgniter(Object(CodeIgniter\CodeIgniter))
#14 C:\Users\Richard Miculob\Documents\ReliefTrack\public\index.php(59): CodeIgniter\Boot::bootWeb(Object(Config\Paths))
#15 C:\Users\Richard Miculob\Documents\ReliefTrack\system\rewrite.php(44): require_once('C:\\Users\\Richar...')
#16 {main}
ERROR - 2026-02-28 13:38:46 --> mysqli_sql_exception: Cannot add or update a child row: a foreign key constraint fails (`disaster_relief_db`.`inventory_batches`, CONSTRAINT `inventory_batches_ibfk_1` FOREIGN KEY (`inventory_id`) REFERENCES `inventory` (`id`) ON DELETE CASCADE) in C:\Users\Richard Miculob\Documents\ReliefTrack\system\Database\MySQLi\Connection.php:327
Stack trace:
#0 C:\Users\Richard Miculob\Documents\ReliefTrack\system\Database\MySQLi\Connection.php(327): mysqli->query('INSERT INTO `in...', 0)
#1 C:\Users\Richard Miculob\Documents\ReliefTrack\system\Database\BaseConnection.php(729): CodeIgniter\Database\MySQLi\Connection->execute('INSERT INTO `in...')
#2 C:\Users\Richard Miculob\Documents\ReliefTrack\system\Database\BaseConnection.php(646): CodeIgniter\Database\BaseConnection->simpleQuery('INSERT INTO `in...')
#3 C:\Users\Richard Miculob\Documents\ReliefTrack\system\Database\BaseBuilder.php(2345): CodeIgniter\Database\BaseConnection->query('INSERT INTO `in...', Array, false)
#4 C:\Users\Richard Miculob\Documents\ReliefTrack\system\Model.php(394): CodeIgniter\Database\BaseBuilder->insert()
#5 C:\Users\Richard Miculob\Documents\ReliefTrack\system\BaseModel.php(838): CodeIgniter\Model->doInsert(Array)
#6 C:\Users\Richard Miculob\Documents\ReliefTrack\system\Model.php(797): CodeIgniter\BaseModel->insert(Array, true)
#7 C:\Users\Richard Miculob\Documents\ReliefTrack\app\Models\InventoryModel.php(80): CodeIgniter\Model->insert(Array)
#8 C:\Users\Richard Miculob\Documents\ReliefTrack\app\Controllers\Inventory.php(118): App\Models\InventoryModel->addWithBatch(Array, Array)
#9 C:\Users\Richard Miculob\Documents\ReliefTrack\system\CodeIgniter.php(933): App\Controllers\Inventory->saveItemWithBatch()
#10 C:\Users\Richard Miculob\Documents\ReliefTrack\system\CodeIgniter.php(507): CodeIgniter\CodeIgniter->runController(Object(App\Controllers\Inventory))
#11 C:\Users\Richard Miculob\Documents\ReliefTrack\system\CodeIgniter.php(354): CodeIgniter\CodeIgniter->handleRequest(NULL, Object(Config\Cache), false)
#12 C:\Users\Richard Miculob\Documents\ReliefTrack\system\Boot.php(363): CodeIgniter\CodeIgniter->run()
#13 C:\Users\Richard Miculob\Documents\ReliefTrack\system\Boot.php(68): CodeIgniter\Boot::runCodeIgniter(Object(CodeIgniter\CodeIgniter))
#14 C:\Users\Richard Miculob\Documents\ReliefTrack\public\index.php(59): CodeIgniter\Boot::bootWeb(Object(Config\Paths))
#15 C:\Users\Richard Miculob\Documents\ReliefTrack\system\rewrite.php(44): require_once('C:\\Users\\Richar...')
#16 {main}
DEBUG - 2026-02-28 13:38:48 --> Session: Class initialized using 'CodeIgniter\Session\Handlers\FileHandler' driver.
DEBUG - 2026-02-28 13:38:51 --> Session: Class initialized using 'CodeIgniter\Session\Handlers\FileHandler' driver.
WARNING - 2026-02-28 13:38:51 --> [DEPRECATED] Optional parameter $familyMemberId declared before required parameter $distributorId is implicitly treated as a required parameter in APPPATH\Models\InventoryModel.php on line 135.
 1 SYSTEMPATH\Autoloader\Autoloader.php(315): include_once('C:\\Users\\Richard Miculob\\Documents\\ReliefTrack\\system\\Debug\\Exceptions.php')
 2 SYSTEMPATH\Autoloader\Autoloader.php(295): CodeIgniter\Autoloader\Autoloader->includeFile('C:\\Users\\Richard Miculob\\Documents\\ReliefTrack\\app\\Models\\InventoryModel.php')
 3 SYSTEMPATH\Autoloader\Autoloader.php(271): CodeIgniter\Autoloader\Autoloader->loadInNamespace('App\\Models\\InventoryModel')
 4 APPPATH\Controllers\Inventory.php(13): CodeIgniter\Autoloader\Autoloader->loadClass('App\\Models\\InventoryModel')
 5 SYSTEMPATH\CodeIgniter.php(933): App\Controllers\Inventory->index()
 6 SYSTEMPATH\CodeIgniter.php(507): CodeIgniter\CodeIgniter->runController(Object(App\Controllers\Inventory))
 7 SYSTEMPATH\CodeIgniter.php(354): CodeIgniter\CodeIgniter->handleRequest(null, Object(Config\Cache), false)
 8 SYSTEMPATH\Boot.php(363): CodeIgniter\CodeIgniter->run()
 9 SYSTEMPATH\Boot.php(68): CodeIgniter\Boot::runCodeIgniter(Object(CodeIgniter\CodeIgniter))
10 FCPATH\index.php(59): CodeIgniter\Boot::bootWeb(Object(Config\Paths))
11 SYSTEMPATH\rewrite.php(44): require_once('C:\\Users\\Richard Miculob\\Documents\\ReliefTrack\\public\\index.php')
DEBUG - 2026-02-28 13:38:52 --> Session: Class initialized using 'CodeIgniter\Session\Handlers\FileHandler' driver.
DEBUG - 2026-02-28 13:39:34 --> Session: Class initialized using 'CodeIgniter\Session\Handlers\FileHandler' driver.
WARNING - 2026-02-28 13:39:34 --> [DEPRECATED] Optional parameter $familyMemberId declared before required parameter $distributorId is implicitly treated as a required parameter in APPPATH\Models\InventoryModel.php on line 135.
 1 SYSTEMPATH\Autoloader\Autoloader.php(315): include_once('C:\\Users\\Richard Miculob\\Documents\\ReliefTrack\\system\\Debug\\Exceptions.php')
 2 SYSTEMPATH\Autoloader\Autoloader.php(295): CodeIgniter\Autoloader\Autoloader->includeFile('C:\\Users\\Richard Miculob\\Documents\\ReliefTrack\\app\\Models\\InventoryModel.php')
 3 SYSTEMPATH\Autoloader\Autoloader.php(271): CodeIgniter\Autoloader\Autoloader->loadInNamespace('App\\Models\\InventoryModel')
 4 APPPATH\Controllers\Inventory.php(90): CodeIgniter\Autoloader\Autoloader->loadClass('App\\Models\\InventoryModel')
 5 SYSTEMPATH\CodeIgniter.php(933): App\Controllers\Inventory->saveItemWithBatch()
 6 SYSTEMPATH\CodeIgniter.php(507): CodeIgniter\CodeIgniter->runController(Object(App\Controllers\Inventory))
 7 SYSTEMPATH\CodeIgniter.php(354): CodeIgniter\CodeIgniter->handleRequest(null, Object(Config\Cache), false)
 8 SYSTEMPATH\Boot.php(363): CodeIgniter\CodeIgniter->run()
 9 SYSTEMPATH\Boot.php(68): CodeIgniter\Boot::runCodeIgniter(Object(CodeIgniter\CodeIgniter))
10 FCPATH\index.php(59): CodeIgniter\Boot::bootWeb(Object(Config\Paths))
11 SYSTEMPATH\rewrite.php(44): require_once('C:\\Users\\Richard Miculob\\Documents\\ReliefTrack\\public\\index.php')
ERROR - 2026-02-28 13:39:34 --> mysqli_sql_exception: Unknown column 'created_at' in 'field list' in C:\Users\Richard Miculob\Documents\ReliefTrack\system\Database\MySQLi\Connection.php:327
Stack trace:
#0 C:\Users\Richard Miculob\Documents\ReliefTrack\system\Database\MySQLi\Connection.php(327): mysqli->query('INSERT INTO `in...', 0)
#1 C:\Users\Richard Miculob\Documents\ReliefTrack\system\Database\BaseConnection.php(729): CodeIgniter\Database\MySQLi\Connection->execute('INSERT INTO `in...')
#2 C:\Users\Richard Miculob\Documents\ReliefTrack\system\Database\BaseConnection.php(646): CodeIgniter\Database\BaseConnection->simpleQuery('INSERT INTO `in...')
#3 C:\Users\Richard Miculob\Documents\ReliefTrack\system\Database\BaseBuilder.php(2345): CodeIgniter\Database\BaseConnection->query('INSERT INTO `in...', Array, false)
#4 C:\Users\Richard Miculob\Documents\ReliefTrack\system\Model.php(394): CodeIgniter\Database\BaseBuilder->insert()
#5 C:\Users\Richard Miculob\Documents\ReliefTrack\system\BaseModel.php(838): CodeIgniter\Model->doInsert(Array)
#6 C:\Users\Richard Miculob\Documents\ReliefTrack\system\Model.php(797): CodeIgniter\BaseModel->insert(Array, true)
#7 C:\Users\Richard Miculob\Documents\ReliefTrack\app\Models\InventoryModel.php(54): CodeIgniter\Model->insert(Array)
#8 C:\Users\Richard Miculob\Documents\ReliefTrack\app\Controllers\Inventory.php(118): App\Models\InventoryModel->addWithBatch(Array, Array)
#9 C:\Users\Richard Miculob\Documents\ReliefTrack\system\CodeIgniter.php(933): App\Controllers\Inventory->saveItemWithBatch()
#10 C:\Users\Richard Miculob\Documents\ReliefTrack\system\CodeIgniter.php(507): CodeIgniter\CodeIgniter->runController(Object(App\Controllers\Inventory))
#11 C:\Users\Richard Miculob\Documents\ReliefTrack\system\CodeIgniter.php(354): CodeIgniter\CodeIgniter->handleRequest(NULL, Object(Config\Cache), false)
#12 C:\Users\Richard Miculob\Documents\ReliefTrack\system\Boot.php(363): CodeIgniter\CodeIgniter->run()
#13 C:\Users\Richard Miculob\Documents\ReliefTrack\system\Boot.php(68): CodeIgniter\Boot::runCodeIgniter(Object(CodeIgniter\CodeIgniter))
#14 C:\Users\Richard Miculob\Documents\ReliefTrack\public\index.php(59): CodeIgniter\Boot::bootWeb(Object(Config\Paths))
#15 C:\Users\Richard Miculob\Documents\ReliefTrack\system\rewrite.php(44): require_once('C:\\Users\\Richar...')
#16 {main}
ERROR - 2026-02-28 13:39:34 --> mysqli_sql_exception: Cannot add or update a child row: a foreign key constraint fails (`disaster_relief_db`.`inventory_batches`, CONSTRAINT `inventory_batches_ibfk_1` FOREIGN KEY (`inventory_id`) REFERENCES `inventory` (`id`) ON DELETE CASCADE) in C:\Users\Richard Miculob\Documents\ReliefTrack\system\Database\MySQLi\Connection.php:327
Stack trace:
#0 C:\Users\Richard Miculob\Documents\ReliefTrack\system\Database\MySQLi\Connection.php(327): mysqli->query('INSERT INTO `in...', 0)
#1 C:\Users\Richard Miculob\Documents\ReliefTrack\system\Database\BaseConnection.php(729): CodeIgniter\Database\MySQLi\Connection->execute('INSERT INTO `in...')
#2 C:\Users\Richard Miculob\Documents\ReliefTrack\system\Database\BaseConnection.php(646): CodeIgniter\Database\BaseConnection->simpleQuery('INSERT INTO `in...')
#3 C:\Users\Richard Miculob\Documents\ReliefTrack\system\Database\BaseBuilder.php(2345): CodeIgniter\Database\BaseConnection->query('INSERT INTO `in...', Array, false)
#4 C:\Users\Richard Miculob\Documents\ReliefTrack\system\Model.php(394): CodeIgniter\Database\BaseBuilder->insert()
#5 C:\Users\Richard Miculob\Documents\ReliefTrack\system\BaseModel.php(838): CodeIgniter\Model->doInsert(Array)
#6 C:\Users\Richard Miculob\Documents\ReliefTrack\system\Model.php(797): CodeIgniter\BaseModel->insert(Array, true)
#7 C:\Users\Richard Miculob\Documents\ReliefTrack\app\Models\InventoryModel.php(80): CodeIgniter\Model->insert(Array)
#8 C:\Users\Richard Miculob\Documents\ReliefTrack\app\Controllers\Inventory.php(118): App\Models\InventoryModel->addWithBatch(Array, Array)
#9 C:\Users\Richard Miculob\Documents\ReliefTrack\system\CodeIgniter.php(933): App\Controllers\Inventory->saveItemWithBatch()
#10 C:\Users\Richard Miculob\Documents\ReliefTrack\system\CodeIgniter.php(507): CodeIgniter\CodeIgniter->runController(Object(App\Controllers\Inventory))
#11 C:\Users\Richard Miculob\Documents\ReliefTrack\system\CodeIgniter.php(354): CodeIgniter\CodeIgniter->handleRequest(NULL, Object(Config\Cache), false)
#12 C:\Users\Richard Miculob\Documents\ReliefTrack\system\Boot.php(363): CodeIgniter\CodeIgniter->run()
#13 C:\Users\Richard Miculob\Documents\ReliefTrack\system\Boot.php(68): CodeIgniter\Boot::runCodeIgniter(Object(CodeIgniter\CodeIgniter))
#14 C:\Users\Richard Miculob\Documents\ReliefTrack\public\index.php(59): CodeIgniter\Boot::bootWeb(Object(Config\Paths))
#15 C:\Users\Richard Miculob\Documents\ReliefTrack\system\rewrite.php(44): require_once('C:\\Users\\Richar...')
#16 {main}
DEBUG - 2026-02-28 13:40:15 --> Session: Class initialized using 'CodeIgniter\Session\Handlers\FileHandler' driver.
WARNING - 2026-02-28 13:40:15 --> [DEPRECATED] Optional parameter $familyMemberId declared before required parameter $distributorId is implicitly treated as a required parameter in APPPATH\Models\InventoryModel.php on line 135.
 1 SYSTEMPATH\Autoloader\Autoloader.php(315): include_once('C:\\Users\\Richard Miculob\\Documents\\ReliefTrack\\system\\Debug\\Exceptions.php')
 2 SYSTEMPATH\Autoloader\Autoloader.php(295): CodeIgniter\Autoloader\Autoloader->includeFile('C:\\Users\\Richard Miculob\\Documents\\ReliefTrack\\app\\Models\\InventoryModel.php')
 3 SYSTEMPATH\Autoloader\Autoloader.php(271): CodeIgniter\Autoloader\Autoloader->loadInNamespace('App\\Models\\InventoryModel')
 4 APPPATH\Controllers\Inventory.php(136): CodeIgniter\Autoloader\Autoloader->loadClass('App\\Models\\InventoryModel')
 5 SYSTEMPATH\CodeIgniter.php(933): App\Controllers\Inventory->viewBatch('0')
 6 SYSTEMPATH\CodeIgniter.php(507): CodeIgniter\CodeIgniter->runController(Object(App\Controllers\Inventory))
 7 SYSTEMPATH\CodeIgniter.php(354): CodeIgniter\CodeIgniter->handleRequest(null, Object(Config\Cache), false)
 8 SYSTEMPATH\Boot.php(363): CodeIgniter\CodeIgniter->run()
 9 SYSTEMPATH\Boot.php(68): CodeIgniter\Boot::runCodeIgniter(Object(CodeIgniter\CodeIgniter))
10 FCPATH\index.php(59): CodeIgniter\Boot::bootWeb(Object(Config\Paths))
11 SYSTEMPATH\rewrite.php(44): require_once('C:\\Users\\Richard Miculob\\Documents\\ReliefTrack\\public\\index.php')
DEBUG - 2026-02-28 13:40:16 --> Session: Class initialized using 'CodeIgniter\Session\Handlers\FileHandler' driver.
WARNING - 2026-02-28 13:40:16 --> [DEPRECATED] Optional parameter $familyMemberId declared before required parameter $distributorId is implicitly treated as a required parameter in APPPATH\Models\InventoryModel.php on line 135.
 1 SYSTEMPATH\Autoloader\Autoloader.php(315): include_once('C:\\Users\\Richard Miculob\\Documents\\ReliefTrack\\system\\Debug\\Exceptions.php')
 2 SYSTEMPATH\Autoloader\Autoloader.php(295): CodeIgniter\Autoloader\Autoloader->includeFile('C:\\Users\\Richard Miculob\\Documents\\ReliefTrack\\app\\Models\\InventoryModel.php')
 3 SYSTEMPATH\Autoloader\Autoloader.php(271): CodeIgniter\Autoloader\Autoloader->loadInNamespace('App\\Models\\InventoryModel')
 4 APPPATH\Controllers\Inventory.php(13): CodeIgniter\Autoloader\Autoloader->loadClass('App\\Models\\InventoryModel')
 5 SYSTEMPATH\CodeIgniter.php(933): App\Controllers\Inventory->index()
 6 SYSTEMPATH\CodeIgniter.php(507): CodeIgniter\CodeIgniter->runController(Object(App\Controllers\Inventory))
 7 SYSTEMPATH\CodeIgniter.php(354): CodeIgniter\CodeIgniter->handleRequest(null, Object(Config\Cache), false)
 8 SYSTEMPATH\Boot.php(363): CodeIgniter\CodeIgniter->run()
 9 SYSTEMPATH\Boot.php(68): CodeIgniter\Boot::runCodeIgniter(Object(CodeIgniter\CodeIgniter))
10 FCPATH\index.php(59): CodeIgniter\Boot::bootWeb(Object(Config\Paths))
11 SYSTEMPATH\rewrite.php(44): require_once('C:\\Users\\Richard Miculob\\Documents\\ReliefTrack\\public\\index.php')
DEBUG - 2026-02-28 13:40:18 --> Session: Class initialized using 'CodeIgniter\Session\Handlers\FileHandler' driver.
WARNING - 2026-02-28 13:40:18 --> [DEPRECATED] Optional parameter $familyMemberId declared before required parameter $distributorId is implicitly treated as a required parameter in APPPATH\Models\InventoryModel.php on line 135.
 1 SYSTEMPATH\Autoloader\Autoloader.php(315): include_once('C:\\Users\\Richard Miculob\\Documents\\ReliefTrack\\system\\Debug\\Exceptions.php')
 2 SYSTEMPATH\Autoloader\Autoloader.php(295): CodeIgniter\Autoloader\Autoloader->includeFile('C:\\Users\\Richard Miculob\\Documents\\ReliefTrack\\app\\Models\\InventoryModel.php')
 3 SYSTEMPATH\Autoloader\Autoloader.php(271): CodeIgniter\Autoloader\Autoloader->loadInNamespace('App\\Models\\InventoryModel')
 4 APPPATH\Controllers\Inventory.php(13): CodeIgniter\Autoloader\Autoloader->loadClass('App\\Models\\InventoryModel')
 5 SYSTEMPATH\CodeIgniter.php(933): App\Controllers\Inventory->index()
 6 SYSTEMPATH\CodeIgniter.php(507): CodeIgniter\CodeIgniter->runController(Object(App\Controllers\Inventory))
 7 SYSTEMPATH\CodeIgniter.php(354): CodeIgniter\CodeIgniter->handleRequest(null, Object(Config\Cache), false)
 8 SYSTEMPATH\Boot.php(363): CodeIgniter\CodeIgniter->run()
 9 SYSTEMPATH\Boot.php(68): CodeIgniter\Boot::runCodeIgniter(Object(CodeIgniter\CodeIgniter))
10 FCPATH\index.php(59): CodeIgniter\Boot::bootWeb(Object(Config\Paths))
11 SYSTEMPATH\rewrite.php(44): require_once('C:\\Users\\Richard Miculob\\Documents\\ReliefTrack\\public\\index.php')
DEBUG - 2026-02-28 13:40:25 --> Session: Class initialized using 'CodeIgniter\Session\Handlers\FileHandler' driver.
DEBUG - 2026-02-28 13:40:48 --> Session: Class initialized using 'CodeIgniter\Session\Handlers\FileHandler' driver.
WARNING - 2026-02-28 13:40:48 --> [DEPRECATED] Optional parameter $familyMemberId declared before required parameter $distributorId is implicitly treated as a required parameter in APPPATH\Models\InventoryModel.php on line 135.
 1 SYSTEMPATH\Autoloader\Autoloader.php(315): include_once('C:\\Users\\Richard Miculob\\Documents\\ReliefTrack\\system\\Debug\\Exceptions.php')
 2 SYSTEMPATH\Autoloader\Autoloader.php(295): CodeIgniter\Autoloader\Autoloader->includeFile('C:\\Users\\Richard Miculob\\Documents\\ReliefTrack\\app\\Models\\InventoryModel.php')
 3 SYSTEMPATH\Autoloader\Autoloader.php(271): CodeIgniter\Autoloader\Autoloader->loadInNamespace('App\\Models\\InventoryModel')
 4 APPPATH\Controllers\Inventory.php(90): CodeIgniter\Autoloader\Autoloader->loadClass('App\\Models\\InventoryModel')
 5 SYSTEMPATH\CodeIgniter.php(933): App\Controllers\Inventory->saveItemWithBatch()
 6 SYSTEMPATH\CodeIgniter.php(507): CodeIgniter\CodeIgniter->runController(Object(App\Controllers\Inventory))
 7 SYSTEMPATH\CodeIgniter.php(354): CodeIgniter\CodeIgniter->handleRequest(null, Object(Config\Cache), false)
 8 SYSTEMPATH\Boot.php(363): CodeIgniter\CodeIgniter->run()
 9 SYSTEMPATH\Boot.php(68): CodeIgniter\Boot::runCodeIgniter(Object(CodeIgniter\CodeIgniter))
10 FCPATH\index.php(59): CodeIgniter\Boot::bootWeb(Object(Config\Paths))
11 SYSTEMPATH\rewrite.php(44): require_once('C:\\Users\\Richard Miculob\\Documents\\ReliefTrack\\public\\index.php')
ERROR - 2026-02-28 13:40:48 --> mysqli_sql_exception: Unknown column 'created_at' in 'field list' in C:\Users\Richard Miculob\Documents\ReliefTrack\system\Database\MySQLi\Connection.php:327
Stack trace:
#0 C:\Users\Richard Miculob\Documents\ReliefTrack\system\Database\MySQLi\Connection.php(327): mysqli->query('INSERT INTO `in...', 0)
#1 C:\Users\Richard Miculob\Documents\ReliefTrack\system\Database\BaseConnection.php(729): CodeIgniter\Database\MySQLi\Connection->execute('INSERT INTO `in...')
#2 C:\Users\Richard Miculob\Documents\ReliefTrack\system\Database\BaseConnection.php(646): CodeIgniter\Database\BaseConnection->simpleQuery('INSERT INTO `in...')
#3 C:\Users\Richard Miculob\Documents\ReliefTrack\system\Database\BaseBuilder.php(2345): CodeIgniter\Database\BaseConnection->query('INSERT INTO `in...', Array, false)
#4 C:\Users\Richard Miculob\Documents\ReliefTrack\system\Model.php(394): CodeIgniter\Database\BaseBuilder->insert()
#5 C:\Users\Richard Miculob\Documents\ReliefTrack\system\BaseModel.php(838): CodeIgniter\Model->doInsert(Array)
#6 C:\Users\Richard Miculob\Documents\ReliefTrack\system\Model.php(797): CodeIgniter\BaseModel->insert(Array, true)
#7 C:\Users\Richard Miculob\Documents\ReliefTrack\app\Models\InventoryModel.php(54): CodeIgniter\Model->insert(Array)
#8 C:\Users\Richard Miculob\Documents\ReliefTrack\app\Controllers\Inventory.php(118): App\Models\InventoryModel->addWithBatch(Array, Array)
#9 C:\Users\Richard Miculob\Documents\ReliefTrack\system\CodeIgniter.php(933): App\Controllers\Inventory->saveItemWithBatch()
#10 C:\Users\Richard Miculob\Documents\ReliefTrack\system\CodeIgniter.php(507): CodeIgniter\CodeIgniter->runController(Object(App\Controllers\Inventory))
#11 C:\Users\Richard Miculob\Documents\ReliefTrack\system\CodeIgniter.php(354): CodeIgniter\CodeIgniter->handleRequest(NULL, Object(Config\Cache), false)
#12 C:\Users\Richard Miculob\Documents\ReliefTrack\system\Boot.php(363): CodeIgniter\CodeIgniter->run()
#13 C:\Users\Richard Miculob\Documents\ReliefTrack\system\Boot.php(68): CodeIgniter\Boot::runCodeIgniter(Object(CodeIgniter\CodeIgniter))
#14 C:\Users\Richard Miculob\Documents\ReliefTrack\public\index.php(59): CodeIgniter\Boot::bootWeb(Object(Config\Paths))
#15 C:\Users\Richard Miculob\Documents\ReliefTrack\system\rewrite.php(44): require_once('C:\\Users\\Richar...')
#16 {main}
ERROR - 2026-02-28 13:40:48 --> mysqli_sql_exception: Cannot add or update a child row: a foreign key constraint fails (`disaster_relief_db`.`inventory_batches`, CONSTRAINT `inventory_batches_ibfk_1` FOREIGN KEY (`inventory_id`) REFERENCES `inventory` (`id`) ON DELETE CASCADE) in C:\Users\Richard Miculob\Documents\ReliefTrack\system\Database\MySQLi\Connection.php:327
Stack trace:
#0 C:\Users\Richard Miculob\Documents\ReliefTrack\system\Database\MySQLi\Connection.php(327): mysqli->query('INSERT INTO `in...', 0)
#1 C:\Users\Richard Miculob\Documents\ReliefTrack\system\Database\BaseConnection.php(729): CodeIgniter\Database\MySQLi\Connection->execute('INSERT INTO `in...')
#2 C:\Users\Richard Miculob\Documents\ReliefTrack\system\Database\BaseConnection.php(646): CodeIgniter\Database\BaseConnection->simpleQuery('INSERT INTO `in...')
#3 C:\Users\Richard Miculob\Documents\ReliefTrack\system\Database\BaseBuilder.php(2345): CodeIgniter\Database\BaseConnection->query('INSERT INTO `in...', Array, false)
#4 C:\Users\Richard Miculob\Documents\ReliefTrack\system\Model.php(394): CodeIgniter\Database\BaseBuilder->insert()
#5 C:\Users\Richard Miculob\Documents\ReliefTrack\system\BaseModel.php(838): CodeIgniter\Model->doInsert(Array)
#6 C:\Users\Richard Miculob\Documents\ReliefTrack\system\Model.php(797): CodeIgniter\BaseModel->insert(Array, true)
#7 C:\Users\Richard Miculob\Documents\ReliefTrack\app\Models\InventoryModel.php(80): CodeIgniter\Model->insert(Array)
#8 C:\Users\Richard Miculob\Documents\ReliefTrack\app\Controllers\Inventory.php(118): App\Models\InventoryModel->addWithBatch(Array, Array)
#9 C:\Users\Richard Miculob\Documents\ReliefTrack\system\CodeIgniter.php(933): App\Controllers\Inventory->saveItemWithBatch()
#10 C:\Users\Richard Miculob\Documents\ReliefTrack\system\CodeIgniter.php(507): CodeIgniter\CodeIgniter->runController(Object(App\Controllers\Inventory))
#11 C:\Users\Richard Miculob\Documents\ReliefTrack\system\CodeIgniter.php(354): CodeIgniter\CodeIgniter->handleRequest(NULL, Object(Config\Cache), false)
#12 C:\Users\Richard Miculob\Documents\ReliefTrack\system\Boot.php(363): CodeIgniter\CodeIgniter->run()
#13 C:\Users\Richard Miculob\Documents\ReliefTrack\system\Boot.php(68): CodeIgniter\Boot::runCodeIgniter(Object(CodeIgniter\CodeIgniter))
#14 C:\Users\Richard Miculob\Documents\ReliefTrack\public\index.php(59): CodeIgniter\Boot::bootWeb(Object(Config\Paths))
#15 C:\Users\Richard Miculob\Documents\ReliefTrack\system\rewrite.php(44): require_once('C:\\Users\\Richar...')
#16 {main}
DEBUG - 2026-02-28 13:40:48 --> Session: Class initialized using 'CodeIgniter\Session\Handlers\FileHandler' driver.
WARNING - 2026-02-28 13:40:48 --> [DEPRECATED] Optional parameter $familyMemberId declared before required parameter $distributorId is implicitly treated as a required parameter in APPPATH\Models\InventoryModel.php on line 135.
 1 SYSTEMPATH\Autoloader\Autoloader.php(315): include_once('C:\\Users\\Richard Miculob\\Documents\\ReliefTrack\\system\\Debug\\Exceptions.php')
 2 SYSTEMPATH\Autoloader\Autoloader.php(295): CodeIgniter\Autoloader\Autoloader->includeFile('C:\\Users\\Richard Miculob\\Documents\\ReliefTrack\\app\\Models\\InventoryModel.php')
 3 SYSTEMPATH\Autoloader\Autoloader.php(271): CodeIgniter\Autoloader\Autoloader->loadInNamespace('App\\Models\\InventoryModel')
 4 APPPATH\Controllers\Inventory.php(176): CodeIgniter\Autoloader\Autoloader->loadClass('App\\Models\\InventoryModel')
 5 SYSTEMPATH\CodeIgniter.php(933): App\Controllers\Inventory->batches('0')
 6 SYSTEMPATH\CodeIgniter.php(507): CodeIgniter\CodeIgniter->runController(Object(App\Controllers\Inventory))
 7 SYSTEMPATH\CodeIgniter.php(354): CodeIgniter\CodeIgniter->handleRequest(null, Object(Config\Cache), false)
 8 SYSTEMPATH\Boot.php(363): CodeIgniter\CodeIgniter->run()
 9 SYSTEMPATH\Boot.php(68): CodeIgniter\Boot::runCodeIgniter(Object(CodeIgniter\CodeIgniter))
10 FCPATH\index.php(59): CodeIgniter\Boot::bootWeb(Object(Config\Paths))
11 SYSTEMPATH\rewrite.php(44): require_once('C:\\Users\\Richard Miculob\\Documents\\ReliefTrack\\public\\index.php')
DEBUG - 2026-02-28 13:40:49 --> Session: Class initialized using 'CodeIgniter\Session\Handlers\FileHandler' driver.
WARNING - 2026-02-28 13:40:49 --> [DEPRECATED] Optional parameter $familyMemberId declared before required parameter $distributorId is implicitly treated as a required parameter in APPPATH\Models\InventoryModel.php on line 135.
 1 SYSTEMPATH\Autoloader\Autoloader.php(315): include_once('C:\\Users\\Richard Miculob\\Documents\\ReliefTrack\\system\\Debug\\Exceptions.php')
 2 SYSTEMPATH\Autoloader\Autoloader.php(295): CodeIgniter\Autoloader\Autoloader->includeFile('C:\\Users\\Richard Miculob\\Documents\\ReliefTrack\\app\\Models\\InventoryModel.php')
 3 SYSTEMPATH\Autoloader\Autoloader.php(271): CodeIgniter\Autoloader\Autoloader->loadInNamespace('App\\Models\\InventoryModel')
 4 APPPATH\Controllers\Inventory.php(13): CodeIgniter\Autoloader\Autoloader->loadClass('App\\Models\\InventoryModel')
 5 SYSTEMPATH\CodeIgniter.php(933): App\Controllers\Inventory->index()
 6 SYSTEMPATH\CodeIgniter.php(507): CodeIgniter\CodeIgniter->runController(Object(App\Controllers\Inventory))
 7 SYSTEMPATH\CodeIgniter.php(354): CodeIgniter\CodeIgniter->handleRequest(null, Object(Config\Cache), false)
 8 SYSTEMPATH\Boot.php(363): CodeIgniter\CodeIgniter->run()
 9 SYSTEMPATH\Boot.php(68): CodeIgniter\Boot::runCodeIgniter(Object(CodeIgniter\CodeIgniter))
10 FCPATH\index.php(59): CodeIgniter\Boot::bootWeb(Object(Config\Paths))
11 SYSTEMPATH\rewrite.php(44): require_once('C:\\Users\\Richard Miculob\\Documents\\ReliefTrack\\public\\index.php')
DEBUG - 2026-02-28 13:42:39 --> Session: Class initialized using 'CodeIgniter\Session\Handlers\FileHandler' driver.
WARNING - 2026-02-28 13:42:39 --> [DEPRECATED] Optional parameter $familyMemberId declared before required parameter $distributorId is implicitly treated as a required parameter in APPPATH\Models\InventoryModel.php on line 135.
 1 SYSTEMPATH\Autoloader\Autoloader.php(315): include_once('C:\\Users\\Richard Miculob\\Documents\\ReliefTrack\\system\\Debug\\Exceptions.php')
 2 SYSTEMPATH\Autoloader\Autoloader.php(295): CodeIgniter\Autoloader\Autoloader->includeFile('C:\\Users\\Richard Miculob\\Documents\\ReliefTrack\\app\\Models\\InventoryModel.php')
 3 SYSTEMPATH\Autoloader\Autoloader.php(271): CodeIgniter\Autoloader\Autoloader->loadInNamespace('App\\Models\\InventoryModel')
 4 APPPATH\Controllers\Inventory.php(13): CodeIgniter\Autoloader\Autoloader->loadClass('App\\Models\\InventoryModel')
 5 SYSTEMPATH\CodeIgniter.php(933): App\Controllers\Inventory->index()
 6 SYSTEMPATH\CodeIgniter.php(507): CodeIgniter\CodeIgniter->runController(Object(App\Controllers\Inventory))
 7 SYSTEMPATH\CodeIgniter.php(354): CodeIgniter\CodeIgniter->handleRequest(null, Object(Config\Cache), false)
 8 SYSTEMPATH\Boot.php(363): CodeIgniter\CodeIgniter->run()
 9 SYSTEMPATH\Boot.php(68): CodeIgniter\Boot::runCodeIgniter(Object(CodeIgniter\CodeIgniter))
10 FCPATH\index.php(59): CodeIgniter\Boot::bootWeb(Object(Config\Paths))
11 SYSTEMPATH\rewrite.php(44): require_once('C:\\Users\\Richard Miculob\\Documents\\ReliefTrack\\public\\index.php')
DEBUG - 2026-02-28 13:42:40 --> Session: Class initialized using 'CodeIgniter\Session\Handlers\FileHandler' driver.
DEBUG - 2026-02-28 13:43:07 --> Session: Class initialized using 'CodeIgniter\Session\Handlers\FileHandler' driver.
WARNING - 2026-02-28 13:43:07 --> [DEPRECATED] Optional parameter $familyMemberId declared before required parameter $distributorId is implicitly treated as a required parameter in APPPATH\Models\InventoryModel.php on line 135.
 1 SYSTEMPATH\Autoloader\Autoloader.php(315): include_once('C:\\Users\\Richard Miculob\\Documents\\ReliefTrack\\system\\Debug\\Exceptions.php')
 2 SYSTEMPATH\Autoloader\Autoloader.php(295): CodeIgniter\Autoloader\Autoloader->includeFile('C:\\Users\\Richard Miculob\\Documents\\ReliefTrack\\app\\Models\\InventoryModel.php')
 3 SYSTEMPATH\Autoloader\Autoloader.php(271): CodeIgniter\Autoloader\Autoloader->loadInNamespace('App\\Models\\InventoryModel')
 4 APPPATH\Controllers\Inventory.php(90): CodeIgniter\Autoloader\Autoloader->loadClass('App\\Models\\InventoryModel')
 5 SYSTEMPATH\CodeIgniter.php(933): App\Controllers\Inventory->saveItemWithBatch()
 6 SYSTEMPATH\CodeIgniter.php(507): CodeIgniter\CodeIgniter->runController(Object(App\Controllers\Inventory))
 7 SYSTEMPATH\CodeIgniter.php(354): CodeIgniter\CodeIgniter->handleRequest(null, Object(Config\Cache), false)
 8 SYSTEMPATH\Boot.php(363): CodeIgniter\CodeIgniter->run()
 9 SYSTEMPATH\Boot.php(68): CodeIgniter\Boot::runCodeIgniter(Object(CodeIgniter\CodeIgniter))
10 FCPATH\index.php(59): CodeIgniter\Boot::bootWeb(Object(Config\Paths))
11 SYSTEMPATH\rewrite.php(44): require_once('C:\\Users\\Richard Miculob\\Documents\\ReliefTrack\\public\\index.php')
ERROR - 2026-02-28 13:43:07 --> mysqli_sql_exception: Unknown column 'created_at' in 'field list' in C:\Users\Richard Miculob\Documents\ReliefTrack\system\Database\MySQLi\Connection.php:327
Stack trace:
#0 C:\Users\Richard Miculob\Documents\ReliefTrack\system\Database\MySQLi\Connection.php(327): mysqli->query('INSERT INTO `in...', 0)
#1 C:\Users\Richard Miculob\Documents\ReliefTrack\system\Database\BaseConnection.php(729): CodeIgniter\Database\MySQLi\Connection->execute('INSERT INTO `in...')
#2 C:\Users\Richard Miculob\Documents\ReliefTrack\system\Database\BaseConnection.php(646): CodeIgniter\Database\BaseConnection->simpleQuery('INSERT INTO `in...')
#3 C:\Users\Richard Miculob\Documents\ReliefTrack\system\Database\BaseBuilder.php(2345): CodeIgniter\Database\BaseConnection->query('INSERT INTO `in...', Array, false)
#4 C:\Users\Richard Miculob\Documents\ReliefTrack\system\Model.php(394): CodeIgniter\Database\BaseBuilder->insert()
#5 C:\Users\Richard Miculob\Documents\ReliefTrack\system\BaseModel.php(838): CodeIgniter\Model->doInsert(Array)
#6 C:\Users\Richard Miculob\Documents\ReliefTrack\system\Model.php(797): CodeIgniter\BaseModel->insert(Array, true)
#7 C:\Users\Richard Miculob\Documents\ReliefTrack\app\Models\InventoryModel.php(54): CodeIgniter\Model->insert(Array)
#8 C:\Users\Richard Miculob\Documents\ReliefTrack\app\Controllers\Inventory.php(118): App\Models\InventoryModel->addWithBatch(Array, Array)
#9 C:\Users\Richard Miculob\Documents\ReliefTrack\system\CodeIgniter.php(933): App\Controllers\Inventory->saveItemWithBatch()
#10 C:\Users\Richard Miculob\Documents\ReliefTrack\system\CodeIgniter.php(507): CodeIgniter\CodeIgniter->runController(Object(App\Controllers\Inventory))
#11 C:\Users\Richard Miculob\Documents\ReliefTrack\system\CodeIgniter.php(354): CodeIgniter\CodeIgniter->handleRequest(NULL, Object(Config\Cache), false)
#12 C:\Users\Richard Miculob\Documents\ReliefTrack\system\Boot.php(363): CodeIgniter\CodeIgniter->run()
#13 C:\Users\Richard Miculob\Documents\ReliefTrack\system\Boot.php(68): CodeIgniter\Boot::runCodeIgniter(Object(CodeIgniter\CodeIgniter))
#14 C:\Users\Richard Miculob\Documents\ReliefTrack\public\index.php(59): CodeIgniter\Boot::bootWeb(Object(Config\Paths))
#15 C:\Users\Richard Miculob\Documents\ReliefTrack\system\rewrite.php(44): require_once('C:\\Users\\Richar...')
#16 {main}
ERROR - 2026-02-28 13:43:07 --> mysqli_sql_exception: Cannot add or update a child row: a foreign key constraint fails (`disaster_relief_db`.`inventory_batches`, CONSTRAINT `inventory_batches_ibfk_1` FOREIGN KEY (`inventory_id`) REFERENCES `inventory` (`id`) ON DELETE CASCADE) in C:\Users\Richard Miculob\Documents\ReliefTrack\system\Database\MySQLi\Connection.php:327
Stack trace:
#0 C:\Users\Richard Miculob\Documents\ReliefTrack\system\Database\MySQLi\Connection.php(327): mysqli->query('INSERT INTO `in...', 0)
#1 C:\Users\Richard Miculob\Documents\ReliefTrack\system\Database\BaseConnection.php(729): CodeIgniter\Database\MySQLi\Connection->execute('INSERT INTO `in...')
#2 C:\Users\Richard Miculob\Documents\ReliefTrack\system\Database\BaseConnection.php(646): CodeIgniter\Database\BaseConnection->simpleQuery('INSERT INTO `in...')
#3 C:\Users\Richard Miculob\Documents\ReliefTrack\system\Database\BaseBuilder.php(2345): CodeIgniter\Database\BaseConnection->query('INSERT INTO `in...', Array, false)
#4 C:\Users\Richard Miculob\Documents\ReliefTrack\system\Model.php(394): CodeIgniter\Database\BaseBuilder->insert()
#5 C:\Users\Richard Miculob\Documents\ReliefTrack\system\BaseModel.php(838): CodeIgniter\Model->doInsert(Array)
#6 C:\Users\Richard Miculob\Documents\ReliefTrack\system\Model.php(797): CodeIgniter\BaseModel->insert(Array, true)
#7 C:\Users\Richard Miculob\Documents\ReliefTrack\app\Models\InventoryModel.php(80): CodeIgniter\Model->insert(Array)
#8 C:\Users\Richard Miculob\Documents\ReliefTrack\app\Controllers\Inventory.php(118): App\Models\InventoryModel->addWithBatch(Array, Array)
#9 C:\Users\Richard Miculob\Documents\ReliefTrack\system\CodeIgniter.php(933): App\Controllers\Inventory->saveItemWithBatch()
#10 C:\Users\Richard Miculob\Documents\ReliefTrack\system\CodeIgniter.php(507): CodeIgniter\CodeIgniter->runController(Object(App\Controllers\Inventory))
#11 C:\Users\Richard Miculob\Documents\ReliefTrack\system\CodeIgniter.php(354): CodeIgniter\CodeIgniter->handleRequest(NULL, Object(Config\Cache), false)
#12 C:\Users\Richard Miculob\Documents\ReliefTrack\system\Boot.php(363): CodeIgniter\CodeIgniter->run()
#13 C:\Users\Richard Miculob\Documents\ReliefTrack\system\Boot.php(68): CodeIgniter\Boot::runCodeIgniter(Object(CodeIgniter\CodeIgniter))
#14 C:\Users\Richard Miculob\Documents\ReliefTrack\public\index.php(59): CodeIgniter\Boot::bootWeb(Object(Config\Paths))
#15 C:\Users\Richard Miculob\Documents\ReliefTrack\system\rewrite.php(44): require_once('C:\\Users\\Richar...')
#16 {main}
DEBUG - 2026-02-28 13:43:07 --> Session: Class initialized using 'CodeIgniter\Session\Handlers\FileHandler' driver.
WARNING - 2026-02-28 13:43:07 --> [DEPRECATED] Optional parameter $familyMemberId declared before required parameter $distributorId is implicitly treated as a required parameter in APPPATH\Models\InventoryModel.php on line 135.
 1 SYSTEMPATH\Autoloader\Autoloader.php(315): include_once('C:\\Users\\Richard Miculob\\Documents\\ReliefTrack\\system\\Debug\\Exceptions.php')
 2 SYSTEMPATH\Autoloader\Autoloader.php(295): CodeIgniter\Autoloader\Autoloader->includeFile('C:\\Users\\Richard Miculob\\Documents\\ReliefTrack\\app\\Models\\InventoryModel.php')
 3 SYSTEMPATH\Autoloader\Autoloader.php(271): CodeIgniter\Autoloader\Autoloader->loadInNamespace('App\\Models\\InventoryModel')
 4 APPPATH\Controllers\Inventory.php(176): CodeIgniter\Autoloader\Autoloader->loadClass('App\\Models\\InventoryModel')
 5 SYSTEMPATH\CodeIgniter.php(933): App\Controllers\Inventory->batches('0')
 6 SYSTEMPATH\CodeIgniter.php(507): CodeIgniter\CodeIgniter->runController(Object(App\Controllers\Inventory))
 7 SYSTEMPATH\CodeIgniter.php(354): CodeIgniter\CodeIgniter->handleRequest(null, Object(Config\Cache), false)
 8 SYSTEMPATH\Boot.php(363): CodeIgniter\CodeIgniter->run()
 9 SYSTEMPATH\Boot.php(68): CodeIgniter\Boot::runCodeIgniter(Object(CodeIgniter\CodeIgniter))
10 FCPATH\index.php(59): CodeIgniter\Boot::bootWeb(Object(Config\Paths))
11 SYSTEMPATH\rewrite.php(44): require_once('C:\\Users\\Richard Miculob\\Documents\\ReliefTrack\\public\\index.php')
DEBUG - 2026-02-28 13:43:08 --> Session: Class initialized using 'CodeIgniter\Session\Handlers\FileHandler' driver.
WARNING - 2026-02-28 13:43:08 --> [DEPRECATED] Optional parameter $familyMemberId declared before required parameter $distributorId is implicitly treated as a required parameter in APPPATH\Models\InventoryModel.php on line 135.
 1 SYSTEMPATH\Autoloader\Autoloader.php(315): include_once('C:\\Users\\Richard Miculob\\Documents\\ReliefTrack\\system\\Debug\\Exceptions.php')
 2 SYSTEMPATH\Autoloader\Autoloader.php(295): CodeIgniter\Autoloader\Autoloader->includeFile('C:\\Users\\Richard Miculob\\Documents\\ReliefTrack\\app\\Models\\InventoryModel.php')
 3 SYSTEMPATH\Autoloader\Autoloader.php(271): CodeIgniter\Autoloader\Autoloader->loadInNamespace('App\\Models\\InventoryModel')
 4 APPPATH\Controllers\Inventory.php(13): CodeIgniter\Autoloader\Autoloader->loadClass('App\\Models\\InventoryModel')
 5 SYSTEMPATH\CodeIgniter.php(933): App\Controllers\Inventory->index()
 6 SYSTEMPATH\CodeIgniter.php(507): CodeIgniter\CodeIgniter->runController(Object(App\Controllers\Inventory))
 7 SYSTEMPATH\CodeIgniter.php(354): CodeIgniter\CodeIgniter->handleRequest(null, Object(Config\Cache), false)
 8 SYSTEMPATH\Boot.php(363): CodeIgniter\CodeIgniter->run()
 9 SYSTEMPATH\Boot.php(68): CodeIgniter\Boot::runCodeIgniter(Object(CodeIgniter\CodeIgniter))
10 FCPATH\index.php(59): CodeIgniter\Boot::bootWeb(Object(Config\Paths))
11 SYSTEMPATH\rewrite.php(44): require_once('C:\\Users\\Richard Miculob\\Documents\\ReliefTrack\\public\\index.php')
DEBUG - 2026-02-28 13:44:37 --> Session: Class initialized using 'CodeIgniter\Session\Handlers\FileHandler' driver.
DEBUG - 2026-02-28 13:44:57 --> Session: Class initialized using 'CodeIgniter\Session\Handlers\FileHandler' driver.
WARNING - 2026-02-28 13:44:57 --> [DEPRECATED] Optional parameter $familyMemberId declared before required parameter $distributorId is implicitly treated as a required parameter in APPPATH\Models\InventoryModel.php on line 135.
 1 SYSTEMPATH\Autoloader\Autoloader.php(315): include_once('C:\\Users\\Richard Miculob\\Documents\\ReliefTrack\\system\\Debug\\Exceptions.php')
 2 SYSTEMPATH\Autoloader\Autoloader.php(295): CodeIgniter\Autoloader\Autoloader->includeFile('C:\\Users\\Richard Miculob\\Documents\\ReliefTrack\\app\\Models\\InventoryModel.php')
 3 SYSTEMPATH\Autoloader\Autoloader.php(271): CodeIgniter\Autoloader\Autoloader->loadInNamespace('App\\Models\\InventoryModel')
 4 APPPATH\Controllers\Inventory.php(90): CodeIgniter\Autoloader\Autoloader->loadClass('App\\Models\\InventoryModel')
 5 SYSTEMPATH\CodeIgniter.php(933): App\Controllers\Inventory->saveItemWithBatch()
 6 SYSTEMPATH\CodeIgniter.php(507): CodeIgniter\CodeIgniter->runController(Object(App\Controllers\Inventory))
 7 SYSTEMPATH\CodeIgniter.php(354): CodeIgniter\CodeIgniter->handleRequest(null, Object(Config\Cache), false)
 8 SYSTEMPATH\Boot.php(363): CodeIgniter\CodeIgniter->run()
 9 SYSTEMPATH\Boot.php(68): CodeIgniter\Boot::runCodeIgniter(Object(CodeIgniter\CodeIgniter))
10 FCPATH\index.php(59): CodeIgniter\Boot::bootWeb(Object(Config\Paths))
11 SYSTEMPATH\rewrite.php(44): require_once('C:\\Users\\Richard Miculob\\Documents\\ReliefTrack\\public\\index.php')
DEBUG - 2026-02-28 13:44:57 --> Session: Class initialized using 'CodeIgniter\Session\Handlers\FileHandler' driver.
WARNING - 2026-02-28 13:44:57 --> [DEPRECATED] Optional parameter $familyMemberId declared before required parameter $distributorId is implicitly treated as a required parameter in APPPATH\Models\InventoryModel.php on line 135.
 1 SYSTEMPATH\Autoloader\Autoloader.php(315): include_once('C:\\Users\\Richard Miculob\\Documents\\ReliefTrack\\system\\Debug\\Exceptions.php')
 2 SYSTEMPATH\Autoloader\Autoloader.php(295): CodeIgniter\Autoloader\Autoloader->includeFile('C:\\Users\\Richard Miculob\\Documents\\ReliefTrack\\app\\Models\\InventoryModel.php')
 3 SYSTEMPATH\Autoloader\Autoloader.php(271): CodeIgniter\Autoloader\Autoloader->loadInNamespace('App\\Models\\InventoryModel')
 4 APPPATH\Controllers\Inventory.php(176): CodeIgniter\Autoloader\Autoloader->loadClass('App\\Models\\InventoryModel')
 5 SYSTEMPATH\CodeIgniter.php(933): App\Controllers\Inventory->batches('5')
 6 SYSTEMPATH\CodeIgniter.php(507): CodeIgniter\CodeIgniter->runController(Object(App\Controllers\Inventory))
 7 SYSTEMPATH\CodeIgniter.php(354): CodeIgniter\CodeIgniter->handleRequest(null, Object(Config\Cache), false)
 8 SYSTEMPATH\Boot.php(363): CodeIgniter\CodeIgniter->run()
 9 SYSTEMPATH\Boot.php(68): CodeIgniter\Boot::runCodeIgniter(Object(CodeIgniter\CodeIgniter))
10 FCPATH\index.php(59): CodeIgniter\Boot::bootWeb(Object(Config\Paths))
11 SYSTEMPATH\rewrite.php(44): require_once('C:\\Users\\Richard Miculob\\Documents\\ReliefTrack\\public\\index.php')
DEBUG - 2026-02-28 13:44:57 --> Session: Class initialized using 'CodeIgniter\Session\Handlers\FileHandler' driver.
WARNING - 2026-02-28 13:44:57 --> [DEPRECATED] Optional parameter $familyMemberId declared before required parameter $distributorId is implicitly treated as a required parameter in APPPATH\Models\InventoryModel.php on line 135.
 1 SYSTEMPATH\Autoloader\Autoloader.php(315): include_once('C:\\Users\\Richard Miculob\\Documents\\ReliefTrack\\system\\Debug\\Exceptions.php')
 2 SYSTEMPATH\Autoloader\Autoloader.php(295): CodeIgniter\Autoloader\Autoloader->includeFile('C:\\Users\\Richard Miculob\\Documents\\ReliefTrack\\app\\Models\\InventoryModel.php')
 3 SYSTEMPATH\Autoloader\Autoloader.php(271): CodeIgniter\Autoloader\Autoloader->loadInNamespace('App\\Models\\InventoryModel')
 4 APPPATH\Controllers\Inventory.php(13): CodeIgniter\Autoloader\Autoloader->loadClass('App\\Models\\InventoryModel')
 5 SYSTEMPATH\CodeIgniter.php(933): App\Controllers\Inventory->index()
 6 SYSTEMPATH\CodeIgniter.php(507): CodeIgniter\CodeIgniter->runController(Object(App\Controllers\Inventory))
 7 SYSTEMPATH\CodeIgniter.php(354): CodeIgniter\CodeIgniter->handleRequest(null, Object(Config\Cache), false)
 8 SYSTEMPATH\Boot.php(363): CodeIgniter\CodeIgniter->run()
 9 SYSTEMPATH\Boot.php(68): CodeIgniter\Boot::runCodeIgniter(Object(CodeIgniter\CodeIgniter))
10 FCPATH\index.php(59): CodeIgniter\Boot::bootWeb(Object(Config\Paths))
11 SYSTEMPATH\rewrite.php(44): require_once('C:\\Users\\Richard Miculob\\Documents\\ReliefTrack\\public\\index.php')
DEBUG - 2026-02-28 13:45:08 --> Session: Class initialized using 'CodeIgniter\Session\Handlers\FileHandler' driver.
WARNING - 2026-02-28 13:45:08 --> [DEPRECATED] Optional parameter $familyMemberId declared before required parameter $distributorId is implicitly treated as a required parameter in APPPATH\Models\InventoryModel.php on line 135.
 1 SYSTEMPATH\Autoloader\Autoloader.php(315): include_once('C:\\Users\\Richard Miculob\\Documents\\ReliefTrack\\system\\Debug\\Exceptions.php')
 2 SYSTEMPATH\Autoloader\Autoloader.php(295): CodeIgniter\Autoloader\Autoloader->includeFile('C:\\Users\\Richard Miculob\\Documents\\ReliefTrack\\app\\Models\\InventoryModel.php')
 3 SYSTEMPATH\Autoloader\Autoloader.php(271): CodeIgniter\Autoloader\Autoloader->loadInNamespace('App\\Models\\InventoryModel')
 4 APPPATH\Controllers\Inventory.php(136): CodeIgniter\Autoloader\Autoloader->loadClass('App\\Models\\InventoryModel')
 5 SYSTEMPATH\CodeIgniter.php(933): App\Controllers\Inventory->viewBatch('5')
 6 SYSTEMPATH\CodeIgniter.php(507): CodeIgniter\CodeIgniter->runController(Object(App\Controllers\Inventory))
 7 SYSTEMPATH\CodeIgniter.php(354): CodeIgniter\CodeIgniter->handleRequest(null, Object(Config\Cache), false)
 8 SYSTEMPATH\Boot.php(363): CodeIgniter\CodeIgniter->run()
 9 SYSTEMPATH\Boot.php(68): CodeIgniter\Boot::runCodeIgniter(Object(CodeIgniter\CodeIgniter))
10 FCPATH\index.php(59): CodeIgniter\Boot::bootWeb(Object(Config\Paths))
11 SYSTEMPATH\rewrite.php(44): require_once('C:\\Users\\Richard Miculob\\Documents\\ReliefTrack\\public\\index.php')
CRITICAL - 2026-02-28 13:45:08 --> CodeIgniter\View\Exceptions\ViewException: Invalid file: "inventory/view_batch.php"
[Method: GET, Route: inventory/batch/view/5]
in SYSTEMPATH\Exceptions\FrameworkException.php on line 39.
 1 SYSTEMPATH\View\View.php(214): CodeIgniter\Exceptions\FrameworkException::forInvalidFile('inventory/view_batch.php')
 2 SYSTEMPATH\Common.php(1167): CodeIgniter\View\View->render('inventory/view_batch', [], true)
 3 APPPATH\Controllers\Inventory.php(152): view('inventory/view_batch', [...])
 4 SYSTEMPATH\CodeIgniter.php(933): App\Controllers\Inventory->viewBatch('5')
 5 SYSTEMPATH\CodeIgniter.php(507): CodeIgniter\CodeIgniter->runController(Object(App\Controllers\Inventory))
 6 SYSTEMPATH\CodeIgniter.php(354): CodeIgniter\CodeIgniter->handleRequest(null, Object(Config\Cache), false)
 7 SYSTEMPATH\Boot.php(363): CodeIgniter\CodeIgniter->run()
 8 SYSTEMPATH\Boot.php(68): CodeIgniter\Boot::runCodeIgniter(Object(CodeIgniter\CodeIgniter))
 9 FCPATH\index.php(59): CodeIgniter\Boot::bootWeb(Object(Config\Paths))
10 SYSTEMPATH\rewrite.php(44): require_once('C:\\Users\\Richard Miculob\\Documents\\ReliefTrack\\public\\index.php')
DEBUG - 2026-02-28 13:45:18 --> Session: Class initialized using 'CodeIgniter\Session\Handlers\FileHandler' driver.
WARNING - 2026-02-28 13:45:18 --> [DEPRECATED] Optional parameter $familyMemberId declared before required parameter $distributorId is implicitly treated as a required parameter in APPPATH\Models\InventoryModel.php on line 135.
 1 SYSTEMPATH\Autoloader\Autoloader.php(315): include_once('C:\\Users\\Richard Miculob\\Documents\\ReliefTrack\\system\\Debug\\Exceptions.php')
 2 SYSTEMPATH\Autoloader\Autoloader.php(295): CodeIgniter\Autoloader\Autoloader->includeFile('C:\\Users\\Richard Miculob\\Documents\\ReliefTrack\\app\\Models\\InventoryModel.php')
 3 SYSTEMPATH\Autoloader\Autoloader.php(271): CodeIgniter\Autoloader\Autoloader->loadInNamespace('App\\Models\\InventoryModel')
 4 APPPATH\Controllers\Inventory.php(176): CodeIgniter\Autoloader\Autoloader->loadClass('App\\Models\\InventoryModel')
 5 SYSTEMPATH\CodeIgniter.php(933): App\Controllers\Inventory->batches('4')
 6 SYSTEMPATH\CodeIgniter.php(507): CodeIgniter\CodeIgniter->runController(Object(App\Controllers\Inventory))
 7 SYSTEMPATH\CodeIgniter.php(354): CodeIgniter\CodeIgniter->handleRequest(null, Object(Config\Cache), false)
 8 SYSTEMPATH\Boot.php(363): CodeIgniter\CodeIgniter->run()
 9 SYSTEMPATH\Boot.php(68): CodeIgniter\Boot::runCodeIgniter(Object(CodeIgniter\CodeIgniter))
10 FCPATH\index.php(59): CodeIgniter\Boot::bootWeb(Object(Config\Paths))
11 SYSTEMPATH\rewrite.php(44): require_once('C:\\Users\\Richard Miculob\\Documents\\ReliefTrack\\public\\index.php')
DEBUG - 2026-02-28 13:45:23 --> Session: Class initialized using 'CodeIgniter\Session\Handlers\FileHandler' driver.
WARNING - 2026-02-28 13:45:23 --> [DEPRECATED] Optional parameter $familyMemberId declared before required parameter $distributorId is implicitly treated as a required parameter in APPPATH\Models\InventoryModel.php on line 135.
 1 SYSTEMPATH\Autoloader\Autoloader.php(315): include_once('C:\\Users\\Richard Miculob\\Documents\\ReliefTrack\\system\\Debug\\Exceptions.php')
 2 SYSTEMPATH\Autoloader\Autoloader.php(295): CodeIgniter\Autoloader\Autoloader->includeFile('C:\\Users\\Richard Miculob\\Documents\\ReliefTrack\\app\\Models\\InventoryModel.php')
 3 SYSTEMPATH\Autoloader\Autoloader.php(271): CodeIgniter\Autoloader\Autoloader->loadInNamespace('App\\Models\\InventoryModel')
 4 APPPATH\Controllers\Inventory.php(13): CodeIgniter\Autoloader\Autoloader->loadClass('App\\Models\\InventoryModel')
 5 SYSTEMPATH\CodeIgniter.php(933): App\Controllers\Inventory->index()
 6 SYSTEMPATH\CodeIgniter.php(507): CodeIgniter\CodeIgniter->runController(Object(App\Controllers\Inventory))
 7 SYSTEMPATH\CodeIgniter.php(354): CodeIgniter\CodeIgniter->handleRequest(null, Object(Config\Cache), false)
 8 SYSTEMPATH\Boot.php(363): CodeIgniter\CodeIgniter->run()
 9 SYSTEMPATH\Boot.php(68): CodeIgniter\Boot::runCodeIgniter(Object(CodeIgniter\CodeIgniter))
10 FCPATH\index.php(59): CodeIgniter\Boot::bootWeb(Object(Config\Paths))
11 SYSTEMPATH\rewrite.php(44): require_once('C:\\Users\\Richard Miculob\\Documents\\ReliefTrack\\public\\index.php')
DEBUG - 2026-02-28 13:45:38 --> Session: Class initialized using 'CodeIgniter\Session\Handlers\FileHandler' driver.
WARNING - 2026-02-28 13:45:38 --> [DEPRECATED] Optional parameter $familyMemberId declared before required parameter $distributorId is implicitly treated as a required parameter in APPPATH\Models\InventoryModel.php on line 135.
 1 SYSTEMPATH\Autoloader\Autoloader.php(315): include_once('C:\\Users\\Richard Miculob\\Documents\\ReliefTrack\\system\\Debug\\Exceptions.php')
 2 SYSTEMPATH\Autoloader\Autoloader.php(295): CodeIgniter\Autoloader\Autoloader->includeFile('C:\\Users\\Richard Miculob\\Documents\\ReliefTrack\\app\\Models\\InventoryModel.php')
 3 SYSTEMPATH\Autoloader\Autoloader.php(271): CodeIgniter\Autoloader\Autoloader->loadInNamespace('App\\Models\\InventoryModel')
 4 APPPATH\Controllers\Inventory.php(136): CodeIgniter\Autoloader\Autoloader->loadClass('App\\Models\\InventoryModel')
 5 SYSTEMPATH\CodeIgniter.php(933): App\Controllers\Inventory->viewBatch('5')
 6 SYSTEMPATH\CodeIgniter.php(507): CodeIgniter\CodeIgniter->runController(Object(App\Controllers\Inventory))
 7 SYSTEMPATH\CodeIgniter.php(354): CodeIgniter\CodeIgniter->handleRequest(null, Object(Config\Cache), false)
 8 SYSTEMPATH\Boot.php(363): CodeIgniter\CodeIgniter->run()
 9 SYSTEMPATH\Boot.php(68): CodeIgniter\Boot::runCodeIgniter(Object(CodeIgniter\CodeIgniter))
10 FCPATH\index.php(59): CodeIgniter\Boot::bootWeb(Object(Config\Paths))
11 SYSTEMPATH\rewrite.php(44): require_once('C:\\Users\\Richard Miculob\\Documents\\ReliefTrack\\public\\index.php')
CRITICAL - 2026-02-28 13:45:38 --> CodeIgniter\View\Exceptions\ViewException: Invalid file: "inventory/view_batch.php"
[Method: GET, Route: inventory/batch/view/5]
in SYSTEMPATH\Exceptions\FrameworkException.php on line 39.
 1 SYSTEMPATH\View\View.php(214): CodeIgniter\Exceptions\FrameworkException::forInvalidFile('inventory/view_batch.php')
 2 SYSTEMPATH\Common.php(1167): CodeIgniter\View\View->render('inventory/view_batch', [], true)
 3 APPPATH\Controllers\Inventory.php(152): view('inventory/view_batch', [...])
 4 SYSTEMPATH\CodeIgniter.php(933): App\Controllers\Inventory->viewBatch('5')
 5 SYSTEMPATH\CodeIgniter.php(507): CodeIgniter\CodeIgniter->runController(Object(App\Controllers\Inventory))
 6 SYSTEMPATH\CodeIgniter.php(354): CodeIgniter\CodeIgniter->handleRequest(null, Object(Config\Cache), false)
 7 SYSTEMPATH\Boot.php(363): CodeIgniter\CodeIgniter->run()
 8 SYSTEMPATH\Boot.php(68): CodeIgniter\Boot::runCodeIgniter(Object(CodeIgniter\CodeIgniter))
 9 FCPATH\index.php(59): CodeIgniter\Boot::bootWeb(Object(Config\Paths))
10 SYSTEMPATH\rewrite.php(44): require_once('C:\\Users\\Richard Miculob\\Documents\\ReliefTrack\\public\\index.php')
DEBUG - 2026-02-28 13:47:24 --> Session: Class initialized using 'CodeIgniter\Session\Handlers\FileHandler' driver.
WARNING - 2026-02-28 13:47:24 --> [DEPRECATED] Optional parameter $familyMemberId declared before required parameter $distributorId is implicitly treated as a required parameter in APPPATH\Models\InventoryModel.php on line 135.
 1 SYSTEMPATH\Autoloader\Autoloader.php(315): include_once('C:\\Users\\Richard Miculob\\Documents\\ReliefTrack\\system\\Debug\\Exceptions.php')
 2 SYSTEMPATH\Autoloader\Autoloader.php(295): CodeIgniter\Autoloader\Autoloader->includeFile('C:\\Users\\Richard Miculob\\Documents\\ReliefTrack\\app\\Models\\InventoryModel.php')
 3 SYSTEMPATH\Autoloader\Autoloader.php(271): CodeIgniter\Autoloader\Autoloader->loadInNamespace('App\\Models\\InventoryModel')
 4 APPPATH\Controllers\Inventory.php(13): CodeIgniter\Autoloader\Autoloader->loadClass('App\\Models\\InventoryModel')
 5 SYSTEMPATH\CodeIgniter.php(933): App\Controllers\Inventory->index()
 6 SYSTEMPATH\CodeIgniter.php(507): CodeIgniter\CodeIgniter->runController(Object(App\Controllers\Inventory))
 7 SYSTEMPATH\CodeIgniter.php(354): CodeIgniter\CodeIgniter->handleRequest(null, Object(Config\Cache), false)
 8 SYSTEMPATH\Boot.php(363): CodeIgniter\CodeIgniter->run()
 9 SYSTEMPATH\Boot.php(68): CodeIgniter\Boot::runCodeIgniter(Object(CodeIgniter\CodeIgniter))
10 FCPATH\index.php(59): CodeIgniter\Boot::bootWeb(Object(Config\Paths))
11 SYSTEMPATH\rewrite.php(44): require_once('C:\\Users\\Richard Miculob\\Documents\\ReliefTrack\\public\\index.php')
DEBUG - 2026-02-28 13:47:27 --> Session: Class initialized using 'CodeIgniter\Session\Handlers\FileHandler' driver.
WARNING - 2026-02-28 13:47:27 --> [DEPRECATED] Optional parameter $familyMemberId declared before required parameter $distributorId is implicitly treated as a required parameter in APPPATH\Models\InventoryModel.php on line 135.
 1 SYSTEMPATH\Autoloader\Autoloader.php(315): include_once('C:\\Users\\Richard Miculob\\Documents\\ReliefTrack\\system\\Debug\\Exceptions.php')
 2 SYSTEMPATH\Autoloader\Autoloader.php(295): CodeIgniter\Autoloader\Autoloader->includeFile('C:\\Users\\Richard Miculob\\Documents\\ReliefTrack\\app\\Models\\InventoryModel.php')
 3 SYSTEMPATH\Autoloader\Autoloader.php(271): CodeIgniter\Autoloader\Autoloader->loadInNamespace('App\\Models\\InventoryModel')
 4 APPPATH\Controllers\Inventory.php(13): CodeIgniter\Autoloader\Autoloader->loadClass('App\\Models\\InventoryModel')
 5 SYSTEMPATH\CodeIgniter.php(933): App\Controllers\Inventory->index()
 6 SYSTEMPATH\CodeIgniter.php(507): CodeIgniter\CodeIgniter->runController(Object(App\Controllers\Inventory))
 7 SYSTEMPATH\CodeIgniter.php(354): CodeIgniter\CodeIgniter->handleRequest(null, Object(Config\Cache), false)
 8 SYSTEMPATH\Boot.php(363): CodeIgniter\CodeIgniter->run()
 9 SYSTEMPATH\Boot.php(68): CodeIgniter\Boot::runCodeIgniter(Object(CodeIgniter\CodeIgniter))
10 FCPATH\index.php(59): CodeIgniter\Boot::bootWeb(Object(Config\Paths))
11 SYSTEMPATH\rewrite.php(44): require_once('C:\\Users\\Richard Miculob\\Documents\\ReliefTrack\\public\\index.php')
DEBUG - 2026-02-28 13:47:31 --> Session: Class initialized using 'CodeIgniter\Session\Handlers\FileHandler' driver.
WARNING - 2026-02-28 13:47:31 --> [DEPRECATED] Optional parameter $familyMemberId declared before required parameter $distributorId is implicitly treated as a required parameter in APPPATH\Models\InventoryModel.php on line 135.
 1 SYSTEMPATH\Autoloader\Autoloader.php(315): include_once('C:\\Users\\Richard Miculob\\Documents\\ReliefTrack\\system\\Debug\\Exceptions.php')
 2 SYSTEMPATH\Autoloader\Autoloader.php(295): CodeIgniter\Autoloader\Autoloader->includeFile('C:\\Users\\Richard Miculob\\Documents\\ReliefTrack\\app\\Models\\InventoryModel.php')
 3 SYSTEMPATH\Autoloader\Autoloader.php(271): CodeIgniter\Autoloader\Autoloader->loadInNamespace('App\\Models\\InventoryModel')
 4 APPPATH\Controllers\Inventory.php(136): CodeIgniter\Autoloader\Autoloader->loadClass('App\\Models\\InventoryModel')
 5 SYSTEMPATH\CodeIgniter.php(933): App\Controllers\Inventory->viewBatch('5')
 6 SYSTEMPATH\CodeIgniter.php(507): CodeIgniter\CodeIgniter->runController(Object(App\Controllers\Inventory))
 7 SYSTEMPATH\CodeIgniter.php(354): CodeIgniter\CodeIgniter->handleRequest(null, Object(Config\Cache), false)
 8 SYSTEMPATH\Boot.php(363): CodeIgniter\CodeIgniter->run()
 9 SYSTEMPATH\Boot.php(68): CodeIgniter\Boot::runCodeIgniter(Object(CodeIgniter\CodeIgniter))
10 FCPATH\index.php(59): CodeIgniter\Boot::bootWeb(Object(Config\Paths))
11 SYSTEMPATH\rewrite.php(44): require_once('C:\\Users\\Richard Miculob\\Documents\\ReliefTrack\\public\\index.php')
DEBUG - 2026-02-28 13:47:40 --> Session: Class initialized using 'CodeIgniter\Session\Handlers\FileHandler' driver.
DEBUG - 2026-02-28 13:47:40 --> Session: Class initialized using 'CodeIgniter\Session\Handlers\FileHandler' driver.
DEBUG - 2026-02-28 13:47:41 --> Session: Class initialized using 'CodeIgniter\Session\Handlers\FileHandler' driver.
DEBUG - 2026-02-28 13:47:41 --> Session: Class initialized using 'CodeIgniter\Session\Handlers\FileHandler' driver.
DEBUG - 2026-02-28 13:47:44 --> Session: Class initialized using 'CodeIgniter\Session\Handlers\FileHandler' driver.
DEBUG - 2026-02-28 13:47:45 --> Session: Class initialized using 'CodeIgniter\Session\Handlers\FileHandler' driver.
DEBUG - 2026-02-28 13:47:46 --> Session: Class initialized using 'CodeIgniter\Session\Handlers\FileHandler' driver.
DEBUG - 2026-02-28 13:47:46 --> Session: Class initialized using 'CodeIgniter\Session\Handlers\FileHandler' driver.
WARNING - 2026-02-28 13:47:46 --> [DEPRECATED] Optional parameter $familyMemberId declared before required parameter $distributorId is implicitly treated as a required parameter in APPPATH\Models\InventoryModel.php on line 135.
 1 SYSTEMPATH\Autoloader\Autoloader.php(315): include_once('C:\\Users\\Richard Miculob\\Documents\\ReliefTrack\\system\\Debug\\Exceptions.php')
 2 SYSTEMPATH\Autoloader\Autoloader.php(295): CodeIgniter\Autoloader\Autoloader->includeFile('C:\\Users\\Richard Miculob\\Documents\\ReliefTrack\\app\\Models\\InventoryModel.php')
 3 SYSTEMPATH\Autoloader\Autoloader.php(271): CodeIgniter\Autoloader\Autoloader->loadInNamespace('App\\Models\\InventoryModel')
 4 APPPATH\Controllers\Inventory.php(13): CodeIgniter\Autoloader\Autoloader->loadClass('App\\Models\\InventoryModel')
 5 SYSTEMPATH\CodeIgniter.php(933): App\Controllers\Inventory->index()
 6 SYSTEMPATH\CodeIgniter.php(507): CodeIgniter\CodeIgniter->runController(Object(App\Controllers\Inventory))
 7 SYSTEMPATH\CodeIgniter.php(354): CodeIgniter\CodeIgniter->handleRequest(null, Object(Config\Cache), false)
 8 SYSTEMPATH\Boot.php(363): CodeIgniter\CodeIgniter->run()
 9 SYSTEMPATH\Boot.php(68): CodeIgniter\Boot::runCodeIgniter(Object(CodeIgniter\CodeIgniter))
10 FCPATH\index.php(59): CodeIgniter\Boot::bootWeb(Object(Config\Paths))
11 SYSTEMPATH\rewrite.php(44): require_once('C:\\Users\\Richard Miculob\\Documents\\ReliefTrack\\public\\index.php')
DEBUG - 2026-02-28 13:47:50 --> Session: Class initialized using 'CodeIgniter\Session\Handlers\FileHandler' driver.
WARNING - 2026-02-28 13:47:50 --> [DEPRECATED] Optional parameter $familyMemberId declared before required parameter $distributorId is implicitly treated as a required parameter in APPPATH\Models\InventoryModel.php on line 135.
 1 SYSTEMPATH\Autoloader\Autoloader.php(315): include_once('C:\\Users\\Richard Miculob\\Documents\\ReliefTrack\\system\\Debug\\Exceptions.php')
 2 SYSTEMPATH\Autoloader\Autoloader.php(295): CodeIgniter\Autoloader\Autoloader->includeFile('C:\\Users\\Richard Miculob\\Documents\\ReliefTrack\\app\\Models\\InventoryModel.php')
 3 SYSTEMPATH\Autoloader\Autoloader.php(271): CodeIgniter\Autoloader\Autoloader->loadInNamespace('App\\Models\\InventoryModel')
 4 APPPATH\Controllers\Inventory.php(136): CodeIgniter\Autoloader\Autoloader->loadClass('App\\Models\\InventoryModel')
 5 SYSTEMPATH\CodeIgniter.php(933): App\Controllers\Inventory->viewBatch('5')
 6 SYSTEMPATH\CodeIgniter.php(507): CodeIgniter\CodeIgniter->runController(Object(App\Controllers\Inventory))
 7 SYSTEMPATH\CodeIgniter.php(354): CodeIgniter\CodeIgniter->handleRequest(null, Object(Config\Cache), false)
 8 SYSTEMPATH\Boot.php(363): CodeIgniter\CodeIgniter->run()
 9 SYSTEMPATH\Boot.php(68): CodeIgniter\Boot::runCodeIgniter(Object(CodeIgniter\CodeIgniter))
10 FCPATH\index.php(59): CodeIgniter\Boot::bootWeb(Object(Config\Paths))
11 SYSTEMPATH\rewrite.php(44): require_once('C:\\Users\\Richard Miculob\\Documents\\ReliefTrack\\public\\index.php')
DEBUG - 2026-02-28 13:48:05 --> Session: Class initialized using 'CodeIgniter\Session\Handlers\FileHandler' driver.
DEBUG - 2026-02-28 13:48:05 --> Session: Class initialized using 'CodeIgniter\Session\Handlers\FileHandler' driver.
DEBUG - 2026-02-28 13:48:06 --> Session: Class initialized using 'CodeIgniter\Session\Handlers\FileHandler' driver.
DEBUG - 2026-02-28 13:48:06 --> Session: Class initialized using 'CodeIgniter\Session\Handlers\FileHandler' driver.
DEBUG - 2026-02-28 14:00:47 --> Session: Class initialized using 'CodeIgniter\Session\Handlers\FileHandler' driver.
WARNING - 2026-02-28 14:00:47 --> [DEPRECATED] Optional parameter $familyMemberId declared before required parameter $distributorId is implicitly treated as a required parameter in APPPATH\Models\InventoryModel.php on line 135.
 1 SYSTEMPATH\Autoloader\Autoloader.php(315): include_once('C:\\Users\\Richard Miculob\\Documents\\ReliefTrack\\system\\Debug\\Exceptions.php')
 2 SYSTEMPATH\Autoloader\Autoloader.php(295): CodeIgniter\Autoloader\Autoloader->includeFile('C:\\Users\\Richard Miculob\\Documents\\ReliefTrack\\app\\Models\\InventoryModel.php')
 3 SYSTEMPATH\Autoloader\Autoloader.php(271): CodeIgniter\Autoloader\Autoloader->loadInNamespace('App\\Models\\InventoryModel')
 4 APPPATH\Controllers\Inventory.php(136): CodeIgniter\Autoloader\Autoloader->loadClass('App\\Models\\InventoryModel')
 5 SYSTEMPATH\CodeIgniter.php(933): App\Controllers\Inventory->viewBatch('5')
 6 SYSTEMPATH\CodeIgniter.php(507): CodeIgniter\CodeIgniter->runController(Object(App\Controllers\Inventory))
 7 SYSTEMPATH\CodeIgniter.php(354): CodeIgniter\CodeIgniter->handleRequest(null, Object(Config\Cache), false)
 8 SYSTEMPATH\Boot.php(363): CodeIgniter\CodeIgniter->run()
 9 SYSTEMPATH\Boot.php(68): CodeIgniter\Boot::runCodeIgniter(Object(CodeIgniter\CodeIgniter))
10 FCPATH\index.php(59): CodeIgniter\Boot::bootWeb(Object(Config\Paths))
11 SYSTEMPATH\rewrite.php(44): require_once('C:\\Users\\Richard Miculob\\Documents\\ReliefTrack\\public\\index.php')
DEBUG - 2026-02-28 14:00:48 --> Session: Class initialized using 'CodeIgniter\Session\Handlers\FileHandler' driver.
DEBUG - 2026-02-28 14:00:50 --> Session: Class initialized using 'CodeIgniter\Session\Handlers\FileHandler' driver.
WARNING - 2026-02-28 14:00:50 --> [DEPRECATED] Optional parameter $familyMemberId declared before required parameter $distributorId is implicitly treated as a required parameter in APPPATH\Models\InventoryModel.php on line 135.
 1 SYSTEMPATH\Autoloader\Autoloader.php(315): include_once('C:\\Users\\Richard Miculob\\Documents\\ReliefTrack\\system\\Debug\\Exceptions.php')
 2 SYSTEMPATH\Autoloader\Autoloader.php(295): CodeIgniter\Autoloader\Autoloader->includeFile('C:\\Users\\Richard Miculob\\Documents\\ReliefTrack\\app\\Models\\InventoryModel.php')
 3 SYSTEMPATH\Autoloader\Autoloader.php(271): CodeIgniter\Autoloader\Autoloader->loadInNamespace('App\\Models\\InventoryModel')
 4 APPPATH\Controllers\Inventory.php(13): CodeIgniter\Autoloader\Autoloader->loadClass('App\\Models\\InventoryModel')
 5 SYSTEMPATH\CodeIgniter.php(933): App\Controllers\Inventory->index()
 6 SYSTEMPATH\CodeIgniter.php(507): CodeIgniter\CodeIgniter->runController(Object(App\Controllers\Inventory))
 7 SYSTEMPATH\CodeIgniter.php(354): CodeIgniter\CodeIgniter->handleRequest(null, Object(Config\Cache), false)
 8 SYSTEMPATH\Boot.php(363): CodeIgniter\CodeIgniter->run()
 9 SYSTEMPATH\Boot.php(68): CodeIgniter\Boot::runCodeIgniter(Object(CodeIgniter\CodeIgniter))
10 FCPATH\index.php(59): CodeIgniter\Boot::bootWeb(Object(Config\Paths))
11 SYSTEMPATH\rewrite.php(44): require_once('C:\\Users\\Richard Miculob\\Documents\\ReliefTrack\\public\\index.php')
DEBUG - 2026-02-28 14:00:57 --> Session: Class initialized using 'CodeIgniter\Session\Handlers\FileHandler' driver.
DEBUG - 2026-02-28 14:00:57 --> Session: Class initialized using 'CodeIgniter\Session\Handlers\FileHandler' driver.
WARNING - 2026-02-28 14:00:57 --> [DEPRECATED] Optional parameter $familyMemberId declared before required parameter $distributorId is implicitly treated as a required parameter in APPPATH\Models\InventoryModel.php on line 135.
 1 SYSTEMPATH\Autoloader\Autoloader.php(315): include_once('C:\\Users\\Richard Miculob\\Documents\\ReliefTrack\\system\\Debug\\Exceptions.php')
 2 SYSTEMPATH\Autoloader\Autoloader.php(295): CodeIgniter\Autoloader\Autoloader->includeFile('C:\\Users\\Richard Miculob\\Documents\\ReliefTrack\\app\\Models\\InventoryModel.php')
 3 SYSTEMPATH\Autoloader\Autoloader.php(271): CodeIgniter\Autoloader\Autoloader->loadInNamespace('App\\Models\\InventoryModel')
 4 APPPATH\Controllers\Inventory.php(13): CodeIgniter\Autoloader\Autoloader->loadClass('App\\Models\\InventoryModel')
 5 SYSTEMPATH\CodeIgniter.php(933): App\Controllers\Inventory->index()
 6 SYSTEMPATH\CodeIgniter.php(507): CodeIgniter\CodeIgniter->runController(Object(App\Controllers\Inventory))
 7 SYSTEMPATH\CodeIgniter.php(354): CodeIgniter\CodeIgniter->handleRequest(null, Object(Config\Cache), false)
 8 SYSTEMPATH\Boot.php(363): CodeIgniter\CodeIgniter->run()
 9 SYSTEMPATH\Boot.php(68): CodeIgniter\Boot::runCodeIgniter(Object(CodeIgniter\CodeIgniter))
10 FCPATH\index.php(59): CodeIgniter\Boot::bootWeb(Object(Config\Paths))
11 SYSTEMPATH\rewrite.php(44): require_once('C:\\Users\\Richard Miculob\\Documents\\ReliefTrack\\public\\index.php')
DEBUG - 2026-02-28 14:01:02 --> Session: Class initialized using 'CodeIgniter\Session\Handlers\FileHandler' driver.
WARNING - 2026-02-28 14:01:02 --> [DEPRECATED] Optional parameter $familyMemberId declared before required parameter $distributorId is implicitly treated as a required parameter in APPPATH\Models\InventoryModel.php on line 135.
 1 SYSTEMPATH\Autoloader\Autoloader.php(315): include_once('C:\\Users\\Richard Miculob\\Documents\\ReliefTrack\\system\\Debug\\Exceptions.php')
 2 SYSTEMPATH\Autoloader\Autoloader.php(295): CodeIgniter\Autoloader\Autoloader->includeFile('C:\\Users\\Richard Miculob\\Documents\\ReliefTrack\\app\\Models\\InventoryModel.php')
 3 SYSTEMPATH\Autoloader\Autoloader.php(271): CodeIgniter\Autoloader\Autoloader->loadInNamespace('App\\Models\\InventoryModel')
 4 APPPATH\Controllers\Inventory.php(136): CodeIgniter\Autoloader\Autoloader->loadClass('App\\Models\\InventoryModel')
 5 SYSTEMPATH\CodeIgniter.php(933): App\Controllers\Inventory->viewBatch('5')
 6 SYSTEMPATH\CodeIgniter.php(507): CodeIgniter\CodeIgniter->runController(Object(App\Controllers\Inventory))
 7 SYSTEMPATH\CodeIgniter.php(354): CodeIgniter\CodeIgniter->handleRequest(null, Object(Config\Cache), false)
 8 SYSTEMPATH\Boot.php(363): CodeIgniter\CodeIgniter->run()
 9 SYSTEMPATH\Boot.php(68): CodeIgniter\Boot::runCodeIgniter(Object(CodeIgniter\CodeIgniter))
10 FCPATH\index.php(59): CodeIgniter\Boot::bootWeb(Object(Config\Paths))
11 SYSTEMPATH\rewrite.php(44): require_once('C:\\Users\\Richard Miculob\\Documents\\ReliefTrack\\public\\index.php')
DEBUG - 2026-02-28 14:01:04 --> Session: Class initialized using 'CodeIgniter\Session\Handlers\FileHandler' driver.
DEBUG - 2026-02-28 14:01:04 --> Session: Class initialized using 'CodeIgniter\Session\Handlers\FileHandler' driver.
DEBUG - 2026-02-28 14:01:04 --> Session: Class initialized using 'CodeIgniter\Session\Handlers\FileHandler' driver.
DEBUG - 2026-02-28 14:01:05 --> Session: Class initialized using 'CodeIgniter\Session\Handlers\FileHandler' driver.
DEBUG - 2026-02-28 14:01:11 --> Session: Class initialized using 'CodeIgniter\Session\Handlers\FileHandler' driver.
WARNING - 2026-02-28 14:01:11 --> [DEPRECATED] Optional parameter $familyMemberId declared before required parameter $distributorId is implicitly treated as a required parameter in APPPATH\Models\InventoryModel.php on line 135.
 1 SYSTEMPATH\Autoloader\Autoloader.php(315): include_once('C:\\Users\\Richard Miculob\\Documents\\ReliefTrack\\system\\Debug\\Exceptions.php')
 2 SYSTEMPATH\Autoloader\Autoloader.php(295): CodeIgniter\Autoloader\Autoloader->includeFile('C:\\Users\\Richard Miculob\\Documents\\ReliefTrack\\app\\Models\\InventoryModel.php')
 3 SYSTEMPATH\Autoloader\Autoloader.php(271): CodeIgniter\Autoloader\Autoloader->loadInNamespace('App\\Models\\InventoryModel')
 4 APPPATH\Controllers\Inventory.php(13): CodeIgniter\Autoloader\Autoloader->loadClass('App\\Models\\InventoryModel')
 5 SYSTEMPATH\CodeIgniter.php(933): App\Controllers\Inventory->index()
 6 SYSTEMPATH\CodeIgniter.php(507): CodeIgniter\CodeIgniter->runController(Object(App\Controllers\Inventory))
 7 SYSTEMPATH\CodeIgniter.php(354): CodeIgniter\CodeIgniter->handleRequest(null, Object(Config\Cache), false)
 8 SYSTEMPATH\Boot.php(363): CodeIgniter\CodeIgniter->run()
 9 SYSTEMPATH\Boot.php(68): CodeIgniter\Boot::runCodeIgniter(Object(CodeIgniter\CodeIgniter))
10 FCPATH\index.php(59): CodeIgniter\Boot::bootWeb(Object(Config\Paths))
11 SYSTEMPATH\rewrite.php(44): require_once('C:\\Users\\Richard Miculob\\Documents\\ReliefTrack\\public\\index.php')
DEBUG - 2026-02-28 14:50:38 --> Session: Class initialized using 'CodeIgniter\Session\Handlers\FileHandler' driver.
DEBUG - 2026-02-28 14:50:38 --> Session: Class initialized using 'CodeIgniter\Session\Handlers\FileHandler' driver.
WARNING - 2026-02-28 14:50:38 --> [DEPRECATED] Optional parameter $familyMemberId declared before required parameter $distributorId is implicitly treated as a required parameter in APPPATH\Models\InventoryModel.php on line 135.
 1 SYSTEMPATH\Autoloader\Autoloader.php(315): include_once('C:\\Users\\Richard Miculob\\Documents\\ReliefTrack\\system\\Debug\\Exceptions.php')
 2 SYSTEMPATH\Autoloader\Autoloader.php(295): CodeIgniter\Autoloader\Autoloader->includeFile('C:\\Users\\Richard Miculob\\Documents\\ReliefTrack\\app\\Models\\InventoryModel.php')
 3 SYSTEMPATH\Autoloader\Autoloader.php(271): CodeIgniter\Autoloader\Autoloader->loadInNamespace('App\\Models\\InventoryModel')
 4 APPPATH\Controllers\Dashboard.php(18): CodeIgniter\Autoloader\Autoloader->loadClass('App\\Models\\InventoryModel')
 5 SYSTEMPATH\CodeIgniter.php(933): App\Controllers\Dashboard->index()
 6 SYSTEMPATH\CodeIgniter.php(507): CodeIgniter\CodeIgniter->runController(Object(App\Controllers\Dashboard))
 7 SYSTEMPATH\CodeIgniter.php(354): CodeIgniter\CodeIgniter->handleRequest(null, Object(Config\Cache), false)
 8 SYSTEMPATH\Boot.php(363): CodeIgniter\CodeIgniter->run()
 9 SYSTEMPATH\Boot.php(68): CodeIgniter\Boot::runCodeIgniter(Object(CodeIgniter\CodeIgniter))
10 FCPATH\index.php(59): CodeIgniter\Boot::bootWeb(Object(Config\Paths))
11 SYSTEMPATH\rewrite.php(44): require_once('C:\\Users\\Richard Miculob\\Documents\\ReliefTrack\\public\\index.php')
DEBUG - 2026-02-28 15:05:53 --> Session: Class initialized using 'CodeIgniter\Session\Handlers\FileHandler' driver.
WARNING - 2026-02-28 15:05:53 --> [DEPRECATED] Optional parameter $familyMemberId declared before required parameter $distributorId is implicitly treated as a required parameter in APPPATH\Models\InventoryModel.php on line 135.
 1 SYSTEMPATH\Autoloader\Autoloader.php(315): include_once('C:\\Users\\Richard Miculob\\Documents\\ReliefTrack\\system\\Debug\\Exceptions.php')
 2 SYSTEMPATH\Autoloader\Autoloader.php(295): CodeIgniter\Autoloader\Autoloader->includeFile('C:\\Users\\Richard Miculob\\Documents\\ReliefTrack\\app\\Models\\InventoryModel.php')
 3 SYSTEMPATH\Autoloader\Autoloader.php(271): CodeIgniter\Autoloader\Autoloader->loadInNamespace('App\\Models\\InventoryModel')
 4 APPPATH\Controllers\Inventory.php(13): CodeIgniter\Autoloader\Autoloader->loadClass('App\\Models\\InventoryModel')
 5 SYSTEMPATH\CodeIgniter.php(933): App\Controllers\Inventory->index()
 6 SYSTEMPATH\CodeIgniter.php(507): CodeIgniter\CodeIgniter->runController(Object(App\Controllers\Inventory))
 7 SYSTEMPATH\CodeIgniter.php(354): CodeIgniter\CodeIgniter->handleRequest(null, Object(Config\Cache), false)
 8 SYSTEMPATH\Boot.php(363): CodeIgniter\CodeIgniter->run()
 9 SYSTEMPATH\Boot.php(68): CodeIgniter\Boot::runCodeIgniter(Object(CodeIgniter\CodeIgniter))
10 FCPATH\index.php(59): CodeIgniter\Boot::bootWeb(Object(Config\Paths))
11 SYSTEMPATH\rewrite.php(44): require_once('C:\\Users\\Richard Miculob\\Documents\\ReliefTrack\\public\\index.php')
DEBUG - 2026-02-28 15:06:11 --> Session: Class initialized using 'CodeIgniter\Session\Handlers\FileHandler' driver.
DEBUG - 2026-02-28 15:06:33 --> Session: Class initialized using 'CodeIgniter\Session\Handlers\FileHandler' driver.
WARNING - 2026-02-28 15:06:33 --> [DEPRECATED] Optional parameter $familyMemberId declared before required parameter $distributorId is implicitly treated as a required parameter in APPPATH\Models\InventoryModel.php on line 135.
 1 SYSTEMPATH\Autoloader\Autoloader.php(315): include_once('C:\\Users\\Richard Miculob\\Documents\\ReliefTrack\\system\\Debug\\Exceptions.php')
 2 SYSTEMPATH\Autoloader\Autoloader.php(295): CodeIgniter\Autoloader\Autoloader->includeFile('C:\\Users\\Richard Miculob\\Documents\\ReliefTrack\\app\\Models\\InventoryModel.php')
 3 SYSTEMPATH\Autoloader\Autoloader.php(271): CodeIgniter\Autoloader\Autoloader->loadInNamespace('App\\Models\\InventoryModel')
 4 APPPATH\Controllers\Inventory.php(13): CodeIgniter\Autoloader\Autoloader->loadClass('App\\Models\\InventoryModel')
 5 SYSTEMPATH\CodeIgniter.php(933): App\Controllers\Inventory->index()
 6 SYSTEMPATH\CodeIgniter.php(507): CodeIgniter\CodeIgniter->runController(Object(App\Controllers\Inventory))
 7 SYSTEMPATH\CodeIgniter.php(354): CodeIgniter\CodeIgniter->handleRequest(null, Object(Config\Cache), false)
 8 SYSTEMPATH\Boot.php(363): CodeIgniter\CodeIgniter->run()
 9 SYSTEMPATH\Boot.php(68): CodeIgniter\Boot::runCodeIgniter(Object(CodeIgniter\CodeIgniter))
10 FCPATH\index.php(59): CodeIgniter\Boot::bootWeb(Object(Config\Paths))
11 SYSTEMPATH\rewrite.php(44): require_once('C:\\Users\\Richard Miculob\\Documents\\ReliefTrack\\public\\index.php')
DEBUG - 2026-02-28 15:06:37 --> Session: Class initialized using 'CodeIgniter\Session\Handlers\FileHandler' driver.
WARNING - 2026-02-28 15:06:37 --> [DEPRECATED] Optional parameter $familyMemberId declared before required parameter $distributorId is implicitly treated as a required parameter in APPPATH\Models\InventoryModel.php on line 135.
 1 SYSTEMPATH\Autoloader\Autoloader.php(315): include_once('C:\\Users\\Richard Miculob\\Documents\\ReliefTrack\\system\\Debug\\Exceptions.php')
 2 SYSTEMPATH\Autoloader\Autoloader.php(295): CodeIgniter\Autoloader\Autoloader->includeFile('C:\\Users\\Richard Miculob\\Documents\\ReliefTrack\\app\\Models\\InventoryModel.php')
 3 SYSTEMPATH\Autoloader\Autoloader.php(271): CodeIgniter\Autoloader\Autoloader->loadInNamespace('App\\Models\\InventoryModel')
 4 APPPATH\Controllers\Inventory.php(176): CodeIgniter\Autoloader\Autoloader->loadClass('App\\Models\\InventoryModel')
 5 SYSTEMPATH\CodeIgniter.php(933): App\Controllers\Inventory->batches('4')
 6 SYSTEMPATH\CodeIgniter.php(507): CodeIgniter\CodeIgniter->runController(Object(App\Controllers\Inventory))
 7 SYSTEMPATH\CodeIgniter.php(354): CodeIgniter\CodeIgniter->handleRequest(null, Object(Config\Cache), false)
 8 SYSTEMPATH\Boot.php(363): CodeIgniter\CodeIgniter->run()
 9 SYSTEMPATH\Boot.php(68): CodeIgniter\Boot::runCodeIgniter(Object(CodeIgniter\CodeIgniter))
10 FCPATH\index.php(59): CodeIgniter\Boot::bootWeb(Object(Config\Paths))
11 SYSTEMPATH\rewrite.php(44): require_once('C:\\Users\\Richard Miculob\\Documents\\ReliefTrack\\public\\index.php')
DEBUG - 2026-02-28 15:06:42 --> Session: Class initialized using 'CodeIgniter\Session\Handlers\FileHandler' driver.
WARNING - 2026-02-28 15:06:42 --> [DEPRECATED] Optional parameter $familyMemberId declared before required parameter $distributorId is implicitly treated as a required parameter in APPPATH\Models\InventoryModel.php on line 135.
 1 SYSTEMPATH\Autoloader\Autoloader.php(315): include_once('C:\\Users\\Richard Miculob\\Documents\\ReliefTrack\\system\\Debug\\Exceptions.php')
 2 SYSTEMPATH\Autoloader\Autoloader.php(295): CodeIgniter\Autoloader\Autoloader->includeFile('C:\\Users\\Richard Miculob\\Documents\\ReliefTrack\\app\\Models\\InventoryModel.php')
 3 SYSTEMPATH\Autoloader\Autoloader.php(271): CodeIgniter\Autoloader\Autoloader->loadInNamespace('App\\Models\\InventoryModel')
 4 APPPATH\Controllers\Inventory.php(13): CodeIgniter\Autoloader\Autoloader->loadClass('App\\Models\\InventoryModel')
 5 SYSTEMPATH\CodeIgniter.php(933): App\Controllers\Inventory->index()
 6 SYSTEMPATH\CodeIgniter.php(507): CodeIgniter\CodeIgniter->runController(Object(App\Controllers\Inventory))
 7 SYSTEMPATH\CodeIgniter.php(354): CodeIgniter\CodeIgniter->handleRequest(null, Object(Config\Cache), false)
 8 SYSTEMPATH\Boot.php(363): CodeIgniter\CodeIgniter->run()
 9 SYSTEMPATH\Boot.php(68): CodeIgniter\Boot::runCodeIgniter(Object(CodeIgniter\CodeIgniter))
10 FCPATH\index.php(59): CodeIgniter\Boot::bootWeb(Object(Config\Paths))
11 SYSTEMPATH\rewrite.php(44): require_once('C:\\Users\\Richard Miculob\\Documents\\ReliefTrack\\public\\index.php')
DEBUG - 2026-02-28 15:06:46 --> Session: Class initialized using 'CodeIgniter\Session\Handlers\FileHandler' driver.
WARNING - 2026-02-28 15:06:46 --> [DEPRECATED] Optional parameter $familyMemberId declared before required parameter $distributorId is implicitly treated as a required parameter in APPPATH\Models\InventoryModel.php on line 135.
 1 SYSTEMPATH\Autoloader\Autoloader.php(315): include_once('C:\\Users\\Richard Miculob\\Documents\\ReliefTrack\\system\\Debug\\Exceptions.php')
 2 SYSTEMPATH\Autoloader\Autoloader.php(295): CodeIgniter\Autoloader\Autoloader->includeFile('C:\\Users\\Richard Miculob\\Documents\\ReliefTrack\\app\\Models\\InventoryModel.php')
 3 SYSTEMPATH\Autoloader\Autoloader.php(271): CodeIgniter\Autoloader\Autoloader->loadInNamespace('App\\Models\\InventoryModel')
 4 APPPATH\Controllers\Inventory.php(136): CodeIgniter\Autoloader\Autoloader->loadClass('App\\Models\\InventoryModel')
 5 SYSTEMPATH\CodeIgniter.php(933): App\Controllers\Inventory->viewBatch('5')
 6 SYSTEMPATH\CodeIgniter.php(507): CodeIgniter\CodeIgniter->runController(Object(App\Controllers\Inventory))
 7 SYSTEMPATH\CodeIgniter.php(354): CodeIgniter\CodeIgniter->handleRequest(null, Object(Config\Cache), false)
 8 SYSTEMPATH\Boot.php(363): CodeIgniter\CodeIgniter->run()
 9 SYSTEMPATH\Boot.php(68): CodeIgniter\Boot::runCodeIgniter(Object(CodeIgniter\CodeIgniter))
10 FCPATH\index.php(59): CodeIgniter\Boot::bootWeb(Object(Config\Paths))
11 SYSTEMPATH\rewrite.php(44): require_once('C:\\Users\\Richard Miculob\\Documents\\ReliefTrack\\public\\index.php')
DEBUG - 2026-02-28 15:06:51 --> Session: Class initialized using 'CodeIgniter\Session\Handlers\FileHandler' driver.
WARNING - 2026-02-28 15:06:51 --> [DEPRECATED] Optional parameter $familyMemberId declared before required parameter $distributorId is implicitly treated as a required parameter in APPPATH\Models\InventoryModel.php on line 135.
 1 SYSTEMPATH\Autoloader\Autoloader.php(315): include_once('C:\\Users\\Richard Miculob\\Documents\\ReliefTrack\\system\\Debug\\Exceptions.php')
 2 SYSTEMPATH\Autoloader\Autoloader.php(295): CodeIgniter\Autoloader\Autoloader->includeFile('C:\\Users\\Richard Miculob\\Documents\\ReliefTrack\\app\\Models\\InventoryModel.php')
 3 SYSTEMPATH\Autoloader\Autoloader.php(271): CodeIgniter\Autoloader\Autoloader->loadInNamespace('App\\Models\\InventoryModel')
 4 APPPATH\Controllers\Inventory.php(176): CodeIgniter\Autoloader\Autoloader->loadClass('App\\Models\\InventoryModel')
 5 SYSTEMPATH\CodeIgniter.php(933): App\Controllers\Inventory->batches('4')
 6 SYSTEMPATH\CodeIgniter.php(507): CodeIgniter\CodeIgniter->runController(Object(App\Controllers\Inventory))
 7 SYSTEMPATH\CodeIgniter.php(354): CodeIgniter\CodeIgniter->handleRequest(null, Object(Config\Cache), false)
 8 SYSTEMPATH\Boot.php(363): CodeIgniter\CodeIgniter->run()
 9 SYSTEMPATH\Boot.php(68): CodeIgniter\Boot::runCodeIgniter(Object(CodeIgniter\CodeIgniter))
10 FCPATH\index.php(59): CodeIgniter\Boot::bootWeb(Object(Config\Paths))
11 SYSTEMPATH\rewrite.php(44): require_once('C:\\Users\\Richard Miculob\\Documents\\ReliefTrack\\public\\index.php')
DEBUG - 2026-02-28 15:09:58 --> Session: Class initialized using 'CodeIgniter\Session\Handlers\FileHandler' driver.
WARNING - 2026-02-28 15:09:58 --> [DEPRECATED] Optional parameter $familyMemberId declared before required parameter $distributorId is implicitly treated as a required parameter in APPPATH\Models\InventoryModel.php on line 135.
 1 SYSTEMPATH\Autoloader\Autoloader.php(315): include_once('C:\\Users\\Richard Miculob\\Documents\\ReliefTrack\\system\\Debug\\Exceptions.php')
 2 SYSTEMPATH\Autoloader\Autoloader.php(295): CodeIgniter\Autoloader\Autoloader->includeFile('C:\\Users\\Richard Miculob\\Documents\\ReliefTrack\\app\\Models\\InventoryModel.php')
 3 SYSTEMPATH\Autoloader\Autoloader.php(271): CodeIgniter\Autoloader\Autoloader->loadInNamespace('App\\Models\\InventoryModel')
 4 APPPATH\Controllers\Inventory.php(136): CodeIgniter\Autoloader\Autoloader->loadClass('App\\Models\\InventoryModel')
 5 SYSTEMPATH\CodeIgniter.php(933): App\Controllers\Inventory->viewBatch('5')
 6 SYSTEMPATH\CodeIgniter.php(507): CodeIgniter\CodeIgniter->runController(Object(App\Controllers\Inventory))
 7 SYSTEMPATH\CodeIgniter.php(354): CodeIgniter\CodeIgniter->handleRequest(null, Object(Config\Cache), false)
 8 SYSTEMPATH\Boot.php(363): CodeIgniter\CodeIgniter->run()
 9 SYSTEMPATH\Boot.php(68): CodeIgniter\Boot::runCodeIgniter(Object(CodeIgniter\CodeIgniter))
10 FCPATH\index.php(59): CodeIgniter\Boot::bootWeb(Object(Config\Paths))
11 SYSTEMPATH\rewrite.php(44): require_once('C:\\Users\\Richard Miculob\\Documents\\ReliefTrack\\public\\index.php')
DEBUG - 2026-02-28 15:10:03 --> Session: Class initialized using 'CodeIgniter\Session\Handlers\FileHandler' driver.
WARNING - 2026-02-28 15:10:03 --> [DEPRECATED] Optional parameter $familyMemberId declared before required parameter $distributorId is implicitly treated as a required parameter in APPPATH\Models\InventoryModel.php on line 135.
 1 SYSTEMPATH\Autoloader\Autoloader.php(315): include_once('C:\\Users\\Richard Miculob\\Documents\\ReliefTrack\\system\\Debug\\Exceptions.php')
 2 SYSTEMPATH\Autoloader\Autoloader.php(295): CodeIgniter\Autoloader\Autoloader->includeFile('C:\\Users\\Richard Miculob\\Documents\\ReliefTrack\\app\\Models\\InventoryModel.php')
 3 SYSTEMPATH\Autoloader\Autoloader.php(271): CodeIgniter\Autoloader\Autoloader->loadInNamespace('App\\Models\\InventoryModel')
 4 APPPATH\Controllers\Inventory.php(176): CodeIgniter\Autoloader\Autoloader->loadClass('App\\Models\\InventoryModel')
 5 SYSTEMPATH\CodeIgniter.php(933): App\Controllers\Inventory->batches('4')
 6 SYSTEMPATH\CodeIgniter.php(507): CodeIgniter\CodeIgniter->runController(Object(App\Controllers\Inventory))
 7 SYSTEMPATH\CodeIgniter.php(354): CodeIgniter\CodeIgniter->handleRequest(null, Object(Config\Cache), false)
 8 SYSTEMPATH\Boot.php(363): CodeIgniter\CodeIgniter->run()
 9 SYSTEMPATH\Boot.php(68): CodeIgniter\Boot::runCodeIgniter(Object(CodeIgniter\CodeIgniter))
10 FCPATH\index.php(59): CodeIgniter\Boot::bootWeb(Object(Config\Paths))
11 SYSTEMPATH\rewrite.php(44): require_once('C:\\Users\\Richard Miculob\\Documents\\ReliefTrack\\public\\index.php')
DEBUG - 2026-02-28 15:20:11 --> Session: Class initialized using 'CodeIgniter\Session\Handlers\FileHandler' driver.
DEBUG - 2026-02-28 15:20:13 --> Session: Class initialized using 'CodeIgniter\Session\Handlers\FileHandler' driver.
WARNING - 2026-02-28 15:20:13 --> [DEPRECATED] Optional parameter $familyMemberId declared before required parameter $distributorId is implicitly treated as a required parameter in APPPATH\Models\InventoryModel.php on line 135.
 1 SYSTEMPATH\Autoloader\Autoloader.php(315): include_once('C:\\Users\\Richard Miculob\\Documents\\ReliefTrack\\system\\Debug\\Exceptions.php')
 2 SYSTEMPATH\Autoloader\Autoloader.php(295): CodeIgniter\Autoloader\Autoloader->includeFile('C:\\Users\\Richard Miculob\\Documents\\ReliefTrack\\app\\Models\\InventoryModel.php')
 3 SYSTEMPATH\Autoloader\Autoloader.php(271): CodeIgniter\Autoloader\Autoloader->loadInNamespace('App\\Models\\InventoryModel')
 4 APPPATH\Controllers\Inventory.php(13): CodeIgniter\Autoloader\Autoloader->loadClass('App\\Models\\InventoryModel')
 5 SYSTEMPATH\CodeIgniter.php(933): App\Controllers\Inventory->index()
 6 SYSTEMPATH\CodeIgniter.php(507): CodeIgniter\CodeIgniter->runController(Object(App\Controllers\Inventory))
 7 SYSTEMPATH\CodeIgniter.php(354): CodeIgniter\CodeIgniter->handleRequest(null, Object(Config\Cache), false)
 8 SYSTEMPATH\Boot.php(363): CodeIgniter\CodeIgniter->run()
 9 SYSTEMPATH\Boot.php(68): CodeIgniter\Boot::runCodeIgniter(Object(CodeIgniter\CodeIgniter))
10 FCPATH\index.php(59): CodeIgniter\Boot::bootWeb(Object(Config\Paths))
11 SYSTEMPATH\rewrite.php(44): require_once('C:\\Users\\Richard Miculob\\Documents\\ReliefTrack\\public\\index.php')
DEBUG - 2026-02-28 15:23:36 --> Session: Class initialized using 'CodeIgniter\Session\Handlers\FileHandler' driver.
WARNING - 2026-02-28 15:23:36 --> [DEPRECATED] Optional parameter $familyMemberId declared before required parameter $distributorId is implicitly treated as a required parameter in APPPATH\Models\InventoryModel.php on line 135.
 1 SYSTEMPATH\Autoloader\Autoloader.php(315): include_once('C:\\Users\\Richard Miculob\\Documents\\ReliefTrack\\system\\Debug\\Exceptions.php')
 2 SYSTEMPATH\Autoloader\Autoloader.php(295): CodeIgniter\Autoloader\Autoloader->includeFile('C:\\Users\\Richard Miculob\\Documents\\ReliefTrack\\app\\Models\\InventoryModel.php')
 3 SYSTEMPATH\Autoloader\Autoloader.php(271): CodeIgniter\Autoloader\Autoloader->loadInNamespace('App\\Models\\InventoryModel')
 4 APPPATH\Controllers\Dashboard.php(18): CodeIgniter\Autoloader\Autoloader->loadClass('App\\Models\\InventoryModel')
 5 SYSTEMPATH\CodeIgniter.php(933): App\Controllers\Dashboard->index()
 6 SYSTEMPATH\CodeIgniter.php(507): CodeIgniter\CodeIgniter->runController(Object(App\Controllers\Dashboard))
 7 SYSTEMPATH\CodeIgniter.php(354): CodeIgniter\CodeIgniter->handleRequest(null, Object(Config\Cache), false)
 8 SYSTEMPATH\Boot.php(363): CodeIgniter\CodeIgniter->run()
 9 SYSTEMPATH\Boot.php(68): CodeIgniter\Boot::runCodeIgniter(Object(CodeIgniter\CodeIgniter))
10 FCPATH\index.php(59): CodeIgniter\Boot::bootWeb(Object(Config\Paths))
11 SYSTEMPATH\rewrite.php(44): require_once('C:\\Users\\Richard Miculob\\Documents\\ReliefTrack\\public\\index.php')
DEBUG - 2026-02-28 15:42:50 --> Session: Class initialized using 'CodeIgniter\Session\Handlers\FileHandler' driver.
WARNING - 2026-02-28 15:42:51 --> [DEPRECATED] Optional parameter $familyMemberId declared before required parameter $distributorId is implicitly treated as a required parameter in APPPATH\Models\InventoryModel.php on line 135.
 1 SYSTEMPATH\Autoloader\Autoloader.php(315): include_once('C:\\Users\\Richard Miculob\\Documents\\ReliefTrack\\system\\Debug\\Exceptions.php')
 2 SYSTEMPATH\Autoloader\Autoloader.php(295): CodeIgniter\Autoloader\Autoloader->includeFile('C:\\Users\\Richard Miculob\\Documents\\ReliefTrack\\app\\Models\\InventoryModel.php')
 3 SYSTEMPATH\Autoloader\Autoloader.php(271): CodeIgniter\Autoloader\Autoloader->loadInNamespace('App\\Models\\InventoryModel')
 4 APPPATH\Controllers\Dashboard.php(18): CodeIgniter\Autoloader\Autoloader->loadClass('App\\Models\\InventoryModel')
 5 SYSTEMPATH\CodeIgniter.php(933): App\Controllers\Dashboard->index()
 6 SYSTEMPATH\CodeIgniter.php(507): CodeIgniter\CodeIgniter->runController(Object(App\Controllers\Dashboard))
 7 SYSTEMPATH\CodeIgniter.php(354): CodeIgniter\CodeIgniter->handleRequest(null, Object(Config\Cache), false)
 8 SYSTEMPATH\Boot.php(363): CodeIgniter\CodeIgniter->run()
 9 SYSTEMPATH\Boot.php(68): CodeIgniter\Boot::runCodeIgniter(Object(CodeIgniter\CodeIgniter))
10 FCPATH\index.php(59): CodeIgniter\Boot::bootWeb(Object(Config\Paths))
11 SYSTEMPATH\rewrite.php(44): require_once('C:\\Users\\Richard Miculob\\Documents\\ReliefTrack\\public\\index.php')
DEBUG - 2026-02-28 15:42:52 --> Session: Class initialized using 'CodeIgniter\Session\Handlers\FileHandler' driver.
DEBUG - 2026-02-28 15:42:53 --> Session: Class initialized using 'CodeIgniter\Session\Handlers\FileHandler' driver.
DEBUG - 2026-02-28 15:42:56 --> Session: Class initialized using 'CodeIgniter\Session\Handlers\FileHandler' driver.
DEBUG - 2026-02-28 15:42:57 --> Session: Class initialized using 'CodeIgniter\Session\Handlers\FileHandler' driver.
DEBUG - 2026-02-28 15:42:58 --> Session: Class initialized using 'CodeIgniter\Session\Handlers\FileHandler' driver.
DEBUG - 2026-02-28 15:42:58 --> Session: Class initialized using 'CodeIgniter\Session\Handlers\FileHandler' driver.
WARNING - 2026-02-28 15:42:59 --> [DEPRECATED] Optional parameter $familyMemberId declared before required parameter $distributorId is implicitly treated as a required parameter in APPPATH\Models\InventoryModel.php on line 135.
 1 SYSTEMPATH\Autoloader\Autoloader.php(315): include_once('C:\\Users\\Richard Miculob\\Documents\\ReliefTrack\\system\\Debug\\Exceptions.php')
 2 SYSTEMPATH\Autoloader\Autoloader.php(295): CodeIgniter\Autoloader\Autoloader->includeFile('C:\\Users\\Richard Miculob\\Documents\\ReliefTrack\\app\\Models\\InventoryModel.php')
 3 SYSTEMPATH\Autoloader\Autoloader.php(271): CodeIgniter\Autoloader\Autoloader->loadInNamespace('App\\Models\\InventoryModel')
 4 APPPATH\Controllers\Inventory.php(13): CodeIgniter\Autoloader\Autoloader->loadClass('App\\Models\\InventoryModel')
 5 SYSTEMPATH\CodeIgniter.php(933): App\Controllers\Inventory->index()
 6 SYSTEMPATH\CodeIgniter.php(507): CodeIgniter\CodeIgniter->runController(Object(App\Controllers\Inventory))
 7 SYSTEMPATH\CodeIgniter.php(354): CodeIgniter\CodeIgniter->handleRequest(null, Object(Config\Cache), false)
 8 SYSTEMPATH\Boot.php(363): CodeIgniter\CodeIgniter->run()
 9 SYSTEMPATH\Boot.php(68): CodeIgniter\Boot::runCodeIgniter(Object(CodeIgniter\CodeIgniter))
10 FCPATH\index.php(59): CodeIgniter\Boot::bootWeb(Object(Config\Paths))
11 SYSTEMPATH\rewrite.php(44): require_once('C:\\Users\\Richard Miculob\\Documents\\ReliefTrack\\public\\index.php')
DEBUG - 2026-02-28 15:43:01 --> Session: Class initialized using 'CodeIgniter\Session\Handlers\FileHandler' driver.
DEBUG - 2026-02-28 15:43:02 --> Session: Class initialized using 'CodeIgniter\Session\Handlers\FileHandler' driver.
DEBUG - 2026-02-28 15:54:37 --> Session: Class initialized using 'CodeIgniter\Session\Handlers\FileHandler' driver.
DEBUG - 2026-02-28 15:54:41 --> Session: Class initialized using 'CodeIgniter\Session\Handlers\FileHandler' driver.
DEBUG - 2026-02-28 15:54:41 --> Session: Class initialized using 'CodeIgniter\Session\Handlers\FileHandler' driver.
DEBUG - 2026-02-28 15:54:51 --> Session: Class initialized using 'CodeIgniter\Session\Handlers\FileHandler' driver.
DEBUG - 2026-02-28 15:59:02 --> Session: Class initialized using 'CodeIgniter\Session\Handlers\FileHandler' driver.
DEBUG - 2026-02-28 15:59:07 --> Session: Class initialized using 'CodeIgniter\Session\Handlers\FileHandler' driver.
DEBUG - 2026-02-28 15:59:19 --> Session: Class initialized using 'CodeIgniter\Session\Handlers\FileHandler' driver.
DEBUG - 2026-02-28 16:02:49 --> Session: Class initialized using 'CodeIgniter\Session\Handlers\FileHandler' driver.
DEBUG - 2026-02-28 16:03:36 --> Session: Class initialized using 'CodeIgniter\Session\Handlers\FileHandler' driver.
DEBUG - 2026-02-28 16:04:02 --> Session: Class initialized using 'CodeIgniter\Session\Handlers\FileHandler' driver.
DEBUG - 2026-02-28 16:07:33 --> Session: Class initialized using 'CodeIgniter\Session\Handlers\FileHandler' driver.
DEBUG - 2026-02-28 16:07:49 --> Session: Class initialized using 'CodeIgniter\Session\Handlers\FileHandler' driver.
DEBUG - 2026-02-28 16:07:49 --> Session: Class initialized using 'CodeIgniter\Session\Handlers\FileHandler' driver.
DEBUG - 2026-02-28 16:07:50 --> Session: Class initialized using 'CodeIgniter\Session\Handlers\FileHandler' driver.
DEBUG - 2026-02-28 16:07:51 --> Session: Class initialized using 'CodeIgniter\Session\Handlers\FileHandler' driver.
DEBUG - 2026-02-28 16:07:51 --> Session: Class initialized using 'CodeIgniter\Session\Handlers\FileHandler' driver.
DEBUG - 2026-02-28 16:08:03 --> Session: Class initialized using 'CodeIgniter\Session\Handlers\FileHandler' driver.
DEBUG - 2026-02-28 16:08:04 --> Session: Class initialized using 'CodeIgniter\Session\Handlers\FileHandler' driver.
DEBUG - 2026-02-28 16:08:04 --> Session: Class initialized using 'CodeIgniter\Session\Handlers\FileHandler' driver.
DEBUG - 2026-02-28 16:08:07 --> Session: Class initialized using 'CodeIgniter\Session\Handlers\FileHandler' driver.
DEBUG - 2026-02-28 16:08:51 --> Session: Class initialized using 'CodeIgniter\Session\Handlers\FileHandler' driver.
DEBUG - 2026-02-28 16:08:51 --> Session: Class initialized using 'CodeIgniter\Session\Handlers\FileHandler' driver.
DEBUG - 2026-02-28 16:08:52 --> Session: Class initialized using 'CodeIgniter\Session\Handlers\FileHandler' driver.
DEBUG - 2026-02-28 16:08:56 --> Session: Class initialized using 'CodeIgniter\Session\Handlers\FileHandler' driver.
DEBUG - 2026-02-28 16:09:18 --> Session: Class initialized using 'CodeIgniter\Session\Handlers\FileHandler' driver.
DEBUG - 2026-02-28 16:09:24 --> Session: Class initialized using 'CodeIgniter\Session\Handlers\FileHandler' driver.
DEBUG - 2026-02-28 16:09:24 --> Session: Class initialized using 'CodeIgniter\Session\Handlers\FileHandler' driver.
WARNING - 2026-02-28 16:09:24 --> [DEPRECATED] Optional parameter $familyMemberId declared before required parameter $distributorId is implicitly treated as a required parameter in APPPATH\Models\InventoryModel.php on line 135.
 1 SYSTEMPATH\Autoloader\Autoloader.php(315): include_once('C:\\Users\\Richard Miculob\\Documents\\ReliefTrack\\system\\Debug\\Exceptions.php')
 2 SYSTEMPATH\Autoloader\Autoloader.php(295): CodeIgniter\Autoloader\Autoloader->includeFile('C:\\Users\\Richard Miculob\\Documents\\ReliefTrack\\app\\Models\\InventoryModel.php')
 3 SYSTEMPATH\Autoloader\Autoloader.php(271): CodeIgniter\Autoloader\Autoloader->loadInNamespace('App\\Models\\InventoryModel')
 4 APPPATH\Controllers\Dashboard.php(18): CodeIgniter\Autoloader\Autoloader->loadClass('App\\Models\\InventoryModel')
 5 SYSTEMPATH\CodeIgniter.php(933): App\Controllers\Dashboard->index()
 6 SYSTEMPATH\CodeIgniter.php(507): CodeIgniter\CodeIgniter->runController(Object(App\Controllers\Dashboard))
 7 SYSTEMPATH\CodeIgniter.php(354): CodeIgniter\CodeIgniter->handleRequest(null, Object(Config\Cache), false)
 8 SYSTEMPATH\Boot.php(363): CodeIgniter\CodeIgniter->run()
 9 SYSTEMPATH\Boot.php(68): CodeIgniter\Boot::runCodeIgniter(Object(CodeIgniter\CodeIgniter))
10 FCPATH\index.php(59): CodeIgniter\Boot::bootWeb(Object(Config\Paths))
11 SYSTEMPATH\rewrite.php(44): require_once('C:\\Users\\Richard Miculob\\Documents\\ReliefTrack\\public\\index.php')
DEBUG - 2026-02-28 16:09:26 --> Session: Class initialized using 'CodeIgniter\Session\Handlers\FileHandler' driver.
DEBUG - 2026-02-28 16:09:29 --> Session: Class initialized using 'CodeIgniter\Session\Handlers\FileHandler' driver.
DEBUG - 2026-02-28 16:09:42 --> Session: Class initialized using 'CodeIgniter\Session\Handlers\FileHandler' driver.
DEBUG - 2026-02-28 16:09:44 --> Session: Class initialized using 'CodeIgniter\Session\Handlers\FileHandler' driver.
DEBUG - 2026-02-28 16:09:44 --> Session: Class initialized using 'CodeIgniter\Session\Handlers\FileHandler' driver.
DEBUG - 2026-02-28 16:09:46 --> Session: Class initialized using 'CodeIgniter\Session\Handlers\FileHandler' driver.
DEBUG - 2026-02-28 16:10:08 --> Session: Class initialized using 'CodeIgniter\Session\Handlers\FileHandler' driver.
DEBUG - 2026-02-28 16:13:31 --> Session: Class initialized using 'CodeIgniter\Session\Handlers\FileHandler' driver.
DEBUG - 2026-02-28 16:17:51 --> Session: Class initialized using 'CodeIgniter\Session\Handlers\FileHandler' driver.
DEBUG - 2026-02-28 16:18:31 --> Session: Class initialized using 'CodeIgniter\Session\Handlers\FileHandler' driver.
DEBUG - 2026-02-28 16:19:03 --> Session: Class initialized using 'CodeIgniter\Session\Handlers\FileHandler' driver.
DEBUG - 2026-02-28 16:19:12 --> Session: Class initialized using 'CodeIgniter\Session\Handlers\FileHandler' driver.
DEBUG - 2026-02-28 16:19:33 --> Session: Class initialized using 'CodeIgniter\Session\Handlers\FileHandler' driver.
DEBUG - 2026-02-28 16:19:53 --> Session: Class initialized using 'CodeIgniter\Session\Handlers\FileHandler' driver.
DEBUG - 2026-02-28 16:23:51 --> Session: Class initialized using 'CodeIgniter\Session\Handlers\FileHandler' driver.
DEBUG - 2026-02-28 16:23:51 --> Session: Class initialized using 'CodeIgniter\Session\Handlers\FileHandler' driver.
DEBUG - 2026-02-28 16:23:53 --> Session: Class initialized using 'CodeIgniter\Session\Handlers\FileHandler' driver.
DEBUG - 2026-02-28 16:23:53 --> Session: Class initialized using 'CodeIgniter\Session\Handlers\FileHandler' driver.
DEBUG - 2026-02-28 16:23:53 --> Session: Class initialized using 'CodeIgniter\Session\Handlers\FileHandler' driver.
DEBUG - 2026-02-28 16:23:59 --> Session: Class initialized using 'CodeIgniter\Session\Handlers\FileHandler' driver.
DEBUG - 2026-02-28 16:23:59 --> Session: Class initialized using 'CodeIgniter\Session\Handlers\FileHandler' driver.
DEBUG - 2026-02-28 16:23:59 --> Session: Class initialized using 'CodeIgniter\Session\Handlers\FileHandler' driver.
DEBUG - 2026-02-28 16:24:13 --> Session: Class initialized using 'CodeIgniter\Session\Handlers\FileHandler' driver.
DEBUG - 2026-02-28 16:24:14 --> Session: Class initialized using 'CodeIgniter\Session\Handlers\FileHandler' driver.
DEBUG - 2026-02-28 16:24:14 --> Session: Class initialized using 'CodeIgniter\Session\Handlers\FileHandler' driver.
DEBUG - 2026-02-28 16:24:15 --> Session: Class initialized using 'CodeIgniter\Session\Handlers\FileHandler' driver.
DEBUG - 2026-02-28 16:24:15 --> Session: Class initialized using 'CodeIgniter\Session\Handlers\FileHandler' driver.
DEBUG - 2026-02-28 16:24:15 --> Session: Class initialized using 'CodeIgniter\Session\Handlers\FileHandler' driver.
DEBUG - 2026-02-28 16:24:15 --> Session: Class initialized using 'CodeIgniter\Session\Handlers\FileHandler' driver.
DEBUG - 2026-02-28 16:24:16 --> Session: Class initialized using 'CodeIgniter\Session\Handlers\FileHandler' driver.
DEBUG - 2026-02-28 16:24:17 --> Session: Class initialized using 'CodeIgniter\Session\Handlers\FileHandler' driver.
DEBUG - 2026-02-28 16:24:17 --> Session: Class initialized using 'CodeIgniter\Session\Handlers\FileHandler' driver.
DEBUG - 2026-02-28 16:24:22 --> Session: Class initialized using 'CodeIgniter\Session\Handlers\FileHandler' driver.
DEBUG - 2026-02-28 16:26:06 --> Session: Class initialized using 'CodeIgniter\Session\Handlers\FileHandler' driver.
DEBUG - 2026-02-28 16:26:15 --> Session: Class initialized using 'CodeIgniter\Session\Handlers\FileHandler' driver.
DEBUG - 2026-02-28 16:26:16 --> Session: Class initialized using 'CodeIgniter\Session\Handlers\FileHandler' driver.
DEBUG - 2026-02-28 16:29:17 --> Session: Class initialized using 'CodeIgniter\Session\Handlers\FileHandler' driver.
DEBUG - 2026-02-28 16:30:37 --> Session: Class initialized using 'CodeIgniter\Session\Handlers\FileHandler' driver.
DEBUG - 2026-02-28 16:31:47 --> Session: Class initialized using 'CodeIgniter\Session\Handlers\FileHandler' driver.
DEBUG - 2026-02-28 16:31:48 --> Session: Class initialized using 'CodeIgniter\Session\Handlers\FileHandler' driver.
WARNING - 2026-02-28 16:31:48 --> [DEPRECATED] Optional parameter $familyMemberId declared before required parameter $distributorId is implicitly treated as a required parameter in APPPATH\Models\InventoryModel.php on line 135.
 1 SYSTEMPATH\Autoloader\Autoloader.php(315): include_once('C:\\Users\\Richard Miculob\\Documents\\ReliefTrack\\system\\Debug\\Exceptions.php')
 2 SYSTEMPATH\Autoloader\Autoloader.php(295): CodeIgniter\Autoloader\Autoloader->includeFile('C:\\Users\\Richard Miculob\\Documents\\ReliefTrack\\app\\Models\\InventoryModel.php')
 3 SYSTEMPATH\Autoloader\Autoloader.php(271): CodeIgniter\Autoloader\Autoloader->loadInNamespace('App\\Models\\InventoryModel')
 4 APPPATH\Controllers\Inventory.php(13): CodeIgniter\Autoloader\Autoloader->loadClass('App\\Models\\InventoryModel')
 5 SYSTEMPATH\CodeIgniter.php(933): App\Controllers\Inventory->index()
 6 SYSTEMPATH\CodeIgniter.php(507): CodeIgniter\CodeIgniter->runController(Object(App\Controllers\Inventory))
 7 SYSTEMPATH\CodeIgniter.php(354): CodeIgniter\CodeIgniter->handleRequest(null, Object(Config\Cache), false)
 8 SYSTEMPATH\Boot.php(363): CodeIgniter\CodeIgniter->run()
 9 SYSTEMPATH\Boot.php(68): CodeIgniter\Boot::runCodeIgniter(Object(CodeIgniter\CodeIgniter))
10 FCPATH\index.php(59): CodeIgniter\Boot::bootWeb(Object(Config\Paths))
11 SYSTEMPATH\rewrite.php(44): require_once('C:\\Users\\Richard Miculob\\Documents\\ReliefTrack\\public\\index.php')
DEBUG - 2026-02-28 16:31:52 --> Session: Class initialized using 'CodeIgniter\Session\Handlers\FileHandler' driver.
WARNING - 2026-02-28 16:31:52 --> [DEPRECATED] Optional parameter $familyMemberId declared before required parameter $distributorId is implicitly treated as a required parameter in APPPATH\Models\InventoryModel.php on line 135.
 1 SYSTEMPATH\Autoloader\Autoloader.php(315): include_once('C:\\Users\\Richard Miculob\\Documents\\ReliefTrack\\system\\Debug\\Exceptions.php')
 2 SYSTEMPATH\Autoloader\Autoloader.php(295): CodeIgniter\Autoloader\Autoloader->includeFile('C:\\Users\\Richard Miculob\\Documents\\ReliefTrack\\app\\Models\\InventoryModel.php')
 3 SYSTEMPATH\Autoloader\Autoloader.php(271): CodeIgniter\Autoloader\Autoloader->loadInNamespace('App\\Models\\InventoryModel')
 4 APPPATH\Controllers\Inventory.php(136): CodeIgniter\Autoloader\Autoloader->loadClass('App\\Models\\InventoryModel')
 5 SYSTEMPATH\CodeIgniter.php(933): App\Controllers\Inventory->viewBatch('5')
 6 SYSTEMPATH\CodeIgniter.php(507): CodeIgniter\CodeIgniter->runController(Object(App\Controllers\Inventory))
 7 SYSTEMPATH\CodeIgniter.php(354): CodeIgniter\CodeIgniter->handleRequest(null, Object(Config\Cache), false)
 8 SYSTEMPATH\Boot.php(363): CodeIgniter\CodeIgniter->run()
 9 SYSTEMPATH\Boot.php(68): CodeIgniter\Boot::runCodeIgniter(Object(CodeIgniter\CodeIgniter))
10 FCPATH\index.php(59): CodeIgniter\Boot::bootWeb(Object(Config\Paths))
11 SYSTEMPATH\rewrite.php(44): require_once('C:\\Users\\Richard Miculob\\Documents\\ReliefTrack\\public\\index.php')
DEBUG - 2026-02-28 16:31:54 --> Session: Class initialized using 'CodeIgniter\Session\Handlers\FileHandler' driver.
DEBUG - 2026-02-28 16:32:23 --> Session: Class initialized using 'CodeIgniter\Session\Handlers\FileHandler' driver.
DEBUG - 2026-02-28 16:33:53 --> Session: Class initialized using 'CodeIgniter\Session\Handlers\FileHandler' driver.
DEBUG - 2026-02-28 16:40:40 --> Session: Class initialized using 'CodeIgniter\Session\Handlers\FileHandler' driver.
DEBUG - 2026-02-28 16:40:40 --> Session: Class initialized using 'CodeIgniter\Session\Handlers\FileHandler' driver.
DEBUG - 2026-02-28 16:40:48 --> Session: Class initialized using 'CodeIgniter\Session\Handlers\FileHandler' driver.
DEBUG - 2026-02-28 16:40:49 --> Session: Class initialized using 'CodeIgniter\Session\Handlers\FileHandler' driver.
DEBUG - 2026-02-28 16:40:49 --> Session: Class initialized using 'CodeIgniter\Session\Handlers\FileHandler' driver.
DEBUG - 2026-02-28 16:40:50 --> Session: Class initialized using 'CodeIgniter\Session\Handlers\FileHandler' driver.
DEBUG - 2026-02-28 16:40:50 --> Session: Class initialized using 'CodeIgniter\Session\Handlers\FileHandler' driver.
DEBUG - 2026-02-28 16:40:59 --> Session: Class initialized using 'CodeIgniter\Session\Handlers\FileHandler' driver.
DEBUG - 2026-02-28 16:40:59 --> Session: Class initialized using 'CodeIgniter\Session\Handlers\FileHandler' driver.
DEBUG - 2026-02-28 16:41:00 --> Session: Class initialized using 'CodeIgniter\Session\Handlers\FileHandler' driver.
DEBUG - 2026-02-28 16:41:00 --> Session: Class initialized using 'CodeIgniter\Session\Handlers\FileHandler' driver.
DEBUG - 2026-02-28 16:41:12 --> Session: Class initialized using 'CodeIgniter\Session\Handlers\FileHandler' driver.
DEBUG - 2026-02-28 16:41:14 --> Session: Class initialized using 'CodeIgniter\Session\Handlers\FileHandler' driver.
DEBUG - 2026-02-28 16:41:15 --> Session: Class initialized using 'CodeIgniter\Session\Handlers\FileHandler' driver.
DEBUG - 2026-02-28 16:41:15 --> Session: Class initialized using 'CodeIgniter\Session\Handlers\FileHandler' driver.
DEBUG - 2026-02-28 16:52:21 --> Session: Class initialized using 'CodeIgniter\Session\Handlers\FileHandler' driver.
DEBUG - 2026-02-28 16:52:21 --> Session: Class initialized using 'CodeIgniter\Session\Handlers\FileHandler' driver.
DEBUG - 2026-02-28 20:41:03 --> Session: Class initialized using 'CodeIgniter\Session\Handlers\FileHandler' driver.
DEBUG - 2026-02-28 20:41:10 --> Session: Class initialized using 'CodeIgniter\Session\Handlers\FileHandler' driver.
DEBUG - 2026-02-28 20:41:11 --> Session: Class initialized using 'CodeIgniter\Session\Handlers\FileHandler' driver.
DEBUG - 2026-02-28 20:41:16 --> Session: Class initialized using 'CodeIgniter\Session\Handlers\FileHandler' driver.
DEBUG - 2026-02-28 20:41:17 --> Session: Class initialized using 'CodeIgniter\Session\Handlers\FileHandler' driver.
DEBUG - 2026-02-28 20:41:17 --> Session: Class initialized using 'CodeIgniter\Session\Handlers\FileHandler' driver.
DEBUG - 2026-02-28 20:41:19 --> Session: Class initialized using 'CodeIgniter\Session\Handlers\FileHandler' driver.
DEBUG - 2026-02-28 20:41:19 --> Session: Class initialized using 'CodeIgniter\Session\Handlers\FileHandler' driver.
DEBUG - 2026-02-28 20:41:22 --> Session: Class initialized using 'CodeIgniter\Session\Handlers\FileHandler' driver.
DEBUG - 2026-02-28 20:41:22 --> Session: Class initialized using 'CodeIgniter\Session\Handlers\FileHandler' driver.
DEBUG - 2026-02-28 20:41:26 --> Session: Class initialized using 'CodeIgniter\Session\Handlers\FileHandler' driver.
DEBUG - 2026-02-28 20:41:27 --> Session: Class initialized using 'CodeIgniter\Session\Handlers\FileHandler' driver.
DEBUG - 2026-02-28 20:41:27 --> Session: Class initialized using 'CodeIgniter\Session\Handlers\FileHandler' driver.
DEBUG - 2026-02-28 20:41:29 --> Session: Class initialized using 'CodeIgniter\Session\Handlers\FileHandler' driver.
DEBUG - 2026-02-28 20:41:29 --> Session: Class initialized using 'CodeIgniter\Session\Handlers\FileHandler' driver.
DEBUG - 2026-02-28 20:41:29 --> Session: Class initialized using 'CodeIgniter\Session\Handlers\FileHandler' driver.
DEBUG - 2026-02-28 20:41:29 --> Session: Class initialized using 'CodeIgniter\Session\Handlers\FileHandler' driver.
DEBUG - 2026-02-28 20:41:35 --> Session: Class initialized using 'CodeIgniter\Session\Handlers\FileHandler' driver.
DEBUG - 2026-02-28 20:41:36 --> Session: Class initialized using 'CodeIgniter\Session\Handlers\FileHandler' driver.
WARNING - 2026-02-28 20:41:36 --> [DEPRECATED] Optional parameter $familyMemberId declared before required parameter $distributorId is implicitly treated as a required parameter in APPPATH\Models\InventoryModel.php on line 135.
 1 SYSTEMPATH\Autoloader\Autoloader.php(315): include_once('C:\\Users\\Richard Miculob\\Documents\\ReliefTrack\\system\\Debug\\Exceptions.php')
 2 SYSTEMPATH\Autoloader\Autoloader.php(295): CodeIgniter\Autoloader\Autoloader->includeFile('C:\\Users\\Richard Miculob\\Documents\\ReliefTrack\\app\\Models\\InventoryModel.php')
 3 SYSTEMPATH\Autoloader\Autoloader.php(271): CodeIgniter\Autoloader\Autoloader->loadInNamespace('App\\Models\\InventoryModel')
 4 APPPATH\Controllers\Dashboard.php(18): CodeIgniter\Autoloader\Autoloader->loadClass('App\\Models\\InventoryModel')
 5 SYSTEMPATH\CodeIgniter.php(933): App\Controllers\Dashboard->index()
 6 SYSTEMPATH\CodeIgniter.php(507): CodeIgniter\CodeIgniter->runController(Object(App\Controllers\Dashboard))
 7 SYSTEMPATH\CodeIgniter.php(354): CodeIgniter\CodeIgniter->handleRequest(null, Object(Config\Cache), false)
 8 SYSTEMPATH\Boot.php(363): CodeIgniter\CodeIgniter->run()
 9 SYSTEMPATH\Boot.php(68): CodeIgniter\Boot::runCodeIgniter(Object(CodeIgniter\CodeIgniter))
10 FCPATH\index.php(59): CodeIgniter\Boot::bootWeb(Object(Config\Paths))
11 SYSTEMPATH\rewrite.php(44): require_once('C:\\Users\\Richard Miculob\\Documents\\ReliefTrack\\public\\index.php')
DEBUG - 2026-02-28 20:41:38 --> Session: Class initialized using 'CodeIgniter\Session\Handlers\FileHandler' driver.
WARNING - 2026-02-28 20:41:38 --> [DEPRECATED] Optional parameter $familyMemberId declared before required parameter $distributorId is implicitly treated as a required parameter in APPPATH\Models\InventoryModel.php on line 135.
 1 SYSTEMPATH\Autoloader\Autoloader.php(315): include_once('C:\\Users\\Richard Miculob\\Documents\\ReliefTrack\\system\\Debug\\Exceptions.php')
 2 SYSTEMPATH\Autoloader\Autoloader.php(295): CodeIgniter\Autoloader\Autoloader->includeFile('C:\\Users\\Richard Miculob\\Documents\\ReliefTrack\\app\\Models\\InventoryModel.php')
 3 SYSTEMPATH\Autoloader\Autoloader.php(271): CodeIgniter\Autoloader\Autoloader->loadInNamespace('App\\Models\\InventoryModel')
 4 APPPATH\Controllers\Inventory.php(13): CodeIgniter\Autoloader\Autoloader->loadClass('App\\Models\\InventoryModel')
 5 SYSTEMPATH\CodeIgniter.php(933): App\Controllers\Inventory->index()
 6 SYSTEMPATH\CodeIgniter.php(507): CodeIgniter\CodeIgniter->runController(Object(App\Controllers\Inventory))
 7 SYSTEMPATH\CodeIgniter.php(354): CodeIgniter\CodeIgniter->handleRequest(null, Object(Config\Cache), false)
 8 SYSTEMPATH\Boot.php(363): CodeIgniter\CodeIgniter->run()
 9 SYSTEMPATH\Boot.php(68): CodeIgniter\Boot::runCodeIgniter(Object(CodeIgniter\CodeIgniter))
10 FCPATH\index.php(59): CodeIgniter\Boot::bootWeb(Object(Config\Paths))
11 SYSTEMPATH\rewrite.php(44): require_once('C:\\Users\\Richard Miculob\\Documents\\ReliefTrack\\public\\index.php')
DEBUG - 2026-02-28 20:41:44 --> Session: Class initialized using 'CodeIgniter\Session\Handlers\FileHandler' driver.
WARNING - 2026-02-28 20:41:44 --> [DEPRECATED] Optional parameter $familyMemberId declared before required parameter $distributorId is implicitly treated as a required parameter in APPPATH\Models\InventoryModel.php on line 135.
 1 SYSTEMPATH\Autoloader\Autoloader.php(315): include_once('C:\\Users\\Richard Miculob\\Documents\\ReliefTrack\\system\\Debug\\Exceptions.php')
 2 SYSTEMPATH\Autoloader\Autoloader.php(295): CodeIgniter\Autoloader\Autoloader->includeFile('C:\\Users\\Richard Miculob\\Documents\\ReliefTrack\\app\\Models\\InventoryModel.php')
 3 SYSTEMPATH\Autoloader\Autoloader.php(271): CodeIgniter\Autoloader\Autoloader->loadInNamespace('App\\Models\\InventoryModel')
 4 APPPATH\Controllers\Inventory.php(136): CodeIgniter\Autoloader\Autoloader->loadClass('App\\Models\\InventoryModel')
 5 SYSTEMPATH\CodeIgniter.php(933): App\Controllers\Inventory->viewBatch('5')
 6 SYSTEMPATH\CodeIgniter.php(507): CodeIgniter\CodeIgniter->runController(Object(App\Controllers\Inventory))
 7 SYSTEMPATH\CodeIgniter.php(354): CodeIgniter\CodeIgniter->handleRequest(null, Object(Config\Cache), false)
 8 SYSTEMPATH\Boot.php(363): CodeIgniter\CodeIgniter->run()
 9 SYSTEMPATH\Boot.php(68): CodeIgniter\Boot::runCodeIgniter(Object(CodeIgniter\CodeIgniter))
10 FCPATH\index.php(59): CodeIgniter\Boot::bootWeb(Object(Config\Paths))
11 SYSTEMPATH\rewrite.php(44): require_once('C:\\Users\\Richard Miculob\\Documents\\ReliefTrack\\public\\index.php')
DEBUG - 2026-02-28 20:47:27 --> Session: Class initialized using 'CodeIgniter\Session\Handlers\FileHandler' driver.
DEBUG - 2026-02-28 20:47:29 --> Session: Class initialized using 'CodeIgniter\Session\Handlers\FileHandler' driver.
DEBUG - 2026-02-28 20:57:31 --> Session: Class initialized using 'CodeIgniter\Session\Handlers\FileHandler' driver.
DEBUG - 2026-02-28 20:57:36 --> Session: Class initialized using 'CodeIgniter\Session\Handlers\FileHandler' driver.
DEBUG - 2026-02-28 21:02:44 --> Session: Class initialized using 'CodeIgniter\Session\Handlers\FileHandler' driver.
DEBUG - 2026-02-28 21:02:49 --> Session: Class initialized using 'CodeIgniter\Session\Handlers\FileHandler' driver.
DEBUG - 2026-02-28 21:02:50 --> Session: Class initialized using 'CodeIgniter\Session\Handlers\FileHandler' driver.
WARNING - 2026-02-28 21:02:50 --> [DEPRECATED] Optional parameter $familyMemberId declared before required parameter $distributorId is implicitly treated as a required parameter in APPPATH\Models\InventoryModel.php on line 135.
 1 SYSTEMPATH\Autoloader\Autoloader.php(315): include_once('C:\\Users\\Richard Miculob\\Documents\\ReliefTrack\\system\\Debug\\Exceptions.php')
 2 SYSTEMPATH\Autoloader\Autoloader.php(295): CodeIgniter\Autoloader\Autoloader->includeFile('C:\\Users\\Richard Miculob\\Documents\\ReliefTrack\\app\\Models\\InventoryModel.php')
 3 SYSTEMPATH\Autoloader\Autoloader.php(271): CodeIgniter\Autoloader\Autoloader->loadInNamespace('App\\Models\\InventoryModel')
 4 APPPATH\Controllers\Dashboard.php(18): CodeIgniter\Autoloader\Autoloader->loadClass('App\\Models\\InventoryModel')
 5 SYSTEMPATH\CodeIgniter.php(933): App\Controllers\Dashboard->index()
 6 SYSTEMPATH\CodeIgniter.php(507): CodeIgniter\CodeIgniter->runController(Object(App\Controllers\Dashboard))
 7 SYSTEMPATH\CodeIgniter.php(354): CodeIgniter\CodeIgniter->handleRequest(null, Object(Config\Cache), false)
 8 SYSTEMPATH\Boot.php(363): CodeIgniter\CodeIgniter->run()
 9 SYSTEMPATH\Boot.php(68): CodeIgniter\Boot::runCodeIgniter(Object(CodeIgniter\CodeIgniter))
10 FCPATH\index.php(59): CodeIgniter\Boot::bootWeb(Object(Config\Paths))
11 SYSTEMPATH\rewrite.php(44): require_once('C:\\Users\\Richard Miculob\\Documents\\ReliefTrack\\public\\index.php')
DEBUG - 2026-02-28 21:04:17 --> Session: Class initialized using 'CodeIgniter\Session\Handlers\FileHandler' driver.
DEBUG - 2026-02-28 21:09:00 --> Session: Class initialized using 'CodeIgniter\Session\Handlers\FileHandler' driver.
DEBUG - 2026-02-28 21:09:04 --> Session: Class initialized using 'CodeIgniter\Session\Handlers\FileHandler' driver.
DEBUG - 2026-02-28 21:09:28 --> Session: Class initialized using 'CodeIgniter\Session\Handlers\FileHandler' driver.
CRITICAL - 2026-02-28 21:09:28 --> CodeIgniter\Validation\Exceptions\ValidationException: "in_array" is not a valid rule.
[Method: POST, Route: users/create]
in SYSTEMPATH\Validation\Validation.php on line 345.
 1 SYSTEMPATH\Validation\Validation.php(345): CodeIgniter\Validation\Exceptions\ValidationException::forRuleNotFound('in_array')
 2 SYSTEMPATH\Validation\Validation.php(201): CodeIgniter\Validation\Validation->processRules('role', 'role', 'barangay', [...], [...], 'role')
 3 SYSTEMPATH\Controller.php(138): CodeIgniter\Validation\Validation->run()
 4 APPPATH\Controllers\Users.php(57): CodeIgniter\Controller->validate([...])
 5 SYSTEMPATH\CodeIgniter.php(933): App\Controllers\Users->create()
 6 SYSTEMPATH\CodeIgniter.php(507): CodeIgniter\CodeIgniter->runController(Object(App\Controllers\Users))
 7 SYSTEMPATH\CodeIgniter.php(354): CodeIgniter\CodeIgniter->handleRequest(null, Object(Config\Cache), false)
 8 SYSTEMPATH\Boot.php(363): CodeIgniter\CodeIgniter->run()
 9 SYSTEMPATH\Boot.php(68): CodeIgniter\Boot::runCodeIgniter(Object(CodeIgniter\CodeIgniter))
10 FCPATH\index.php(59): CodeIgniter\Boot::bootWeb(Object(Config\Paths))
11 SYSTEMPATH\rewrite.php(44): require_once('C:\\Users\\Richard Miculob\\Documents\\ReliefTrack\\public\\index.php')
DEBUG - 2026-02-28 21:09:59 --> Session: Class initialized using 'CodeIgniter\Session\Handlers\FileHandler' driver.
DEBUG - 2026-02-28 21:10:00 --> Session: Class initialized using 'CodeIgniter\Session\Handlers\FileHandler' driver.
DEBUG - 2026-02-28 21:10:14 --> Session: Class initialized using 'CodeIgniter\Session\Handlers\FileHandler' driver.
DEBUG - 2026-02-28 21:10:15 --> Session: Class initialized using 'CodeIgniter\Session\Handlers\FileHandler' driver.
DEBUG - 2026-02-28 21:10:27 --> Session: Class initialized using 'CodeIgniter\Session\Handlers\FileHandler' driver.
DEBUG - 2026-02-28 21:10:28 --> Session: Class initialized using 'CodeIgniter\Session\Handlers\FileHandler' driver.
DEBUG - 2026-02-28 21:10:36 --> Session: Class initialized using 'CodeIgniter\Session\Handlers\FileHandler' driver.
DEBUG - 2026-02-28 21:10:37 --> Session: Class initialized using 'CodeIgniter\Session\Handlers\FileHandler' driver.
DEBUG - 2026-02-28 21:10:51 --> Session: Class initialized using 'CodeIgniter\Session\Handlers\FileHandler' driver.
DEBUG - 2026-02-28 21:10:51 --> Session: Class initialized using 'CodeIgniter\Session\Handlers\FileHandler' driver.
DEBUG - 2026-02-28 21:10:56 --> Session: Class initialized using 'CodeIgniter\Session\Handlers\FileHandler' driver.
DEBUG - 2026-02-28 21:10:56 --> Session: Class initialized using 'CodeIgniter\Session\Handlers\FileHandler' driver.
DEBUG - 2026-02-28 21:11:01 --> Session: Class initialized using 'CodeIgniter\Session\Handlers\FileHandler' driver.
DEBUG - 2026-02-28 21:11:02 --> Session: Class initialized using 'CodeIgniter\Session\Handlers\FileHandler' driver.
DEBUG - 2026-02-28 21:11:02 --> Session: Class initialized using 'CodeIgniter\Session\Handlers\FileHandler' driver.
DEBUG - 2026-02-28 21:11:03 --> Session: Class initialized using 'CodeIgniter\Session\Handlers\FileHandler' driver.
DEBUG - 2026-02-28 21:11:03 --> Session: Class initialized using 'CodeIgniter\Session\Handlers\FileHandler' driver.
DEBUG - 2026-02-28 21:11:05 --> Session: Class initialized using 'CodeIgniter\Session\Handlers\FileHandler' driver.
DEBUG - 2026-02-28 21:11:06 --> Session: Class initialized using 'CodeIgniter\Session\Handlers\FileHandler' driver.
DEBUG - 2026-02-28 21:11:07 --> Session: Class initialized using 'CodeIgniter\Session\Handlers\FileHandler' driver.
DEBUG - 2026-02-28 21:11:09 --> Session: Class initialized using 'CodeIgniter\Session\Handlers\FileHandler' driver.
DEBUG - 2026-02-28 21:11:10 --> Session: Class initialized using 'CodeIgniter\Session\Handlers\FileHandler' driver.
DEBUG - 2026-02-28 21:11:11 --> Session: Class initialized using 'CodeIgniter\Session\Handlers\FileHandler' driver.
WARNING - 2026-02-28 21:11:11 --> [DEPRECATED] Optional parameter $familyMemberId declared before required parameter $distributorId is implicitly treated as a required parameter in APPPATH\Models\InventoryModel.php on line 135.
 1 SYSTEMPATH\Autoloader\Autoloader.php(315): include_once('C:\\Users\\Richard Miculob\\Documents\\ReliefTrack\\system\\Debug\\Exceptions.php')
 2 SYSTEMPATH\Autoloader\Autoloader.php(295): CodeIgniter\Autoloader\Autoloader->includeFile('C:\\Users\\Richard Miculob\\Documents\\ReliefTrack\\app\\Models\\InventoryModel.php')
 3 SYSTEMPATH\Autoloader\Autoloader.php(271): CodeIgniter\Autoloader\Autoloader->loadInNamespace('App\\Models\\InventoryModel')
 4 APPPATH\Controllers\Inventory.php(13): CodeIgniter\Autoloader\Autoloader->loadClass('App\\Models\\InventoryModel')
 5 SYSTEMPATH\CodeIgniter.php(933): App\Controllers\Inventory->index()
 6 SYSTEMPATH\CodeIgniter.php(507): CodeIgniter\CodeIgniter->runController(Object(App\Controllers\Inventory))
 7 SYSTEMPATH\CodeIgniter.php(354): CodeIgniter\CodeIgniter->handleRequest(null, Object(Config\Cache), false)
 8 SYSTEMPATH\Boot.php(363): CodeIgniter\CodeIgniter->run()
 9 SYSTEMPATH\Boot.php(68): CodeIgniter\Boot::runCodeIgniter(Object(CodeIgniter\CodeIgniter))
10 FCPATH\index.php(59): CodeIgniter\Boot::bootWeb(Object(Config\Paths))
11 SYSTEMPATH\rewrite.php(44): require_once('C:\\Users\\Richard Miculob\\Documents\\ReliefTrack\\public\\index.php')
DEBUG - 2026-02-28 21:11:14 --> Session: Class initialized using 'CodeIgniter\Session\Handlers\FileHandler' driver.
DEBUG - 2026-02-28 21:11:14 --> Session: Class initialized using 'CodeIgniter\Session\Handlers\FileHandler' driver.
DEBUG - 2026-02-28 21:11:19 --> Session: Class initialized using 'CodeIgniter\Session\Handlers\FileHandler' driver.
DEBUG - 2026-02-28 21:11:20 --> Session: Class initialized using 'CodeIgniter\Session\Handlers\FileHandler' driver.
WARNING - 2026-02-28 21:11:20 --> [DEPRECATED] Optional parameter $familyMemberId declared before required parameter $distributorId is implicitly treated as a required parameter in APPPATH\Models\InventoryModel.php on line 135.
 1 SYSTEMPATH\Autoloader\Autoloader.php(315): include_once('C:\\Users\\Richard Miculob\\Documents\\ReliefTrack\\system\\Debug\\Exceptions.php')
 2 SYSTEMPATH\Autoloader\Autoloader.php(295): CodeIgniter\Autoloader\Autoloader->includeFile('C:\\Users\\Richard Miculob\\Documents\\ReliefTrack\\app\\Models\\InventoryModel.php')
 3 SYSTEMPATH\Autoloader\Autoloader.php(271): CodeIgniter\Autoloader\Autoloader->loadInNamespace('App\\Models\\InventoryModel')
 4 APPPATH\Controllers\Dashboard.php(18): CodeIgniter\Autoloader\Autoloader->loadClass('App\\Models\\InventoryModel')
 5 SYSTEMPATH\CodeIgniter.php(933): App\Controllers\Dashboard->index()
 6 SYSTEMPATH\CodeIgniter.php(507): CodeIgniter\CodeIgniter->runController(Object(App\Controllers\Dashboard))
 7 SYSTEMPATH\CodeIgniter.php(354): CodeIgniter\CodeIgniter->handleRequest(null, Object(Config\Cache), false)
 8 SYSTEMPATH\Boot.php(363): CodeIgniter\CodeIgniter->run()
 9 SYSTEMPATH\Boot.php(68): CodeIgniter\Boot::runCodeIgniter(Object(CodeIgniter\CodeIgniter))
10 FCPATH\index.php(59): CodeIgniter\Boot::bootWeb(Object(Config\Paths))
11 SYSTEMPATH\rewrite.php(44): require_once('C:\\Users\\Richard Miculob\\Documents\\ReliefTrack\\public\\index.php')
DEBUG - 2026-02-28 21:11:48 --> Session: Class initialized using 'CodeIgniter\Session\Handlers\FileHandler' driver.
DEBUG - 2026-02-28 21:11:52 --> Session: Class initialized using 'CodeIgniter\Session\Handlers\FileHandler' driver.
DEBUG - 2026-02-28 21:13:32 --> Session: Class initialized using 'CodeIgniter\Session\Handlers\FileHandler' driver.
DEBUG - 2026-02-28 21:13:33 --> Session: Class initialized using 'CodeIgniter\Session\Handlers\FileHandler' driver.
DEBUG - 2026-02-28 21:15:36 --> Session: Class initialized using 'CodeIgniter\Session\Handlers\FileHandler' driver.
DEBUG - 2026-02-28 21:21:48 --> Session: Class initialized using 'CodeIgniter\Session\Handlers\FileHandler' driver.
DEBUG - 2026-02-28 21:21:52 --> Session: Class initialized using 'CodeIgniter\Session\Handlers\FileHandler' driver.
DEBUG - 2026-02-28 21:22:10 --> Session: Class initialized using 'CodeIgniter\Session\Handlers\FileHandler' driver.
DEBUG - 2026-02-28 21:22:12 --> Session: Class initialized using 'CodeIgniter\Session\Handlers\FileHandler' driver.
DEBUG - 2026-02-28 21:22:41 --> Session: Class initialized using 'CodeIgniter\Session\Handlers\FileHandler' driver.
DEBUG - 2026-02-28 21:23:06 --> Session: Class initialized using 'CodeIgniter\Session\Handlers\FileHandler' driver.
DEBUG - 2026-02-28 21:23:09 --> Session: Class initialized using 'CodeIgniter\Session\Handlers\FileHandler' driver.
DEBUG - 2026-02-28 21:25:53 --> Session: Class initialized using 'CodeIgniter\Session\Handlers\FileHandler' driver.
DEBUG - 2026-02-28 21:25:54 --> Session: Class initialized using 'CodeIgniter\Session\Handlers\FileHandler' driver.
DEBUG - 2026-02-28 21:25:56 --> Session: Class initialized using 'CodeIgniter\Session\Handlers\FileHandler' driver.
DEBUG - 2026-02-28 21:32:32 --> Session: Class initialized using 'CodeIgniter\Session\Handlers\FileHandler' driver.
DEBUG - 2026-02-28 21:32:36 --> Session: Class initialized using 'CodeIgniter\Session\Handlers\FileHandler' driver.
DEBUG - 2026-02-28 21:32:55 --> Session: Class initialized using 'CodeIgniter\Session\Handlers\FileHandler' driver.
DEBUG - 2026-02-28 21:33:59 --> Session: Class initialized using 'CodeIgniter\Session\Handlers\FileHandler' driver.
DEBUG - 2026-02-28 21:34:38 --> Session: Class initialized using 'CodeIgniter\Session\Handlers\FileHandler' driver.
DEBUG - 2026-02-28 21:34:39 --> Session: Class initialized using 'CodeIgniter\Session\Handlers\FileHandler' driver.
DEBUG - 2026-02-28 21:35:00 --> Session: Class initialized using 'CodeIgniter\Session\Handlers\FileHandler' driver.
DEBUG - 2026-02-28 21:35:01 --> Session: Class initialized using 'CodeIgniter\Session\Handlers\FileHandler' driver.
WARNING - 2026-02-28 21:35:02 --> [DEPRECATED] Optional parameter $familyMemberId declared before required parameter $distributorId is implicitly treated as a required parameter in APPPATH\Models\InventoryModel.php on line 135.
 1 SYSTEMPATH\Autoloader\Autoloader.php(315): include_once('C:\\Users\\Richard Miculob\\Documents\\ReliefTrack\\system\\Debug\\Exceptions.php')
 2 SYSTEMPATH\Autoloader\Autoloader.php(295): CodeIgniter\Autoloader\Autoloader->includeFile('C:\\Users\\Richard Miculob\\Documents\\ReliefTrack\\app\\Models\\InventoryModel.php')
 3 SYSTEMPATH\Autoloader\Autoloader.php(271): CodeIgniter\Autoloader\Autoloader->loadInNamespace('App\\Models\\InventoryModel')
 4 APPPATH\Controllers\Dashboard.php(18): CodeIgniter\Autoloader\Autoloader->loadClass('App\\Models\\InventoryModel')
 5 SYSTEMPATH\CodeIgniter.php(933): App\Controllers\Dashboard->index()
 6 SYSTEMPATH\CodeIgniter.php(507): CodeIgniter\CodeIgniter->runController(Object(App\Controllers\Dashboard))
 7 SYSTEMPATH\CodeIgniter.php(354): CodeIgniter\CodeIgniter->handleRequest(null, Object(Config\Cache), false)
 8 SYSTEMPATH\Boot.php(363): CodeIgniter\CodeIgniter->run()
 9 SYSTEMPATH\Boot.php(68): CodeIgniter\Boot::runCodeIgniter(Object(CodeIgniter\CodeIgniter))
10 FCPATH\index.php(59): CodeIgniter\Boot::bootWeb(Object(Config\Paths))
11 SYSTEMPATH\rewrite.php(44): require_once('C:\\Users\\Richard Miculob\\Documents\\ReliefTrack\\public\\index.php')
DEBUG - 2026-02-28 21:42:33 --> Session: Class initialized using 'CodeIgniter\Session\Handlers\FileHandler' driver.
DEBUG - 2026-02-28 21:44:35 --> Session: Class initialized using 'CodeIgniter\Session\Handlers\FileHandler' driver.
DEBUG - 2026-02-28 21:44:37 --> Session: Class initialized using 'CodeIgniter\Session\Handlers\FileHandler' driver.
DEBUG - 2026-02-28 21:44:38 --> Session: Class initialized using 'CodeIgniter\Session\Handlers\FileHandler' driver.
DEBUG - 2026-02-28 21:45:05 --> Session: Class initialized using 'CodeIgniter\Session\Handlers\FileHandler' driver.
DEBUG - 2026-02-28 21:45:05 --> Session: Class initialized using 'CodeIgniter\Session\Handlers\FileHandler' driver.
DEBUG - 2026-02-28 21:45:49 --> Session: Class initialized using 'CodeIgniter\Session\Handlers\FileHandler' driver.
DEBUG - 2026-02-28 21:45:50 --> Session: Class initialized using 'CodeIgniter\Session\Handlers\FileHandler' driver.
DEBUG - 2026-02-28 21:46:35 --> Session: Class initialized using 'CodeIgniter\Session\Handlers\FileHandler' driver.
DEBUG - 2026-02-28 21:46:36 --> Session: Class initialized using 'CodeIgniter\Session\Handlers\FileHandler' driver.
DEBUG - 2026-02-28 21:47:53 --> Session: Class initialized using 'CodeIgniter\Session\Handlers\FileHandler' driver.
DEBUG - 2026-02-28 21:47:54 --> Session: Class initialized using 'CodeIgniter\Session\Handlers\FileHandler' driver.
DEBUG - 2026-02-28 21:48:29 --> Session: Class initialized using 'CodeIgniter\Session\Handlers\FileHandler' driver.
DEBUG - 2026-02-28 21:48:29 --> Session: Class initialized using 'CodeIgniter\Session\Handlers\FileHandler' driver.
DEBUG - 2026-02-28 21:49:16 --> Session: Class initialized using 'CodeIgniter\Session\Handlers\FileHandler' driver.
DEBUG - 2026-02-28 21:49:31 --> Session: Class initialized using 'CodeIgniter\Session\Handlers\FileHandler' driver.
DEBUG - 2026-02-28 21:50:01 --> Session: Class initialized using 'CodeIgniter\Session\Handlers\FileHandler' driver.
DEBUG - 2026-02-28 21:50:01 --> Session: Class initialized using 'CodeIgniter\Session\Handlers\FileHandler' driver.
DEBUG - 2026-02-28 21:50:11 --> Session: Class initialized using 'CodeIgniter\Session\Handlers\FileHandler' driver.
DEBUG - 2026-02-28 21:50:12 --> Session: Class initialized using 'CodeIgniter\Session\Handlers\FileHandler' driver.
DEBUG - 2026-02-28 21:50:17 --> Session: Class initialized using 'CodeIgniter\Session\Handlers\FileHandler' driver.
DEBUG - 2026-02-28 21:50:17 --> Session: Class initialized using 'CodeIgniter\Session\Handlers\FileHandler' driver.
DEBUG - 2026-02-28 21:50:17 --> Session: Class initialized using 'CodeIgniter\Session\Handlers\FileHandler' driver.
DEBUG - 2026-02-28 21:50:18 --> Session: Class initialized using 'CodeIgniter\Session\Handlers\FileHandler' driver.
DEBUG - 2026-02-28 21:50:18 --> Session: Class initialized using 'CodeIgniter\Session\Handlers\FileHandler' driver.
DEBUG - 2026-02-28 21:51:03 --> Session: Class initialized using 'CodeIgniter\Session\Handlers\FileHandler' driver.
DEBUG - 2026-02-28 21:51:03 --> Session: Class initialized using 'CodeIgniter\Session\Handlers\FileHandler' driver.
DEBUG - 2026-02-28 21:51:04 --> Session: Class initialized using 'CodeIgniter\Session\Handlers\FileHandler' driver.
DEBUG - 2026-02-28 21:51:04 --> Session: Class initialized using 'CodeIgniter\Session\Handlers\FileHandler' driver.
DEBUG - 2026-02-28 21:51:04 --> Session: Class initialized using 'CodeIgniter\Session\Handlers\FileHandler' driver.
DEBUG - 2026-02-28 21:51:06 --> Session: Class initialized using 'CodeIgniter\Session\Handlers\FileHandler' driver.
DEBUG - 2026-02-28 21:51:07 --> Session: Class initialized using 'CodeIgniter\Session\Handlers\FileHandler' driver.
DEBUG - 2026-02-28 21:51:12 --> Session: Class initialized using 'CodeIgniter\Session\Handlers\FileHandler' driver.
DEBUG - 2026-02-28 21:51:12 --> Session: Class initialized using 'CodeIgniter\Session\Handlers\FileHandler' driver.
WARNING - 2026-02-28 21:51:12 --> [DEPRECATED] Optional parameter $familyMemberId declared before required parameter $distributorId is implicitly treated as a required parameter in APPPATH\Models\InventoryModel.php on line 135.
 1 SYSTEMPATH\Autoloader\Autoloader.php(315): include_once('C:\\Users\\Richard Miculob\\Documents\\ReliefTrack\\system\\Debug\\Exceptions.php')
 2 SYSTEMPATH\Autoloader\Autoloader.php(295): CodeIgniter\Autoloader\Autoloader->includeFile('C:\\Users\\Richard Miculob\\Documents\\ReliefTrack\\app\\Models\\InventoryModel.php')
 3 SYSTEMPATH\Autoloader\Autoloader.php(271): CodeIgniter\Autoloader\Autoloader->loadInNamespace('App\\Models\\InventoryModel')
 4 APPPATH\Controllers\Dashboard.php(18): CodeIgniter\Autoloader\Autoloader->loadClass('App\\Models\\InventoryModel')
 5 SYSTEMPATH\CodeIgniter.php(933): App\Controllers\Dashboard->index()
 6 SYSTEMPATH\CodeIgniter.php(507): CodeIgniter\CodeIgniter->runController(Object(App\Controllers\Dashboard))
 7 SYSTEMPATH\CodeIgniter.php(354): CodeIgniter\CodeIgniter->handleRequest(null, Object(Config\Cache), false)
 8 SYSTEMPATH\Boot.php(363): CodeIgniter\CodeIgniter->run()
 9 SYSTEMPATH\Boot.php(68): CodeIgniter\Boot::runCodeIgniter(Object(CodeIgniter\CodeIgniter))
10 FCPATH\index.php(59): CodeIgniter\Boot::bootWeb(Object(Config\Paths))
11 SYSTEMPATH\rewrite.php(44): require_once('C:\\Users\\Richard Miculob\\Documents\\ReliefTrack\\public\\index.php')
DEBUG - 2026-02-28 21:51:16 --> Session: Class initialized using 'CodeIgniter\Session\Handlers\FileHandler' driver.
DEBUG - 2026-02-28 21:51:19 --> Session: Class initialized using 'CodeIgniter\Session\Handlers\FileHandler' driver.
DEBUG - 2026-02-28 22:03:14 --> Session: Class initialized using 'CodeIgniter\Session\Handlers\FileHandler' driver.
DEBUG - 2026-02-28 22:03:16 --> Session: Class initialized using 'CodeIgniter\Session\Handlers\FileHandler' driver.
DEBUG - 2026-02-28 22:03:47 --> Session: Class initialized using 'CodeIgniter\Session\Handlers\FileHandler' driver.
DEBUG - 2026-02-28 22:03:47 --> Session: Class initialized using 'CodeIgniter\Session\Handlers\FileHandler' driver.
DEBUG - 2026-02-28 22:03:50 --> Session: Class initialized using 'CodeIgniter\Session\Handlers\FileHandler' driver.
DEBUG - 2026-02-28 22:03:51 --> Session: Class initialized using 'CodeIgniter\Session\Handlers\FileHandler' driver.
DEBUG - 2026-02-28 22:03:58 --> Session: Class initialized using 'CodeIgniter\Session\Handlers\FileHandler' driver.
DEBUG - 2026-02-28 22:03:59 --> Session: Class initialized using 'CodeIgniter\Session\Handlers\FileHandler' driver.
WARNING - 2026-02-28 22:03:59 --> [DEPRECATED] Optional parameter $familyMemberId declared before required parameter $distributorId is implicitly treated as a required parameter in APPPATH\Models\InventoryModel.php on line 135.
 1 SYSTEMPATH\Autoloader\Autoloader.php(315): include_once('C:\\Users\\Richard Miculob\\Documents\\ReliefTrack\\system\\Debug\\Exceptions.php')
 2 SYSTEMPATH\Autoloader\Autoloader.php(295): CodeIgniter\Autoloader\Autoloader->includeFile('C:\\Users\\Richard Miculob\\Documents\\ReliefTrack\\app\\Models\\InventoryModel.php')
 3 SYSTEMPATH\Autoloader\Autoloader.php(271): CodeIgniter\Autoloader\Autoloader->loadInNamespace('App\\Models\\InventoryModel')
 4 APPPATH\Controllers\Dashboard.php(22): CodeIgniter\Autoloader\Autoloader->loadClass('App\\Models\\InventoryModel')
 5 SYSTEMPATH\CodeIgniter.php(933): App\Controllers\Dashboard->index()
 6 SYSTEMPATH\CodeIgniter.php(507): CodeIgniter\CodeIgniter->runController(Object(App\Controllers\Dashboard))
 7 SYSTEMPATH\CodeIgniter.php(354): CodeIgniter\CodeIgniter->handleRequest(null, Object(Config\Cache), false)
 8 SYSTEMPATH\Boot.php(363): CodeIgniter\CodeIgniter->run()
 9 SYSTEMPATH\Boot.php(68): CodeIgniter\Boot::runCodeIgniter(Object(CodeIgniter\CodeIgniter))
10 FCPATH\index.php(59): CodeIgniter\Boot::bootWeb(Object(Config\Paths))
11 SYSTEMPATH\rewrite.php(44): require_once('C:\\Users\\Richard Miculob\\Documents\\ReliefTrack\\public\\index.php')
DEBUG - 2026-02-28 22:04:03 --> Session: Class initialized using 'CodeIgniter\Session\Handlers\FileHandler' driver.
DEBUG - 2026-02-28 22:04:04 --> Session: Class initialized using 'CodeIgniter\Session\Handlers\FileHandler' driver.
DEBUG - 2026-02-28 22:04:05 --> Session: Class initialized using 'CodeIgniter\Session\Handlers\FileHandler' driver.
DEBUG - 2026-02-28 22:04:06 --> Session: Class initialized using 'CodeIgniter\Session\Handlers\FileHandler' driver.
DEBUG - 2026-02-28 22:04:06 --> Session: Class initialized using 'CodeIgniter\Session\Handlers\FileHandler' driver.
DEBUG - 2026-02-28 22:04:08 --> Session: Class initialized using 'CodeIgniter\Session\Handlers\FileHandler' driver.
DEBUG - 2026-02-28 22:04:08 --> Session: Class initialized using 'CodeIgniter\Session\Handlers\FileHandler' driver.
DEBUG - 2026-02-28 22:04:17 --> Session: Class initialized using 'CodeIgniter\Session\Handlers\FileHandler' driver.
DEBUG - 2026-02-28 22:06:16 --> Session: Class initialized using 'CodeIgniter\Session\Handlers\FileHandler' driver.
DEBUG - 2026-02-28 22:06:16 --> Session: Class initialized using 'CodeIgniter\Session\Handlers\FileHandler' driver.
DEBUG - 2026-02-28 22:06:21 --> Session: Class initialized using 'CodeIgniter\Session\Handlers\FileHandler' driver.
DEBUG - 2026-02-28 22:06:21 --> Session: Class initialized using 'CodeIgniter\Session\Handlers\FileHandler' driver.
WARNING - 2026-02-28 22:06:21 --> [DEPRECATED] Optional parameter $familyMemberId declared before required parameter $distributorId is implicitly treated as a required parameter in APPPATH\Models\InventoryModel.php on line 135.
 1 SYSTEMPATH\Autoloader\Autoloader.php(315): include_once('C:\\Users\\Richard Miculob\\Documents\\ReliefTrack\\system\\Debug\\Exceptions.php')
 2 SYSTEMPATH\Autoloader\Autoloader.php(295): CodeIgniter\Autoloader\Autoloader->includeFile('C:\\Users\\Richard Miculob\\Documents\\ReliefTrack\\app\\Models\\InventoryModel.php')
 3 SYSTEMPATH\Autoloader\Autoloader.php(271): CodeIgniter\Autoloader\Autoloader->loadInNamespace('App\\Models\\InventoryModel')
 4 APPPATH\Controllers\Dashboard.php(22): CodeIgniter\Autoloader\Autoloader->loadClass('App\\Models\\InventoryModel')
 5 SYSTEMPATH\CodeIgniter.php(933): App\Controllers\Dashboard->index()
 6 SYSTEMPATH\CodeIgniter.php(507): CodeIgniter\CodeIgniter->runController(Object(App\Controllers\Dashboard))
 7 SYSTEMPATH\CodeIgniter.php(354): CodeIgniter\CodeIgniter->handleRequest(null, Object(Config\Cache), false)
 8 SYSTEMPATH\Boot.php(363): CodeIgniter\CodeIgniter->run()
 9 SYSTEMPATH\Boot.php(68): CodeIgniter\Boot::runCodeIgniter(Object(CodeIgniter\CodeIgniter))
10 FCPATH\index.php(59): CodeIgniter\Boot::bootWeb(Object(Config\Paths))
11 SYSTEMPATH\rewrite.php(44): require_once('C:\\Users\\Richard Miculob\\Documents\\ReliefTrack\\public\\index.php')
DEBUG - 2026-02-28 22:06:24 --> Session: Class initialized using 'CodeIgniter\Session\Handlers\FileHandler' driver.
DEBUG - 2026-02-28 22:06:27 --> Session: Class initialized using 'CodeIgniter\Session\Handlers\FileHandler' driver.
DEBUG - 2026-02-28 22:06:27 --> Session: Class initialized using 'CodeIgniter\Session\Handlers\FileHandler' driver.
DEBUG - 2026-02-28 22:06:29 --> Session: Class initialized using 'CodeIgniter\Session\Handlers\FileHandler' driver.
DEBUG - 2026-02-28 22:06:30 --> Session: Class initialized using 'CodeIgniter\Session\Handlers\FileHandler' driver.
DEBUG - 2026-02-28 22:08:11 --> Session: Class initialized using 'CodeIgniter\Session\Handlers\FileHandler' driver.
DEBUG - 2026-02-28 22:08:12 --> Session: Class initialized using 'CodeIgniter\Session\Handlers\FileHandler' driver.
DEBUG - 2026-02-28 22:08:15 --> Session: Class initialized using 'CodeIgniter\Session\Handlers\FileHandler' driver.
DEBUG - 2026-02-28 22:08:18 --> Session: Class initialized using 'CodeIgniter\Session\Handlers\FileHandler' driver.
DEBUG - 2026-02-28 22:08:18 --> Session: Class initialized using 'CodeIgniter\Session\Handlers\FileHandler' driver.
DEBUG - 2026-02-28 22:08:28 --> Session: Class initialized using 'CodeIgniter\Session\Handlers\FileHandler' driver.
DEBUG - 2026-02-28 22:08:28 --> Session: Class initialized using 'CodeIgniter\Session\Handlers\FileHandler' driver.
WARNING - 2026-02-28 22:08:28 --> [DEPRECATED] Optional parameter $familyMemberId declared before required parameter $distributorId is implicitly treated as a required parameter in APPPATH\Models\InventoryModel.php on line 135.
 1 SYSTEMPATH\Autoloader\Autoloader.php(315): include_once('C:\\Users\\Richard Miculob\\Documents\\ReliefTrack\\system\\Debug\\Exceptions.php')
 2 SYSTEMPATH\Autoloader\Autoloader.php(295): CodeIgniter\Autoloader\Autoloader->includeFile('C:\\Users\\Richard Miculob\\Documents\\ReliefTrack\\app\\Models\\InventoryModel.php')
 3 SYSTEMPATH\Autoloader\Autoloader.php(271): CodeIgniter\Autoloader\Autoloader->loadInNamespace('App\\Models\\InventoryModel')
 4 APPPATH\Controllers\Dashboard.php(22): CodeIgniter\Autoloader\Autoloader->loadClass('App\\Models\\InventoryModel')
 5 SYSTEMPATH\CodeIgniter.php(933): App\Controllers\Dashboard->index()
 6 SYSTEMPATH\CodeIgniter.php(507): CodeIgniter\CodeIgniter->runController(Object(App\Controllers\Dashboard))
 7 SYSTEMPATH\CodeIgniter.php(354): CodeIgniter\CodeIgniter->handleRequest(null, Object(Config\Cache), false)
 8 SYSTEMPATH\Boot.php(363): CodeIgniter\CodeIgniter->run()
 9 SYSTEMPATH\Boot.php(68): CodeIgniter\Boot::runCodeIgniter(Object(CodeIgniter\CodeIgniter))
10 FCPATH\index.php(59): CodeIgniter\Boot::bootWeb(Object(Config\Paths))
11 SYSTEMPATH\rewrite.php(44): require_once('C:\\Users\\Richard Miculob\\Documents\\ReliefTrack\\public\\index.php')
DEBUG - 2026-02-28 22:08:44 --> Session: Class initialized using 'CodeIgniter\Session\Handlers\FileHandler' driver.
DEBUG - 2026-02-28 22:08:52 --> Session: Class initialized using 'CodeIgniter\Session\Handlers\FileHandler' driver.
DEBUG - 2026-02-28 22:08:53 --> Session: Class initialized using 'CodeIgniter\Session\Handlers\FileHandler' driver.
WARNING - 2026-02-28 22:08:53 --> [DEPRECATED] Optional parameter $familyMemberId declared before required parameter $distributorId is implicitly treated as a required parameter in APPPATH\Models\InventoryModel.php on line 135.
 1 SYSTEMPATH\Autoloader\Autoloader.php(315): include_once('C:\\Users\\Richard Miculob\\Documents\\ReliefTrack\\system\\Debug\\Exceptions.php')
 2 SYSTEMPATH\Autoloader\Autoloader.php(295): CodeIgniter\Autoloader\Autoloader->includeFile('C:\\Users\\Richard Miculob\\Documents\\ReliefTrack\\app\\Models\\InventoryModel.php')
 3 SYSTEMPATH\Autoloader\Autoloader.php(271): CodeIgniter\Autoloader\Autoloader->loadInNamespace('App\\Models\\InventoryModel')
 4 APPPATH\Controllers\Inventory.php(13): CodeIgniter\Autoloader\Autoloader->loadClass('App\\Models\\InventoryModel')
 5 SYSTEMPATH\CodeIgniter.php(933): App\Controllers\Inventory->index()
 6 SYSTEMPATH\CodeIgniter.php(507): CodeIgniter\CodeIgniter->runController(Object(App\Controllers\Inventory))
 7 SYSTEMPATH\CodeIgniter.php(354): CodeIgniter\CodeIgniter->handleRequest(null, Object(Config\Cache), false)
 8 SYSTEMPATH\Boot.php(363): CodeIgniter\CodeIgniter->run()
 9 SYSTEMPATH\Boot.php(68): CodeIgniter\Boot::runCodeIgniter(Object(CodeIgniter\CodeIgniter))
10 FCPATH\index.php(59): CodeIgniter\Boot::bootWeb(Object(Config\Paths))
11 SYSTEMPATH\rewrite.php(44): require_once('C:\\Users\\Richard Miculob\\Documents\\ReliefTrack\\public\\index.php')
DEBUG - 2026-02-28 22:08:59 --> Session: Class initialized using 'CodeIgniter\Session\Handlers\FileHandler' driver.
DEBUG - 2026-02-28 22:09:10 --> Session: Class initialized using 'CodeIgniter\Session\Handlers\FileHandler' driver.
DEBUG - 2026-02-28 22:09:10 --> Session: Class initialized using 'CodeIgniter\Session\Handlers\FileHandler' driver.
DEBUG - 2026-02-28 22:09:16 --> Session: Class initialized using 'CodeIgniter\Session\Handlers\FileHandler' driver.
DEBUG - 2026-02-28 22:09:16 --> Session: Class initialized using 'CodeIgniter\Session\Handlers\FileHandler' driver.
DEBUG - 2026-02-28 22:09:16 --> Session: Class initialized using 'CodeIgniter\Session\Handlers\FileHandler' driver.
DEBUG - 2026-02-28 22:09:17 --> Session: Class initialized using 'CodeIgniter\Session\Handlers\FileHandler' driver.
DEBUG - 2026-02-28 22:09:17 --> Session: Class initialized using 'CodeIgniter\Session\Handlers\FileHandler' driver.
DEBUG - 2026-02-28 22:09:21 --> Session: Class initialized using 'CodeIgniter\Session\Handlers\FileHandler' driver.
DEBUG - 2026-02-28 22:09:21 --> Session: Class initialized using 'CodeIgniter\Session\Handlers\FileHandler' driver.
DEBUG - 2026-02-28 22:09:26 --> Session: Class initialized using 'CodeIgniter\Session\Handlers\FileHandler' driver.
DEBUG - 2026-02-28 22:09:27 --> Session: Class initialized using 'CodeIgniter\Session\Handlers\FileHandler' driver.
WARNING - 2026-02-28 22:09:27 --> [DEPRECATED] Optional parameter $familyMemberId declared before required parameter $distributorId is implicitly treated as a required parameter in APPPATH\Models\InventoryModel.php on line 135.
 1 SYSTEMPATH\Autoloader\Autoloader.php(315): include_once('C:\\Users\\Richard Miculob\\Documents\\ReliefTrack\\system\\Debug\\Exceptions.php')
 2 SYSTEMPATH\Autoloader\Autoloader.php(295): CodeIgniter\Autoloader\Autoloader->includeFile('C:\\Users\\Richard Miculob\\Documents\\ReliefTrack\\app\\Models\\InventoryModel.php')
 3 SYSTEMPATH\Autoloader\Autoloader.php(271): CodeIgniter\Autoloader\Autoloader->loadInNamespace('App\\Models\\InventoryModel')
 4 APPPATH\Controllers\Dashboard.php(22): CodeIgniter\Autoloader\Autoloader->loadClass('App\\Models\\InventoryModel')
 5 SYSTEMPATH\CodeIgniter.php(933): App\Controllers\Dashboard->index()
 6 SYSTEMPATH\CodeIgniter.php(507): CodeIgniter\CodeIgniter->runController(Object(App\Controllers\Dashboard))
 7 SYSTEMPATH\CodeIgniter.php(354): CodeIgniter\CodeIgniter->handleRequest(null, Object(Config\Cache), false)
 8 SYSTEMPATH\Boot.php(363): CodeIgniter\CodeIgniter->run()
 9 SYSTEMPATH\Boot.php(68): CodeIgniter\Boot::runCodeIgniter(Object(CodeIgniter\CodeIgniter))
10 FCPATH\index.php(59): CodeIgniter\Boot::bootWeb(Object(Config\Paths))
11 SYSTEMPATH\rewrite.php(44): require_once('C:\\Users\\Richard Miculob\\Documents\\ReliefTrack\\public\\index.php')
DEBUG - 2026-02-28 22:10:01 --> Session: Class initialized using 'CodeIgniter\Session\Handlers\FileHandler' driver.
DEBUG - 2026-02-28 22:10:06 --> Session: Class initialized using 'CodeIgniter\Session\Handlers\FileHandler' driver.
WARNING - 2026-02-28 22:10:06 --> [DEPRECATED] Optional parameter $familyMemberId declared before required parameter $distributorId is implicitly treated as a required parameter in APPPATH\Models\InventoryModel.php on line 135.
 1 SYSTEMPATH\Autoloader\Autoloader.php(315): include_once('C:\\Users\\Richard Miculob\\Documents\\ReliefTrack\\system\\Debug\\Exceptions.php')
 2 SYSTEMPATH\Autoloader\Autoloader.php(295): CodeIgniter\Autoloader\Autoloader->includeFile('C:\\Users\\Richard Miculob\\Documents\\ReliefTrack\\app\\Models\\InventoryModel.php')
 3 SYSTEMPATH\Autoloader\Autoloader.php(271): CodeIgniter\Autoloader\Autoloader->loadInNamespace('App\\Models\\InventoryModel')
 4 APPPATH\Controllers\Inventory.php(13): CodeIgniter\Autoloader\Autoloader->loadClass('App\\Models\\InventoryModel')
 5 SYSTEMPATH\CodeIgniter.php(933): App\Controllers\Inventory->index()
 6 SYSTEMPATH\CodeIgniter.php(507): CodeIgniter\CodeIgniter->runController(Object(App\Controllers\Inventory))
 7 SYSTEMPATH\CodeIgniter.php(354): CodeIgniter\CodeIgniter->handleRequest(null, Object(Config\Cache), false)
 8 SYSTEMPATH\Boot.php(363): CodeIgniter\CodeIgniter->run()
 9 SYSTEMPATH\Boot.php(68): CodeIgniter\Boot::runCodeIgniter(Object(CodeIgniter\CodeIgniter))
10 FCPATH\index.php(59): CodeIgniter\Boot::bootWeb(Object(Config\Paths))
11 SYSTEMPATH\rewrite.php(44): require_once('C:\\Users\\Richard Miculob\\Documents\\ReliefTrack\\public\\index.php')
DEBUG - 2026-02-28 22:20:29 --> Session: Class initialized using 'CodeIgniter\Session\Handlers\FileHandler' driver.
DEBUG - 2026-02-28 22:20:29 --> Session: Class initialized using 'CodeIgniter\Session\Handlers\FileHandler' driver.
WARNING - 2026-02-28 22:20:29 --> [DEPRECATED] Optional parameter $familyMemberId declared before required parameter $distributorId is implicitly treated as a required parameter in APPPATH\Models\InventoryModel.php on line 135.
 1 SYSTEMPATH\Autoloader\Autoloader.php(315): include_once('C:\\Users\\Richard Miculob\\Documents\\ReliefTrack\\system\\Debug\\Exceptions.php')
 2 SYSTEMPATH\Autoloader\Autoloader.php(295): CodeIgniter\Autoloader\Autoloader->includeFile('C:\\Users\\Richard Miculob\\Documents\\ReliefTrack\\app\\Models\\InventoryModel.php')
 3 SYSTEMPATH\Autoloader\Autoloader.php(271): CodeIgniter\Autoloader\Autoloader->loadInNamespace('App\\Models\\InventoryModel')
 4 APPPATH\Controllers\Dashboard.php(22): CodeIgniter\Autoloader\Autoloader->loadClass('App\\Models\\InventoryModel')
 5 SYSTEMPATH\CodeIgniter.php(933): App\Controllers\Dashboard->index()
 6 SYSTEMPATH\CodeIgniter.php(507): CodeIgniter\CodeIgniter->runController(Object(App\Controllers\Dashboard))
 7 SYSTEMPATH\CodeIgniter.php(354): CodeIgniter\CodeIgniter->handleRequest(null, Object(Config\Cache), false)
 8 SYSTEMPATH\Boot.php(363): CodeIgniter\CodeIgniter->run()
 9 SYSTEMPATH\Boot.php(68): CodeIgniter\Boot::runCodeIgniter(Object(CodeIgniter\CodeIgniter))
10 FCPATH\index.php(59): CodeIgniter\Boot::bootWeb(Object(Config\Paths))
11 SYSTEMPATH\rewrite.php(44): require_once('C:\\Users\\Richard Miculob\\Documents\\ReliefTrack\\public\\index.php')
DEBUG - 2026-02-28 22:25:35 --> Session: Class initialized using 'CodeIgniter\Session\Handlers\FileHandler' driver.
DEBUG - 2026-02-28 22:25:35 --> Session: Class initialized using 'CodeIgniter\Session\Handlers\FileHandler' driver.
WARNING - 2026-02-28 22:25:35 --> [DEPRECATED] Optional parameter $familyMemberId declared before required parameter $distributorId is implicitly treated as a required parameter in APPPATH\Models\InventoryModel.php on line 135.
 1 SYSTEMPATH\Autoloader\Autoloader.php(315): include_once('C:\\Users\\Richard Miculob\\Documents\\ReliefTrack\\system\\Debug\\Exceptions.php')
 2 SYSTEMPATH\Autoloader\Autoloader.php(295): CodeIgniter\Autoloader\Autoloader->includeFile('C:\\Users\\Richard Miculob\\Documents\\ReliefTrack\\app\\Models\\InventoryModel.php')
 3 SYSTEMPATH\Autoloader\Autoloader.php(271): CodeIgniter\Autoloader\Autoloader->loadInNamespace('App\\Models\\InventoryModel')
 4 APPPATH\Controllers\Dashboard.php(22): CodeIgniter\Autoloader\Autoloader->loadClass('App\\Models\\InventoryModel')
 5 SYSTEMPATH\CodeIgniter.php(933): App\Controllers\Dashboard->index()
 6 SYSTEMPATH\CodeIgniter.php(507): CodeIgniter\CodeIgniter->runController(Object(App\Controllers\Dashboard))
 7 SYSTEMPATH\CodeIgniter.php(354): CodeIgniter\CodeIgniter->handleRequest(null, Object(Config\Cache), false)
 8 SYSTEMPATH\Boot.php(363): CodeIgniter\CodeIgniter->run()
 9 SYSTEMPATH\Boot.php(68): CodeIgniter\Boot::runCodeIgniter(Object(CodeIgniter\CodeIgniter))
10 FCPATH\index.php(59): CodeIgniter\Boot::bootWeb(Object(Config\Paths))
11 SYSTEMPATH\rewrite.php(44): require_once('C:\\Users\\Richard Miculob\\Documents\\ReliefTrack\\public\\index.php')
DEBUG - 2026-02-28 22:25:38 --> Session: Class initialized using 'CodeIgniter\Session\Handlers\FileHandler' driver.
WARNING - 2026-02-28 22:25:38 --> [DEPRECATED] Optional parameter $familyMemberId declared before required parameter $distributorId is implicitly treated as a required parameter in APPPATH\Models\InventoryModel.php on line 135.
 1 SYSTEMPATH\Autoloader\Autoloader.php(315): include_once('C:\\Users\\Richard Miculob\\Documents\\ReliefTrack\\system\\Debug\\Exceptions.php')
 2 SYSTEMPATH\Autoloader\Autoloader.php(295): CodeIgniter\Autoloader\Autoloader->includeFile('C:\\Users\\Richard Miculob\\Documents\\ReliefTrack\\app\\Models\\InventoryModel.php')
 3 SYSTEMPATH\Autoloader\Autoloader.php(271): CodeIgniter\Autoloader\Autoloader->loadInNamespace('App\\Models\\InventoryModel')
 4 APPPATH\Controllers\Inventory.php(13): CodeIgniter\Autoloader\Autoloader->loadClass('App\\Models\\InventoryModel')
 5 SYSTEMPATH\CodeIgniter.php(933): App\Controllers\Inventory->index()
 6 SYSTEMPATH\CodeIgniter.php(507): CodeIgniter\CodeIgniter->runController(Object(App\Controllers\Inventory))
 7 SYSTEMPATH\CodeIgniter.php(354): CodeIgniter\CodeIgniter->handleRequest(null, Object(Config\Cache), false)
 8 SYSTEMPATH\Boot.php(363): CodeIgniter\CodeIgniter->run()
 9 SYSTEMPATH\Boot.php(68): CodeIgniter\Boot::runCodeIgniter(Object(CodeIgniter\CodeIgniter))
10 FCPATH\index.php(59): CodeIgniter\Boot::bootWeb(Object(Config\Paths))
11 SYSTEMPATH\rewrite.php(44): require_once('C:\\Users\\Richard Miculob\\Documents\\ReliefTrack\\public\\index.php')
DEBUG - 2026-02-28 22:25:42 --> Session: Class initialized using 'CodeIgniter\Session\Handlers\FileHandler' driver.
WARNING - 2026-02-28 22:25:42 --> [DEPRECATED] Optional parameter $familyMemberId declared before required parameter $distributorId is implicitly treated as a required parameter in APPPATH\Models\InventoryModel.php on line 135.
 1 SYSTEMPATH\Autoloader\Autoloader.php(315): include_once('C:\\Users\\Richard Miculob\\Documents\\ReliefTrack\\system\\Debug\\Exceptions.php')
 2 SYSTEMPATH\Autoloader\Autoloader.php(295): CodeIgniter\Autoloader\Autoloader->includeFile('C:\\Users\\Richard Miculob\\Documents\\ReliefTrack\\app\\Models\\InventoryModel.php')
 3 SYSTEMPATH\Autoloader\Autoloader.php(271): CodeIgniter\Autoloader\Autoloader->loadInNamespace('App\\Models\\InventoryModel')
 4 APPPATH\Controllers\Inventory.php(64): CodeIgniter\Autoloader\Autoloader->loadClass('App\\Models\\InventoryModel')
 5 SYSTEMPATH\CodeIgniter.php(933): App\Controllers\Inventory->update_stock('4')
 6 SYSTEMPATH\CodeIgniter.php(507): CodeIgniter\CodeIgniter->runController(Object(App\Controllers\Inventory))
 7 SYSTEMPATH\CodeIgniter.php(354): CodeIgniter\CodeIgniter->handleRequest(null, Object(Config\Cache), false)
 8 SYSTEMPATH\Boot.php(363): CodeIgniter\CodeIgniter->run()
 9 SYSTEMPATH\Boot.php(68): CodeIgniter\Boot::runCodeIgniter(Object(CodeIgniter\CodeIgniter))
10 FCPATH\index.php(59): CodeIgniter\Boot::bootWeb(Object(Config\Paths))
11 SYSTEMPATH\rewrite.php(44): require_once('C:\\Users\\Richard Miculob\\Documents\\ReliefTrack\\public\\index.php')
DEBUG - 2026-02-28 22:25:52 --> Session: Class initialized using 'CodeIgniter\Session\Handlers\FileHandler' driver.
WARNING - 2026-02-28 22:25:52 --> [DEPRECATED] Optional parameter $familyMemberId declared before required parameter $distributorId is implicitly treated as a required parameter in APPPATH\Models\InventoryModel.php on line 135.
 1 SYSTEMPATH\Autoloader\Autoloader.php(315): include_once('C:\\Users\\Richard Miculob\\Documents\\ReliefTrack\\system\\Debug\\Exceptions.php')
 2 SYSTEMPATH\Autoloader\Autoloader.php(295): CodeIgniter\Autoloader\Autoloader->includeFile('C:\\Users\\Richard Miculob\\Documents\\ReliefTrack\\app\\Models\\InventoryModel.php')
 3 SYSTEMPATH\Autoloader\Autoloader.php(271): CodeIgniter\Autoloader\Autoloader->loadInNamespace('App\\Models\\InventoryModel')
 4 APPPATH\Controllers\Inventory.php(13): CodeIgniter\Autoloader\Autoloader->loadClass('App\\Models\\InventoryModel')
 5 SYSTEMPATH\CodeIgniter.php(933): App\Controllers\Inventory->index()
 6 SYSTEMPATH\CodeIgniter.php(507): CodeIgniter\CodeIgniter->runController(Object(App\Controllers\Inventory))
 7 SYSTEMPATH\CodeIgniter.php(354): CodeIgniter\CodeIgniter->handleRequest(null, Object(Config\Cache), false)
 8 SYSTEMPATH\Boot.php(363): CodeIgniter\CodeIgniter->run()
 9 SYSTEMPATH\Boot.php(68): CodeIgniter\Boot::runCodeIgniter(Object(CodeIgniter\CodeIgniter))
10 FCPATH\index.php(59): CodeIgniter\Boot::bootWeb(Object(Config\Paths))
11 SYSTEMPATH\rewrite.php(44): require_once('C:\\Users\\Richard Miculob\\Documents\\ReliefTrack\\public\\index.php')
DEBUG - 2026-02-28 22:25:56 --> Session: Class initialized using 'CodeIgniter\Session\Handlers\FileHandler' driver.
WARNING - 2026-02-28 22:25:56 --> [DEPRECATED] Optional parameter $familyMemberId declared before required parameter $distributorId is implicitly treated as a required parameter in APPPATH\Models\InventoryModel.php on line 135.
 1 SYSTEMPATH\Autoloader\Autoloader.php(315): include_once('C:\\Users\\Richard Miculob\\Documents\\ReliefTrack\\system\\Debug\\Exceptions.php')
 2 SYSTEMPATH\Autoloader\Autoloader.php(295): CodeIgniter\Autoloader\Autoloader->includeFile('C:\\Users\\Richard Miculob\\Documents\\ReliefTrack\\app\\Models\\InventoryModel.php')
 3 SYSTEMPATH\Autoloader\Autoloader.php(271): CodeIgniter\Autoloader\Autoloader->loadInNamespace('App\\Models\\InventoryModel')
 4 APPPATH\Controllers\Inventory.php(214): CodeIgniter\Autoloader\Autoloader->loadClass('App\\Models\\InventoryModel')
 5 SYSTEMPATH\CodeIgniter.php(933): App\Controllers\Inventory->delete('4')
 6 SYSTEMPATH\CodeIgniter.php(507): CodeIgniter\CodeIgniter->runController(Object(App\Controllers\Inventory))
 7 SYSTEMPATH\CodeIgniter.php(354): CodeIgniter\CodeIgniter->handleRequest(null, Object(Config\Cache), false)
 8 SYSTEMPATH\Boot.php(363): CodeIgniter\CodeIgniter->run()
 9 SYSTEMPATH\Boot.php(68): CodeIgniter\Boot::runCodeIgniter(Object(CodeIgniter\CodeIgniter))
10 FCPATH\index.php(59): CodeIgniter\Boot::bootWeb(Object(Config\Paths))
11 SYSTEMPATH\rewrite.php(44): require_once('C:\\Users\\Richard Miculob\\Documents\\ReliefTrack\\public\\index.php')
DEBUG - 2026-02-28 22:25:56 --> Session: Class initialized using 'CodeIgniter\Session\Handlers\FileHandler' driver.
WARNING - 2026-02-28 22:25:56 --> [DEPRECATED] Optional parameter $familyMemberId declared before required parameter $distributorId is implicitly treated as a required parameter in APPPATH\Models\InventoryModel.php on line 135.
 1 SYSTEMPATH\Autoloader\Autoloader.php(315): include_once('C:\\Users\\Richard Miculob\\Documents\\ReliefTrack\\system\\Debug\\Exceptions.php')
 2 SYSTEMPATH\Autoloader\Autoloader.php(295): CodeIgniter\Autoloader\Autoloader->includeFile('C:\\Users\\Richard Miculob\\Documents\\ReliefTrack\\app\\Models\\InventoryModel.php')
 3 SYSTEMPATH\Autoloader\Autoloader.php(271): CodeIgniter\Autoloader\Autoloader->loadInNamespace('App\\Models\\InventoryModel')
 4 APPPATH\Controllers\Inventory.php(13): CodeIgniter\Autoloader\Autoloader->loadClass('App\\Models\\InventoryModel')
 5 SYSTEMPATH\CodeIgniter.php(933): App\Controllers\Inventory->index()
 6 SYSTEMPATH\CodeIgniter.php(507): CodeIgniter\CodeIgniter->runController(Object(App\Controllers\Inventory))
 7 SYSTEMPATH\CodeIgniter.php(354): CodeIgniter\CodeIgniter->handleRequest(null, Object(Config\Cache), false)
 8 SYSTEMPATH\Boot.php(363): CodeIgniter\CodeIgniter->run()
 9 SYSTEMPATH\Boot.php(68): CodeIgniter\Boot::runCodeIgniter(Object(CodeIgniter\CodeIgniter))
10 FCPATH\index.php(59): CodeIgniter\Boot::bootWeb(Object(Config\Paths))
11 SYSTEMPATH\rewrite.php(44): require_once('C:\\Users\\Richard Miculob\\Documents\\ReliefTrack\\public\\index.php')
DEBUG - 2026-02-28 22:26:00 --> Session: Class initialized using 'CodeIgniter\Session\Handlers\FileHandler' driver.
DEBUG - 2026-02-28 22:26:20 --> Session: Class initialized using 'CodeIgniter\Session\Handlers\FileHandler' driver.
WARNING - 2026-02-28 22:26:20 --> [DEPRECATED] Optional parameter $familyMemberId declared before required parameter $distributorId is implicitly treated as a required parameter in APPPATH\Models\InventoryModel.php on line 135.
 1 SYSTEMPATH\Autoloader\Autoloader.php(315): include_once('C:\\Users\\Richard Miculob\\Documents\\ReliefTrack\\system\\Debug\\Exceptions.php')
 2 SYSTEMPATH\Autoloader\Autoloader.php(295): CodeIgniter\Autoloader\Autoloader->includeFile('C:\\Users\\Richard Miculob\\Documents\\ReliefTrack\\app\\Models\\InventoryModel.php')
 3 SYSTEMPATH\Autoloader\Autoloader.php(271): CodeIgniter\Autoloader\Autoloader->loadInNamespace('App\\Models\\InventoryModel')
 4 APPPATH\Controllers\Inventory.php(90): CodeIgniter\Autoloader\Autoloader->loadClass('App\\Models\\InventoryModel')
 5 SYSTEMPATH\CodeIgniter.php(933): App\Controllers\Inventory->saveItemWithBatch()
 6 SYSTEMPATH\CodeIgniter.php(507): CodeIgniter\CodeIgniter->runController(Object(App\Controllers\Inventory))
 7 SYSTEMPATH\CodeIgniter.php(354): CodeIgniter\CodeIgniter->handleRequest(null, Object(Config\Cache), false)
 8 SYSTEMPATH\Boot.php(363): CodeIgniter\CodeIgniter->run()
 9 SYSTEMPATH\Boot.php(68): CodeIgniter\Boot::runCodeIgniter(Object(CodeIgniter\CodeIgniter))
10 FCPATH\index.php(59): CodeIgniter\Boot::bootWeb(Object(Config\Paths))
11 SYSTEMPATH\rewrite.php(44): require_once('C:\\Users\\Richard Miculob\\Documents\\ReliefTrack\\public\\index.php')
DEBUG - 2026-02-28 22:26:20 --> Session: Class initialized using 'CodeIgniter\Session\Handlers\FileHandler' driver.
WARNING - 2026-02-28 22:26:20 --> [DEPRECATED] Optional parameter $familyMemberId declared before required parameter $distributorId is implicitly treated as a required parameter in APPPATH\Models\InventoryModel.php on line 135.
 1 SYSTEMPATH\Autoloader\Autoloader.php(315): include_once('C:\\Users\\Richard Miculob\\Documents\\ReliefTrack\\system\\Debug\\Exceptions.php')
 2 SYSTEMPATH\Autoloader\Autoloader.php(295): CodeIgniter\Autoloader\Autoloader->includeFile('C:\\Users\\Richard Miculob\\Documents\\ReliefTrack\\app\\Models\\InventoryModel.php')
 3 SYSTEMPATH\Autoloader\Autoloader.php(271): CodeIgniter\Autoloader\Autoloader->loadInNamespace('App\\Models\\InventoryModel')
 4 APPPATH\Controllers\Inventory.php(176): CodeIgniter\Autoloader\Autoloader->loadClass('App\\Models\\InventoryModel')
 5 SYSTEMPATH\CodeIgniter.php(933): App\Controllers\Inventory->batches('6')
 6 SYSTEMPATH\CodeIgniter.php(507): CodeIgniter\CodeIgniter->runController(Object(App\Controllers\Inventory))
 7 SYSTEMPATH\CodeIgniter.php(354): CodeIgniter\CodeIgniter->handleRequest(null, Object(Config\Cache), false)
 8 SYSTEMPATH\Boot.php(363): CodeIgniter\CodeIgniter->run()
 9 SYSTEMPATH\Boot.php(68): CodeIgniter\Boot::runCodeIgniter(Object(CodeIgniter\CodeIgniter))
10 FCPATH\index.php(59): CodeIgniter\Boot::bootWeb(Object(Config\Paths))
11 SYSTEMPATH\rewrite.php(44): require_once('C:\\Users\\Richard Miculob\\Documents\\ReliefTrack\\public\\index.php')
DEBUG - 2026-02-28 22:26:20 --> Session: Class initialized using 'CodeIgniter\Session\Handlers\FileHandler' driver.
WARNING - 2026-02-28 22:26:20 --> [DEPRECATED] Optional parameter $familyMemberId declared before required parameter $distributorId is implicitly treated as a required parameter in APPPATH\Models\InventoryModel.php on line 135.
 1 SYSTEMPATH\Autoloader\Autoloader.php(315): include_once('C:\\Users\\Richard Miculob\\Documents\\ReliefTrack\\system\\Debug\\Exceptions.php')
 2 SYSTEMPATH\Autoloader\Autoloader.php(295): CodeIgniter\Autoloader\Autoloader->includeFile('C:\\Users\\Richard Miculob\\Documents\\ReliefTrack\\app\\Models\\InventoryModel.php')
 3 SYSTEMPATH\Autoloader\Autoloader.php(271): CodeIgniter\Autoloader\Autoloader->loadInNamespace('App\\Models\\InventoryModel')
 4 APPPATH\Controllers\Inventory.php(13): CodeIgniter\Autoloader\Autoloader->loadClass('App\\Models\\InventoryModel')
 5 SYSTEMPATH\CodeIgniter.php(933): App\Controllers\Inventory->index()
 6 SYSTEMPATH\CodeIgniter.php(507): CodeIgniter\CodeIgniter->runController(Object(App\Controllers\Inventory))
 7 SYSTEMPATH\CodeIgniter.php(354): CodeIgniter\CodeIgniter->handleRequest(null, Object(Config\Cache), false)
 8 SYSTEMPATH\Boot.php(363): CodeIgniter\CodeIgniter->run()
 9 SYSTEMPATH\Boot.php(68): CodeIgniter\Boot::runCodeIgniter(Object(CodeIgniter\CodeIgniter))
10 FCPATH\index.php(59): CodeIgniter\Boot::bootWeb(Object(Config\Paths))
11 SYSTEMPATH\rewrite.php(44): require_once('C:\\Users\\Richard Miculob\\Documents\\ReliefTrack\\public\\index.php')
DEBUG - 2026-02-28 22:26:28 --> Session: Class initialized using 'CodeIgniter\Session\Handlers\FileHandler' driver.
WARNING - 2026-02-28 22:26:28 --> [DEPRECATED] Optional parameter $familyMemberId declared before required parameter $distributorId is implicitly treated as a required parameter in APPPATH\Models\InventoryModel.php on line 135.
 1 SYSTEMPATH\Autoloader\Autoloader.php(315): include_once('C:\\Users\\Richard Miculob\\Documents\\ReliefTrack\\system\\Debug\\Exceptions.php')
 2 SYSTEMPATH\Autoloader\Autoloader.php(295): CodeIgniter\Autoloader\Autoloader->includeFile('C:\\Users\\Richard Miculob\\Documents\\ReliefTrack\\app\\Models\\InventoryModel.php')
 3 SYSTEMPATH\Autoloader\Autoloader.php(271): CodeIgniter\Autoloader\Autoloader->loadInNamespace('App\\Models\\InventoryModel')
 4 APPPATH\Controllers\Inventory.php(136): CodeIgniter\Autoloader\Autoloader->loadClass('App\\Models\\InventoryModel')
 5 SYSTEMPATH\CodeIgniter.php(933): App\Controllers\Inventory->viewBatch('6')
 6 SYSTEMPATH\CodeIgniter.php(507): CodeIgniter\CodeIgniter->runController(Object(App\Controllers\Inventory))
 7 SYSTEMPATH\CodeIgniter.php(354): CodeIgniter\CodeIgniter->handleRequest(null, Object(Config\Cache), false)
 8 SYSTEMPATH\Boot.php(363): CodeIgniter\CodeIgniter->run()
 9 SYSTEMPATH\Boot.php(68): CodeIgniter\Boot::runCodeIgniter(Object(CodeIgniter\CodeIgniter))
10 FCPATH\index.php(59): CodeIgniter\Boot::bootWeb(Object(Config\Paths))
11 SYSTEMPATH\rewrite.php(44): require_once('C:\\Users\\Richard Miculob\\Documents\\ReliefTrack\\public\\index.php')
DEBUG - 2026-02-28 22:32:51 --> Session: Class initialized using 'CodeIgniter\Session\Handlers\FileHandler' driver.
WARNING - 2026-02-28 22:32:51 --> [DEPRECATED] Optional parameter $familyMemberId declared before required parameter $distributorId is implicitly treated as a required parameter in APPPATH\Models\InventoryModel.php on line 135.
 1 SYSTEMPATH\Autoloader\Autoloader.php(315): include_once('C:\\Users\\Richard Miculob\\Documents\\ReliefTrack\\system\\Debug\\Exceptions.php')
 2 SYSTEMPATH\Autoloader\Autoloader.php(295): CodeIgniter\Autoloader\Autoloader->includeFile('C:\\Users\\Richard Miculob\\Documents\\ReliefTrack\\app\\Models\\InventoryModel.php')
 3 SYSTEMPATH\Autoloader\Autoloader.php(271): CodeIgniter\Autoloader\Autoloader->loadInNamespace('App\\Models\\InventoryModel')
 4 APPPATH\Controllers\Inventory.php(176): CodeIgniter\Autoloader\Autoloader->loadClass('App\\Models\\InventoryModel')
 5 SYSTEMPATH\CodeIgniter.php(933): App\Controllers\Inventory->batches('5')
 6 SYSTEMPATH\CodeIgniter.php(507): CodeIgniter\CodeIgniter->runController(Object(App\Controllers\Inventory))
 7 SYSTEMPATH\CodeIgniter.php(354): CodeIgniter\CodeIgniter->handleRequest(null, Object(Config\Cache), false)
 8 SYSTEMPATH\Boot.php(363): CodeIgniter\CodeIgniter->run()
 9 SYSTEMPATH\Boot.php(68): CodeIgniter\Boot::runCodeIgniter(Object(CodeIgniter\CodeIgniter))
10 FCPATH\index.php(59): CodeIgniter\Boot::bootWeb(Object(Config\Paths))
11 SYSTEMPATH\rewrite.php(44): require_once('C:\\Users\\Richard Miculob\\Documents\\ReliefTrack\\public\\index.php')
DEBUG - 2026-02-28 22:32:58 --> Session: Class initialized using 'CodeIgniter\Session\Handlers\FileHandler' driver.
WARNING - 2026-02-28 22:32:58 --> [DEPRECATED] Optional parameter $familyMemberId declared before required parameter $distributorId is implicitly treated as a required parameter in APPPATH\Models\InventoryModel.php on line 135.
 1 SYSTEMPATH\Autoloader\Autoloader.php(315): include_once('C:\\Users\\Richard Miculob\\Documents\\ReliefTrack\\system\\Debug\\Exceptions.php')
 2 SYSTEMPATH\Autoloader\Autoloader.php(295): CodeIgniter\Autoloader\Autoloader->includeFile('C:\\Users\\Richard Miculob\\Documents\\ReliefTrack\\app\\Models\\InventoryModel.php')
 3 SYSTEMPATH\Autoloader\Autoloader.php(271): CodeIgniter\Autoloader\Autoloader->loadInNamespace('App\\Models\\InventoryModel')
 4 APPPATH\Controllers\Inventory.php(136): CodeIgniter\Autoloader\Autoloader->loadClass('App\\Models\\InventoryModel')
 5 SYSTEMPATH\CodeIgniter.php(933): App\Controllers\Inventory->viewBatch('6')
 6 SYSTEMPATH\CodeIgniter.php(507): CodeIgniter\CodeIgniter->runController(Object(App\Controllers\Inventory))
 7 SYSTEMPATH\CodeIgniter.php(354): CodeIgniter\CodeIgniter->handleRequest(null, Object(Config\Cache), false)
 8 SYSTEMPATH\Boot.php(363): CodeIgniter\CodeIgniter->run()
 9 SYSTEMPATH\Boot.php(68): CodeIgniter\Boot::runCodeIgniter(Object(CodeIgniter\CodeIgniter))
10 FCPATH\index.php(59): CodeIgniter\Boot::bootWeb(Object(Config\Paths))
11 SYSTEMPATH\rewrite.php(44): require_once('C:\\Users\\Richard Miculob\\Documents\\ReliefTrack\\public\\index.php')
DEBUG - 2026-02-28 22:33:00 --> Session: Class initialized using 'CodeIgniter\Session\Handlers\FileHandler' driver.
WARNING - 2026-02-28 22:33:00 --> [DEPRECATED] Optional parameter $familyMemberId declared before required parameter $distributorId is implicitly treated as a required parameter in APPPATH\Models\InventoryModel.php on line 135.
 1 SYSTEMPATH\Autoloader\Autoloader.php(315): include_once('C:\\Users\\Richard Miculob\\Documents\\ReliefTrack\\system\\Debug\\Exceptions.php')
 2 SYSTEMPATH\Autoloader\Autoloader.php(295): CodeIgniter\Autoloader\Autoloader->includeFile('C:\\Users\\Richard Miculob\\Documents\\ReliefTrack\\app\\Models\\InventoryModel.php')
 3 SYSTEMPATH\Autoloader\Autoloader.php(271): CodeIgniter\Autoloader\Autoloader->loadInNamespace('App\\Models\\InventoryModel')
 4 APPPATH\Controllers\Inventory.php(176): CodeIgniter\Autoloader\Autoloader->loadClass('App\\Models\\InventoryModel')
 5 SYSTEMPATH\CodeIgniter.php(933): App\Controllers\Inventory->batches('5')
 6 SYSTEMPATH\CodeIgniter.php(507): CodeIgniter\CodeIgniter->runController(Object(App\Controllers\Inventory))
 7 SYSTEMPATH\CodeIgniter.php(354): CodeIgniter\CodeIgniter->handleRequest(null, Object(Config\Cache), false)
 8 SYSTEMPATH\Boot.php(363): CodeIgniter\CodeIgniter->run()
 9 SYSTEMPATH\Boot.php(68): CodeIgniter\Boot::runCodeIgniter(Object(CodeIgniter\CodeIgniter))
10 FCPATH\index.php(59): CodeIgniter\Boot::bootWeb(Object(Config\Paths))
11 SYSTEMPATH\rewrite.php(44): require_once('C:\\Users\\Richard Miculob\\Documents\\ReliefTrack\\public\\index.php')
DEBUG - 2026-02-28 22:33:03 --> Session: Class initialized using 'CodeIgniter\Session\Handlers\FileHandler' driver.
WARNING - 2026-02-28 22:33:03 --> [DEPRECATED] Optional parameter $familyMemberId declared before required parameter $distributorId is implicitly treated as a required parameter in APPPATH\Models\InventoryModel.php on line 135.
 1 SYSTEMPATH\Autoloader\Autoloader.php(315): include_once('C:\\Users\\Richard Miculob\\Documents\\ReliefTrack\\system\\Debug\\Exceptions.php')
 2 SYSTEMPATH\Autoloader\Autoloader.php(295): CodeIgniter\Autoloader\Autoloader->includeFile('C:\\Users\\Richard Miculob\\Documents\\ReliefTrack\\app\\Models\\InventoryModel.php')
 3 SYSTEMPATH\Autoloader\Autoloader.php(271): CodeIgniter\Autoloader\Autoloader->loadInNamespace('App\\Models\\InventoryModel')
 4 APPPATH\Controllers\Inventory.php(13): CodeIgniter\Autoloader\Autoloader->loadClass('App\\Models\\InventoryModel')
 5 SYSTEMPATH\CodeIgniter.php(933): App\Controllers\Inventory->index()
 6 SYSTEMPATH\CodeIgniter.php(507): CodeIgniter\CodeIgniter->runController(Object(App\Controllers\Inventory))
 7 SYSTEMPATH\CodeIgniter.php(354): CodeIgniter\CodeIgniter->handleRequest(null, Object(Config\Cache), false)
 8 SYSTEMPATH\Boot.php(363): CodeIgniter\CodeIgniter->run()
 9 SYSTEMPATH\Boot.php(68): CodeIgniter\Boot::runCodeIgniter(Object(CodeIgniter\CodeIgniter))
10 FCPATH\index.php(59): CodeIgniter\Boot::bootWeb(Object(Config\Paths))
11 SYSTEMPATH\rewrite.php(44): require_once('C:\\Users\\Richard Miculob\\Documents\\ReliefTrack\\public\\index.php')
DEBUG - 2026-02-28 22:42:36 --> Session: Class initialized using 'CodeIgniter\Session\Handlers\FileHandler' driver.
WARNING - 2026-02-28 22:42:36 --> [DEPRECATED] Optional parameter $familyMemberId declared before required parameter $distributorId is implicitly treated as a required parameter in APPPATH\Models\InventoryModel.php on line 135.
 1 SYSTEMPATH\Autoloader\Autoloader.php(315): include_once('C:\\Users\\Richard Miculob\\Documents\\ReliefTrack\\system\\Debug\\Exceptions.php')
 2 SYSTEMPATH\Autoloader\Autoloader.php(295): CodeIgniter\Autoloader\Autoloader->includeFile('C:\\Users\\Richard Miculob\\Documents\\ReliefTrack\\app\\Models\\InventoryModel.php')
 3 SYSTEMPATH\Autoloader\Autoloader.php(271): CodeIgniter\Autoloader\Autoloader->loadInNamespace('App\\Models\\InventoryModel')
 4 APPPATH\Controllers\Inventory.php(13): CodeIgniter\Autoloader\Autoloader->loadClass('App\\Models\\InventoryModel')
 5 SYSTEMPATH\CodeIgniter.php(933): App\Controllers\Inventory->index()
 6 SYSTEMPATH\CodeIgniter.php(507): CodeIgniter\CodeIgniter->runController(Object(App\Controllers\Inventory))
 7 SYSTEMPATH\CodeIgniter.php(354): CodeIgniter\CodeIgniter->handleRequest(null, Object(Config\Cache), false)
 8 SYSTEMPATH\Boot.php(363): CodeIgniter\CodeIgniter->run()
 9 SYSTEMPATH\Boot.php(68): CodeIgniter\Boot::runCodeIgniter(Object(CodeIgniter\CodeIgniter))
10 FCPATH\index.php(59): CodeIgniter\Boot::bootWeb(Object(Config\Paths))
11 SYSTEMPATH\rewrite.php(44): require_once('C:\\Users\\Richard Miculob\\Documents\\ReliefTrack\\public\\index.php')
DEBUG - 2026-02-28 22:44:01 --> Session: Class initialized using 'CodeIgniter\Session\Handlers\FileHandler' driver.
WARNING - 2026-02-28 22:44:01 --> [DEPRECATED] Optional parameter $familyMemberId declared before required parameter $distributorId is implicitly treated as a required parameter in APPPATH\Models\InventoryModel.php on line 135.
 1 SYSTEMPATH\Autoloader\Autoloader.php(315): include_once('C:\\Users\\Richard Miculob\\Documents\\ReliefTrack\\system\\Debug\\Exceptions.php')
 2 SYSTEMPATH\Autoloader\Autoloader.php(295): CodeIgniter\Autoloader\Autoloader->includeFile('C:\\Users\\Richard Miculob\\Documents\\ReliefTrack\\app\\Models\\InventoryModel.php')
 3 SYSTEMPATH\Autoloader\Autoloader.php(271): CodeIgniter\Autoloader\Autoloader->loadInNamespace('App\\Models\\InventoryModel')
 4 APPPATH\Controllers\Inventory.php(13): CodeIgniter\Autoloader\Autoloader->loadClass('App\\Models\\InventoryModel')
 5 SYSTEMPATH\CodeIgniter.php(933): App\Controllers\Inventory->index()
 6 SYSTEMPATH\CodeIgniter.php(507): CodeIgniter\CodeIgniter->runController(Object(App\Controllers\Inventory))
 7 SYSTEMPATH\CodeIgniter.php(354): CodeIgniter\CodeIgniter->handleRequest(null, Object(Config\Cache), false)
 8 SYSTEMPATH\Boot.php(363): CodeIgniter\CodeIgniter->run()
 9 SYSTEMPATH\Boot.php(68): CodeIgniter\Boot::runCodeIgniter(Object(CodeIgniter\CodeIgniter))
10 FCPATH\index.php(59): CodeIgniter\Boot::bootWeb(Object(Config\Paths))
11 SYSTEMPATH\rewrite.php(44): require_once('C:\\Users\\Richard Miculob\\Documents\\ReliefTrack\\public\\index.php')
DEBUG - 2026-02-28 22:46:28 --> Session: Class initialized using 'CodeIgniter\Session\Handlers\FileHandler' driver.
WARNING - 2026-02-28 22:46:28 --> [DEPRECATED] Optional parameter $familyMemberId declared before required parameter $distributorId is implicitly treated as a required parameter in APPPATH\Models\InventoryModel.php on line 135.
 1 SYSTEMPATH\Autoloader\Autoloader.php(315): include_once('C:\\Users\\Richard Miculob\\Documents\\ReliefTrack\\system\\Debug\\Exceptions.php')
 2 SYSTEMPATH\Autoloader\Autoloader.php(295): CodeIgniter\Autoloader\Autoloader->includeFile('C:\\Users\\Richard Miculob\\Documents\\ReliefTrack\\app\\Models\\InventoryModel.php')
 3 SYSTEMPATH\Autoloader\Autoloader.php(271): CodeIgniter\Autoloader\Autoloader->loadInNamespace('App\\Models\\InventoryModel')
 4 APPPATH\Controllers\Inventory.php(136): CodeIgniter\Autoloader\Autoloader->loadClass('App\\Models\\InventoryModel')
 5 SYSTEMPATH\CodeIgniter.php(933): App\Controllers\Inventory->viewBatch('6')
 6 SYSTEMPATH\CodeIgniter.php(507): CodeIgniter\CodeIgniter->runController(Object(App\Controllers\Inventory))
 7 SYSTEMPATH\CodeIgniter.php(354): CodeIgniter\CodeIgniter->handleRequest(null, Object(Config\Cache), false)
 8 SYSTEMPATH\Boot.php(363): CodeIgniter\CodeIgniter->run()
 9 SYSTEMPATH\Boot.php(68): CodeIgniter\Boot::runCodeIgniter(Object(CodeIgniter\CodeIgniter))
10 FCPATH\index.php(59): CodeIgniter\Boot::bootWeb(Object(Config\Paths))
11 SYSTEMPATH\rewrite.php(44): require_once('C:\\Users\\Richard Miculob\\Documents\\ReliefTrack\\public\\index.php')
DEBUG - 2026-02-28 22:48:03 --> Session: Class initialized using 'CodeIgniter\Session\Handlers\FileHandler' driver.
WARNING - 2026-02-28 22:48:03 --> [DEPRECATED] Optional parameter $familyMemberId declared before required parameter $distributorId is implicitly treated as a required parameter in APPPATH\Models\InventoryModel.php on line 135.
 1 SYSTEMPATH\Autoloader\Autoloader.php(315): include_once('C:\\Users\\Richard Miculob\\Documents\\ReliefTrack\\system\\Debug\\Exceptions.php')
 2 SYSTEMPATH\Autoloader\Autoloader.php(295): CodeIgniter\Autoloader\Autoloader->includeFile('C:\\Users\\Richard Miculob\\Documents\\ReliefTrack\\app\\Models\\InventoryModel.php')
 3 SYSTEMPATH\Autoloader\Autoloader.php(271): CodeIgniter\Autoloader\Autoloader->loadInNamespace('App\\Models\\InventoryModel')
 4 APPPATH\Controllers\Inventory.php(136): CodeIgniter\Autoloader\Autoloader->loadClass('App\\Models\\InventoryModel')
 5 SYSTEMPATH\CodeIgniter.php(933): App\Controllers\Inventory->viewBatch('6')
 6 SYSTEMPATH\CodeIgniter.php(507): CodeIgniter\CodeIgniter->runController(Object(App\Controllers\Inventory))
 7 SYSTEMPATH\CodeIgniter.php(354): CodeIgniter\CodeIgniter->handleRequest(null, Object(Config\Cache), false)
 8 SYSTEMPATH\Boot.php(363): CodeIgniter\CodeIgniter->run()
 9 SYSTEMPATH\Boot.php(68): CodeIgniter\Boot::runCodeIgniter(Object(CodeIgniter\CodeIgniter))
10 FCPATH\index.php(59): CodeIgniter\Boot::bootWeb(Object(Config\Paths))
11 SYSTEMPATH\rewrite.php(44): require_once('C:\\Users\\Richard Miculob\\Documents\\ReliefTrack\\public\\index.php')
DEBUG - 2026-02-28 22:48:05 --> Session: Class initialized using 'CodeIgniter\Session\Handlers\FileHandler' driver.
WARNING - 2026-02-28 22:48:05 --> [DEPRECATED] Optional parameter $familyMemberId declared before required parameter $distributorId is implicitly treated as a required parameter in APPPATH\Models\InventoryModel.php on line 135.
 1 SYSTEMPATH\Autoloader\Autoloader.php(315): include_once('C:\\Users\\Richard Miculob\\Documents\\ReliefTrack\\system\\Debug\\Exceptions.php')
 2 SYSTEMPATH\Autoloader\Autoloader.php(295): CodeIgniter\Autoloader\Autoloader->includeFile('C:\\Users\\Richard Miculob\\Documents\\ReliefTrack\\app\\Models\\InventoryModel.php')
 3 SYSTEMPATH\Autoloader\Autoloader.php(271): CodeIgniter\Autoloader\Autoloader->loadInNamespace('App\\Models\\InventoryModel')
 4 APPPATH\Controllers\Inventory.php(176): CodeIgniter\Autoloader\Autoloader->loadClass('App\\Models\\InventoryModel')
 5 SYSTEMPATH\CodeIgniter.php(933): App\Controllers\Inventory->batches('5')
 6 SYSTEMPATH\CodeIgniter.php(507): CodeIgniter\CodeIgniter->runController(Object(App\Controllers\Inventory))
 7 SYSTEMPATH\CodeIgniter.php(354): CodeIgniter\CodeIgniter->handleRequest(null, Object(Config\Cache), false)
 8 SYSTEMPATH\Boot.php(363): CodeIgniter\CodeIgniter->run()
 9 SYSTEMPATH\Boot.php(68): CodeIgniter\Boot::runCodeIgniter(Object(CodeIgniter\CodeIgniter))
10 FCPATH\index.php(59): CodeIgniter\Boot::bootWeb(Object(Config\Paths))
11 SYSTEMPATH\rewrite.php(44): require_once('C:\\Users\\Richard Miculob\\Documents\\ReliefTrack\\public\\index.php')
DEBUG - 2026-02-28 22:48:08 --> Session: Class initialized using 'CodeIgniter\Session\Handlers\FileHandler' driver.
WARNING - 2026-02-28 22:48:08 --> [DEPRECATED] Optional parameter $familyMemberId declared before required parameter $distributorId is implicitly treated as a required parameter in APPPATH\Models\InventoryModel.php on line 135.
 1 SYSTEMPATH\Autoloader\Autoloader.php(315): include_once('C:\\Users\\Richard Miculob\\Documents\\ReliefTrack\\system\\Debug\\Exceptions.php')
 2 SYSTEMPATH\Autoloader\Autoloader.php(295): CodeIgniter\Autoloader\Autoloader->includeFile('C:\\Users\\Richard Miculob\\Documents\\ReliefTrack\\app\\Models\\InventoryModel.php')
 3 SYSTEMPATH\Autoloader\Autoloader.php(271): CodeIgniter\Autoloader\Autoloader->loadInNamespace('App\\Models\\InventoryModel')
 4 APPPATH\Controllers\Inventory.php(13): CodeIgniter\Autoloader\Autoloader->loadClass('App\\Models\\InventoryModel')
 5 SYSTEMPATH\CodeIgniter.php(933): App\Controllers\Inventory->index()
 6 SYSTEMPATH\CodeIgniter.php(507): CodeIgniter\CodeIgniter->runController(Object(App\Controllers\Inventory))
 7 SYSTEMPATH\CodeIgniter.php(354): CodeIgniter\CodeIgniter->handleRequest(null, Object(Config\Cache), false)
 8 SYSTEMPATH\Boot.php(363): CodeIgniter\CodeIgniter->run()
 9 SYSTEMPATH\Boot.php(68): CodeIgniter\Boot::runCodeIgniter(Object(CodeIgniter\CodeIgniter))
10 FCPATH\index.php(59): CodeIgniter\Boot::bootWeb(Object(Config\Paths))
11 SYSTEMPATH\rewrite.php(44): require_once('C:\\Users\\Richard Miculob\\Documents\\ReliefTrack\\public\\index.php')
DEBUG - 2026-02-28 22:49:06 --> Session: Class initialized using 'CodeIgniter\Session\Handlers\FileHandler' driver.
WARNING - 2026-02-28 22:49:06 --> [DEPRECATED] Optional parameter $familyMemberId declared before required parameter $distributorId is implicitly treated as a required parameter in APPPATH\Models\InventoryModel.php on line 135.
 1 SYSTEMPATH\Autoloader\Autoloader.php(315): include_once('C:\\Users\\Richard Miculob\\Documents\\ReliefTrack\\system\\Debug\\Exceptions.php')
 2 SYSTEMPATH\Autoloader\Autoloader.php(295): CodeIgniter\Autoloader\Autoloader->includeFile('C:\\Users\\Richard Miculob\\Documents\\ReliefTrack\\app\\Models\\InventoryModel.php')
 3 SYSTEMPATH\Autoloader\Autoloader.php(271): CodeIgniter\Autoloader\Autoloader->loadInNamespace('App\\Models\\InventoryModel')
 4 APPPATH\Controllers\Inventory.php(13): CodeIgniter\Autoloader\Autoloader->loadClass('App\\Models\\InventoryModel')
 5 SYSTEMPATH\CodeIgniter.php(933): App\Controllers\Inventory->index()
 6 SYSTEMPATH\CodeIgniter.php(507): CodeIgniter\CodeIgniter->runController(Object(App\Controllers\Inventory))
 7 SYSTEMPATH\CodeIgniter.php(354): CodeIgniter\CodeIgniter->handleRequest(null, Object(Config\Cache), false)
 8 SYSTEMPATH\Boot.php(363): CodeIgniter\CodeIgniter->run()
 9 SYSTEMPATH\Boot.php(68): CodeIgniter\Boot::runCodeIgniter(Object(CodeIgniter\CodeIgniter))
10 FCPATH\index.php(59): CodeIgniter\Boot::bootWeb(Object(Config\Paths))
11 SYSTEMPATH\rewrite.php(44): require_once('C:\\Users\\Richard Miculob\\Documents\\ReliefTrack\\public\\index.php')
DEBUG - 2026-02-28 22:53:50 --> Session: Class initialized using 'CodeIgniter\Session\Handlers\FileHandler' driver.
WARNING - 2026-02-28 22:53:50 --> [DEPRECATED] Optional parameter $familyMemberId declared before required parameter $distributorId is implicitly treated as a required parameter in APPPATH\Models\InventoryModel.php on line 135.
 1 SYSTEMPATH\Autoloader\Autoloader.php(315): include_once('C:\\Users\\Richard Miculob\\Documents\\ReliefTrack\\system\\Debug\\Exceptions.php')
 2 SYSTEMPATH\Autoloader\Autoloader.php(295): CodeIgniter\Autoloader\Autoloader->includeFile('C:\\Users\\Richard Miculob\\Documents\\ReliefTrack\\app\\Models\\InventoryModel.php')
 3 SYSTEMPATH\Autoloader\Autoloader.php(271): CodeIgniter\Autoloader\Autoloader->loadInNamespace('App\\Models\\InventoryModel')
 4 APPPATH\Controllers\Inventory.php(13): CodeIgniter\Autoloader\Autoloader->loadClass('App\\Models\\InventoryModel')
 5 SYSTEMPATH\CodeIgniter.php(933): App\Controllers\Inventory->index()
 6 SYSTEMPATH\CodeIgniter.php(507): CodeIgniter\CodeIgniter->runController(Object(App\Controllers\Inventory))
 7 SYSTEMPATH\CodeIgniter.php(354): CodeIgniter\CodeIgniter->handleRequest(null, Object(Config\Cache), false)
 8 SYSTEMPATH\Boot.php(363): CodeIgniter\CodeIgniter->run()
 9 SYSTEMPATH\Boot.php(68): CodeIgniter\Boot::runCodeIgniter(Object(CodeIgniter\CodeIgniter))
10 FCPATH\index.php(59): CodeIgniter\Boot::bootWeb(Object(Config\Paths))
11 SYSTEMPATH\rewrite.php(44): require_once('C:\\Users\\Richard Miculob\\Documents\\ReliefTrack\\public\\index.php')
