DEBUG - 2026-03-01 08:36:58 --> Session: Class initialized using 'CodeIgniter\Session\Handlers\FileHandler' driver.
DEBUG - 2026-03-01 08:37:03 --> Session: Class initialized using 'CodeIgniter\Session\Handlers\FileHandler' driver.
DEBUG - 2026-03-01 08:37:03 --> Session: Class initialized using 'CodeIgniter\Session\Handlers\FileHandler' driver.
WARNING - 2026-03-01 08:37:03 --> [DEPRECATED] Optional parameter $familyMemberId declared before required parameter $distributorId is implicitly treated as a required parameter in APPPATH\Models\InventoryModel.php on line 135.
 1 SYSTEMPATH\Autoloader\Autoloader.php(315): include_once('C:\\Users\\Richard Miculob\\Documents\\ReliefTrack\\system\\Debug\\Exceptions.php')
 2 SYSTEMPATH\Autoloader\Autoloader.php(295): CodeIgniter\Autoloader\Autoloader->includeFile('C:\\Users\\Richard Miculob\\Documents\\ReliefTrack\\app\\Models\\InventoryModel.php')
 3 SYSTEMPATH\Autoloader\Autoloader.php(271): CodeIgniter\Autoloader\Autoloader->loadInNamespace('App\\Models\\InventoryModel')
 4 APPPATH\Controllers\Dashboard.php(22): CodeIgniter\Autoloader\Autoloader->loadClass('App\\Models\\InventoryModel')
 5 SYSTEMPATH\CodeIgniter.php(933): App\Controllers\Dashboard->index()
 6 SYSTEMPATH\CodeIgniter.php(507): CodeIgniter\CodeIgniter->runController(Object(App\Controllers\Dashboard))
 7 SYSTEMPATH\CodeIgniter.php(354): CodeIgniter\CodeIgniter->handleRequest(null, Object(Config\Cache), false)
 8 SYSTEMPATH\Boot.php(363): CodeIgniter\CodeIgniter->run()
 9 SYSTEMPATH\Boot.php(68): CodeIgniter\Boot::runCodeIgniter(Object(CodeIgniter\CodeIgniter))
10 FCPATH\index.php(59): CodeIgniter\Boot::bootWeb(Object(Config\Paths))
11 SYSTEMPATH\rewrite.php(44): require_once('C:\\Users\\Richard Miculob\\Documents\\ReliefTrack\\public\\index.php')
DEBUG - 2026-03-01 08:37:08 --> Session: Class initialized using 'CodeIgniter\Session\Handlers\FileHandler' driver.
WARNING - 2026-03-01 08:37:08 --> [DEPRECATED] Optional parameter $familyMemberId declared before required parameter $distributorId is implicitly treated as a required parameter in APPPATH\Models\InventoryModel.php on line 135.
 1 SYSTEMPATH\Autoloader\Autoloader.php(315): include_once('C:\\Users\\Richard Miculob\\Documents\\ReliefTrack\\system\\Debug\\Exceptions.php')
 2 SYSTEMPATH\Autoloader\Autoloader.php(295): CodeIgniter\Autoloader\Autoloader->includeFile('C:\\Users\\Richard Miculob\\Documents\\ReliefTrack\\app\\Models\\InventoryModel.php')
 3 SYSTEMPATH\Autoloader\Autoloader.php(271): CodeIgniter\Autoloader\Autoloader->loadInNamespace('App\\Models\\InventoryModel')
 4 APPPATH\Controllers\Inventory.php(13): CodeIgniter\Autoloader\Autoloader->loadClass('App\\Models\\InventoryModel')
 5 SYSTEMPATH\CodeIgniter.php(933): App\Controllers\Inventory->index()
 6 SYSTEMPATH\CodeIgniter.php(507): CodeIgniter\CodeIgniter->runController(Object(App\Controllers\Inventory))
 7 SYSTEMPATH\CodeIgniter.php(354): CodeIgniter\CodeIgniter->handleRequest(null, Object(Config\Cache), false)
 8 SYSTEMPATH\Boot.php(363): CodeIgniter\CodeIgniter->run()
 9 SYSTEMPATH\Boot.php(68): CodeIgniter\Boot::runCodeIgniter(Object(CodeIgniter\CodeIgniter))
10 FCPATH\index.php(59): CodeIgniter\Boot::bootWeb(Object(Config\Paths))
11 SYSTEMPATH\rewrite.php(44): require_once('C:\\Users\\Richard Miculob\\Documents\\ReliefTrack\\public\\index.php')
DEBUG - 2026-03-01 08:37:37 --> Session: Class initialized using 'CodeIgniter\Session\Handlers\FileHandler' driver.
DEBUG - 2026-03-01 08:43:54 --> Session: Class initialized using 'CodeIgniter\Session\Handlers\FileHandler' driver.
WARNING - 2026-03-01 08:43:54 --> [DEPRECATED] Optional parameter $familyMemberId declared before required parameter $distributorId is implicitly treated as a required parameter in APPPATH\Models\InventoryModel.php on line 136.
 1 SYSTEMPATH\Autoloader\Autoloader.php(315): include_once('C:\\Users\\Richard Miculob\\Documents\\ReliefTrack\\system\\Debug\\Exceptions.php')
 2 SYSTEMPATH\Autoloader\Autoloader.php(295): CodeIgniter\Autoloader\Autoloader->includeFile('C:\\Users\\Richard Miculob\\Documents\\ReliefTrack\\app\\Models\\InventoryModel.php')
 3 SYSTEMPATH\Autoloader\Autoloader.php(271): CodeIgniter\Autoloader\Autoloader->loadInNamespace('App\\Models\\InventoryModel')
 4 APPPATH\Controllers\Inventory.php(13): CodeIgniter\Autoloader\Autoloader->loadClass('App\\Models\\InventoryModel')
 5 SYSTEMPATH\CodeIgniter.php(933): App\Controllers\Inventory->index()
 6 SYSTEMPATH\CodeIgniter.php(507): CodeIgniter\CodeIgniter->runController(Object(App\Controllers\Inventory))
 7 SYSTEMPATH\CodeIgniter.php(354): CodeIgniter\CodeIgniter->handleRequest(null, Object(Config\Cache), false)
 8 SYSTEMPATH\Boot.php(363): CodeIgniter\CodeIgniter->run()
 9 SYSTEMPATH\Boot.php(68): CodeIgniter\Boot::runCodeIgniter(Object(CodeIgniter\CodeIgniter))
10 FCPATH\index.php(59): CodeIgniter\Boot::bootWeb(Object(Config\Paths))
11 SYSTEMPATH\rewrite.php(44): require_once('C:\\Users\\Richard Miculob\\Documents\\ReliefTrack\\public\\index.php')
DEBUG - 2026-03-01 08:43:58 --> Session: Class initialized using 'CodeIgniter\Session\Handlers\FileHandler' driver.
WARNING - 2026-03-01 08:43:58 --> [DEPRECATED] Optional parameter $familyMemberId declared before required parameter $distributorId is implicitly treated as a required parameter in APPPATH\Models\InventoryModel.php on line 136.
 1 SYSTEMPATH\Autoloader\Autoloader.php(315): include_once('C:\\Users\\Richard Miculob\\Documents\\ReliefTrack\\system\\Debug\\Exceptions.php')
 2 SYSTEMPATH\Autoloader\Autoloader.php(295): CodeIgniter\Autoloader\Autoloader->includeFile('C:\\Users\\Richard Miculob\\Documents\\ReliefTrack\\app\\Models\\InventoryModel.php')
 3 SYSTEMPATH\Autoloader\Autoloader.php(271): CodeIgniter\Autoloader\Autoloader->loadInNamespace('App\\Models\\InventoryModel')
 4 APPPATH\Controllers\Inventory.php(215): CodeIgniter\Autoloader\Autoloader->loadClass('App\\Models\\InventoryModel')
 5 SYSTEMPATH\CodeIgniter.php(933): App\Controllers\Inventory->delete('5')
 6 SYSTEMPATH\CodeIgniter.php(507): CodeIgniter\CodeIgniter->runController(Object(App\Controllers\Inventory))
 7 SYSTEMPATH\CodeIgniter.php(354): CodeIgniter\CodeIgniter->handleRequest(null, Object(Config\Cache), false)
 8 SYSTEMPATH\Boot.php(363): CodeIgniter\CodeIgniter->run()
 9 SYSTEMPATH\Boot.php(68): CodeIgniter\Boot::runCodeIgniter(Object(CodeIgniter\CodeIgniter))
10 FCPATH\index.php(59): CodeIgniter\Boot::bootWeb(Object(Config\Paths))
11 SYSTEMPATH\rewrite.php(44): require_once('C:\\Users\\Richard Miculob\\Documents\\ReliefTrack\\public\\index.php')
DEBUG - 2026-03-01 08:43:58 --> Session: Class initialized using 'CodeIgniter\Session\Handlers\FileHandler' driver.
WARNING - 2026-03-01 08:43:58 --> [DEPRECATED] Optional parameter $familyMemberId declared before required parameter $distributorId is implicitly treated as a required parameter in APPPATH\Models\InventoryModel.php on line 136.
 1 SYSTEMPATH\Autoloader\Autoloader.php(315): include_once('C:\\Users\\Richard Miculob\\Documents\\ReliefTrack\\system\\Debug\\Exceptions.php')
 2 SYSTEMPATH\Autoloader\Autoloader.php(295): CodeIgniter\Autoloader\Autoloader->includeFile('C:\\Users\\Richard Miculob\\Documents\\ReliefTrack\\app\\Models\\InventoryModel.php')
 3 SYSTEMPATH\Autoloader\Autoloader.php(271): CodeIgniter\Autoloader\Autoloader->loadInNamespace('App\\Models\\InventoryModel')
 4 APPPATH\Controllers\Inventory.php(13): CodeIgniter\Autoloader\Autoloader->loadClass('App\\Models\\InventoryModel')
 5 SYSTEMPATH\CodeIgniter.php(933): App\Controllers\Inventory->index()
 6 SYSTEMPATH\CodeIgniter.php(507): CodeIgniter\CodeIgniter->runController(Object(App\Controllers\Inventory))
 7 SYSTEMPATH\CodeIgniter.php(354): CodeIgniter\CodeIgniter->handleRequest(null, Object(Config\Cache), false)
 8 SYSTEMPATH\Boot.php(363): CodeIgniter\CodeIgniter->run()
 9 SYSTEMPATH\Boot.php(68): CodeIgniter\Boot::runCodeIgniter(Object(CodeIgniter\CodeIgniter))
10 FCPATH\index.php(59): CodeIgniter\Boot::bootWeb(Object(Config\Paths))
11 SYSTEMPATH\rewrite.php(44): require_once('C:\\Users\\Richard Miculob\\Documents\\ReliefTrack\\public\\index.php')
DEBUG - 2026-03-01 08:44:06 --> Session: Class initialized using 'CodeIgniter\Session\Handlers\FileHandler' driver.
DEBUG - 2026-03-01 08:45:32 --> Session: Class initialized using 'CodeIgniter\Session\Handlers\FileHandler' driver.
WARNING - 2026-03-01 08:45:32 --> [DEPRECATED] Optional parameter $familyMemberId declared before required parameter $distributorId is implicitly treated as a required parameter in APPPATH\Models\InventoryModel.php on line 136.
 1 SYSTEMPATH\Autoloader\Autoloader.php(315): include_once('C:\\Users\\Richard Miculob\\Documents\\ReliefTrack\\system\\Debug\\Exceptions.php')
 2 SYSTEMPATH\Autoloader\Autoloader.php(295): CodeIgniter\Autoloader\Autoloader->includeFile('C:\\Users\\Richard Miculob\\Documents\\ReliefTrack\\app\\Models\\InventoryModel.php')
 3 SYSTEMPATH\Autoloader\Autoloader.php(271): CodeIgniter\Autoloader\Autoloader->loadInNamespace('App\\Models\\InventoryModel')
 4 APPPATH\Controllers\Inventory.php(90): CodeIgniter\Autoloader\Autoloader->loadClass('App\\Models\\InventoryModel')
 5 SYSTEMPATH\CodeIgniter.php(933): App\Controllers\Inventory->saveItemWithBatch()
 6 SYSTEMPATH\CodeIgniter.php(507): CodeIgniter\CodeIgniter->runController(Object(App\Controllers\Inventory))
 7 SYSTEMPATH\CodeIgniter.php(354): CodeIgniter\CodeIgniter->handleRequest(null, Object(Config\Cache), false)
 8 SYSTEMPATH\Boot.php(363): CodeIgniter\CodeIgniter->run()
 9 SYSTEMPATH\Boot.php(68): CodeIgniter\Boot::runCodeIgniter(Object(CodeIgniter\CodeIgniter))
10 FCPATH\index.php(59): CodeIgniter\Boot::bootWeb(Object(Config\Paths))
11 SYSTEMPATH\rewrite.php(44): require_once('C:\\Users\\Richard Miculob\\Documents\\ReliefTrack\\public\\index.php')
DEBUG - 2026-03-01 08:45:32 --> Session: Class initialized using 'CodeIgniter\Session\Handlers\FileHandler' driver.
WARNING - 2026-03-01 08:45:32 --> [DEPRECATED] Optional parameter $familyMemberId declared before required parameter $distributorId is implicitly treated as a required parameter in APPPATH\Models\InventoryModel.php on line 136.
 1 SYSTEMPATH\Autoloader\Autoloader.php(315): include_once('C:\\Users\\Richard Miculob\\Documents\\ReliefTrack\\system\\Debug\\Exceptions.php')
 2 SYSTEMPATH\Autoloader\Autoloader.php(295): CodeIgniter\Autoloader\Autoloader->includeFile('C:\\Users\\Richard Miculob\\Documents\\ReliefTrack\\app\\Models\\InventoryModel.php')
 3 SYSTEMPATH\Autoloader\Autoloader.php(271): CodeIgniter\Autoloader\Autoloader->loadInNamespace('App\\Models\\InventoryModel')
 4 APPPATH\Controllers\Inventory.php(177): CodeIgniter\Autoloader\Autoloader->loadClass('App\\Models\\InventoryModel')
 5 SYSTEMPATH\CodeIgniter.php(933): App\Controllers\Inventory->batches('7')
 6 SYSTEMPATH\CodeIgniter.php(507): CodeIgniter\CodeIgniter->runController(Object(App\Controllers\Inventory))
 7 SYSTEMPATH\CodeIgniter.php(354): CodeIgniter\CodeIgniter->handleRequest(null, Object(Config\Cache), false)
 8 SYSTEMPATH\Boot.php(363): CodeIgniter\CodeIgniter->run()
 9 SYSTEMPATH\Boot.php(68): CodeIgniter\Boot::runCodeIgniter(Object(CodeIgniter\CodeIgniter))
10 FCPATH\index.php(59): CodeIgniter\Boot::bootWeb(Object(Config\Paths))
11 SYSTEMPATH\rewrite.php(44): require_once('C:\\Users\\Richard Miculob\\Documents\\ReliefTrack\\public\\index.php')
DEBUG - 2026-03-01 08:45:33 --> Session: Class initialized using 'CodeIgniter\Session\Handlers\FileHandler' driver.
WARNING - 2026-03-01 08:45:33 --> [DEPRECATED] Optional parameter $familyMemberId declared before required parameter $distributorId is implicitly treated as a required parameter in APPPATH\Models\InventoryModel.php on line 136.
 1 SYSTEMPATH\Autoloader\Autoloader.php(315): include_once('C:\\Users\\Richard Miculob\\Documents\\ReliefTrack\\system\\Debug\\Exceptions.php')
 2 SYSTEMPATH\Autoloader\Autoloader.php(295): CodeIgniter\Autoloader\Autoloader->includeFile('C:\\Users\\Richard Miculob\\Documents\\ReliefTrack\\app\\Models\\InventoryModel.php')
 3 SYSTEMPATH\Autoloader\Autoloader.php(271): CodeIgniter\Autoloader\Autoloader->loadInNamespace('App\\Models\\InventoryModel')
 4 APPPATH\Controllers\Inventory.php(13): CodeIgniter\Autoloader\Autoloader->loadClass('App\\Models\\InventoryModel')
 5 SYSTEMPATH\CodeIgniter.php(933): App\Controllers\Inventory->index()
 6 SYSTEMPATH\CodeIgniter.php(507): CodeIgniter\CodeIgniter->runController(Object(App\Controllers\Inventory))
 7 SYSTEMPATH\CodeIgniter.php(354): CodeIgniter\CodeIgniter->handleRequest(null, Object(Config\Cache), false)
 8 SYSTEMPATH\Boot.php(363): CodeIgniter\CodeIgniter->run()
 9 SYSTEMPATH\Boot.php(68): CodeIgniter\Boot::runCodeIgniter(Object(CodeIgniter\CodeIgniter))
10 FCPATH\index.php(59): CodeIgniter\Boot::bootWeb(Object(Config\Paths))
11 SYSTEMPATH\rewrite.php(44): require_once('C:\\Users\\Richard Miculob\\Documents\\ReliefTrack\\public\\index.php')
DEBUG - 2026-03-01 08:45:43 --> Session: Class initialized using 'CodeIgniter\Session\Handlers\FileHandler' driver.
WARNING - 2026-03-01 08:45:43 --> [DEPRECATED] Optional parameter $familyMemberId declared before required parameter $distributorId is implicitly treated as a required parameter in APPPATH\Models\InventoryModel.php on line 136.
 1 SYSTEMPATH\Autoloader\Autoloader.php(315): include_once('C:\\Users\\Richard Miculob\\Documents\\ReliefTrack\\system\\Debug\\Exceptions.php')
 2 SYSTEMPATH\Autoloader\Autoloader.php(295): CodeIgniter\Autoloader\Autoloader->includeFile('C:\\Users\\Richard Miculob\\Documents\\ReliefTrack\\app\\Models\\InventoryModel.php')
 3 SYSTEMPATH\Autoloader\Autoloader.php(271): CodeIgniter\Autoloader\Autoloader->loadInNamespace('App\\Models\\InventoryModel')
 4 APPPATH\Controllers\Inventory.php(64): CodeIgniter\Autoloader\Autoloader->loadClass('App\\Models\\InventoryModel')
 5 SYSTEMPATH\CodeIgniter.php(933): App\Controllers\Inventory->update_stock('6')
 6 SYSTEMPATH\CodeIgniter.php(507): CodeIgniter\CodeIgniter->runController(Object(App\Controllers\Inventory))
 7 SYSTEMPATH\CodeIgniter.php(354): CodeIgniter\CodeIgniter->handleRequest(null, Object(Config\Cache), false)
 8 SYSTEMPATH\Boot.php(363): CodeIgniter\CodeIgniter->run()
 9 SYSTEMPATH\Boot.php(68): CodeIgniter\Boot::runCodeIgniter(Object(CodeIgniter\CodeIgniter))
10 FCPATH\index.php(59): CodeIgniter\Boot::bootWeb(Object(Config\Paths))
11 SYSTEMPATH\rewrite.php(44): require_once('C:\\Users\\Richard Miculob\\Documents\\ReliefTrack\\public\\index.php')
DEBUG - 2026-03-01 08:45:51 --> Session: Class initialized using 'CodeIgniter\Session\Handlers\FileHandler' driver.
WARNING - 2026-03-01 08:45:51 --> [DEPRECATED] Optional parameter $familyMemberId declared before required parameter $distributorId is implicitly treated as a required parameter in APPPATH\Models\InventoryModel.php on line 136.
 1 SYSTEMPATH\Autoloader\Autoloader.php(315): include_once('C:\\Users\\Richard Miculob\\Documents\\ReliefTrack\\system\\Debug\\Exceptions.php')
 2 SYSTEMPATH\Autoloader\Autoloader.php(295): CodeIgniter\Autoloader\Autoloader->includeFile('C:\\Users\\Richard Miculob\\Documents\\ReliefTrack\\app\\Models\\InventoryModel.php')
 3 SYSTEMPATH\Autoloader\Autoloader.php(271): CodeIgniter\Autoloader\Autoloader->loadInNamespace('App\\Models\\InventoryModel')
 4 APPPATH\Controllers\Inventory.php(13): CodeIgniter\Autoloader\Autoloader->loadClass('App\\Models\\InventoryModel')
 5 SYSTEMPATH\CodeIgniter.php(933): App\Controllers\Inventory->index()
 6 SYSTEMPATH\CodeIgniter.php(507): CodeIgniter\CodeIgniter->runController(Object(App\Controllers\Inventory))
 7 SYSTEMPATH\CodeIgniter.php(354): CodeIgniter\CodeIgniter->handleRequest(null, Object(Config\Cache), false)
 8 SYSTEMPATH\Boot.php(363): CodeIgniter\CodeIgniter->run()
 9 SYSTEMPATH\Boot.php(68): CodeIgniter\Boot::runCodeIgniter(Object(CodeIgniter\CodeIgniter))
10 FCPATH\index.php(59): CodeIgniter\Boot::bootWeb(Object(Config\Paths))
11 SYSTEMPATH\rewrite.php(44): require_once('C:\\Users\\Richard Miculob\\Documents\\ReliefTrack\\public\\index.php')
DEBUG - 2026-03-01 08:47:34 --> Session: Class initialized using 'CodeIgniter\Session\Handlers\FileHandler' driver.
DEBUG - 2026-03-01 08:47:34 --> Session: Class initialized using 'CodeIgniter\Session\Handlers\FileHandler' driver.
DEBUG - 2026-03-01 08:47:38 --> Session: Class initialized using 'CodeIgniter\Session\Handlers\FileHandler' driver.
DEBUG - 2026-03-01 08:47:39 --> Session: Class initialized using 'CodeIgniter\Session\Handlers\FileHandler' driver.
WARNING - 2026-03-01 08:47:39 --> [DEPRECATED] Optional parameter $familyMemberId declared before required parameter $distributorId is implicitly treated as a required parameter in APPPATH\Models\InventoryModel.php on line 136.
 1 SYSTEMPATH\Autoloader\Autoloader.php(315): include_once('C:\\Users\\Richard Miculob\\Documents\\ReliefTrack\\system\\Debug\\Exceptions.php')
 2 SYSTEMPATH\Autoloader\Autoloader.php(295): CodeIgniter\Autoloader\Autoloader->includeFile('C:\\Users\\Richard Miculob\\Documents\\ReliefTrack\\app\\Models\\InventoryModel.php')
 3 SYSTEMPATH\Autoloader\Autoloader.php(271): CodeIgniter\Autoloader\Autoloader->loadInNamespace('App\\Models\\InventoryModel')
 4 APPPATH\Controllers\Dashboard.php(22): CodeIgniter\Autoloader\Autoloader->loadClass('App\\Models\\InventoryModel')
 5 SYSTEMPATH\CodeIgniter.php(933): App\Controllers\Dashboard->index()
 6 SYSTEMPATH\CodeIgniter.php(507): CodeIgniter\CodeIgniter->runController(Object(App\Controllers\Dashboard))
 7 SYSTEMPATH\CodeIgniter.php(354): CodeIgniter\CodeIgniter->handleRequest(null, Object(Config\Cache), false)
 8 SYSTEMPATH\Boot.php(363): CodeIgniter\CodeIgniter->run()
 9 SYSTEMPATH\Boot.php(68): CodeIgniter\Boot::runCodeIgniter(Object(CodeIgniter\CodeIgniter))
10 FCPATH\index.php(59): CodeIgniter\Boot::bootWeb(Object(Config\Paths))
11 SYSTEMPATH\rewrite.php(44): require_once('C:\\Users\\Richard Miculob\\Documents\\ReliefTrack\\public\\index.php')
DEBUG - 2026-03-01 08:47:43 --> Session: Class initialized using 'CodeIgniter\Session\Handlers\FileHandler' driver.
WARNING - 2026-03-01 08:47:43 --> [DEPRECATED] Optional parameter $familyMemberId declared before required parameter $distributorId is implicitly treated as a required parameter in APPPATH\Models\InventoryModel.php on line 136.
 1 SYSTEMPATH\Autoloader\Autoloader.php(315): include_once('C:\\Users\\Richard Miculob\\Documents\\ReliefTrack\\system\\Debug\\Exceptions.php')
 2 SYSTEMPATH\Autoloader\Autoloader.php(295): CodeIgniter\Autoloader\Autoloader->includeFile('C:\\Users\\Richard Miculob\\Documents\\ReliefTrack\\app\\Models\\InventoryModel.php')
 3 SYSTEMPATH\Autoloader\Autoloader.php(271): CodeIgniter\Autoloader\Autoloader->loadInNamespace('App\\Models\\InventoryModel')
 4 APPPATH\Controllers\Inventory.php(13): CodeIgniter\Autoloader\Autoloader->loadClass('App\\Models\\InventoryModel')
 5 SYSTEMPATH\CodeIgniter.php(933): App\Controllers\Inventory->index()
 6 SYSTEMPATH\CodeIgniter.php(507): CodeIgniter\CodeIgniter->runController(Object(App\Controllers\Inventory))
 7 SYSTEMPATH\CodeIgniter.php(354): CodeIgniter\CodeIgniter->handleRequest(null, Object(Config\Cache), false)
 8 SYSTEMPATH\Boot.php(363): CodeIgniter\CodeIgniter->run()
 9 SYSTEMPATH\Boot.php(68): CodeIgniter\Boot::runCodeIgniter(Object(CodeIgniter\CodeIgniter))
10 FCPATH\index.php(59): CodeIgniter\Boot::bootWeb(Object(Config\Paths))
11 SYSTEMPATH\rewrite.php(44): require_once('C:\\Users\\Richard Miculob\\Documents\\ReliefTrack\\public\\index.php')
DEBUG - 2026-03-01 08:53:22 --> Session: Class initialized using 'CodeIgniter\Session\Handlers\FileHandler' driver.
WARNING - 2026-03-01 08:53:22 --> [DEPRECATED] Optional parameter $familyMemberId declared before required parameter $distributorId is implicitly treated as a required parameter in APPPATH\Models\InventoryModel.php on line 136.
 1 SYSTEMPATH\Autoloader\Autoloader.php(315): include_once('C:\\Users\\Richard Miculob\\Documents\\ReliefTrack\\system\\Debug\\Exceptions.php')
 2 SYSTEMPATH\Autoloader\Autoloader.php(295): CodeIgniter\Autoloader\Autoloader->includeFile('C:\\Users\\Richard Miculob\\Documents\\ReliefTrack\\app\\Models\\InventoryModel.php')
 3 SYSTEMPATH\Autoloader\Autoloader.php(271): CodeIgniter\Autoloader\Autoloader->loadInNamespace('App\\Models\\InventoryModel')
 4 APPPATH\Controllers\Inventory.php(13): CodeIgniter\Autoloader\Autoloader->loadClass('App\\Models\\InventoryModel')
 5 SYSTEMPATH\CodeIgniter.php(933): App\Controllers\Inventory->index()
 6 SYSTEMPATH\CodeIgniter.php(507): CodeIgniter\CodeIgniter->runController(Object(App\Controllers\Inventory))
 7 SYSTEMPATH\CodeIgniter.php(354): CodeIgniter\CodeIgniter->handleRequest(null, Object(Config\Cache), false)
 8 SYSTEMPATH\Boot.php(363): CodeIgniter\CodeIgniter->run()
 9 SYSTEMPATH\Boot.php(68): CodeIgniter\Boot::runCodeIgniter(Object(CodeIgniter\CodeIgniter))
10 FCPATH\index.php(59): CodeIgniter\Boot::bootWeb(Object(Config\Paths))
11 SYSTEMPATH\rewrite.php(44): require_once('C:\\Users\\Richard Miculob\\Documents\\ReliefTrack\\public\\index.php')
ERROR - 2026-03-01 08:53:22 --> mysqli_sql_exception: Unknown column 'DISTINCT' in 'field list' in C:\Users\Richard Miculob\Documents\ReliefTrack\system\Database\MySQLi\Connection.php:327
Stack trace:
#0 C:\Users\Richard Miculob\Documents\ReliefTrack\system\Database\MySQLi\Connection.php(327): mysqli->query('SELECT `DISTINC...', 0)
#1 C:\Users\Richard Miculob\Documents\ReliefTrack\system\Database\BaseConnection.php(729): CodeIgniter\Database\MySQLi\Connection->execute('SELECT `DISTINC...')
#2 C:\Users\Richard Miculob\Documents\ReliefTrack\system\Database\BaseConnection.php(646): CodeIgniter\Database\BaseConnection->simpleQuery('SELECT `DISTINC...')
#3 C:\Users\Richard Miculob\Documents\ReliefTrack\system\Database\BaseBuilder.php(1649): CodeIgniter\Database\BaseConnection->query('SELECT `DISTINC...', Array, false)
#4 C:\Users\Richard Miculob\Documents\ReliefTrack\app\Controllers\Inventory.php(28): CodeIgniter\Database\BaseBuilder->get()
#5 C:\Users\Richard Miculob\Documents\ReliefTrack\system\CodeIgniter.php(933): App\Controllers\Inventory->index()
#6 C:\Users\Richard Miculob\Documents\ReliefTrack\system\CodeIgniter.php(507): CodeIgniter\CodeIgniter->runController(Object(App\Controllers\Inventory))
#7 C:\Users\Richard Miculob\Documents\ReliefTrack\system\CodeIgniter.php(354): CodeIgniter\CodeIgniter->handleRequest(NULL, Object(Config\Cache), false)
#8 C:\Users\Richard Miculob\Documents\ReliefTrack\system\Boot.php(363): CodeIgniter\CodeIgniter->run()
#9 C:\Users\Richard Miculob\Documents\ReliefTrack\system\Boot.php(68): CodeIgniter\Boot::runCodeIgniter(Object(CodeIgniter\CodeIgniter))
#10 C:\Users\Richard Miculob\Documents\ReliefTrack\public\index.php(59): CodeIgniter\Boot::bootWeb(Object(Config\Paths))
#11 C:\Users\Richard Miculob\Documents\ReliefTrack\system\rewrite.php(44): require_once('C:\\Users\\Richar...')
#12 {main}
CRITICAL - 2026-03-01 08:53:22 --> CodeIgniter\Database\Exceptions\DatabaseException: Unknown column 'DISTINCT' in 'field list'
[Method: GET, Route: inventory]
in SYSTEMPATH\Database\BaseConnection.php on line 684.
 1 SYSTEMPATH\Database\BaseBuilder.php(1649): CodeIgniter\Database\BaseConnection->query('SELECT `DISTINCT` `inventory_id`
FROM `inventory_batches`
WHERE `assigned_to` = :assigned_to:
AND `assignment_type` = :assignment_type:
AND `quantity_remaining` > :quantity_remaining:', [...], false)
 2 APPPATH\Controllers\Inventory.php(28): CodeIgniter\Database\BaseBuilder->get()
 3 SYSTEMPATH\CodeIgniter.php(933): App\Controllers\Inventory->index()
 4 SYSTEMPATH\CodeIgniter.php(507): CodeIgniter\CodeIgniter->runController(Object(App\Controllers\Inventory))
 5 SYSTEMPATH\CodeIgniter.php(354): CodeIgniter\CodeIgniter->handleRequest(null, Object(Config\Cache), false)
 6 SYSTEMPATH\Boot.php(363): CodeIgniter\CodeIgniter->run()
 7 SYSTEMPATH\Boot.php(68): CodeIgniter\Boot::runCodeIgniter(Object(CodeIgniter\CodeIgniter))
 8 FCPATH\index.php(59): CodeIgniter\Boot::bootWeb(Object(Config\Paths))
 9 SYSTEMPATH\rewrite.php(44): require_once('C:\\Users\\Richard Miculob\\Documents\\ReliefTrack\\public\\index.php')
CRITICAL - 2026-03-01 08:53:22 --> [Caused by] CodeIgniter\Database\Exceptions\DatabaseException: Unknown column 'DISTINCT' in 'field list'
in SYSTEMPATH\Database\MySQLi\Connection.php on line 332.
 1 SYSTEMPATH\Database\BaseConnection.php(729): CodeIgniter\Database\MySQLi\Connection->execute('SELECT `DISTINCT` `inventory_id`
FROM `inventory_batches`
WHERE `assigned_to` = \'Bonbon\'
AND `assignment_type` = \'barangay\'
AND `quantity_remaining` > 0')
 2 SYSTEMPATH\Database\BaseConnection.php(646): CodeIgniter\Database\BaseConnection->simpleQuery('SELECT `DISTINCT` `inventory_id`
FROM `inventory_batches`
WHERE `assigned_to` = \'Bonbon\'
AND `assignment_type` = \'barangay\'
AND `quantity_remaining` > 0')
 3 SYSTEMPATH\Database\BaseBuilder.php(1649): CodeIgniter\Database\BaseConnection->query('SELECT `DISTINCT` `inventory_id`
FROM `inventory_batches`
WHERE `assigned_to` = :assigned_to:
AND `assignment_type` = :assignment_type:
AND `quantity_remaining` > :quantity_remaining:', [...], false)
 4 APPPATH\Controllers\Inventory.php(28): CodeIgniter\Database\BaseBuilder->get()
 5 SYSTEMPATH\CodeIgniter.php(933): App\Controllers\Inventory->index()
 6 SYSTEMPATH\CodeIgniter.php(507): CodeIgniter\CodeIgniter->runController(Object(App\Controllers\Inventory))
 7 SYSTEMPATH\CodeIgniter.php(354): CodeIgniter\CodeIgniter->handleRequest(null, Object(Config\Cache), false)
 8 SYSTEMPATH\Boot.php(363): CodeIgniter\CodeIgniter->run()
 9 SYSTEMPATH\Boot.php(68): CodeIgniter\Boot::runCodeIgniter(Object(CodeIgniter\CodeIgniter))
10 FCPATH\index.php(59): CodeIgniter\Boot::bootWeb(Object(Config\Paths))
11 SYSTEMPATH\rewrite.php(44): require_once('C:\\Users\\Richard Miculob\\Documents\\ReliefTrack\\public\\index.php')
CRITICAL - 2026-03-01 08:53:22 --> [Caused by] mysqli_sql_exception: Unknown column 'DISTINCT' in 'field list'
in SYSTEMPATH\Database\MySQLi\Connection.php on line 327.
 1 SYSTEMPATH\Database\MySQLi\Connection.php(327): mysqli->query('SELECT `DISTINCT` `inventory_id`
FROM `inventory_batches`
WHERE `assigned_to` = \'Bonbon\'
AND `assignment_type` = \'barangay\'
AND `quantity_remaining` > 0', 0)
 2 SYSTEMPATH\Database\BaseConnection.php(729): CodeIgniter\Database\MySQLi\Connection->execute('SELECT `DISTINCT` `inventory_id`
FROM `inventory_batches`
WHERE `assigned_to` = \'Bonbon\'
AND `assignment_type` = \'barangay\'
AND `quantity_remaining` > 0')
 3 SYSTEMPATH\Database\BaseConnection.php(646): CodeIgniter\Database\BaseConnection->simpleQuery('SELECT `DISTINCT` `inventory_id`
FROM `inventory_batches`
WHERE `assigned_to` = \'Bonbon\'
AND `assignment_type` = \'barangay\'
AND `quantity_remaining` > 0')
 4 SYSTEMPATH\Database\BaseBuilder.php(1649): CodeIgniter\Database\BaseConnection->query('SELECT `DISTINCT` `inventory_id`
FROM `inventory_batches`
WHERE `assigned_to` = :assigned_to:
AND `assignment_type` = :assignment_type:
AND `quantity_remaining` > :quantity_remaining:', [...], false)
 5 APPPATH\Controllers\Inventory.php(28): CodeIgniter\Database\BaseBuilder->get()
 6 SYSTEMPATH\CodeIgniter.php(933): App\Controllers\Inventory->index()
 7 SYSTEMPATH\CodeIgniter.php(507): CodeIgniter\CodeIgniter->runController(Object(App\Controllers\Inventory))
 8 SYSTEMPATH\CodeIgniter.php(354): CodeIgniter\CodeIgniter->handleRequest(null, Object(Config\Cache), false)
 9 SYSTEMPATH\Boot.php(363): CodeIgniter\CodeIgniter->run()
10 SYSTEMPATH\Boot.php(68): CodeIgniter\Boot::runCodeIgniter(Object(CodeIgniter\CodeIgniter))
11 FCPATH\index.php(59): CodeIgniter\Boot::bootWeb(Object(Config\Paths))
12 SYSTEMPATH\rewrite.php(44): require_once('C:\\Users\\Richard Miculob\\Documents\\ReliefTrack\\public\\index.php')
DEBUG - 2026-03-01 08:54:10 --> Session: Class initialized using 'CodeIgniter\Session\Handlers\FileHandler' driver.
WARNING - 2026-03-01 08:54:10 --> [DEPRECATED] Optional parameter $familyMemberId declared before required parameter $distributorId is implicitly treated as a required parameter in APPPATH\Models\InventoryModel.php on line 136.
 1 SYSTEMPATH\Autoloader\Autoloader.php(315): include_once('C:\\Users\\Richard Miculob\\Documents\\ReliefTrack\\system\\Debug\\Exceptions.php')
 2 SYSTEMPATH\Autoloader\Autoloader.php(295): CodeIgniter\Autoloader\Autoloader->includeFile('C:\\Users\\Richard Miculob\\Documents\\ReliefTrack\\app\\Models\\InventoryModel.php')
 3 SYSTEMPATH\Autoloader\Autoloader.php(271): CodeIgniter\Autoloader\Autoloader->loadInNamespace('App\\Models\\InventoryModel')
 4 APPPATH\Controllers\Inventory.php(13): CodeIgniter\Autoloader\Autoloader->loadClass('App\\Models\\InventoryModel')
 5 SYSTEMPATH\CodeIgniter.php(933): App\Controllers\Inventory->index()
 6 SYSTEMPATH\CodeIgniter.php(507): CodeIgniter\CodeIgniter->runController(Object(App\Controllers\Inventory))
 7 SYSTEMPATH\CodeIgniter.php(354): CodeIgniter\CodeIgniter->handleRequest(null, Object(Config\Cache), false)
 8 SYSTEMPATH\Boot.php(363): CodeIgniter\CodeIgniter->run()
 9 SYSTEMPATH\Boot.php(68): CodeIgniter\Boot::runCodeIgniter(Object(CodeIgniter\CodeIgniter))
10 FCPATH\index.php(59): CodeIgniter\Boot::bootWeb(Object(Config\Paths))
11 SYSTEMPATH\rewrite.php(44): require_once('C:\\Users\\Richard Miculob\\Documents\\ReliefTrack\\public\\index.php')
DEBUG - 2026-03-01 08:54:19 --> Session: Class initialized using 'CodeIgniter\Session\Handlers\FileHandler' driver.
DEBUG - 2026-03-01 08:54:19 --> Session: Class initialized using 'CodeIgniter\Session\Handlers\FileHandler' driver.
DEBUG - 2026-03-01 08:54:24 --> Session: Class initialized using 'CodeIgniter\Session\Handlers\FileHandler' driver.
DEBUG - 2026-03-01 08:54:25 --> Session: Class initialized using 'CodeIgniter\Session\Handlers\FileHandler' driver.
WARNING - 2026-03-01 08:54:25 --> [DEPRECATED] Optional parameter $familyMemberId declared before required parameter $distributorId is implicitly treated as a required parameter in APPPATH\Models\InventoryModel.php on line 136.
 1 SYSTEMPATH\Autoloader\Autoloader.php(315): include_once('C:\\Users\\Richard Miculob\\Documents\\ReliefTrack\\system\\Debug\\Exceptions.php')
 2 SYSTEMPATH\Autoloader\Autoloader.php(295): CodeIgniter\Autoloader\Autoloader->includeFile('C:\\Users\\Richard Miculob\\Documents\\ReliefTrack\\app\\Models\\InventoryModel.php')
 3 SYSTEMPATH\Autoloader\Autoloader.php(271): CodeIgniter\Autoloader\Autoloader->loadInNamespace('App\\Models\\InventoryModel')
 4 APPPATH\Controllers\Dashboard.php(22): CodeIgniter\Autoloader\Autoloader->loadClass('App\\Models\\InventoryModel')
 5 SYSTEMPATH\CodeIgniter.php(933): App\Controllers\Dashboard->index()
 6 SYSTEMPATH\CodeIgniter.php(507): CodeIgniter\CodeIgniter->runController(Object(App\Controllers\Dashboard))
 7 SYSTEMPATH\CodeIgniter.php(354): CodeIgniter\CodeIgniter->handleRequest(null, Object(Config\Cache), false)
 8 SYSTEMPATH\Boot.php(363): CodeIgniter\CodeIgniter->run()
 9 SYSTEMPATH\Boot.php(68): CodeIgniter\Boot::runCodeIgniter(Object(CodeIgniter\CodeIgniter))
10 FCPATH\index.php(59): CodeIgniter\Boot::bootWeb(Object(Config\Paths))
11 SYSTEMPATH\rewrite.php(44): require_once('C:\\Users\\Richard Miculob\\Documents\\ReliefTrack\\public\\index.php')
DEBUG - 2026-03-01 08:54:26 --> Session: Class initialized using 'CodeIgniter\Session\Handlers\FileHandler' driver.
WARNING - 2026-03-01 08:54:26 --> [DEPRECATED] Optional parameter $familyMemberId declared before required parameter $distributorId is implicitly treated as a required parameter in APPPATH\Models\InventoryModel.php on line 136.
 1 SYSTEMPATH\Autoloader\Autoloader.php(315): include_once('C:\\Users\\Richard Miculob\\Documents\\ReliefTrack\\system\\Debug\\Exceptions.php')
 2 SYSTEMPATH\Autoloader\Autoloader.php(295): CodeIgniter\Autoloader\Autoloader->includeFile('C:\\Users\\Richard Miculob\\Documents\\ReliefTrack\\app\\Models\\InventoryModel.php')
 3 SYSTEMPATH\Autoloader\Autoloader.php(271): CodeIgniter\Autoloader\Autoloader->loadInNamespace('App\\Models\\InventoryModel')
 4 APPPATH\Controllers\Inventory.php(13): CodeIgniter\Autoloader\Autoloader->loadClass('App\\Models\\InventoryModel')
 5 SYSTEMPATH\CodeIgniter.php(933): App\Controllers\Inventory->index()
 6 SYSTEMPATH\CodeIgniter.php(507): CodeIgniter\CodeIgniter->runController(Object(App\Controllers\Inventory))
 7 SYSTEMPATH\CodeIgniter.php(354): CodeIgniter\CodeIgniter->handleRequest(null, Object(Config\Cache), false)
 8 SYSTEMPATH\Boot.php(363): CodeIgniter\CodeIgniter->run()
 9 SYSTEMPATH\Boot.php(68): CodeIgniter\Boot::runCodeIgniter(Object(CodeIgniter\CodeIgniter))
10 FCPATH\index.php(59): CodeIgniter\Boot::bootWeb(Object(Config\Paths))
11 SYSTEMPATH\rewrite.php(44): require_once('C:\\Users\\Richard Miculob\\Documents\\ReliefTrack\\public\\index.php')
DEBUG - 2026-03-01 09:16:58 --> Session: Class initialized using 'CodeIgniter\Session\Handlers\FileHandler' driver.
WARNING - 2026-03-01 09:16:58 --> [DEPRECATED] Optional parameter $familyMemberId declared before required parameter $distributorId is implicitly treated as a required parameter in APPPATH\Models\InventoryModel.php on line 136.
 1 SYSTEMPATH\Autoloader\Autoloader.php(315): include_once('C:\\Users\\Richard Miculob\\Documents\\ReliefTrack\\system\\Debug\\Exceptions.php')
 2 SYSTEMPATH\Autoloader\Autoloader.php(295): CodeIgniter\Autoloader\Autoloader->includeFile('C:\\Users\\Richard Miculob\\Documents\\ReliefTrack\\app\\Models\\InventoryModel.php')
 3 SYSTEMPATH\Autoloader\Autoloader.php(271): CodeIgniter\Autoloader\Autoloader->loadInNamespace('App\\Models\\InventoryModel')
 4 APPPATH\Controllers\Dashboard.php(22): CodeIgniter\Autoloader\Autoloader->loadClass('App\\Models\\InventoryModel')
 5 SYSTEMPATH\CodeIgniter.php(933): App\Controllers\Dashboard->index()
 6 SYSTEMPATH\CodeIgniter.php(507): CodeIgniter\CodeIgniter->runController(Object(App\Controllers\Dashboard))
 7 SYSTEMPATH\CodeIgniter.php(354): CodeIgniter\CodeIgniter->handleRequest(null, Object(Config\Cache), false)
 8 SYSTEMPATH\Boot.php(363): CodeIgniter\CodeIgniter->run()
 9 SYSTEMPATH\Boot.php(68): CodeIgniter\Boot::runCodeIgniter(Object(CodeIgniter\CodeIgniter))
10 FCPATH\index.php(59): CodeIgniter\Boot::bootWeb(Object(Config\Paths))
11 SYSTEMPATH\rewrite.php(44): require_once('C:\\Users\\Richard Miculob\\Documents\\ReliefTrack\\public\\index.php')
DEBUG - 2026-03-01 09:17:04 --> Session: Class initialized using 'CodeIgniter\Session\Handlers\FileHandler' driver.
DEBUG - 2026-03-01 09:17:05 --> Session: Class initialized using 'CodeIgniter\Session\Handlers\FileHandler' driver.
DEBUG - 2026-03-01 09:17:07 --> Session: Class initialized using 'CodeIgniter\Session\Handlers\FileHandler' driver.
WARNING - 2026-03-01 09:17:07 --> [DEPRECATED] Optional parameter $familyMemberId declared before required parameter $distributorId is implicitly treated as a required parameter in APPPATH\Models\InventoryModel.php on line 136.
 1 SYSTEMPATH\Autoloader\Autoloader.php(315): include_once('C:\\Users\\Richard Miculob\\Documents\\ReliefTrack\\system\\Debug\\Exceptions.php')
 2 SYSTEMPATH\Autoloader\Autoloader.php(295): CodeIgniter\Autoloader\Autoloader->includeFile('C:\\Users\\Richard Miculob\\Documents\\ReliefTrack\\app\\Models\\InventoryModel.php')
 3 SYSTEMPATH\Autoloader\Autoloader.php(271): CodeIgniter\Autoloader\Autoloader->loadInNamespace('App\\Models\\InventoryModel')
 4 APPPATH\Controllers\Inventory.php(13): CodeIgniter\Autoloader\Autoloader->loadClass('App\\Models\\InventoryModel')
 5 SYSTEMPATH\CodeIgniter.php(933): App\Controllers\Inventory->index()
 6 SYSTEMPATH\CodeIgniter.php(507): CodeIgniter\CodeIgniter->runController(Object(App\Controllers\Inventory))
 7 SYSTEMPATH\CodeIgniter.php(354): CodeIgniter\CodeIgniter->handleRequest(null, Object(Config\Cache), false)
 8 SYSTEMPATH\Boot.php(363): CodeIgniter\CodeIgniter->run()
 9 SYSTEMPATH\Boot.php(68): CodeIgniter\Boot::runCodeIgniter(Object(CodeIgniter\CodeIgniter))
10 FCPATH\index.php(59): CodeIgniter\Boot::bootWeb(Object(Config\Paths))
11 SYSTEMPATH\rewrite.php(44): require_once('C:\\Users\\Richard Miculob\\Documents\\ReliefTrack\\public\\index.php')
DEBUG - 2026-03-01 09:17:25 --> Session: Class initialized using 'CodeIgniter\Session\Handlers\FileHandler' driver.
WARNING - 2026-03-01 09:17:25 --> [DEPRECATED] Optional parameter $familyMemberId declared before required parameter $distributorId is implicitly treated as a required parameter in APPPATH\Models\InventoryModel.php on line 136.
 1 SYSTEMPATH\Autoloader\Autoloader.php(315): include_once('C:\\Users\\Richard Miculob\\Documents\\ReliefTrack\\system\\Debug\\Exceptions.php')
 2 SYSTEMPATH\Autoloader\Autoloader.php(295): CodeIgniter\Autoloader\Autoloader->includeFile('C:\\Users\\Richard Miculob\\Documents\\ReliefTrack\\app\\Models\\InventoryModel.php')
 3 SYSTEMPATH\Autoloader\Autoloader.php(271): CodeIgniter\Autoloader\Autoloader->loadInNamespace('App\\Models\\InventoryModel')
 4 APPPATH\Controllers\Inventory.php(283): CodeIgniter\Autoloader\Autoloader->loadClass('App\\Models\\InventoryModel')
 5 SYSTEMPATH\CodeIgniter.php(933): App\Controllers\Inventory->batches('6')
 6 SYSTEMPATH\CodeIgniter.php(507): CodeIgniter\CodeIgniter->runController(Object(App\Controllers\Inventory))
 7 SYSTEMPATH\CodeIgniter.php(354): CodeIgniter\CodeIgniter->handleRequest(null, Object(Config\Cache), false)
 8 SYSTEMPATH\Boot.php(363): CodeIgniter\CodeIgniter->run()
 9 SYSTEMPATH\Boot.php(68): CodeIgniter\Boot::runCodeIgniter(Object(CodeIgniter\CodeIgniter))
10 FCPATH\index.php(59): CodeIgniter\Boot::bootWeb(Object(Config\Paths))
11 SYSTEMPATH\rewrite.php(44): require_once('C:\\Users\\Richard Miculob\\Documents\\ReliefTrack\\public\\index.php')
DEBUG - 2026-03-01 09:17:27 --> Session: Class initialized using 'CodeIgniter\Session\Handlers\FileHandler' driver.
WARNING - 2026-03-01 09:17:27 --> [DEPRECATED] Optional parameter $familyMemberId declared before required parameter $distributorId is implicitly treated as a required parameter in APPPATH\Models\InventoryModel.php on line 136.
 1 SYSTEMPATH\Autoloader\Autoloader.php(315): include_once('C:\\Users\\Richard Miculob\\Documents\\ReliefTrack\\system\\Debug\\Exceptions.php')
 2 SYSTEMPATH\Autoloader\Autoloader.php(295): CodeIgniter\Autoloader\Autoloader->includeFile('C:\\Users\\Richard Miculob\\Documents\\ReliefTrack\\app\\Models\\InventoryModel.php')
 3 SYSTEMPATH\Autoloader\Autoloader.php(271): CodeIgniter\Autoloader\Autoloader->loadInNamespace('App\\Models\\InventoryModel')
 4 APPPATH\Controllers\Inventory.php(234): CodeIgniter\Autoloader\Autoloader->loadClass('App\\Models\\InventoryModel')
 5 SYSTEMPATH\CodeIgniter.php(933): App\Controllers\Inventory->viewBatch('7')
 6 SYSTEMPATH\CodeIgniter.php(507): CodeIgniter\CodeIgniter->runController(Object(App\Controllers\Inventory))
 7 SYSTEMPATH\CodeIgniter.php(354): CodeIgniter\CodeIgniter->handleRequest(null, Object(Config\Cache), false)
 8 SYSTEMPATH\Boot.php(363): CodeIgniter\CodeIgniter->run()
 9 SYSTEMPATH\Boot.php(68): CodeIgniter\Boot::runCodeIgniter(Object(CodeIgniter\CodeIgniter))
10 FCPATH\index.php(59): CodeIgniter\Boot::bootWeb(Object(Config\Paths))
11 SYSTEMPATH\rewrite.php(44): require_once('C:\\Users\\Richard Miculob\\Documents\\ReliefTrack\\public\\index.php')
DEBUG - 2026-03-01 09:17:30 --> Session: Class initialized using 'CodeIgniter\Session\Handlers\FileHandler' driver.
DEBUG - 2026-03-01 09:17:30 --> Session: Class initialized using 'CodeIgniter\Session\Handlers\FileHandler' driver.
DEBUG - 2026-03-01 09:17:31 --> Session: Class initialized using 'CodeIgniter\Session\Handlers\FileHandler' driver.
DEBUG - 2026-03-01 09:17:31 --> Session: Class initialized using 'CodeIgniter\Session\Handlers\FileHandler' driver.
DEBUG - 2026-03-01 09:17:32 --> Session: Class initialized using 'CodeIgniter\Session\Handlers\FileHandler' driver.
DEBUG - 2026-03-01 09:19:29 --> Session: Class initialized using 'CodeIgniter\Session\Handlers\FileHandler' driver.
DEBUG - 2026-03-01 09:19:41 --> Session: Class initialized using 'CodeIgniter\Session\Handlers\FileHandler' driver.
DEBUG - 2026-03-01 09:19:42 --> Session: Class initialized using 'CodeIgniter\Session\Handlers\FileHandler' driver.
DEBUG - 2026-03-01 09:19:42 --> Session: Class initialized using 'CodeIgniter\Session\Handlers\FileHandler' driver.
DEBUG - 2026-03-01 09:19:43 --> Session: Class initialized using 'CodeIgniter\Session\Handlers\FileHandler' driver.
DEBUG - 2026-03-01 09:19:43 --> Session: Class initialized using 'CodeIgniter\Session\Handlers\FileHandler' driver.
DEBUG - 2026-03-01 09:19:52 --> Session: Class initialized using 'CodeIgniter\Session\Handlers\FileHandler' driver.
DEBUG - 2026-03-01 09:19:52 --> Session: Class initialized using 'CodeIgniter\Session\Handlers\FileHandler' driver.
DEBUG - 2026-03-01 09:19:52 --> Session: Class initialized using 'CodeIgniter\Session\Handlers\FileHandler' driver.
DEBUG - 2026-03-01 09:19:59 --> Session: Class initialized using 'CodeIgniter\Session\Handlers\FileHandler' driver.
DEBUG - 2026-03-01 09:19:59 --> Session: Class initialized using 'CodeIgniter\Session\Handlers\FileHandler' driver.
DEBUG - 2026-03-01 09:22:13 --> Session: Class initialized using 'CodeIgniter\Session\Handlers\FileHandler' driver.
DEBUG - 2026-03-01 09:22:13 --> Session: Class initialized using 'CodeIgniter\Session\Handlers\FileHandler' driver.
DEBUG - 2026-03-01 09:22:14 --> Session: Class initialized using 'CodeIgniter\Session\Handlers\FileHandler' driver.
DEBUG - 2026-03-01 09:26:54 --> Session: Class initialized using 'CodeIgniter\Session\Handlers\FileHandler' driver.
DEBUG - 2026-03-01 09:27:04 --> Session: Class initialized using 'CodeIgniter\Session\Handlers\FileHandler' driver.
DEBUG - 2026-03-01 09:27:04 --> Session: Class initialized using 'CodeIgniter\Session\Handlers\FileHandler' driver.
DEBUG - 2026-03-01 09:27:58 --> Session: Class initialized using 'CodeIgniter\Session\Handlers\FileHandler' driver.
DEBUG - 2026-03-01 09:28:00 --> Session: Class initialized using 'CodeIgniter\Session\Handlers\FileHandler' driver.
DEBUG - 2026-03-01 09:28:00 --> Session: Class initialized using 'CodeIgniter\Session\Handlers\FileHandler' driver.
DEBUG - 2026-03-01 09:28:02 --> Session: Class initialized using 'CodeIgniter\Session\Handlers\FileHandler' driver.
WARNING - 2026-03-01 09:28:02 --> [DEPRECATED] Optional parameter $familyMemberId declared before required parameter $distributorId is implicitly treated as a required parameter in APPPATH\Models\InventoryModel.php on line 136.
 1 SYSTEMPATH\Autoloader\Autoloader.php(315): include_once('C:\\Users\\Richard Miculob\\Documents\\ReliefTrack\\system\\Debug\\Exceptions.php')
 2 SYSTEMPATH\Autoloader\Autoloader.php(295): CodeIgniter\Autoloader\Autoloader->includeFile('C:\\Users\\Richard Miculob\\Documents\\ReliefTrack\\app\\Models\\InventoryModel.php')
 3 SYSTEMPATH\Autoloader\Autoloader.php(271): CodeIgniter\Autoloader\Autoloader->loadInNamespace('App\\Models\\InventoryModel')
 4 APPPATH\Controllers\Inventory.php(13): CodeIgniter\Autoloader\Autoloader->loadClass('App\\Models\\InventoryModel')
 5 SYSTEMPATH\CodeIgniter.php(933): App\Controllers\Inventory->index()
 6 SYSTEMPATH\CodeIgniter.php(507): CodeIgniter\CodeIgniter->runController(Object(App\Controllers\Inventory))
 7 SYSTEMPATH\CodeIgniter.php(354): CodeIgniter\CodeIgniter->handleRequest(null, Object(Config\Cache), false)
 8 SYSTEMPATH\Boot.php(363): CodeIgniter\CodeIgniter->run()
 9 SYSTEMPATH\Boot.php(68): CodeIgniter\Boot::runCodeIgniter(Object(CodeIgniter\CodeIgniter))
10 FCPATH\index.php(59): CodeIgniter\Boot::bootWeb(Object(Config\Paths))
11 SYSTEMPATH\rewrite.php(44): require_once('C:\\Users\\Richard Miculob\\Documents\\ReliefTrack\\public\\index.php')
CRITICAL - 2026-03-01 09:28:02 --> ParseError: syntax error, unexpected end of file
[Method: GET, Route: inventory]
in APPPATH\Views\inventory\index.php on line 524.
 1 SYSTEMPATH\View\View.php(229): CodeIgniter\View\View->CodeIgniter\View\{closure}()
 2 SYSTEMPATH\Common.php(1167): CodeIgniter\View\View->render('inventory/index', [], true)
 3 APPPATH\Controllers\Inventory.php(137): view('inventory/index', [...])
 4 SYSTEMPATH\CodeIgniter.php(933): App\Controllers\Inventory->index()
 5 SYSTEMPATH\CodeIgniter.php(507): CodeIgniter\CodeIgniter->runController(Object(App\Controllers\Inventory))
 6 SYSTEMPATH\CodeIgniter.php(354): CodeIgniter\CodeIgniter->handleRequest(null, Object(Config\Cache), false)
 7 SYSTEMPATH\Boot.php(363): CodeIgniter\CodeIgniter->run()
 8 SYSTEMPATH\Boot.php(68): CodeIgniter\Boot::runCodeIgniter(Object(CodeIgniter\CodeIgniter))
 9 FCPATH\index.php(59): CodeIgniter\Boot::bootWeb(Object(Config\Paths))
10 SYSTEMPATH\rewrite.php(44): require_once('C:\\Users\\Richard Miculob\\Documents\\ReliefTrack\\public\\index.php')
DEBUG - 2026-03-01 09:28:28 --> Session: Class initialized using 'CodeIgniter\Session\Handlers\FileHandler' driver.
DEBUG - 2026-03-01 09:28:50 --> Session: Class initialized using 'CodeIgniter\Session\Handlers\FileHandler' driver.
DEBUG - 2026-03-01 09:28:51 --> Session: Class initialized using 'CodeIgniter\Session\Handlers\FileHandler' driver.
WARNING - 2026-03-01 09:28:51 --> [DEPRECATED] Optional parameter $familyMemberId declared before required parameter $distributorId is implicitly treated as a required parameter in APPPATH\Models\InventoryModel.php on line 136.
 1 SYSTEMPATH\Autoloader\Autoloader.php(315): include_once('C:\\Users\\Richard Miculob\\Documents\\ReliefTrack\\system\\Debug\\Exceptions.php')
 2 SYSTEMPATH\Autoloader\Autoloader.php(295): CodeIgniter\Autoloader\Autoloader->includeFile('C:\\Users\\Richard Miculob\\Documents\\ReliefTrack\\app\\Models\\InventoryModel.php')
 3 SYSTEMPATH\Autoloader\Autoloader.php(271): CodeIgniter\Autoloader\Autoloader->loadInNamespace('App\\Models\\InventoryModel')
 4 APPPATH\Controllers\Dashboard.php(22): CodeIgniter\Autoloader\Autoloader->loadClass('App\\Models\\InventoryModel')
 5 SYSTEMPATH\CodeIgniter.php(933): App\Controllers\Dashboard->index()
 6 SYSTEMPATH\CodeIgniter.php(507): CodeIgniter\CodeIgniter->runController(Object(App\Controllers\Dashboard))
 7 SYSTEMPATH\CodeIgniter.php(354): CodeIgniter\CodeIgniter->handleRequest(null, Object(Config\Cache), false)
 8 SYSTEMPATH\Boot.php(363): CodeIgniter\CodeIgniter->run()
 9 SYSTEMPATH\Boot.php(68): CodeIgniter\Boot::runCodeIgniter(Object(CodeIgniter\CodeIgniter))
10 FCPATH\index.php(59): CodeIgniter\Boot::bootWeb(Object(Config\Paths))
11 SYSTEMPATH\rewrite.php(44): require_once('C:\\Users\\Richard Miculob\\Documents\\ReliefTrack\\public\\index.php')
DEBUG - 2026-03-01 09:28:57 --> Session: Class initialized using 'CodeIgniter\Session\Handlers\FileHandler' driver.
WARNING - 2026-03-01 09:28:57 --> [DEPRECATED] Optional parameter $familyMemberId declared before required parameter $distributorId is implicitly treated as a required parameter in APPPATH\Models\InventoryModel.php on line 136.
 1 SYSTEMPATH\Autoloader\Autoloader.php(315): include_once('C:\\Users\\Richard Miculob\\Documents\\ReliefTrack\\system\\Debug\\Exceptions.php')
 2 SYSTEMPATH\Autoloader\Autoloader.php(295): CodeIgniter\Autoloader\Autoloader->includeFile('C:\\Users\\Richard Miculob\\Documents\\ReliefTrack\\app\\Models\\InventoryModel.php')
 3 SYSTEMPATH\Autoloader\Autoloader.php(271): CodeIgniter\Autoloader\Autoloader->loadInNamespace('App\\Models\\InventoryModel')
 4 APPPATH\Controllers\Inventory.php(13): CodeIgniter\Autoloader\Autoloader->loadClass('App\\Models\\InventoryModel')
 5 SYSTEMPATH\CodeIgniter.php(933): App\Controllers\Inventory->index()
 6 SYSTEMPATH\CodeIgniter.php(507): CodeIgniter\CodeIgniter->runController(Object(App\Controllers\Inventory))
 7 SYSTEMPATH\CodeIgniter.php(354): CodeIgniter\CodeIgniter->handleRequest(null, Object(Config\Cache), false)
 8 SYSTEMPATH\Boot.php(363): CodeIgniter\CodeIgniter->run()
 9 SYSTEMPATH\Boot.php(68): CodeIgniter\Boot::runCodeIgniter(Object(CodeIgniter\CodeIgniter))
10 FCPATH\index.php(59): CodeIgniter\Boot::bootWeb(Object(Config\Paths))
11 SYSTEMPATH\rewrite.php(44): require_once('C:\\Users\\Richard Miculob\\Documents\\ReliefTrack\\public\\index.php')
CRITICAL - 2026-03-01 09:28:57 --> ParseError: syntax error, unexpected end of file
[Method: GET, Route: inventory]
in APPPATH\Views\inventory\index.php on line 524.
 1 SYSTEMPATH\View\View.php(229): CodeIgniter\View\View->CodeIgniter\View\{closure}()
 2 SYSTEMPATH\Common.php(1167): CodeIgniter\View\View->render('inventory/index', [], true)
 3 APPPATH\Controllers\Inventory.php(137): view('inventory/index', [...])
 4 SYSTEMPATH\CodeIgniter.php(933): App\Controllers\Inventory->index()
 5 SYSTEMPATH\CodeIgniter.php(507): CodeIgniter\CodeIgniter->runController(Object(App\Controllers\Inventory))
 6 SYSTEMPATH\CodeIgniter.php(354): CodeIgniter\CodeIgniter->handleRequest(null, Object(Config\Cache), false)
 7 SYSTEMPATH\Boot.php(363): CodeIgniter\CodeIgniter->run()
 8 SYSTEMPATH\Boot.php(68): CodeIgniter\Boot::runCodeIgniter(Object(CodeIgniter\CodeIgniter))
 9 FCPATH\index.php(59): CodeIgniter\Boot::bootWeb(Object(Config\Paths))
10 SYSTEMPATH\rewrite.php(44): require_once('C:\\Users\\Richard Miculob\\Documents\\ReliefTrack\\public\\index.php')
DEBUG - 2026-03-01 09:29:12 --> Session: Class initialized using 'CodeIgniter\Session\Handlers\FileHandler' driver.
WARNING - 2026-03-01 09:29:12 --> [DEPRECATED] Optional parameter $familyMemberId declared before required parameter $distributorId is implicitly treated as a required parameter in APPPATH\Models\InventoryModel.php on line 136.
 1 SYSTEMPATH\Autoloader\Autoloader.php(315): include_once('C:\\Users\\Richard Miculob\\Documents\\ReliefTrack\\system\\Debug\\Exceptions.php')
 2 SYSTEMPATH\Autoloader\Autoloader.php(295): CodeIgniter\Autoloader\Autoloader->includeFile('C:\\Users\\Richard Miculob\\Documents\\ReliefTrack\\app\\Models\\InventoryModel.php')
 3 SYSTEMPATH\Autoloader\Autoloader.php(271): CodeIgniter\Autoloader\Autoloader->loadInNamespace('App\\Models\\InventoryModel')
 4 APPPATH\Controllers\Dashboard.php(22): CodeIgniter\Autoloader\Autoloader->loadClass('App\\Models\\InventoryModel')
 5 SYSTEMPATH\CodeIgniter.php(933): App\Controllers\Dashboard->index()
 6 SYSTEMPATH\CodeIgniter.php(507): CodeIgniter\CodeIgniter->runController(Object(App\Controllers\Dashboard))
 7 SYSTEMPATH\CodeIgniter.php(354): CodeIgniter\CodeIgniter->handleRequest(null, Object(Config\Cache), false)
 8 SYSTEMPATH\Boot.php(363): CodeIgniter\CodeIgniter->run()
 9 SYSTEMPATH\Boot.php(68): CodeIgniter\Boot::runCodeIgniter(Object(CodeIgniter\CodeIgniter))
10 FCPATH\index.php(59): CodeIgniter\Boot::bootWeb(Object(Config\Paths))
11 SYSTEMPATH\rewrite.php(44): require_once('C:\\Users\\Richard Miculob\\Documents\\ReliefTrack\\public\\index.php')
DEBUG - 2026-03-01 09:29:13 --> Session: Class initialized using 'CodeIgniter\Session\Handlers\FileHandler' driver.
DEBUG - 2026-03-01 09:29:13 --> Session: Class initialized using 'CodeIgniter\Session\Handlers\FileHandler' driver.
DEBUG - 2026-03-01 09:29:20 --> Session: Class initialized using 'CodeIgniter\Session\Handlers\FileHandler' driver.
DEBUG - 2026-03-01 09:29:21 --> Session: Class initialized using 'CodeIgniter\Session\Handlers\FileHandler' driver.
DEBUG - 2026-03-01 09:29:21 --> Session: Class initialized using 'CodeIgniter\Session\Handlers\FileHandler' driver.
DEBUG - 2026-03-01 09:29:22 --> Session: Class initialized using 'CodeIgniter\Session\Handlers\FileHandler' driver.
DEBUG - 2026-03-01 09:29:23 --> Session: Class initialized using 'CodeIgniter\Session\Handlers\FileHandler' driver.
DEBUG - 2026-03-01 09:29:28 --> Session: Class initialized using 'CodeIgniter\Session\Handlers\FileHandler' driver.
DEBUG - 2026-03-01 09:29:28 --> Session: Class initialized using 'CodeIgniter\Session\Handlers\FileHandler' driver.
DEBUG - 2026-03-01 09:29:29 --> Session: Class initialized using 'CodeIgniter\Session\Handlers\FileHandler' driver.
DEBUG - 2026-03-01 09:29:31 --> Session: Class initialized using 'CodeIgniter\Session\Handlers\FileHandler' driver.
WARNING - 2026-03-01 09:29:31 --> [DEPRECATED] Optional parameter $familyMemberId declared before required parameter $distributorId is implicitly treated as a required parameter in APPPATH\Models\InventoryModel.php on line 136.
 1 SYSTEMPATH\Autoloader\Autoloader.php(315): include_once('C:\\Users\\Richard Miculob\\Documents\\ReliefTrack\\system\\Debug\\Exceptions.php')
 2 SYSTEMPATH\Autoloader\Autoloader.php(295): CodeIgniter\Autoloader\Autoloader->includeFile('C:\\Users\\Richard Miculob\\Documents\\ReliefTrack\\app\\Models\\InventoryModel.php')
 3 SYSTEMPATH\Autoloader\Autoloader.php(271): CodeIgniter\Autoloader\Autoloader->loadInNamespace('App\\Models\\InventoryModel')
 4 APPPATH\Controllers\Inventory.php(13): CodeIgniter\Autoloader\Autoloader->loadClass('App\\Models\\InventoryModel')
 5 SYSTEMPATH\CodeIgniter.php(933): App\Controllers\Inventory->index()
 6 SYSTEMPATH\CodeIgniter.php(507): CodeIgniter\CodeIgniter->runController(Object(App\Controllers\Inventory))
 7 SYSTEMPATH\CodeIgniter.php(354): CodeIgniter\CodeIgniter->handleRequest(null, Object(Config\Cache), false)
 8 SYSTEMPATH\Boot.php(363): CodeIgniter\CodeIgniter->run()
 9 SYSTEMPATH\Boot.php(68): CodeIgniter\Boot::runCodeIgniter(Object(CodeIgniter\CodeIgniter))
10 FCPATH\index.php(59): CodeIgniter\Boot::bootWeb(Object(Config\Paths))
11 SYSTEMPATH\rewrite.php(44): require_once('C:\\Users\\Richard Miculob\\Documents\\ReliefTrack\\public\\index.php')
CRITICAL - 2026-03-01 09:29:31 --> ParseError: syntax error, unexpected end of file
[Method: GET, Route: inventory]
in APPPATH\Views\inventory\index.php on line 524.
 1 SYSTEMPATH\View\View.php(229): CodeIgniter\View\View->CodeIgniter\View\{closure}()
 2 SYSTEMPATH\Common.php(1167): CodeIgniter\View\View->render('inventory/index', [], true)
 3 APPPATH\Controllers\Inventory.php(137): view('inventory/index', [...])
 4 SYSTEMPATH\CodeIgniter.php(933): App\Controllers\Inventory->index()
 5 SYSTEMPATH\CodeIgniter.php(507): CodeIgniter\CodeIgniter->runController(Object(App\Controllers\Inventory))
 6 SYSTEMPATH\CodeIgniter.php(354): CodeIgniter\CodeIgniter->handleRequest(null, Object(Config\Cache), false)
 7 SYSTEMPATH\Boot.php(363): CodeIgniter\CodeIgniter->run()
 8 SYSTEMPATH\Boot.php(68): CodeIgniter\Boot::runCodeIgniter(Object(CodeIgniter\CodeIgniter))
 9 FCPATH\index.php(59): CodeIgniter\Boot::bootWeb(Object(Config\Paths))
10 SYSTEMPATH\rewrite.php(44): require_once('C:\\Users\\Richard Miculob\\Documents\\ReliefTrack\\public\\index.php')
DEBUG - 2026-03-01 09:31:28 --> Session: Class initialized using 'CodeIgniter\Session\Handlers\FileHandler' driver.
WARNING - 2026-03-01 09:31:28 --> [DEPRECATED] Optional parameter $familyMemberId declared before required parameter $distributorId is implicitly treated as a required parameter in APPPATH\Models\InventoryModel.php on line 136.
 1 SYSTEMPATH\Autoloader\Autoloader.php(315): include_once('C:\\Users\\Richard Miculob\\Documents\\ReliefTrack\\system\\Debug\\Exceptions.php')
 2 SYSTEMPATH\Autoloader\Autoloader.php(295): CodeIgniter\Autoloader\Autoloader->includeFile('C:\\Users\\Richard Miculob\\Documents\\ReliefTrack\\app\\Models\\InventoryModel.php')
 3 SYSTEMPATH\Autoloader\Autoloader.php(271): CodeIgniter\Autoloader\Autoloader->loadInNamespace('App\\Models\\InventoryModel')
 4 APPPATH\Controllers\Inventory.php(13): CodeIgniter\Autoloader\Autoloader->loadClass('App\\Models\\InventoryModel')
 5 SYSTEMPATH\CodeIgniter.php(933): App\Controllers\Inventory->index()
 6 SYSTEMPATH\CodeIgniter.php(507): CodeIgniter\CodeIgniter->runController(Object(App\Controllers\Inventory))
 7 SYSTEMPATH\CodeIgniter.php(354): CodeIgniter\CodeIgniter->handleRequest(null, Object(Config\Cache), false)
 8 SYSTEMPATH\Boot.php(363): CodeIgniter\CodeIgniter->run()
 9 SYSTEMPATH\Boot.php(68): CodeIgniter\Boot::runCodeIgniter(Object(CodeIgniter\CodeIgniter))
10 FCPATH\index.php(59): CodeIgniter\Boot::bootWeb(Object(Config\Paths))
11 SYSTEMPATH\rewrite.php(44): require_once('C:\\Users\\Richard Miculob\\Documents\\ReliefTrack\\public\\index.php')
DEBUG - 2026-03-01 09:31:34 --> Session: Class initialized using 'CodeIgniter\Session\Handlers\FileHandler' driver.
DEBUG - 2026-03-01 09:31:35 --> Session: Class initialized using 'CodeIgniter\Session\Handlers\FileHandler' driver.
DEBUG - 2026-03-01 09:31:38 --> Session: Class initialized using 'CodeIgniter\Session\Handlers\FileHandler' driver.
DEBUG - 2026-03-01 09:31:39 --> Session: Class initialized using 'CodeIgniter\Session\Handlers\FileHandler' driver.
WARNING - 2026-03-01 09:31:39 --> [DEPRECATED] Optional parameter $familyMemberId declared before required parameter $distributorId is implicitly treated as a required parameter in APPPATH\Models\InventoryModel.php on line 136.
 1 SYSTEMPATH\Autoloader\Autoloader.php(315): include_once('C:\\Users\\Richard Miculob\\Documents\\ReliefTrack\\system\\Debug\\Exceptions.php')
 2 SYSTEMPATH\Autoloader\Autoloader.php(295): CodeIgniter\Autoloader\Autoloader->includeFile('C:\\Users\\Richard Miculob\\Documents\\ReliefTrack\\app\\Models\\InventoryModel.php')
 3 SYSTEMPATH\Autoloader\Autoloader.php(271): CodeIgniter\Autoloader\Autoloader->loadInNamespace('App\\Models\\InventoryModel')
 4 APPPATH\Controllers\Dashboard.php(22): CodeIgniter\Autoloader\Autoloader->loadClass('App\\Models\\InventoryModel')
 5 SYSTEMPATH\CodeIgniter.php(933): App\Controllers\Dashboard->index()
 6 SYSTEMPATH\CodeIgniter.php(507): CodeIgniter\CodeIgniter->runController(Object(App\Controllers\Dashboard))
 7 SYSTEMPATH\CodeIgniter.php(354): CodeIgniter\CodeIgniter->handleRequest(null, Object(Config\Cache), false)
 8 SYSTEMPATH\Boot.php(363): CodeIgniter\CodeIgniter->run()
 9 SYSTEMPATH\Boot.php(68): CodeIgniter\Boot::runCodeIgniter(Object(CodeIgniter\CodeIgniter))
10 FCPATH\index.php(59): CodeIgniter\Boot::bootWeb(Object(Config\Paths))
11 SYSTEMPATH\rewrite.php(44): require_once('C:\\Users\\Richard Miculob\\Documents\\ReliefTrack\\public\\index.php')
DEBUG - 2026-03-01 09:31:43 --> Session: Class initialized using 'CodeIgniter\Session\Handlers\FileHandler' driver.
WARNING - 2026-03-01 09:31:43 --> [DEPRECATED] Optional parameter $familyMemberId declared before required parameter $distributorId is implicitly treated as a required parameter in APPPATH\Models\InventoryModel.php on line 136.
 1 SYSTEMPATH\Autoloader\Autoloader.php(315): include_once('C:\\Users\\Richard Miculob\\Documents\\ReliefTrack\\system\\Debug\\Exceptions.php')
 2 SYSTEMPATH\Autoloader\Autoloader.php(295): CodeIgniter\Autoloader\Autoloader->includeFile('C:\\Users\\Richard Miculob\\Documents\\ReliefTrack\\app\\Models\\InventoryModel.php')
 3 SYSTEMPATH\Autoloader\Autoloader.php(271): CodeIgniter\Autoloader\Autoloader->loadInNamespace('App\\Models\\InventoryModel')
 4 APPPATH\Controllers\Inventory.php(13): CodeIgniter\Autoloader\Autoloader->loadClass('App\\Models\\InventoryModel')
 5 SYSTEMPATH\CodeIgniter.php(933): App\Controllers\Inventory->index()
 6 SYSTEMPATH\CodeIgniter.php(507): CodeIgniter\CodeIgniter->runController(Object(App\Controllers\Inventory))
 7 SYSTEMPATH\CodeIgniter.php(354): CodeIgniter\CodeIgniter->handleRequest(null, Object(Config\Cache), false)
 8 SYSTEMPATH\Boot.php(363): CodeIgniter\CodeIgniter->run()
 9 SYSTEMPATH\Boot.php(68): CodeIgniter\Boot::runCodeIgniter(Object(CodeIgniter\CodeIgniter))
10 FCPATH\index.php(59): CodeIgniter\Boot::bootWeb(Object(Config\Paths))
11 SYSTEMPATH\rewrite.php(44): require_once('C:\\Users\\Richard Miculob\\Documents\\ReliefTrack\\public\\index.php')
DEBUG - 2026-03-01 09:31:50 --> Session: Class initialized using 'CodeIgniter\Session\Handlers\FileHandler' driver.
DEBUG - 2026-03-01 09:31:50 --> Session: Class initialized using 'CodeIgniter\Session\Handlers\FileHandler' driver.
DEBUG - 2026-03-01 09:31:54 --> Session: Class initialized using 'CodeIgniter\Session\Handlers\FileHandler' driver.
DEBUG - 2026-03-01 09:31:54 --> Session: Class initialized using 'CodeIgniter\Session\Handlers\FileHandler' driver.
DEBUG - 2026-03-01 09:31:55 --> Session: Class initialized using 'CodeIgniter\Session\Handlers\FileHandler' driver.
DEBUG - 2026-03-01 09:31:55 --> Session: Class initialized using 'CodeIgniter\Session\Handlers\FileHandler' driver.
DEBUG - 2026-03-01 09:31:55 --> Session: Class initialized using 'CodeIgniter\Session\Handlers\FileHandler' driver.
DEBUG - 2026-03-01 09:31:56 --> Session: Class initialized using 'CodeIgniter\Session\Handlers\FileHandler' driver.
WARNING - 2026-03-01 09:31:56 --> [DEPRECATED] Optional parameter $familyMemberId declared before required parameter $distributorId is implicitly treated as a required parameter in APPPATH\Models\InventoryModel.php on line 136.
 1 SYSTEMPATH\Autoloader\Autoloader.php(315): include_once('C:\\Users\\Richard Miculob\\Documents\\ReliefTrack\\system\\Debug\\Exceptions.php')
 2 SYSTEMPATH\Autoloader\Autoloader.php(295): CodeIgniter\Autoloader\Autoloader->includeFile('C:\\Users\\Richard Miculob\\Documents\\ReliefTrack\\app\\Models\\InventoryModel.php')
 3 SYSTEMPATH\Autoloader\Autoloader.php(271): CodeIgniter\Autoloader\Autoloader->loadInNamespace('App\\Models\\InventoryModel')
 4 APPPATH\Controllers\Inventory.php(13): CodeIgniter\Autoloader\Autoloader->loadClass('App\\Models\\InventoryModel')
 5 SYSTEMPATH\CodeIgniter.php(933): App\Controllers\Inventory->index()
 6 SYSTEMPATH\CodeIgniter.php(507): CodeIgniter\CodeIgniter->runController(Object(App\Controllers\Inventory))
 7 SYSTEMPATH\CodeIgniter.php(354): CodeIgniter\CodeIgniter->handleRequest(null, Object(Config\Cache), false)
 8 SYSTEMPATH\Boot.php(363): CodeIgniter\CodeIgniter->run()
 9 SYSTEMPATH\Boot.php(68): CodeIgniter\Boot::runCodeIgniter(Object(CodeIgniter\CodeIgniter))
10 FCPATH\index.php(59): CodeIgniter\Boot::bootWeb(Object(Config\Paths))
11 SYSTEMPATH\rewrite.php(44): require_once('C:\\Users\\Richard Miculob\\Documents\\ReliefTrack\\public\\index.php')
DEBUG - 2026-03-01 09:32:04 --> Session: Class initialized using 'CodeIgniter\Session\Handlers\FileHandler' driver.
WARNING - 2026-03-01 09:32:04 --> [DEPRECATED] Optional parameter $familyMemberId declared before required parameter $distributorId is implicitly treated as a required parameter in APPPATH\Models\InventoryModel.php on line 136.
 1 SYSTEMPATH\Autoloader\Autoloader.php(315): include_once('C:\\Users\\Richard Miculob\\Documents\\ReliefTrack\\system\\Debug\\Exceptions.php')
 2 SYSTEMPATH\Autoloader\Autoloader.php(295): CodeIgniter\Autoloader\Autoloader->includeFile('C:\\Users\\Richard Miculob\\Documents\\ReliefTrack\\app\\Models\\InventoryModel.php')
 3 SYSTEMPATH\Autoloader\Autoloader.php(271): CodeIgniter\Autoloader\Autoloader->loadInNamespace('App\\Models\\InventoryModel')
 4 APPPATH\Controllers\Inventory.php(287): CodeIgniter\Autoloader\Autoloader->loadClass('App\\Models\\InventoryModel')
 5 SYSTEMPATH\CodeIgniter.php(933): App\Controllers\Inventory->batches('6')
 6 SYSTEMPATH\CodeIgniter.php(507): CodeIgniter\CodeIgniter->runController(Object(App\Controllers\Inventory))
 7 SYSTEMPATH\CodeIgniter.php(354): CodeIgniter\CodeIgniter->handleRequest(null, Object(Config\Cache), false)
 8 SYSTEMPATH\Boot.php(363): CodeIgniter\CodeIgniter->run()
 9 SYSTEMPATH\Boot.php(68): CodeIgniter\Boot::runCodeIgniter(Object(CodeIgniter\CodeIgniter))
10 FCPATH\index.php(59): CodeIgniter\Boot::bootWeb(Object(Config\Paths))
11 SYSTEMPATH\rewrite.php(44): require_once('C:\\Users\\Richard Miculob\\Documents\\ReliefTrack\\public\\index.php')
DEBUG - 2026-03-01 09:32:12 --> Session: Class initialized using 'CodeIgniter\Session\Handlers\FileHandler' driver.
WARNING - 2026-03-01 09:32:12 --> [DEPRECATED] Optional parameter $familyMemberId declared before required parameter $distributorId is implicitly treated as a required parameter in APPPATH\Models\InventoryModel.php on line 136.
 1 SYSTEMPATH\Autoloader\Autoloader.php(315): include_once('C:\\Users\\Richard Miculob\\Documents\\ReliefTrack\\system\\Debug\\Exceptions.php')
 2 SYSTEMPATH\Autoloader\Autoloader.php(295): CodeIgniter\Autoloader\Autoloader->includeFile('C:\\Users\\Richard Miculob\\Documents\\ReliefTrack\\app\\Models\\InventoryModel.php')
 3 SYSTEMPATH\Autoloader\Autoloader.php(271): CodeIgniter\Autoloader\Autoloader->loadInNamespace('App\\Models\\InventoryModel')
 4 APPPATH\Controllers\Inventory.php(238): CodeIgniter\Autoloader\Autoloader->loadClass('App\\Models\\InventoryModel')
 5 SYSTEMPATH\CodeIgniter.php(933): App\Controllers\Inventory->viewBatch('7')
 6 SYSTEMPATH\CodeIgniter.php(507): CodeIgniter\CodeIgniter->runController(Object(App\Controllers\Inventory))
 7 SYSTEMPATH\CodeIgniter.php(354): CodeIgniter\CodeIgniter->handleRequest(null, Object(Config\Cache), false)
 8 SYSTEMPATH\Boot.php(363): CodeIgniter\CodeIgniter->run()
 9 SYSTEMPATH\Boot.php(68): CodeIgniter\Boot::runCodeIgniter(Object(CodeIgniter\CodeIgniter))
10 FCPATH\index.php(59): CodeIgniter\Boot::bootWeb(Object(Config\Paths))
11 SYSTEMPATH\rewrite.php(44): require_once('C:\\Users\\Richard Miculob\\Documents\\ReliefTrack\\public\\index.php')
DEBUG - 2026-03-01 09:33:38 --> Session: Class initialized using 'CodeIgniter\Session\Handlers\FileHandler' driver.
WARNING - 2026-03-01 09:33:38 --> [DEPRECATED] Optional parameter $familyMemberId declared before required parameter $distributorId is implicitly treated as a required parameter in APPPATH\Models\InventoryModel.php on line 136.
 1 SYSTEMPATH\Autoloader\Autoloader.php(315): include_once('C:\\Users\\Richard Miculob\\Documents\\ReliefTrack\\system\\Debug\\Exceptions.php')
 2 SYSTEMPATH\Autoloader\Autoloader.php(295): CodeIgniter\Autoloader\Autoloader->includeFile('C:\\Users\\Richard Miculob\\Documents\\ReliefTrack\\app\\Models\\InventoryModel.php')
 3 SYSTEMPATH\Autoloader\Autoloader.php(271): CodeIgniter\Autoloader\Autoloader->loadInNamespace('App\\Models\\InventoryModel')
 4 APPPATH\Controllers\Inventory.php(13): CodeIgniter\Autoloader\Autoloader->loadClass('App\\Models\\InventoryModel')
 5 SYSTEMPATH\CodeIgniter.php(933): App\Controllers\Inventory->index()
 6 SYSTEMPATH\CodeIgniter.php(507): CodeIgniter\CodeIgniter->runController(Object(App\Controllers\Inventory))
 7 SYSTEMPATH\CodeIgniter.php(354): CodeIgniter\CodeIgniter->handleRequest(null, Object(Config\Cache), false)
 8 SYSTEMPATH\Boot.php(363): CodeIgniter\CodeIgniter->run()
 9 SYSTEMPATH\Boot.php(68): CodeIgniter\Boot::runCodeIgniter(Object(CodeIgniter\CodeIgniter))
10 FCPATH\index.php(59): CodeIgniter\Boot::bootWeb(Object(Config\Paths))
11 SYSTEMPATH\rewrite.php(44): require_once('C:\\Users\\Richard Miculob\\Documents\\ReliefTrack\\public\\index.php')
DEBUG - 2026-03-01 09:33:43 --> Session: Class initialized using 'CodeIgniter\Session\Handlers\FileHandler' driver.
DEBUG - 2026-03-01 09:33:43 --> Session: Class initialized using 'CodeIgniter\Session\Handlers\FileHandler' driver.
DEBUG - 2026-03-01 09:33:48 --> Session: Class initialized using 'CodeIgniter\Session\Handlers\FileHandler' driver.
DEBUG - 2026-03-01 09:33:48 --> Session: Class initialized using 'CodeIgniter\Session\Handlers\FileHandler' driver.
WARNING - 2026-03-01 09:33:48 --> [DEPRECATED] Optional parameter $familyMemberId declared before required parameter $distributorId is implicitly treated as a required parameter in APPPATH\Models\InventoryModel.php on line 136.
 1 SYSTEMPATH\Autoloader\Autoloader.php(315): include_once('C:\\Users\\Richard Miculob\\Documents\\ReliefTrack\\system\\Debug\\Exceptions.php')
 2 SYSTEMPATH\Autoloader\Autoloader.php(295): CodeIgniter\Autoloader\Autoloader->includeFile('C:\\Users\\Richard Miculob\\Documents\\ReliefTrack\\app\\Models\\InventoryModel.php')
 3 SYSTEMPATH\Autoloader\Autoloader.php(271): CodeIgniter\Autoloader\Autoloader->loadInNamespace('App\\Models\\InventoryModel')
 4 APPPATH\Controllers\Dashboard.php(22): CodeIgniter\Autoloader\Autoloader->loadClass('App\\Models\\InventoryModel')
 5 SYSTEMPATH\CodeIgniter.php(933): App\Controllers\Dashboard->index()
 6 SYSTEMPATH\CodeIgniter.php(507): CodeIgniter\CodeIgniter->runController(Object(App\Controllers\Dashboard))
 7 SYSTEMPATH\CodeIgniter.php(354): CodeIgniter\CodeIgniter->handleRequest(null, Object(Config\Cache), false)
 8 SYSTEMPATH\Boot.php(363): CodeIgniter\CodeIgniter->run()
 9 SYSTEMPATH\Boot.php(68): CodeIgniter\Boot::runCodeIgniter(Object(CodeIgniter\CodeIgniter))
10 FCPATH\index.php(59): CodeIgniter\Boot::bootWeb(Object(Config\Paths))
11 SYSTEMPATH\rewrite.php(44): require_once('C:\\Users\\Richard Miculob\\Documents\\ReliefTrack\\public\\index.php')
DEBUG - 2026-03-01 09:33:51 --> Session: Class initialized using 'CodeIgniter\Session\Handlers\FileHandler' driver.
WARNING - 2026-03-01 09:33:51 --> [DEPRECATED] Optional parameter $familyMemberId declared before required parameter $distributorId is implicitly treated as a required parameter in APPPATH\Models\InventoryModel.php on line 136.
 1 SYSTEMPATH\Autoloader\Autoloader.php(315): include_once('C:\\Users\\Richard Miculob\\Documents\\ReliefTrack\\system\\Debug\\Exceptions.php')
 2 SYSTEMPATH\Autoloader\Autoloader.php(295): CodeIgniter\Autoloader\Autoloader->includeFile('C:\\Users\\Richard Miculob\\Documents\\ReliefTrack\\app\\Models\\InventoryModel.php')
 3 SYSTEMPATH\Autoloader\Autoloader.php(271): CodeIgniter\Autoloader\Autoloader->loadInNamespace('App\\Models\\InventoryModel')
 4 APPPATH\Controllers\Inventory.php(13): CodeIgniter\Autoloader\Autoloader->loadClass('App\\Models\\InventoryModel')
 5 SYSTEMPATH\CodeIgniter.php(933): App\Controllers\Inventory->index()
 6 SYSTEMPATH\CodeIgniter.php(507): CodeIgniter\CodeIgniter->runController(Object(App\Controllers\Inventory))
 7 SYSTEMPATH\CodeIgniter.php(354): CodeIgniter\CodeIgniter->handleRequest(null, Object(Config\Cache), false)
 8 SYSTEMPATH\Boot.php(363): CodeIgniter\CodeIgniter->run()
 9 SYSTEMPATH\Boot.php(68): CodeIgniter\Boot::runCodeIgniter(Object(CodeIgniter\CodeIgniter))
10 FCPATH\index.php(59): CodeIgniter\Boot::bootWeb(Object(Config\Paths))
11 SYSTEMPATH\rewrite.php(44): require_once('C:\\Users\\Richard Miculob\\Documents\\ReliefTrack\\public\\index.php')
DEBUG - 2026-03-01 09:33:58 --> Session: Class initialized using 'CodeIgniter\Session\Handlers\FileHandler' driver.
WARNING - 2026-03-01 09:33:58 --> [DEPRECATED] Optional parameter $familyMemberId declared before required parameter $distributorId is implicitly treated as a required parameter in APPPATH\Models\InventoryModel.php on line 136.
 1 SYSTEMPATH\Autoloader\Autoloader.php(315): include_once('C:\\Users\\Richard Miculob\\Documents\\ReliefTrack\\system\\Debug\\Exceptions.php')
 2 SYSTEMPATH\Autoloader\Autoloader.php(295): CodeIgniter\Autoloader\Autoloader->includeFile('C:\\Users\\Richard Miculob\\Documents\\ReliefTrack\\app\\Models\\InventoryModel.php')
 3 SYSTEMPATH\Autoloader\Autoloader.php(271): CodeIgniter\Autoloader\Autoloader->loadInNamespace('App\\Models\\InventoryModel')
 4 APPPATH\Controllers\Inventory.php(238): CodeIgniter\Autoloader\Autoloader->loadClass('App\\Models\\InventoryModel')
 5 SYSTEMPATH\CodeIgniter.php(933): App\Controllers\Inventory->viewBatch('7')
 6 SYSTEMPATH\CodeIgniter.php(507): CodeIgniter\CodeIgniter->runController(Object(App\Controllers\Inventory))
 7 SYSTEMPATH\CodeIgniter.php(354): CodeIgniter\CodeIgniter->handleRequest(null, Object(Config\Cache), false)
 8 SYSTEMPATH\Boot.php(363): CodeIgniter\CodeIgniter->run()
 9 SYSTEMPATH\Boot.php(68): CodeIgniter\Boot::runCodeIgniter(Object(CodeIgniter\CodeIgniter))
10 FCPATH\index.php(59): CodeIgniter\Boot::bootWeb(Object(Config\Paths))
11 SYSTEMPATH\rewrite.php(44): require_once('C:\\Users\\Richard Miculob\\Documents\\ReliefTrack\\public\\index.php')
DEBUG - 2026-03-01 09:49:03 --> Session: Class initialized using 'CodeIgniter\Session\Handlers\FileHandler' driver.
WARNING - 2026-03-01 09:49:03 --> [DEPRECATED] Optional parameter $familyMemberId declared before required parameter $distributorId is implicitly treated as a required parameter in APPPATH\Models\InventoryModel.php on line 137.
 1 SYSTEMPATH\Autoloader\Autoloader.php(315): include_once('C:\\Users\\Richard Miculob\\Documents\\ReliefTrack\\system\\Debug\\Exceptions.php')
 2 SYSTEMPATH\Autoloader\Autoloader.php(295): CodeIgniter\Autoloader\Autoloader->includeFile('C:\\Users\\Richard Miculob\\Documents\\ReliefTrack\\app\\Models\\InventoryModel.php')
 3 SYSTEMPATH\Autoloader\Autoloader.php(271): CodeIgniter\Autoloader\Autoloader->loadInNamespace('App\\Models\\InventoryModel')
 4 APPPATH\Controllers\Inventory.php(13): CodeIgniter\Autoloader\Autoloader->loadClass('App\\Models\\InventoryModel')
 5 SYSTEMPATH\CodeIgniter.php(933): App\Controllers\Inventory->index()
 6 SYSTEMPATH\CodeIgniter.php(507): CodeIgniter\CodeIgniter->runController(Object(App\Controllers\Inventory))
 7 SYSTEMPATH\CodeIgniter.php(354): CodeIgniter\CodeIgniter->handleRequest(null, Object(Config\Cache), false)
 8 SYSTEMPATH\Boot.php(363): CodeIgniter\CodeIgniter->run()
 9 SYSTEMPATH\Boot.php(68): CodeIgniter\Boot::runCodeIgniter(Object(CodeIgniter\CodeIgniter))
10 FCPATH\index.php(59): CodeIgniter\Boot::bootWeb(Object(Config\Paths))
11 SYSTEMPATH\rewrite.php(44): require_once('C:\\Users\\Richard Miculob\\Documents\\ReliefTrack\\public\\index.php')
DEBUG - 2026-03-01 09:49:13 --> Session: Class initialized using 'CodeIgniter\Session\Handlers\FileHandler' driver.
WARNING - 2026-03-01 09:49:13 --> [DEPRECATED] Optional parameter $familyMemberId declared before required parameter $distributorId is implicitly treated as a required parameter in APPPATH\Models\InventoryModel.php on line 137.
 1 SYSTEMPATH\Autoloader\Autoloader.php(315): include_once('C:\\Users\\Richard Miculob\\Documents\\ReliefTrack\\system\\Debug\\Exceptions.php')
 2 SYSTEMPATH\Autoloader\Autoloader.php(295): CodeIgniter\Autoloader\Autoloader->includeFile('C:\\Users\\Richard Miculob\\Documents\\ReliefTrack\\app\\Models\\InventoryModel.php')
 3 SYSTEMPATH\Autoloader\Autoloader.php(271): CodeIgniter\Autoloader\Autoloader->loadInNamespace('App\\Models\\InventoryModel')
 4 APPPATH\Controllers\Inventory.php(337): CodeIgniter\Autoloader\Autoloader->loadClass('App\\Models\\InventoryModel')
 5 SYSTEMPATH\CodeIgniter.php(933): App\Controllers\Inventory->delete('6')
 6 SYSTEMPATH\CodeIgniter.php(507): CodeIgniter\CodeIgniter->runController(Object(App\Controllers\Inventory))
 7 SYSTEMPATH\CodeIgniter.php(354): CodeIgniter\CodeIgniter->handleRequest(null, Object(Config\Cache), false)
 8 SYSTEMPATH\Boot.php(363): CodeIgniter\CodeIgniter->run()
 9 SYSTEMPATH\Boot.php(68): CodeIgniter\Boot::runCodeIgniter(Object(CodeIgniter\CodeIgniter))
10 FCPATH\index.php(59): CodeIgniter\Boot::bootWeb(Object(Config\Paths))
11 SYSTEMPATH\rewrite.php(44): require_once('C:\\Users\\Richard Miculob\\Documents\\ReliefTrack\\public\\index.php')
DEBUG - 2026-03-01 09:49:13 --> Session: Class initialized using 'CodeIgniter\Session\Handlers\FileHandler' driver.
WARNING - 2026-03-01 09:49:13 --> [DEPRECATED] Optional parameter $familyMemberId declared before required parameter $distributorId is implicitly treated as a required parameter in APPPATH\Models\InventoryModel.php on line 137.
 1 SYSTEMPATH\Autoloader\Autoloader.php(315): include_once('C:\\Users\\Richard Miculob\\Documents\\ReliefTrack\\system\\Debug\\Exceptions.php')
 2 SYSTEMPATH\Autoloader\Autoloader.php(295): CodeIgniter\Autoloader\Autoloader->includeFile('C:\\Users\\Richard Miculob\\Documents\\ReliefTrack\\app\\Models\\InventoryModel.php')
 3 SYSTEMPATH\Autoloader\Autoloader.php(271): CodeIgniter\Autoloader\Autoloader->loadInNamespace('App\\Models\\InventoryModel')
 4 APPPATH\Controllers\Inventory.php(13): CodeIgniter\Autoloader\Autoloader->loadClass('App\\Models\\InventoryModel')
 5 SYSTEMPATH\CodeIgniter.php(933): App\Controllers\Inventory->index()
 6 SYSTEMPATH\CodeIgniter.php(507): CodeIgniter\CodeIgniter->runController(Object(App\Controllers\Inventory))
 7 SYSTEMPATH\CodeIgniter.php(354): CodeIgniter\CodeIgniter->handleRequest(null, Object(Config\Cache), false)
 8 SYSTEMPATH\Boot.php(363): CodeIgniter\CodeIgniter->run()
 9 SYSTEMPATH\Boot.php(68): CodeIgniter\Boot::runCodeIgniter(Object(CodeIgniter\CodeIgniter))
10 FCPATH\index.php(59): CodeIgniter\Boot::bootWeb(Object(Config\Paths))
11 SYSTEMPATH\rewrite.php(44): require_once('C:\\Users\\Richard Miculob\\Documents\\ReliefTrack\\public\\index.php')
DEBUG - 2026-03-01 09:49:15 --> Session: Class initialized using 'CodeIgniter\Session\Handlers\FileHandler' driver.
DEBUG - 2026-03-01 09:49:30 --> Session: Class initialized using 'CodeIgniter\Session\Handlers\FileHandler' driver.
WARNING - 2026-03-01 09:49:30 --> [DEPRECATED] Optional parameter $familyMemberId declared before required parameter $distributorId is implicitly treated as a required parameter in APPPATH\Models\InventoryModel.php on line 137.
 1 SYSTEMPATH\Autoloader\Autoloader.php(315): include_once('C:\\Users\\Richard Miculob\\Documents\\ReliefTrack\\system\\Debug\\Exceptions.php')
 2 SYSTEMPATH\Autoloader\Autoloader.php(295): CodeIgniter\Autoloader\Autoloader->includeFile('C:\\Users\\Richard Miculob\\Documents\\ReliefTrack\\app\\Models\\InventoryModel.php')
 3 SYSTEMPATH\Autoloader\Autoloader.php(271): CodeIgniter\Autoloader\Autoloader->loadInNamespace('App\\Models\\InventoryModel')
 4 APPPATH\Controllers\Inventory.php(191): CodeIgniter\Autoloader\Autoloader->loadClass('App\\Models\\InventoryModel')
 5 SYSTEMPATH\CodeIgniter.php(933): App\Controllers\Inventory->saveItemWithBatch()
 6 SYSTEMPATH\CodeIgniter.php(507): CodeIgniter\CodeIgniter->runController(Object(App\Controllers\Inventory))
 7 SYSTEMPATH\CodeIgniter.php(354): CodeIgniter\CodeIgniter->handleRequest(null, Object(Config\Cache), false)
 8 SYSTEMPATH\Boot.php(363): CodeIgniter\CodeIgniter->run()
 9 SYSTEMPATH\Boot.php(68): CodeIgniter\Boot::runCodeIgniter(Object(CodeIgniter\CodeIgniter))
10 FCPATH\index.php(59): CodeIgniter\Boot::bootWeb(Object(Config\Paths))
11 SYSTEMPATH\rewrite.php(44): require_once('C:\\Users\\Richard Miculob\\Documents\\ReliefTrack\\public\\index.php')
CRITICAL - 2026-03-01 09:49:30 --> ErrorException: Undefined array key "qr_code_token"
[Method: POST, Route: inventory/saveItemWithBatch]
in APPPATH\Models\InventoryBatchModel.php on line 62.
 1 APPPATH\Models\InventoryBatchModel.php(62): CodeIgniter\Debug\Exceptions->errorHandler(2, 'Undefined array key "qr_code_token"', 'C:\\Users\\Richard Miculob\\Documents\\ReliefTrack\\app\\Models\\InventoryBatchModel.php', 62)
 2 APPPATH\Models\InventoryModel.php(87): App\Models\InventoryBatchModel->generateQRData([...])
 3 APPPATH\Controllers\Inventory.php(220): App\Models\InventoryModel->addWithBatch([...], [...])
 4 SYSTEMPATH\CodeIgniter.php(933): App\Controllers\Inventory->saveItemWithBatch()
 5 SYSTEMPATH\CodeIgniter.php(507): CodeIgniter\CodeIgniter->runController(Object(App\Controllers\Inventory))
 6 SYSTEMPATH\CodeIgniter.php(354): CodeIgniter\CodeIgniter->handleRequest(null, Object(Config\Cache), false)
 7 SYSTEMPATH\Boot.php(363): CodeIgniter\CodeIgniter->run()
 8 SYSTEMPATH\Boot.php(68): CodeIgniter\Boot::runCodeIgniter(Object(CodeIgniter\CodeIgniter))
 9 FCPATH\index.php(59): CodeIgniter\Boot::bootWeb(Object(Config\Paths))
10 SYSTEMPATH\rewrite.php(44): require_once('C:\\Users\\Richard Miculob\\Documents\\ReliefTrack\\public\\index.php')
DEBUG - 2026-03-01 09:49:50 --> Session: Class initialized using 'CodeIgniter\Session\Handlers\FileHandler' driver.
WARNING - 2026-03-01 09:49:50 --> [DEPRECATED] Optional parameter $familyMemberId declared before required parameter $distributorId is implicitly treated as a required parameter in APPPATH\Models\InventoryModel.php on line 137.
 1 SYSTEMPATH\Autoloader\Autoloader.php(315): include_once('C:\\Users\\Richard Miculob\\Documents\\ReliefTrack\\system\\Debug\\Exceptions.php')
 2 SYSTEMPATH\Autoloader\Autoloader.php(295): CodeIgniter\Autoloader\Autoloader->includeFile('C:\\Users\\Richard Miculob\\Documents\\ReliefTrack\\app\\Models\\InventoryModel.php')
 3 SYSTEMPATH\Autoloader\Autoloader.php(271): CodeIgniter\Autoloader\Autoloader->loadInNamespace('App\\Models\\InventoryModel')
 4 APPPATH\Controllers\Inventory.php(191): CodeIgniter\Autoloader\Autoloader->loadClass('App\\Models\\InventoryModel')
 5 SYSTEMPATH\CodeIgniter.php(933): App\Controllers\Inventory->saveItemWithBatch()
 6 SYSTEMPATH\CodeIgniter.php(507): CodeIgniter\CodeIgniter->runController(Object(App\Controllers\Inventory))
 7 SYSTEMPATH\CodeIgniter.php(354): CodeIgniter\CodeIgniter->handleRequest(null, Object(Config\Cache), false)
 8 SYSTEMPATH\Boot.php(363): CodeIgniter\CodeIgniter->run()
 9 SYSTEMPATH\Boot.php(68): CodeIgniter\Boot::runCodeIgniter(Object(CodeIgniter\CodeIgniter))
10 FCPATH\index.php(59): CodeIgniter\Boot::bootWeb(Object(Config\Paths))
11 SYSTEMPATH\rewrite.php(44): require_once('C:\\Users\\Richard Miculob\\Documents\\ReliefTrack\\public\\index.php')
CRITICAL - 2026-03-01 09:49:50 --> ErrorException: Undefined array key "qr_code_token"
[Method: POST, Route: inventory/saveItemWithBatch]
in APPPATH\Models\InventoryBatchModel.php on line 62.
 1 APPPATH\Models\InventoryBatchModel.php(62): CodeIgniter\Debug\Exceptions->errorHandler(2, 'Undefined array key "qr_code_token"', 'C:\\Users\\Richard Miculob\\Documents\\ReliefTrack\\app\\Models\\InventoryBatchModel.php', 62)
 2 APPPATH\Models\InventoryModel.php(87): App\Models\InventoryBatchModel->generateQRData([...])
 3 APPPATH\Controllers\Inventory.php(220): App\Models\InventoryModel->addWithBatch([...], [...])
 4 SYSTEMPATH\CodeIgniter.php(933): App\Controllers\Inventory->saveItemWithBatch()
 5 SYSTEMPATH\CodeIgniter.php(507): CodeIgniter\CodeIgniter->runController(Object(App\Controllers\Inventory))
 6 SYSTEMPATH\CodeIgniter.php(354): CodeIgniter\CodeIgniter->handleRequest(null, Object(Config\Cache), false)
 7 SYSTEMPATH\Boot.php(363): CodeIgniter\CodeIgniter->run()
 8 SYSTEMPATH\Boot.php(68): CodeIgniter\Boot::runCodeIgniter(Object(CodeIgniter\CodeIgniter))
 9 FCPATH\index.php(59): CodeIgniter\Boot::bootWeb(Object(Config\Paths))
10 SYSTEMPATH\rewrite.php(44): require_once('C:\\Users\\Richard Miculob\\Documents\\ReliefTrack\\public\\index.php')
DEBUG - 2026-03-01 09:49:54 --> Session: Class initialized using 'CodeIgniter\Session\Handlers\FileHandler' driver.
WARNING - 2026-03-01 09:49:54 --> [DEPRECATED] Optional parameter $familyMemberId declared before required parameter $distributorId is implicitly treated as a required parameter in APPPATH\Models\InventoryModel.php on line 137.
 1 SYSTEMPATH\Autoloader\Autoloader.php(315): include_once('C:\\Users\\Richard Miculob\\Documents\\ReliefTrack\\system\\Debug\\Exceptions.php')
 2 SYSTEMPATH\Autoloader\Autoloader.php(295): CodeIgniter\Autoloader\Autoloader->includeFile('C:\\Users\\Richard Miculob\\Documents\\ReliefTrack\\app\\Models\\InventoryModel.php')
 3 SYSTEMPATH\Autoloader\Autoloader.php(271): CodeIgniter\Autoloader\Autoloader->loadInNamespace('App\\Models\\InventoryModel')
 4 APPPATH\Controllers\Inventory.php(13): CodeIgniter\Autoloader\Autoloader->loadClass('App\\Models\\InventoryModel')
 5 SYSTEMPATH\CodeIgniter.php(933): App\Controllers\Inventory->index()
 6 SYSTEMPATH\CodeIgniter.php(507): CodeIgniter\CodeIgniter->runController(Object(App\Controllers\Inventory))
 7 SYSTEMPATH\CodeIgniter.php(354): CodeIgniter\CodeIgniter->handleRequest(null, Object(Config\Cache), false)
 8 SYSTEMPATH\Boot.php(363): CodeIgniter\CodeIgniter->run()
 9 SYSTEMPATH\Boot.php(68): CodeIgniter\Boot::runCodeIgniter(Object(CodeIgniter\CodeIgniter))
10 FCPATH\index.php(59): CodeIgniter\Boot::bootWeb(Object(Config\Paths))
11 SYSTEMPATH\rewrite.php(44): require_once('C:\\Users\\Richard Miculob\\Documents\\ReliefTrack\\public\\index.php')
DEBUG - 2026-03-01 09:49:55 --> Session: Class initialized using 'CodeIgniter\Session\Handlers\FileHandler' driver.
WARNING - 2026-03-01 09:49:55 --> [DEPRECATED] Optional parameter $familyMemberId declared before required parameter $distributorId is implicitly treated as a required parameter in APPPATH\Models\InventoryModel.php on line 137.
 1 SYSTEMPATH\Autoloader\Autoloader.php(315): include_once('C:\\Users\\Richard Miculob\\Documents\\ReliefTrack\\system\\Debug\\Exceptions.php')
 2 SYSTEMPATH\Autoloader\Autoloader.php(295): CodeIgniter\Autoloader\Autoloader->includeFile('C:\\Users\\Richard Miculob\\Documents\\ReliefTrack\\app\\Models\\InventoryModel.php')
 3 SYSTEMPATH\Autoloader\Autoloader.php(271): CodeIgniter\Autoloader\Autoloader->loadInNamespace('App\\Models\\InventoryModel')
 4 APPPATH\Controllers\Inventory.php(13): CodeIgniter\Autoloader\Autoloader->loadClass('App\\Models\\InventoryModel')
 5 SYSTEMPATH\CodeIgniter.php(933): App\Controllers\Inventory->index()
 6 SYSTEMPATH\CodeIgniter.php(507): CodeIgniter\CodeIgniter->runController(Object(App\Controllers\Inventory))
 7 SYSTEMPATH\CodeIgniter.php(354): CodeIgniter\CodeIgniter->handleRequest(null, Object(Config\Cache), false)
 8 SYSTEMPATH\Boot.php(363): CodeIgniter\CodeIgniter->run()
 9 SYSTEMPATH\Boot.php(68): CodeIgniter\Boot::runCodeIgniter(Object(CodeIgniter\CodeIgniter))
10 FCPATH\index.php(59): CodeIgniter\Boot::bootWeb(Object(Config\Paths))
11 SYSTEMPATH\rewrite.php(44): require_once('C:\\Users\\Richard Miculob\\Documents\\ReliefTrack\\public\\index.php')
DEBUG - 2026-03-01 09:49:58 --> Session: Class initialized using 'CodeIgniter\Session\Handlers\FileHandler' driver.
DEBUG - 2026-03-01 09:50:10 --> Session: Class initialized using 'CodeIgniter\Session\Handlers\FileHandler' driver.
WARNING - 2026-03-01 09:50:10 --> [DEPRECATED] Optional parameter $familyMemberId declared before required parameter $distributorId is implicitly treated as a required parameter in APPPATH\Models\InventoryModel.php on line 137.
 1 SYSTEMPATH\Autoloader\Autoloader.php(315): include_once('C:\\Users\\Richard Miculob\\Documents\\ReliefTrack\\system\\Debug\\Exceptions.php')
 2 SYSTEMPATH\Autoloader\Autoloader.php(295): CodeIgniter\Autoloader\Autoloader->includeFile('C:\\Users\\Richard Miculob\\Documents\\ReliefTrack\\app\\Models\\InventoryModel.php')
 3 SYSTEMPATH\Autoloader\Autoloader.php(271): CodeIgniter\Autoloader\Autoloader->loadInNamespace('App\\Models\\InventoryModel')
 4 APPPATH\Controllers\Inventory.php(191): CodeIgniter\Autoloader\Autoloader->loadClass('App\\Models\\InventoryModel')
 5 SYSTEMPATH\CodeIgniter.php(933): App\Controllers\Inventory->saveItemWithBatch()
 6 SYSTEMPATH\CodeIgniter.php(507): CodeIgniter\CodeIgniter->runController(Object(App\Controllers\Inventory))
 7 SYSTEMPATH\CodeIgniter.php(354): CodeIgniter\CodeIgniter->handleRequest(null, Object(Config\Cache), false)
 8 SYSTEMPATH\Boot.php(363): CodeIgniter\CodeIgniter->run()
 9 SYSTEMPATH\Boot.php(68): CodeIgniter\Boot::runCodeIgniter(Object(CodeIgniter\CodeIgniter))
10 FCPATH\index.php(59): CodeIgniter\Boot::bootWeb(Object(Config\Paths))
11 SYSTEMPATH\rewrite.php(44): require_once('C:\\Users\\Richard Miculob\\Documents\\ReliefTrack\\public\\index.php')
CRITICAL - 2026-03-01 09:50:10 --> ErrorException: Undefined array key "qr_code_token"
[Method: POST, Route: inventory/saveItemWithBatch]
in APPPATH\Models\InventoryBatchModel.php on line 62.
 1 APPPATH\Models\InventoryBatchModel.php(62): CodeIgniter\Debug\Exceptions->errorHandler(2, 'Undefined array key "qr_code_token"', 'C:\\Users\\Richard Miculob\\Documents\\ReliefTrack\\app\\Models\\InventoryBatchModel.php', 62)
 2 APPPATH\Models\InventoryModel.php(87): App\Models\InventoryBatchModel->generateQRData([...])
 3 APPPATH\Controllers\Inventory.php(220): App\Models\InventoryModel->addWithBatch([...], [...])
 4 SYSTEMPATH\CodeIgniter.php(933): App\Controllers\Inventory->saveItemWithBatch()
 5 SYSTEMPATH\CodeIgniter.php(507): CodeIgniter\CodeIgniter->runController(Object(App\Controllers\Inventory))
 6 SYSTEMPATH\CodeIgniter.php(354): CodeIgniter\CodeIgniter->handleRequest(null, Object(Config\Cache), false)
 7 SYSTEMPATH\Boot.php(363): CodeIgniter\CodeIgniter->run()
 8 SYSTEMPATH\Boot.php(68): CodeIgniter\Boot::runCodeIgniter(Object(CodeIgniter\CodeIgniter))
 9 FCPATH\index.php(59): CodeIgniter\Boot::bootWeb(Object(Config\Paths))
10 SYSTEMPATH\rewrite.php(44): require_once('C:\\Users\\Richard Miculob\\Documents\\ReliefTrack\\public\\index.php')
DEBUG - 2026-03-01 09:51:19 --> Session: Class initialized using 'CodeIgniter\Session\Handlers\FileHandler' driver.
WARNING - 2026-03-01 09:51:19 --> [DEPRECATED] Optional parameter $familyMemberId declared before required parameter $distributorId is implicitly treated as a required parameter in APPPATH\Models\InventoryModel.php on line 139.
 1 SYSTEMPATH\Autoloader\Autoloader.php(315): include_once('C:\\Users\\Richard Miculob\\Documents\\ReliefTrack\\system\\Debug\\Exceptions.php')
 2 SYSTEMPATH\Autoloader\Autoloader.php(295): CodeIgniter\Autoloader\Autoloader->includeFile('C:\\Users\\Richard Miculob\\Documents\\ReliefTrack\\app\\Models\\InventoryModel.php')
 3 SYSTEMPATH\Autoloader\Autoloader.php(271): CodeIgniter\Autoloader\Autoloader->loadInNamespace('App\\Models\\InventoryModel')
 4 APPPATH\Controllers\Inventory.php(191): CodeIgniter\Autoloader\Autoloader->loadClass('App\\Models\\InventoryModel')
 5 SYSTEMPATH\CodeIgniter.php(933): App\Controllers\Inventory->saveItemWithBatch()
 6 SYSTEMPATH\CodeIgniter.php(507): CodeIgniter\CodeIgniter->runController(Object(App\Controllers\Inventory))
 7 SYSTEMPATH\CodeIgniter.php(354): CodeIgniter\CodeIgniter->handleRequest(null, Object(Config\Cache), false)
 8 SYSTEMPATH\Boot.php(363): CodeIgniter\CodeIgniter->run()
 9 SYSTEMPATH\Boot.php(68): CodeIgniter\Boot::runCodeIgniter(Object(CodeIgniter\CodeIgniter))
10 FCPATH\index.php(59): CodeIgniter\Boot::bootWeb(Object(Config\Paths))
11 SYSTEMPATH\rewrite.php(44): require_once('C:\\Users\\Richard Miculob\\Documents\\ReliefTrack\\public\\index.php')
DEBUG - 2026-03-01 09:51:19 --> Session: Class initialized using 'CodeIgniter\Session\Handlers\FileHandler' driver.
WARNING - 2026-03-01 09:51:19 --> [DEPRECATED] Optional parameter $familyMemberId declared before required parameter $distributorId is implicitly treated as a required parameter in APPPATH\Models\InventoryModel.php on line 139.
 1 SYSTEMPATH\Autoloader\Autoloader.php(315): include_once('C:\\Users\\Richard Miculob\\Documents\\ReliefTrack\\system\\Debug\\Exceptions.php')
 2 SYSTEMPATH\Autoloader\Autoloader.php(295): CodeIgniter\Autoloader\Autoloader->includeFile('C:\\Users\\Richard Miculob\\Documents\\ReliefTrack\\app\\Models\\InventoryModel.php')
 3 SYSTEMPATH\Autoloader\Autoloader.php(271): CodeIgniter\Autoloader\Autoloader->loadInNamespace('App\\Models\\InventoryModel')
 4 APPPATH\Controllers\Inventory.php(287): CodeIgniter\Autoloader\Autoloader->loadClass('App\\Models\\InventoryModel')
 5 SYSTEMPATH\CodeIgniter.php(933): App\Controllers\Inventory->batches('11')
 6 SYSTEMPATH\CodeIgniter.php(507): CodeIgniter\CodeIgniter->runController(Object(App\Controllers\Inventory))
 7 SYSTEMPATH\CodeIgniter.php(354): CodeIgniter\CodeIgniter->handleRequest(null, Object(Config\Cache), false)
 8 SYSTEMPATH\Boot.php(363): CodeIgniter\CodeIgniter->run()
 9 SYSTEMPATH\Boot.php(68): CodeIgniter\Boot::runCodeIgniter(Object(CodeIgniter\CodeIgniter))
10 FCPATH\index.php(59): CodeIgniter\Boot::bootWeb(Object(Config\Paths))
11 SYSTEMPATH\rewrite.php(44): require_once('C:\\Users\\Richard Miculob\\Documents\\ReliefTrack\\public\\index.php')
DEBUG - 2026-03-01 09:51:20 --> Session: Class initialized using 'CodeIgniter\Session\Handlers\FileHandler' driver.
WARNING - 2026-03-01 09:51:20 --> [DEPRECATED] Optional parameter $familyMemberId declared before required parameter $distributorId is implicitly treated as a required parameter in APPPATH\Models\InventoryModel.php on line 139.
 1 SYSTEMPATH\Autoloader\Autoloader.php(315): include_once('C:\\Users\\Richard Miculob\\Documents\\ReliefTrack\\system\\Debug\\Exceptions.php')
 2 SYSTEMPATH\Autoloader\Autoloader.php(295): CodeIgniter\Autoloader\Autoloader->includeFile('C:\\Users\\Richard Miculob\\Documents\\ReliefTrack\\app\\Models\\InventoryModel.php')
 3 SYSTEMPATH\Autoloader\Autoloader.php(271): CodeIgniter\Autoloader\Autoloader->loadInNamespace('App\\Models\\InventoryModel')
 4 APPPATH\Controllers\Inventory.php(13): CodeIgniter\Autoloader\Autoloader->loadClass('App\\Models\\InventoryModel')
 5 SYSTEMPATH\CodeIgniter.php(933): App\Controllers\Inventory->index()
 6 SYSTEMPATH\CodeIgniter.php(507): CodeIgniter\CodeIgniter->runController(Object(App\Controllers\Inventory))
 7 SYSTEMPATH\CodeIgniter.php(354): CodeIgniter\CodeIgniter->handleRequest(null, Object(Config\Cache), false)
 8 SYSTEMPATH\Boot.php(363): CodeIgniter\CodeIgniter->run()
 9 SYSTEMPATH\Boot.php(68): CodeIgniter\Boot::runCodeIgniter(Object(CodeIgniter\CodeIgniter))
10 FCPATH\index.php(59): CodeIgniter\Boot::bootWeb(Object(Config\Paths))
11 SYSTEMPATH\rewrite.php(44): require_once('C:\\Users\\Richard Miculob\\Documents\\ReliefTrack\\public\\index.php')
DEBUG - 2026-03-01 09:51:23 --> Session: Class initialized using 'CodeIgniter\Session\Handlers\FileHandler' driver.
WARNING - 2026-03-01 09:51:23 --> [DEPRECATED] Optional parameter $familyMemberId declared before required parameter $distributorId is implicitly treated as a required parameter in APPPATH\Models\InventoryModel.php on line 139.
 1 SYSTEMPATH\Autoloader\Autoloader.php(315): include_once('C:\\Users\\Richard Miculob\\Documents\\ReliefTrack\\system\\Debug\\Exceptions.php')
 2 SYSTEMPATH\Autoloader\Autoloader.php(295): CodeIgniter\Autoloader\Autoloader->includeFile('C:\\Users\\Richard Miculob\\Documents\\ReliefTrack\\app\\Models\\InventoryModel.php')
 3 SYSTEMPATH\Autoloader\Autoloader.php(271): CodeIgniter\Autoloader\Autoloader->loadInNamespace('App\\Models\\InventoryModel')
 4 APPPATH\Controllers\Inventory.php(337): CodeIgniter\Autoloader\Autoloader->loadClass('App\\Models\\InventoryModel')
 5 SYSTEMPATH\CodeIgniter.php(933): App\Controllers\Inventory->delete('10')
 6 SYSTEMPATH\CodeIgniter.php(507): CodeIgniter\CodeIgniter->runController(Object(App\Controllers\Inventory))
 7 SYSTEMPATH\CodeIgniter.php(354): CodeIgniter\CodeIgniter->handleRequest(null, Object(Config\Cache), false)
 8 SYSTEMPATH\Boot.php(363): CodeIgniter\CodeIgniter->run()
 9 SYSTEMPATH\Boot.php(68): CodeIgniter\Boot::runCodeIgniter(Object(CodeIgniter\CodeIgniter))
10 FCPATH\index.php(59): CodeIgniter\Boot::bootWeb(Object(Config\Paths))
11 SYSTEMPATH\rewrite.php(44): require_once('C:\\Users\\Richard Miculob\\Documents\\ReliefTrack\\public\\index.php')
DEBUG - 2026-03-01 09:51:24 --> Session: Class initialized using 'CodeIgniter\Session\Handlers\FileHandler' driver.
WARNING - 2026-03-01 09:51:24 --> [DEPRECATED] Optional parameter $familyMemberId declared before required parameter $distributorId is implicitly treated as a required parameter in APPPATH\Models\InventoryModel.php on line 139.
 1 SYSTEMPATH\Autoloader\Autoloader.php(315): include_once('C:\\Users\\Richard Miculob\\Documents\\ReliefTrack\\system\\Debug\\Exceptions.php')
 2 SYSTEMPATH\Autoloader\Autoloader.php(295): CodeIgniter\Autoloader\Autoloader->includeFile('C:\\Users\\Richard Miculob\\Documents\\ReliefTrack\\app\\Models\\InventoryModel.php')
 3 SYSTEMPATH\Autoloader\Autoloader.php(271): CodeIgniter\Autoloader\Autoloader->loadInNamespace('App\\Models\\InventoryModel')
 4 APPPATH\Controllers\Inventory.php(13): CodeIgniter\Autoloader\Autoloader->loadClass('App\\Models\\InventoryModel')
 5 SYSTEMPATH\CodeIgniter.php(933): App\Controllers\Inventory->index()
 6 SYSTEMPATH\CodeIgniter.php(507): CodeIgniter\CodeIgniter->runController(Object(App\Controllers\Inventory))
 7 SYSTEMPATH\CodeIgniter.php(354): CodeIgniter\CodeIgniter->handleRequest(null, Object(Config\Cache), false)
 8 SYSTEMPATH\Boot.php(363): CodeIgniter\CodeIgniter->run()
 9 SYSTEMPATH\Boot.php(68): CodeIgniter\Boot::runCodeIgniter(Object(CodeIgniter\CodeIgniter))
10 FCPATH\index.php(59): CodeIgniter\Boot::bootWeb(Object(Config\Paths))
11 SYSTEMPATH\rewrite.php(44): require_once('C:\\Users\\Richard Miculob\\Documents\\ReliefTrack\\public\\index.php')
DEBUG - 2026-03-01 09:51:24 --> Session: Class initialized using 'CodeIgniter\Session\Handlers\FileHandler' driver.
DEBUG - 2026-03-01 09:51:39 --> Session: Class initialized using 'CodeIgniter\Session\Handlers\FileHandler' driver.
WARNING - 2026-03-01 09:51:39 --> [DEPRECATED] Optional parameter $familyMemberId declared before required parameter $distributorId is implicitly treated as a required parameter in APPPATH\Models\InventoryModel.php on line 139.
 1 SYSTEMPATH\Autoloader\Autoloader.php(315): include_once('C:\\Users\\Richard Miculob\\Documents\\ReliefTrack\\system\\Debug\\Exceptions.php')
 2 SYSTEMPATH\Autoloader\Autoloader.php(295): CodeIgniter\Autoloader\Autoloader->includeFile('C:\\Users\\Richard Miculob\\Documents\\ReliefTrack\\app\\Models\\InventoryModel.php')
 3 SYSTEMPATH\Autoloader\Autoloader.php(271): CodeIgniter\Autoloader\Autoloader->loadInNamespace('App\\Models\\InventoryModel')
 4 APPPATH\Controllers\Inventory.php(191): CodeIgniter\Autoloader\Autoloader->loadClass('App\\Models\\InventoryModel')
 5 SYSTEMPATH\CodeIgniter.php(933): App\Controllers\Inventory->saveItemWithBatch()
 6 SYSTEMPATH\CodeIgniter.php(507): CodeIgniter\CodeIgniter->runController(Object(App\Controllers\Inventory))
 7 SYSTEMPATH\CodeIgniter.php(354): CodeIgniter\CodeIgniter->handleRequest(null, Object(Config\Cache), false)
 8 SYSTEMPATH\Boot.php(363): CodeIgniter\CodeIgniter->run()
 9 SYSTEMPATH\Boot.php(68): CodeIgniter\Boot::runCodeIgniter(Object(CodeIgniter\CodeIgniter))
10 FCPATH\index.php(59): CodeIgniter\Boot::bootWeb(Object(Config\Paths))
11 SYSTEMPATH\rewrite.php(44): require_once('C:\\Users\\Richard Miculob\\Documents\\ReliefTrack\\public\\index.php')
DEBUG - 2026-03-01 09:51:39 --> Session: Class initialized using 'CodeIgniter\Session\Handlers\FileHandler' driver.
WARNING - 2026-03-01 09:51:39 --> [DEPRECATED] Optional parameter $familyMemberId declared before required parameter $distributorId is implicitly treated as a required parameter in APPPATH\Models\InventoryModel.php on line 139.
 1 SYSTEMPATH\Autoloader\Autoloader.php(315): include_once('C:\\Users\\Richard Miculob\\Documents\\ReliefTrack\\system\\Debug\\Exceptions.php')
 2 SYSTEMPATH\Autoloader\Autoloader.php(295): CodeIgniter\Autoloader\Autoloader->includeFile('C:\\Users\\Richard Miculob\\Documents\\ReliefTrack\\app\\Models\\InventoryModel.php')
 3 SYSTEMPATH\Autoloader\Autoloader.php(271): CodeIgniter\Autoloader\Autoloader->loadInNamespace('App\\Models\\InventoryModel')
 4 APPPATH\Controllers\Inventory.php(287): CodeIgniter\Autoloader\Autoloader->loadClass('App\\Models\\InventoryModel')
 5 SYSTEMPATH\CodeIgniter.php(933): App\Controllers\Inventory->batches('12')
 6 SYSTEMPATH\CodeIgniter.php(507): CodeIgniter\CodeIgniter->runController(Object(App\Controllers\Inventory))
 7 SYSTEMPATH\CodeIgniter.php(354): CodeIgniter\CodeIgniter->handleRequest(null, Object(Config\Cache), false)
 8 SYSTEMPATH\Boot.php(363): CodeIgniter\CodeIgniter->run()
 9 SYSTEMPATH\Boot.php(68): CodeIgniter\Boot::runCodeIgniter(Object(CodeIgniter\CodeIgniter))
10 FCPATH\index.php(59): CodeIgniter\Boot::bootWeb(Object(Config\Paths))
11 SYSTEMPATH\rewrite.php(44): require_once('C:\\Users\\Richard Miculob\\Documents\\ReliefTrack\\public\\index.php')
DEBUG - 2026-03-01 09:51:40 --> Session: Class initialized using 'CodeIgniter\Session\Handlers\FileHandler' driver.
WARNING - 2026-03-01 09:51:40 --> [DEPRECATED] Optional parameter $familyMemberId declared before required parameter $distributorId is implicitly treated as a required parameter in APPPATH\Models\InventoryModel.php on line 139.
 1 SYSTEMPATH\Autoloader\Autoloader.php(315): include_once('C:\\Users\\Richard Miculob\\Documents\\ReliefTrack\\system\\Debug\\Exceptions.php')
 2 SYSTEMPATH\Autoloader\Autoloader.php(295): CodeIgniter\Autoloader\Autoloader->includeFile('C:\\Users\\Richard Miculob\\Documents\\ReliefTrack\\app\\Models\\InventoryModel.php')
 3 SYSTEMPATH\Autoloader\Autoloader.php(271): CodeIgniter\Autoloader\Autoloader->loadInNamespace('App\\Models\\InventoryModel')
 4 APPPATH\Controllers\Inventory.php(13): CodeIgniter\Autoloader\Autoloader->loadClass('App\\Models\\InventoryModel')
 5 SYSTEMPATH\CodeIgniter.php(933): App\Controllers\Inventory->index()
 6 SYSTEMPATH\CodeIgniter.php(507): CodeIgniter\CodeIgniter->runController(Object(App\Controllers\Inventory))
 7 SYSTEMPATH\CodeIgniter.php(354): CodeIgniter\CodeIgniter->handleRequest(null, Object(Config\Cache), false)
 8 SYSTEMPATH\Boot.php(363): CodeIgniter\CodeIgniter->run()
 9 SYSTEMPATH\Boot.php(68): CodeIgniter\Boot::runCodeIgniter(Object(CodeIgniter\CodeIgniter))
10 FCPATH\index.php(59): CodeIgniter\Boot::bootWeb(Object(Config\Paths))
11 SYSTEMPATH\rewrite.php(44): require_once('C:\\Users\\Richard Miculob\\Documents\\ReliefTrack\\public\\index.php')
DEBUG - 2026-03-01 09:51:43 --> Session: Class initialized using 'CodeIgniter\Session\Handlers\FileHandler' driver.
WARNING - 2026-03-01 09:51:43 --> [DEPRECATED] Optional parameter $familyMemberId declared before required parameter $distributorId is implicitly treated as a required parameter in APPPATH\Models\InventoryModel.php on line 139.
 1 SYSTEMPATH\Autoloader\Autoloader.php(315): include_once('C:\\Users\\Richard Miculob\\Documents\\ReliefTrack\\system\\Debug\\Exceptions.php')
 2 SYSTEMPATH\Autoloader\Autoloader.php(295): CodeIgniter\Autoloader\Autoloader->includeFile('C:\\Users\\Richard Miculob\\Documents\\ReliefTrack\\app\\Models\\InventoryModel.php')
 3 SYSTEMPATH\Autoloader\Autoloader.php(271): CodeIgniter\Autoloader\Autoloader->loadInNamespace('App\\Models\\InventoryModel')
 4 APPPATH\Controllers\Inventory.php(287): CodeIgniter\Autoloader\Autoloader->loadClass('App\\Models\\InventoryModel')
 5 SYSTEMPATH\CodeIgniter.php(933): App\Controllers\Inventory->batches('11')
 6 SYSTEMPATH\CodeIgniter.php(507): CodeIgniter\CodeIgniter->runController(Object(App\Controllers\Inventory))
 7 SYSTEMPATH\CodeIgniter.php(354): CodeIgniter\CodeIgniter->handleRequest(null, Object(Config\Cache), false)
 8 SYSTEMPATH\Boot.php(363): CodeIgniter\CodeIgniter->run()
 9 SYSTEMPATH\Boot.php(68): CodeIgniter\Boot::runCodeIgniter(Object(CodeIgniter\CodeIgniter))
10 FCPATH\index.php(59): CodeIgniter\Boot::bootWeb(Object(Config\Paths))
11 SYSTEMPATH\rewrite.php(44): require_once('C:\\Users\\Richard Miculob\\Documents\\ReliefTrack\\public\\index.php')
DEBUG - 2026-03-01 09:51:44 --> Session: Class initialized using 'CodeIgniter\Session\Handlers\FileHandler' driver.
WARNING - 2026-03-01 09:51:44 --> [DEPRECATED] Optional parameter $familyMemberId declared before required parameter $distributorId is implicitly treated as a required parameter in APPPATH\Models\InventoryModel.php on line 139.
 1 SYSTEMPATH\Autoloader\Autoloader.php(315): include_once('C:\\Users\\Richard Miculob\\Documents\\ReliefTrack\\system\\Debug\\Exceptions.php')
 2 SYSTEMPATH\Autoloader\Autoloader.php(295): CodeIgniter\Autoloader\Autoloader->includeFile('C:\\Users\\Richard Miculob\\Documents\\ReliefTrack\\app\\Models\\InventoryModel.php')
 3 SYSTEMPATH\Autoloader\Autoloader.php(271): CodeIgniter\Autoloader\Autoloader->loadInNamespace('App\\Models\\InventoryModel')
 4 APPPATH\Controllers\Inventory.php(238): CodeIgniter\Autoloader\Autoloader->loadClass('App\\Models\\InventoryModel')
 5 SYSTEMPATH\CodeIgniter.php(933): App\Controllers\Inventory->viewBatch('12')
 6 SYSTEMPATH\CodeIgniter.php(507): CodeIgniter\CodeIgniter->runController(Object(App\Controllers\Inventory))
 7 SYSTEMPATH\CodeIgniter.php(354): CodeIgniter\CodeIgniter->handleRequest(null, Object(Config\Cache), false)
 8 SYSTEMPATH\Boot.php(363): CodeIgniter\CodeIgniter->run()
 9 SYSTEMPATH\Boot.php(68): CodeIgniter\Boot::runCodeIgniter(Object(CodeIgniter\CodeIgniter))
10 FCPATH\index.php(59): CodeIgniter\Boot::bootWeb(Object(Config\Paths))
11 SYSTEMPATH\rewrite.php(44): require_once('C:\\Users\\Richard Miculob\\Documents\\ReliefTrack\\public\\index.php')
DEBUG - 2026-03-01 09:51:53 --> Session: Class initialized using 'CodeIgniter\Session\Handlers\FileHandler' driver.
WARNING - 2026-03-01 09:51:53 --> [DEPRECATED] Optional parameter $familyMemberId declared before required parameter $distributorId is implicitly treated as a required parameter in APPPATH\Models\InventoryModel.php on line 139.
 1 SYSTEMPATH\Autoloader\Autoloader.php(315): include_once('C:\\Users\\Richard Miculob\\Documents\\ReliefTrack\\system\\Debug\\Exceptions.php')
 2 SYSTEMPATH\Autoloader\Autoloader.php(295): CodeIgniter\Autoloader\Autoloader->includeFile('C:\\Users\\Richard Miculob\\Documents\\ReliefTrack\\app\\Models\\InventoryModel.php')
 3 SYSTEMPATH\Autoloader\Autoloader.php(271): CodeIgniter\Autoloader\Autoloader->loadInNamespace('App\\Models\\InventoryModel')
 4 APPPATH\Controllers\Inventory.php(13): CodeIgniter\Autoloader\Autoloader->loadClass('App\\Models\\InventoryModel')
 5 SYSTEMPATH\CodeIgniter.php(933): App\Controllers\Inventory->index()
 6 SYSTEMPATH\CodeIgniter.php(507): CodeIgniter\CodeIgniter->runController(Object(App\Controllers\Inventory))
 7 SYSTEMPATH\CodeIgniter.php(354): CodeIgniter\CodeIgniter->handleRequest(null, Object(Config\Cache), false)
 8 SYSTEMPATH\Boot.php(363): CodeIgniter\CodeIgniter->run()
 9 SYSTEMPATH\Boot.php(68): CodeIgniter\Boot::runCodeIgniter(Object(CodeIgniter\CodeIgniter))
10 FCPATH\index.php(59): CodeIgniter\Boot::bootWeb(Object(Config\Paths))
11 SYSTEMPATH\rewrite.php(44): require_once('C:\\Users\\Richard Miculob\\Documents\\ReliefTrack\\public\\index.php')
DEBUG - 2026-03-01 09:51:57 --> Session: Class initialized using 'CodeIgniter\Session\Handlers\FileHandler' driver.
DEBUG - 2026-03-01 09:52:05 --> Session: Class initialized using 'CodeIgniter\Session\Handlers\FileHandler' driver.
WARNING - 2026-03-01 09:52:05 --> [DEPRECATED] Optional parameter $familyMemberId declared before required parameter $distributorId is implicitly treated as a required parameter in APPPATH\Models\InventoryModel.php on line 139.
 1 SYSTEMPATH\Autoloader\Autoloader.php(315): include_once('C:\\Users\\Richard Miculob\\Documents\\ReliefTrack\\system\\Debug\\Exceptions.php')
 2 SYSTEMPATH\Autoloader\Autoloader.php(295): CodeIgniter\Autoloader\Autoloader->includeFile('C:\\Users\\Richard Miculob\\Documents\\ReliefTrack\\app\\Models\\InventoryModel.php')
 3 SYSTEMPATH\Autoloader\Autoloader.php(271): CodeIgniter\Autoloader\Autoloader->loadInNamespace('App\\Models\\InventoryModel')
 4 APPPATH\Controllers\Inventory.php(13): CodeIgniter\Autoloader\Autoloader->loadClass('App\\Models\\InventoryModel')
 5 SYSTEMPATH\CodeIgniter.php(933): App\Controllers\Inventory->index()
 6 SYSTEMPATH\CodeIgniter.php(507): CodeIgniter\CodeIgniter->runController(Object(App\Controllers\Inventory))
 7 SYSTEMPATH\CodeIgniter.php(354): CodeIgniter\CodeIgniter->handleRequest(null, Object(Config\Cache), false)
 8 SYSTEMPATH\Boot.php(363): CodeIgniter\CodeIgniter->run()
 9 SYSTEMPATH\Boot.php(68): CodeIgniter\Boot::runCodeIgniter(Object(CodeIgniter\CodeIgniter))
10 FCPATH\index.php(59): CodeIgniter\Boot::bootWeb(Object(Config\Paths))
11 SYSTEMPATH\rewrite.php(44): require_once('C:\\Users\\Richard Miculob\\Documents\\ReliefTrack\\public\\index.php')
DEBUG - 2026-03-01 09:52:22 --> Session: Class initialized using 'CodeIgniter\Session\Handlers\FileHandler' driver.
WARNING - 2026-03-01 09:52:22 --> [DEPRECATED] Optional parameter $familyMemberId declared before required parameter $distributorId is implicitly treated as a required parameter in APPPATH\Models\InventoryModel.php on line 139.
 1 SYSTEMPATH\Autoloader\Autoloader.php(315): include_once('C:\\Users\\Richard Miculob\\Documents\\ReliefTrack\\system\\Debug\\Exceptions.php')
 2 SYSTEMPATH\Autoloader\Autoloader.php(295): CodeIgniter\Autoloader\Autoloader->includeFile('C:\\Users\\Richard Miculob\\Documents\\ReliefTrack\\app\\Models\\InventoryModel.php')
 3 SYSTEMPATH\Autoloader\Autoloader.php(271): CodeIgniter\Autoloader\Autoloader->loadInNamespace('App\\Models\\InventoryModel')
 4 APPPATH\Controllers\Inventory.php(287): CodeIgniter\Autoloader\Autoloader->loadClass('App\\Models\\InventoryModel')
 5 SYSTEMPATH\CodeIgniter.php(933): App\Controllers\Inventory->batches('11')
 6 SYSTEMPATH\CodeIgniter.php(507): CodeIgniter\CodeIgniter->runController(Object(App\Controllers\Inventory))
 7 SYSTEMPATH\CodeIgniter.php(354): CodeIgniter\CodeIgniter->handleRequest(null, Object(Config\Cache), false)
 8 SYSTEMPATH\Boot.php(363): CodeIgniter\CodeIgniter->run()
 9 SYSTEMPATH\Boot.php(68): CodeIgniter\Boot::runCodeIgniter(Object(CodeIgniter\CodeIgniter))
10 FCPATH\index.php(59): CodeIgniter\Boot::bootWeb(Object(Config\Paths))
11 SYSTEMPATH\rewrite.php(44): require_once('C:\\Users\\Richard Miculob\\Documents\\ReliefTrack\\public\\index.php')
DEBUG - 2026-03-01 09:53:42 --> Session: Class initialized using 'CodeIgniter\Session\Handlers\FileHandler' driver.
WARNING - 2026-03-01 09:53:42 --> [DEPRECATED] Optional parameter $familyMemberId declared before required parameter $distributorId is implicitly treated as a required parameter in APPPATH\Models\InventoryModel.php on line 139.
 1 SYSTEMPATH\Autoloader\Autoloader.php(315): include_once('C:\\Users\\Richard Miculob\\Documents\\ReliefTrack\\system\\Debug\\Exceptions.php')
 2 SYSTEMPATH\Autoloader\Autoloader.php(295): CodeIgniter\Autoloader\Autoloader->includeFile('C:\\Users\\Richard Miculob\\Documents\\ReliefTrack\\app\\Models\\InventoryModel.php')
 3 SYSTEMPATH\Autoloader\Autoloader.php(271): CodeIgniter\Autoloader\Autoloader->loadInNamespace('App\\Models\\InventoryModel')
 4 APPPATH\Controllers\Inventory.php(13): CodeIgniter\Autoloader\Autoloader->loadClass('App\\Models\\InventoryModel')
 5 SYSTEMPATH\CodeIgniter.php(933): App\Controllers\Inventory->index()
 6 SYSTEMPATH\CodeIgniter.php(507): CodeIgniter\CodeIgniter->runController(Object(App\Controllers\Inventory))
 7 SYSTEMPATH\CodeIgniter.php(354): CodeIgniter\CodeIgniter->handleRequest(null, Object(Config\Cache), false)
 8 SYSTEMPATH\Boot.php(363): CodeIgniter\CodeIgniter->run()
 9 SYSTEMPATH\Boot.php(68): CodeIgniter\Boot::runCodeIgniter(Object(CodeIgniter\CodeIgniter))
10 FCPATH\index.php(59): CodeIgniter\Boot::bootWeb(Object(Config\Paths))
11 SYSTEMPATH\rewrite.php(44): require_once('C:\\Users\\Richard Miculob\\Documents\\ReliefTrack\\public\\index.php')
DEBUG - 2026-03-01 09:53:43 --> Session: Class initialized using 'CodeIgniter\Session\Handlers\FileHandler' driver.
WARNING - 2026-03-01 09:53:43 --> [DEPRECATED] Optional parameter $familyMemberId declared before required parameter $distributorId is implicitly treated as a required parameter in APPPATH\Models\InventoryModel.php on line 139.
 1 SYSTEMPATH\Autoloader\Autoloader.php(315): include_once('C:\\Users\\Richard Miculob\\Documents\\ReliefTrack\\system\\Debug\\Exceptions.php')
 2 SYSTEMPATH\Autoloader\Autoloader.php(295): CodeIgniter\Autoloader\Autoloader->includeFile('C:\\Users\\Richard Miculob\\Documents\\ReliefTrack\\app\\Models\\InventoryModel.php')
 3 SYSTEMPATH\Autoloader\Autoloader.php(271): CodeIgniter\Autoloader\Autoloader->loadInNamespace('App\\Models\\InventoryModel')
 4 APPPATH\Controllers\Inventory.php(13): CodeIgniter\Autoloader\Autoloader->loadClass('App\\Models\\InventoryModel')
 5 SYSTEMPATH\CodeIgniter.php(933): App\Controllers\Inventory->index()
 6 SYSTEMPATH\CodeIgniter.php(507): CodeIgniter\CodeIgniter->runController(Object(App\Controllers\Inventory))
 7 SYSTEMPATH\CodeIgniter.php(354): CodeIgniter\CodeIgniter->handleRequest(null, Object(Config\Cache), false)
 8 SYSTEMPATH\Boot.php(363): CodeIgniter\CodeIgniter->run()
 9 SYSTEMPATH\Boot.php(68): CodeIgniter\Boot::runCodeIgniter(Object(CodeIgniter\CodeIgniter))
10 FCPATH\index.php(59): CodeIgniter\Boot::bootWeb(Object(Config\Paths))
11 SYSTEMPATH\rewrite.php(44): require_once('C:\\Users\\Richard Miculob\\Documents\\ReliefTrack\\public\\index.php')
DEBUG - 2026-03-01 09:53:46 --> Session: Class initialized using 'CodeIgniter\Session\Handlers\FileHandler' driver.
WARNING - 2026-03-01 09:53:46 --> [DEPRECATED] Optional parameter $familyMemberId declared before required parameter $distributorId is implicitly treated as a required parameter in APPPATH\Models\InventoryModel.php on line 139.
 1 SYSTEMPATH\Autoloader\Autoloader.php(315): include_once('C:\\Users\\Richard Miculob\\Documents\\ReliefTrack\\system\\Debug\\Exceptions.php')
 2 SYSTEMPATH\Autoloader\Autoloader.php(295): CodeIgniter\Autoloader\Autoloader->includeFile('C:\\Users\\Richard Miculob\\Documents\\ReliefTrack\\app\\Models\\InventoryModel.php')
 3 SYSTEMPATH\Autoloader\Autoloader.php(271): CodeIgniter\Autoloader\Autoloader->loadInNamespace('App\\Models\\InventoryModel')
 4 APPPATH\Controllers\Inventory.php(13): CodeIgniter\Autoloader\Autoloader->loadClass('App\\Models\\InventoryModel')
 5 SYSTEMPATH\CodeIgniter.php(933): App\Controllers\Inventory->index()
 6 SYSTEMPATH\CodeIgniter.php(507): CodeIgniter\CodeIgniter->runController(Object(App\Controllers\Inventory))
 7 SYSTEMPATH\CodeIgniter.php(354): CodeIgniter\CodeIgniter->handleRequest(null, Object(Config\Cache), false)
 8 SYSTEMPATH\Boot.php(363): CodeIgniter\CodeIgniter->run()
 9 SYSTEMPATH\Boot.php(68): CodeIgniter\Boot::runCodeIgniter(Object(CodeIgniter\CodeIgniter))
10 FCPATH\index.php(59): CodeIgniter\Boot::bootWeb(Object(Config\Paths))
11 SYSTEMPATH\rewrite.php(44): require_once('C:\\Users\\Richard Miculob\\Documents\\ReliefTrack\\public\\index.php')
DEBUG - 2026-03-01 09:59:04 --> Session: Class initialized using 'CodeIgniter\Session\Handlers\FileHandler' driver.
WARNING - 2026-03-01 09:59:04 --> [DEPRECATED] Optional parameter $familyMemberId declared before required parameter $distributorId is implicitly treated as a required parameter in APPPATH\Models\InventoryModel.php on line 139.
 1 SYSTEMPATH\Autoloader\Autoloader.php(315): include_once('C:\\Users\\Richard Miculob\\Documents\\ReliefTrack\\system\\Debug\\Exceptions.php')
 2 SYSTEMPATH\Autoloader\Autoloader.php(295): CodeIgniter\Autoloader\Autoloader->includeFile('C:\\Users\\Richard Miculob\\Documents\\ReliefTrack\\app\\Models\\InventoryModel.php')
 3 SYSTEMPATH\Autoloader\Autoloader.php(271): CodeIgniter\Autoloader\Autoloader->loadInNamespace('App\\Models\\InventoryModel')
 4 APPPATH\Controllers\Inventory.php(13): CodeIgniter\Autoloader\Autoloader->loadClass('App\\Models\\InventoryModel')
 5 SYSTEMPATH\CodeIgniter.php(933): App\Controllers\Inventory->index()
 6 SYSTEMPATH\CodeIgniter.php(507): CodeIgniter\CodeIgniter->runController(Object(App\Controllers\Inventory))
 7 SYSTEMPATH\CodeIgniter.php(354): CodeIgniter\CodeIgniter->handleRequest(null, Object(Config\Cache), false)
 8 SYSTEMPATH\Boot.php(363): CodeIgniter\CodeIgniter->run()
 9 SYSTEMPATH\Boot.php(68): CodeIgniter\Boot::runCodeIgniter(Object(CodeIgniter\CodeIgniter))
10 FCPATH\index.php(59): CodeIgniter\Boot::bootWeb(Object(Config\Paths))
11 SYSTEMPATH\rewrite.php(44): require_once('C:\\Users\\Richard Miculob\\Documents\\ReliefTrack\\public\\index.php')
DEBUG - 2026-03-01 09:59:09 --> Session: Class initialized using 'CodeIgniter\Session\Handlers\FileHandler' driver.
WARNING - 2026-03-01 09:59:09 --> [DEPRECATED] Optional parameter $familyMemberId declared before required parameter $distributorId is implicitly treated as a required parameter in APPPATH\Models\InventoryModel.php on line 139.
 1 SYSTEMPATH\Autoloader\Autoloader.php(315): include_once('C:\\Users\\Richard Miculob\\Documents\\ReliefTrack\\system\\Debug\\Exceptions.php')
 2 SYSTEMPATH\Autoloader\Autoloader.php(295): CodeIgniter\Autoloader\Autoloader->includeFile('C:\\Users\\Richard Miculob\\Documents\\ReliefTrack\\app\\Models\\InventoryModel.php')
 3 SYSTEMPATH\Autoloader\Autoloader.php(271): CodeIgniter\Autoloader\Autoloader->loadInNamespace('App\\Models\\InventoryModel')
 4 APPPATH\Controllers\Inventory.php(13): CodeIgniter\Autoloader\Autoloader->loadClass('App\\Models\\InventoryModel')
 5 SYSTEMPATH\CodeIgniter.php(933): App\Controllers\Inventory->index()
 6 SYSTEMPATH\CodeIgniter.php(507): CodeIgniter\CodeIgniter->runController(Object(App\Controllers\Inventory))
 7 SYSTEMPATH\CodeIgniter.php(354): CodeIgniter\CodeIgniter->handleRequest(null, Object(Config\Cache), false)
 8 SYSTEMPATH\Boot.php(363): CodeIgniter\CodeIgniter->run()
 9 SYSTEMPATH\Boot.php(68): CodeIgniter\Boot::runCodeIgniter(Object(CodeIgniter\CodeIgniter))
10 FCPATH\index.php(59): CodeIgniter\Boot::bootWeb(Object(Config\Paths))
11 SYSTEMPATH\rewrite.php(44): require_once('C:\\Users\\Richard Miculob\\Documents\\ReliefTrack\\public\\index.php')
DEBUG - 2026-03-01 09:59:57 --> Session: Class initialized using 'CodeIgniter\Session\Handlers\FileHandler' driver.
WARNING - 2026-03-01 09:59:57 --> [DEPRECATED] Optional parameter $familyMemberId declared before required parameter $distributorId is implicitly treated as a required parameter in APPPATH\Models\InventoryModel.php on line 139.
 1 SYSTEMPATH\Autoloader\Autoloader.php(315): include_once('C:\\Users\\Richard Miculob\\Documents\\ReliefTrack\\system\\Debug\\Exceptions.php')
 2 SYSTEMPATH\Autoloader\Autoloader.php(295): CodeIgniter\Autoloader\Autoloader->includeFile('C:\\Users\\Richard Miculob\\Documents\\ReliefTrack\\app\\Models\\InventoryModel.php')
 3 SYSTEMPATH\Autoloader\Autoloader.php(271): CodeIgniter\Autoloader\Autoloader->loadInNamespace('App\\Models\\InventoryModel')
 4 APPPATH\Controllers\Inventory.php(238): CodeIgniter\Autoloader\Autoloader->loadClass('App\\Models\\InventoryModel')
 5 SYSTEMPATH\CodeIgniter.php(933): App\Controllers\Inventory->viewBatch('12')
 6 SYSTEMPATH\CodeIgniter.php(507): CodeIgniter\CodeIgniter->runController(Object(App\Controllers\Inventory))
 7 SYSTEMPATH\CodeIgniter.php(354): CodeIgniter\CodeIgniter->handleRequest(null, Object(Config\Cache), false)
 8 SYSTEMPATH\Boot.php(363): CodeIgniter\CodeIgniter->run()
 9 SYSTEMPATH\Boot.php(68): CodeIgniter\Boot::runCodeIgniter(Object(CodeIgniter\CodeIgniter))
10 FCPATH\index.php(59): CodeIgniter\Boot::bootWeb(Object(Config\Paths))
11 SYSTEMPATH\rewrite.php(44): require_once('C:\\Users\\Richard Miculob\\Documents\\ReliefTrack\\public\\index.php')
DEBUG - 2026-03-01 10:09:56 --> Session: Class initialized using 'CodeIgniter\Session\Handlers\FileHandler' driver.
WARNING - 2026-03-01 10:09:56 --> [DEPRECATED] Optional parameter $familyMemberId declared before required parameter $distributorId is implicitly treated as a required parameter in APPPATH\Models\InventoryModel.php on line 139.
 1 SYSTEMPATH\Autoloader\Autoloader.php(315): include_once('C:\\Users\\Richard Miculob\\Documents\\ReliefTrack\\system\\Debug\\Exceptions.php')
 2 SYSTEMPATH\Autoloader\Autoloader.php(295): CodeIgniter\Autoloader\Autoloader->includeFile('C:\\Users\\Richard Miculob\\Documents\\ReliefTrack\\app\\Models\\InventoryModel.php')
 3 SYSTEMPATH\Autoloader\Autoloader.php(271): CodeIgniter\Autoloader\Autoloader->loadInNamespace('App\\Models\\InventoryModel')
 4 APPPATH\Controllers\Inventory.php(13): CodeIgniter\Autoloader\Autoloader->loadClass('App\\Models\\InventoryModel')
 5 SYSTEMPATH\CodeIgniter.php(933): App\Controllers\Inventory->index()
 6 SYSTEMPATH\CodeIgniter.php(507): CodeIgniter\CodeIgniter->runController(Object(App\Controllers\Inventory))
 7 SYSTEMPATH\CodeIgniter.php(354): CodeIgniter\CodeIgniter->handleRequest(null, Object(Config\Cache), false)
 8 SYSTEMPATH\Boot.php(363): CodeIgniter\CodeIgniter->run()
 9 SYSTEMPATH\Boot.php(68): CodeIgniter\Boot::runCodeIgniter(Object(CodeIgniter\CodeIgniter))
10 FCPATH\index.php(59): CodeIgniter\Boot::bootWeb(Object(Config\Paths))
11 SYSTEMPATH\rewrite.php(44): require_once('C:\\Users\\Richard Miculob\\Documents\\ReliefTrack\\public\\index.php')
DEBUG - 2026-03-01 10:09:58 --> Session: Class initialized using 'CodeIgniter\Session\Handlers\FileHandler' driver.
WARNING - 2026-03-01 10:09:58 --> [DEPRECATED] Optional parameter $familyMemberId declared before required parameter $distributorId is implicitly treated as a required parameter in APPPATH\Models\InventoryModel.php on line 139.
 1 SYSTEMPATH\Autoloader\Autoloader.php(315): include_once('C:\\Users\\Richard Miculob\\Documents\\ReliefTrack\\system\\Debug\\Exceptions.php')
 2 SYSTEMPATH\Autoloader\Autoloader.php(295): CodeIgniter\Autoloader\Autoloader->includeFile('C:\\Users\\Richard Miculob\\Documents\\ReliefTrack\\app\\Models\\InventoryModel.php')
 3 SYSTEMPATH\Autoloader\Autoloader.php(271): CodeIgniter\Autoloader\Autoloader->loadInNamespace('App\\Models\\InventoryModel')
 4 APPPATH\Controllers\Inventory.php(13): CodeIgniter\Autoloader\Autoloader->loadClass('App\\Models\\InventoryModel')
 5 SYSTEMPATH\CodeIgniter.php(933): App\Controllers\Inventory->index()
 6 SYSTEMPATH\CodeIgniter.php(507): CodeIgniter\CodeIgniter->runController(Object(App\Controllers\Inventory))
 7 SYSTEMPATH\CodeIgniter.php(354): CodeIgniter\CodeIgniter->handleRequest(null, Object(Config\Cache), false)
 8 SYSTEMPATH\Boot.php(363): CodeIgniter\CodeIgniter->run()
 9 SYSTEMPATH\Boot.php(68): CodeIgniter\Boot::runCodeIgniter(Object(CodeIgniter\CodeIgniter))
10 FCPATH\index.php(59): CodeIgniter\Boot::bootWeb(Object(Config\Paths))
11 SYSTEMPATH\rewrite.php(44): require_once('C:\\Users\\Richard Miculob\\Documents\\ReliefTrack\\public\\index.php')
DEBUG - 2026-03-01 10:09:59 --> Session: Class initialized using 'CodeIgniter\Session\Handlers\FileHandler' driver.
WARNING - 2026-03-01 10:09:59 --> [DEPRECATED] Optional parameter $familyMemberId declared before required parameter $distributorId is implicitly treated as a required parameter in APPPATH\Models\InventoryModel.php on line 139.
 1 SYSTEMPATH\Autoloader\Autoloader.php(315): include_once('C:\\Users\\Richard Miculob\\Documents\\ReliefTrack\\system\\Debug\\Exceptions.php')
 2 SYSTEMPATH\Autoloader\Autoloader.php(295): CodeIgniter\Autoloader\Autoloader->includeFile('C:\\Users\\Richard Miculob\\Documents\\ReliefTrack\\app\\Models\\InventoryModel.php')
 3 SYSTEMPATH\Autoloader\Autoloader.php(271): CodeIgniter\Autoloader\Autoloader->loadInNamespace('App\\Models\\InventoryModel')
 4 APPPATH\Controllers\Inventory.php(238): CodeIgniter\Autoloader\Autoloader->loadClass('App\\Models\\InventoryModel')
 5 SYSTEMPATH\CodeIgniter.php(933): App\Controllers\Inventory->viewBatch('12')
 6 SYSTEMPATH\CodeIgniter.php(507): CodeIgniter\CodeIgniter->runController(Object(App\Controllers\Inventory))
 7 SYSTEMPATH\CodeIgniter.php(354): CodeIgniter\CodeIgniter->handleRequest(null, Object(Config\Cache), false)
 8 SYSTEMPATH\Boot.php(363): CodeIgniter\CodeIgniter->run()
 9 SYSTEMPATH\Boot.php(68): CodeIgniter\Boot::runCodeIgniter(Object(CodeIgniter\CodeIgniter))
10 FCPATH\index.php(59): CodeIgniter\Boot::bootWeb(Object(Config\Paths))
11 SYSTEMPATH\rewrite.php(44): require_once('C:\\Users\\Richard Miculob\\Documents\\ReliefTrack\\public\\index.php')
DEBUG - 2026-03-01 10:10:01 --> Session: Class initialized using 'CodeIgniter\Session\Handlers\FileHandler' driver.
WARNING - 2026-03-01 10:10:01 --> [DEPRECATED] Optional parameter $familyMemberId declared before required parameter $distributorId is implicitly treated as a required parameter in APPPATH\Models\InventoryModel.php on line 139.
 1 SYSTEMPATH\Autoloader\Autoloader.php(315): include_once('C:\\Users\\Richard Miculob\\Documents\\ReliefTrack\\system\\Debug\\Exceptions.php')
 2 SYSTEMPATH\Autoloader\Autoloader.php(295): CodeIgniter\Autoloader\Autoloader->includeFile('C:\\Users\\Richard Miculob\\Documents\\ReliefTrack\\app\\Models\\InventoryModel.php')
 3 SYSTEMPATH\Autoloader\Autoloader.php(271): CodeIgniter\Autoloader\Autoloader->loadInNamespace('App\\Models\\InventoryModel')
 4 APPPATH\Controllers\Inventory.php(238): CodeIgniter\Autoloader\Autoloader->loadClass('App\\Models\\InventoryModel')
 5 SYSTEMPATH\CodeIgniter.php(933): App\Controllers\Inventory->viewBatch('12')
 6 SYSTEMPATH\CodeIgniter.php(507): CodeIgniter\CodeIgniter->runController(Object(App\Controllers\Inventory))
 7 SYSTEMPATH\CodeIgniter.php(354): CodeIgniter\CodeIgniter->handleRequest(null, Object(Config\Cache), false)
 8 SYSTEMPATH\Boot.php(363): CodeIgniter\CodeIgniter->run()
 9 SYSTEMPATH\Boot.php(68): CodeIgniter\Boot::runCodeIgniter(Object(CodeIgniter\CodeIgniter))
10 FCPATH\index.php(59): CodeIgniter\Boot::bootWeb(Object(Config\Paths))
11 SYSTEMPATH\rewrite.php(44): require_once('C:\\Users\\Richard Miculob\\Documents\\ReliefTrack\\public\\index.php')
DEBUG - 2026-03-01 10:13:26 --> Session: Class initialized using 'CodeIgniter\Session\Handlers\FileHandler' driver.
WARNING - 2026-03-01 10:13:26 --> [DEPRECATED] Optional parameter $familyMemberId declared before required parameter $distributorId is implicitly treated as a required parameter in APPPATH\Models\InventoryModel.php on line 139.
 1 SYSTEMPATH\Autoloader\Autoloader.php(315): include_once('C:\\Users\\Richard Miculob\\Documents\\ReliefTrack\\system\\Debug\\Exceptions.php')
 2 SYSTEMPATH\Autoloader\Autoloader.php(295): CodeIgniter\Autoloader\Autoloader->includeFile('C:\\Users\\Richard Miculob\\Documents\\ReliefTrack\\app\\Models\\InventoryModel.php')
 3 SYSTEMPATH\Autoloader\Autoloader.php(271): CodeIgniter\Autoloader\Autoloader->loadInNamespace('App\\Models\\InventoryModel')
 4 APPPATH\Controllers\Inventory.php(238): CodeIgniter\Autoloader\Autoloader->loadClass('App\\Models\\InventoryModel')
 5 SYSTEMPATH\CodeIgniter.php(933): App\Controllers\Inventory->viewBatch('12')
 6 SYSTEMPATH\CodeIgniter.php(507): CodeIgniter\CodeIgniter->runController(Object(App\Controllers\Inventory))
 7 SYSTEMPATH\CodeIgniter.php(354): CodeIgniter\CodeIgniter->handleRequest(null, Object(Config\Cache), false)
 8 SYSTEMPATH\Boot.php(363): CodeIgniter\CodeIgniter->run()
 9 SYSTEMPATH\Boot.php(68): CodeIgniter\Boot::runCodeIgniter(Object(CodeIgniter\CodeIgniter))
10 FCPATH\index.php(59): CodeIgniter\Boot::bootWeb(Object(Config\Paths))
11 SYSTEMPATH\rewrite.php(44): require_once('C:\\Users\\Richard Miculob\\Documents\\ReliefTrack\\public\\index.php')
DEBUG - 2026-03-01 10:13:32 --> Session: Class initialized using 'CodeIgniter\Session\Handlers\FileHandler' driver.
WARNING - 2026-03-01 10:13:32 --> [DEPRECATED] Optional parameter $familyMemberId declared before required parameter $distributorId is implicitly treated as a required parameter in APPPATH\Models\InventoryModel.php on line 139.
 1 SYSTEMPATH\Autoloader\Autoloader.php(315): include_once('C:\\Users\\Richard Miculob\\Documents\\ReliefTrack\\system\\Debug\\Exceptions.php')
 2 SYSTEMPATH\Autoloader\Autoloader.php(295): CodeIgniter\Autoloader\Autoloader->includeFile('C:\\Users\\Richard Miculob\\Documents\\ReliefTrack\\app\\Models\\InventoryModel.php')
 3 SYSTEMPATH\Autoloader\Autoloader.php(271): CodeIgniter\Autoloader\Autoloader->loadInNamespace('App\\Models\\InventoryModel')
 4 APPPATH\Controllers\Inventory.php(13): CodeIgniter\Autoloader\Autoloader->loadClass('App\\Models\\InventoryModel')
 5 SYSTEMPATH\CodeIgniter.php(933): App\Controllers\Inventory->index()
 6 SYSTEMPATH\CodeIgniter.php(507): CodeIgniter\CodeIgniter->runController(Object(App\Controllers\Inventory))
 7 SYSTEMPATH\CodeIgniter.php(354): CodeIgniter\CodeIgniter->handleRequest(null, Object(Config\Cache), false)
 8 SYSTEMPATH\Boot.php(363): CodeIgniter\CodeIgniter->run()
 9 SYSTEMPATH\Boot.php(68): CodeIgniter\Boot::runCodeIgniter(Object(CodeIgniter\CodeIgniter))
10 FCPATH\index.php(59): CodeIgniter\Boot::bootWeb(Object(Config\Paths))
11 SYSTEMPATH\rewrite.php(44): require_once('C:\\Users\\Richard Miculob\\Documents\\ReliefTrack\\public\\index.php')
DEBUG - 2026-03-01 10:13:41 --> Session: Class initialized using 'CodeIgniter\Session\Handlers\FileHandler' driver.
DEBUG - 2026-03-01 10:13:45 --> Session: Class initialized using 'CodeIgniter\Session\Handlers\FileHandler' driver.
DEBUG - 2026-03-01 10:13:47 --> Session: Class initialized using 'CodeIgniter\Session\Handlers\FileHandler' driver.
DEBUG - 2026-03-01 10:15:10 --> Session: Class initialized using 'CodeIgniter\Session\Handlers\FileHandler' driver.
WARNING - 2026-03-01 10:15:10 --> [DEPRECATED] Optional parameter $familyMemberId declared before required parameter $distributorId is implicitly treated as a required parameter in APPPATH\Models\InventoryModel.php on line 139.
 1 SYSTEMPATH\Autoloader\Autoloader.php(315): include_once('C:\\Users\\Richard Miculob\\Documents\\ReliefTrack\\system\\Debug\\Exceptions.php')
 2 SYSTEMPATH\Autoloader\Autoloader.php(295): CodeIgniter\Autoloader\Autoloader->includeFile('C:\\Users\\Richard Miculob\\Documents\\ReliefTrack\\app\\Models\\InventoryModel.php')
 3 SYSTEMPATH\Autoloader\Autoloader.php(271): CodeIgniter\Autoloader\Autoloader->loadInNamespace('App\\Models\\InventoryModel')
 4 APPPATH\Controllers\Inventory.php(13): CodeIgniter\Autoloader\Autoloader->loadClass('App\\Models\\InventoryModel')
 5 SYSTEMPATH\CodeIgniter.php(933): App\Controllers\Inventory->index()
 6 SYSTEMPATH\CodeIgniter.php(507): CodeIgniter\CodeIgniter->runController(Object(App\Controllers\Inventory))
 7 SYSTEMPATH\CodeIgniter.php(354): CodeIgniter\CodeIgniter->handleRequest(null, Object(Config\Cache), false)
 8 SYSTEMPATH\Boot.php(363): CodeIgniter\CodeIgniter->run()
 9 SYSTEMPATH\Boot.php(68): CodeIgniter\Boot::runCodeIgniter(Object(CodeIgniter\CodeIgniter))
10 FCPATH\index.php(59): CodeIgniter\Boot::bootWeb(Object(Config\Paths))
11 SYSTEMPATH\rewrite.php(44): require_once('C:\\Users\\Richard Miculob\\Documents\\ReliefTrack\\public\\index.php')
DEBUG - 2026-03-01 10:15:13 --> Session: Class initialized using 'CodeIgniter\Session\Handlers\FileHandler' driver.
WARNING - 2026-03-01 10:15:13 --> [DEPRECATED] Optional parameter $familyMemberId declared before required parameter $distributorId is implicitly treated as a required parameter in APPPATH\Models\InventoryModel.php on line 139.
 1 SYSTEMPATH\Autoloader\Autoloader.php(315): include_once('C:\\Users\\Richard Miculob\\Documents\\ReliefTrack\\system\\Debug\\Exceptions.php')
 2 SYSTEMPATH\Autoloader\Autoloader.php(295): CodeIgniter\Autoloader\Autoloader->includeFile('C:\\Users\\Richard Miculob\\Documents\\ReliefTrack\\app\\Models\\InventoryModel.php')
 3 SYSTEMPATH\Autoloader\Autoloader.php(271): CodeIgniter\Autoloader\Autoloader->loadInNamespace('App\\Models\\InventoryModel')
 4 APPPATH\Controllers\Inventory.php(337): CodeIgniter\Autoloader\Autoloader->loadClass('App\\Models\\InventoryModel')
 5 SYSTEMPATH\CodeIgniter.php(933): App\Controllers\Inventory->delete('11')
 6 SYSTEMPATH\CodeIgniter.php(507): CodeIgniter\CodeIgniter->runController(Object(App\Controllers\Inventory))
 7 SYSTEMPATH\CodeIgniter.php(354): CodeIgniter\CodeIgniter->handleRequest(null, Object(Config\Cache), false)
 8 SYSTEMPATH\Boot.php(363): CodeIgniter\CodeIgniter->run()
 9 SYSTEMPATH\Boot.php(68): CodeIgniter\Boot::runCodeIgniter(Object(CodeIgniter\CodeIgniter))
10 FCPATH\index.php(59): CodeIgniter\Boot::bootWeb(Object(Config\Paths))
11 SYSTEMPATH\rewrite.php(44): require_once('C:\\Users\\Richard Miculob\\Documents\\ReliefTrack\\public\\index.php')
DEBUG - 2026-03-01 10:15:14 --> Session: Class initialized using 'CodeIgniter\Session\Handlers\FileHandler' driver.
WARNING - 2026-03-01 10:15:14 --> [DEPRECATED] Optional parameter $familyMemberId declared before required parameter $distributorId is implicitly treated as a required parameter in APPPATH\Models\InventoryModel.php on line 139.
 1 SYSTEMPATH\Autoloader\Autoloader.php(315): include_once('C:\\Users\\Richard Miculob\\Documents\\ReliefTrack\\system\\Debug\\Exceptions.php')
 2 SYSTEMPATH\Autoloader\Autoloader.php(295): CodeIgniter\Autoloader\Autoloader->includeFile('C:\\Users\\Richard Miculob\\Documents\\ReliefTrack\\app\\Models\\InventoryModel.php')
 3 SYSTEMPATH\Autoloader\Autoloader.php(271): CodeIgniter\Autoloader\Autoloader->loadInNamespace('App\\Models\\InventoryModel')
 4 APPPATH\Controllers\Inventory.php(13): CodeIgniter\Autoloader\Autoloader->loadClass('App\\Models\\InventoryModel')
 5 SYSTEMPATH\CodeIgniter.php(933): App\Controllers\Inventory->index()
 6 SYSTEMPATH\CodeIgniter.php(507): CodeIgniter\CodeIgniter->runController(Object(App\Controllers\Inventory))
 7 SYSTEMPATH\CodeIgniter.php(354): CodeIgniter\CodeIgniter->handleRequest(null, Object(Config\Cache), false)
 8 SYSTEMPATH\Boot.php(363): CodeIgniter\CodeIgniter->run()
 9 SYSTEMPATH\Boot.php(68): CodeIgniter\Boot::runCodeIgniter(Object(CodeIgniter\CodeIgniter))
10 FCPATH\index.php(59): CodeIgniter\Boot::bootWeb(Object(Config\Paths))
11 SYSTEMPATH\rewrite.php(44): require_once('C:\\Users\\Richard Miculob\\Documents\\ReliefTrack\\public\\index.php')
DEBUG - 2026-03-01 10:18:22 --> Session: Class initialized using 'CodeIgniter\Session\Handlers\FileHandler' driver.
WARNING - 2026-03-01 10:18:23 --> [DEPRECATED] Optional parameter $familyMemberId declared before required parameter $distributorId is implicitly treated as a required parameter in APPPATH\Models\InventoryModel.php on line 139.
 1 SYSTEMPATH\Autoloader\Autoloader.php(315): include_once('C:\\Users\\Richard Miculob\\Documents\\ReliefTrack\\system\\Debug\\Exceptions.php')
 2 SYSTEMPATH\Autoloader\Autoloader.php(295): CodeIgniter\Autoloader\Autoloader->includeFile('C:\\Users\\Richard Miculob\\Documents\\ReliefTrack\\app\\Models\\InventoryModel.php')
 3 SYSTEMPATH\Autoloader\Autoloader.php(271): CodeIgniter\Autoloader\Autoloader->loadInNamespace('App\\Models\\InventoryModel')
 4 APPPATH\Controllers\Inventory.php(13): CodeIgniter\Autoloader\Autoloader->loadClass('App\\Models\\InventoryModel')
 5 SYSTEMPATH\CodeIgniter.php(933): App\Controllers\Inventory->index()
 6 SYSTEMPATH\CodeIgniter.php(507): CodeIgniter\CodeIgniter->runController(Object(App\Controllers\Inventory))
 7 SYSTEMPATH\CodeIgniter.php(354): CodeIgniter\CodeIgniter->handleRequest(null, Object(Config\Cache), false)
 8 SYSTEMPATH\Boot.php(363): CodeIgniter\CodeIgniter->run()
 9 SYSTEMPATH\Boot.php(68): CodeIgniter\Boot::runCodeIgniter(Object(CodeIgniter\CodeIgniter))
10 FCPATH\index.php(59): CodeIgniter\Boot::bootWeb(Object(Config\Paths))
11 SYSTEMPATH\rewrite.php(44): require_once('C:\\Users\\Richard Miculob\\Documents\\ReliefTrack\\public\\index.php')
DEBUG - 2026-03-01 10:18:24 --> Session: Class initialized using 'CodeIgniter\Session\Handlers\FileHandler' driver.
DEBUG - 2026-03-01 10:18:40 --> Session: Class initialized using 'CodeIgniter\Session\Handlers\FileHandler' driver.
WARNING - 2026-03-01 10:18:40 --> [DEPRECATED] Optional parameter $familyMemberId declared before required parameter $distributorId is implicitly treated as a required parameter in APPPATH\Models\InventoryModel.php on line 139.
 1 SYSTEMPATH\Autoloader\Autoloader.php(315): include_once('C:\\Users\\Richard Miculob\\Documents\\ReliefTrack\\system\\Debug\\Exceptions.php')
 2 SYSTEMPATH\Autoloader\Autoloader.php(295): CodeIgniter\Autoloader\Autoloader->includeFile('C:\\Users\\Richard Miculob\\Documents\\ReliefTrack\\app\\Models\\InventoryModel.php')
 3 SYSTEMPATH\Autoloader\Autoloader.php(271): CodeIgniter\Autoloader\Autoloader->loadInNamespace('App\\Models\\InventoryModel')
 4 APPPATH\Controllers\Inventory.php(191): CodeIgniter\Autoloader\Autoloader->loadClass('App\\Models\\InventoryModel')
 5 SYSTEMPATH\CodeIgniter.php(933): App\Controllers\Inventory->saveItemWithBatch()
 6 SYSTEMPATH\CodeIgniter.php(507): CodeIgniter\CodeIgniter->runController(Object(App\Controllers\Inventory))
 7 SYSTEMPATH\CodeIgniter.php(354): CodeIgniter\CodeIgniter->handleRequest(null, Object(Config\Cache), false)
 8 SYSTEMPATH\Boot.php(363): CodeIgniter\CodeIgniter->run()
 9 SYSTEMPATH\Boot.php(68): CodeIgniter\Boot::runCodeIgniter(Object(CodeIgniter\CodeIgniter))
10 FCPATH\index.php(59): CodeIgniter\Boot::bootWeb(Object(Config\Paths))
11 SYSTEMPATH\rewrite.php(44): require_once('C:\\Users\\Richard Miculob\\Documents\\ReliefTrack\\public\\index.php')
DEBUG - 2026-03-01 10:18:40 --> Session: Class initialized using 'CodeIgniter\Session\Handlers\FileHandler' driver.
WARNING - 2026-03-01 10:18:40 --> [DEPRECATED] Optional parameter $familyMemberId declared before required parameter $distributorId is implicitly treated as a required parameter in APPPATH\Models\InventoryModel.php on line 139.
 1 SYSTEMPATH\Autoloader\Autoloader.php(315): include_once('C:\\Users\\Richard Miculob\\Documents\\ReliefTrack\\system\\Debug\\Exceptions.php')
 2 SYSTEMPATH\Autoloader\Autoloader.php(295): CodeIgniter\Autoloader\Autoloader->includeFile('C:\\Users\\Richard Miculob\\Documents\\ReliefTrack\\app\\Models\\InventoryModel.php')
 3 SYSTEMPATH\Autoloader\Autoloader.php(271): CodeIgniter\Autoloader\Autoloader->loadInNamespace('App\\Models\\InventoryModel')
 4 APPPATH\Controllers\Inventory.php(287): CodeIgniter\Autoloader\Autoloader->loadClass('App\\Models\\InventoryModel')
 5 SYSTEMPATH\CodeIgniter.php(933): App\Controllers\Inventory->batches('13')
 6 SYSTEMPATH\CodeIgniter.php(507): CodeIgniter\CodeIgniter->runController(Object(App\Controllers\Inventory))
 7 SYSTEMPATH\CodeIgniter.php(354): CodeIgniter\CodeIgniter->handleRequest(null, Object(Config\Cache), false)
 8 SYSTEMPATH\Boot.php(363): CodeIgniter\CodeIgniter->run()
 9 SYSTEMPATH\Boot.php(68): CodeIgniter\Boot::runCodeIgniter(Object(CodeIgniter\CodeIgniter))
10 FCPATH\index.php(59): CodeIgniter\Boot::bootWeb(Object(Config\Paths))
11 SYSTEMPATH\rewrite.php(44): require_once('C:\\Users\\Richard Miculob\\Documents\\ReliefTrack\\public\\index.php')
DEBUG - 2026-03-01 10:18:40 --> Session: Class initialized using 'CodeIgniter\Session\Handlers\FileHandler' driver.
WARNING - 2026-03-01 10:18:40 --> [DEPRECATED] Optional parameter $familyMemberId declared before required parameter $distributorId is implicitly treated as a required parameter in APPPATH\Models\InventoryModel.php on line 139.
 1 SYSTEMPATH\Autoloader\Autoloader.php(315): include_once('C:\\Users\\Richard Miculob\\Documents\\ReliefTrack\\system\\Debug\\Exceptions.php')
 2 SYSTEMPATH\Autoloader\Autoloader.php(295): CodeIgniter\Autoloader\Autoloader->includeFile('C:\\Users\\Richard Miculob\\Documents\\ReliefTrack\\app\\Models\\InventoryModel.php')
 3 SYSTEMPATH\Autoloader\Autoloader.php(271): CodeIgniter\Autoloader\Autoloader->loadInNamespace('App\\Models\\InventoryModel')
 4 APPPATH\Controllers\Inventory.php(13): CodeIgniter\Autoloader\Autoloader->loadClass('App\\Models\\InventoryModel')
 5 SYSTEMPATH\CodeIgniter.php(933): App\Controllers\Inventory->index()
 6 SYSTEMPATH\CodeIgniter.php(507): CodeIgniter\CodeIgniter->runController(Object(App\Controllers\Inventory))
 7 SYSTEMPATH\CodeIgniter.php(354): CodeIgniter\CodeIgniter->handleRequest(null, Object(Config\Cache), false)
 8 SYSTEMPATH\Boot.php(363): CodeIgniter\CodeIgniter->run()
 9 SYSTEMPATH\Boot.php(68): CodeIgniter\Boot::runCodeIgniter(Object(CodeIgniter\CodeIgniter))
10 FCPATH\index.php(59): CodeIgniter\Boot::bootWeb(Object(Config\Paths))
11 SYSTEMPATH\rewrite.php(44): require_once('C:\\Users\\Richard Miculob\\Documents\\ReliefTrack\\public\\index.php')
DEBUG - 2026-03-01 10:18:44 --> Session: Class initialized using 'CodeIgniter\Session\Handlers\FileHandler' driver.
WARNING - 2026-03-01 10:18:44 --> [DEPRECATED] Optional parameter $familyMemberId declared before required parameter $distributorId is implicitly treated as a required parameter in APPPATH\Models\InventoryModel.php on line 139.
 1 SYSTEMPATH\Autoloader\Autoloader.php(315): include_once('C:\\Users\\Richard Miculob\\Documents\\ReliefTrack\\system\\Debug\\Exceptions.php')
 2 SYSTEMPATH\Autoloader\Autoloader.php(295): CodeIgniter\Autoloader\Autoloader->includeFile('C:\\Users\\Richard Miculob\\Documents\\ReliefTrack\\app\\Models\\InventoryModel.php')
 3 SYSTEMPATH\Autoloader\Autoloader.php(271): CodeIgniter\Autoloader\Autoloader->loadInNamespace('App\\Models\\InventoryModel')
 4 APPPATH\Controllers\Inventory.php(287): CodeIgniter\Autoloader\Autoloader->loadClass('App\\Models\\InventoryModel')
 5 SYSTEMPATH\CodeIgniter.php(933): App\Controllers\Inventory->batches('12')
 6 SYSTEMPATH\CodeIgniter.php(507): CodeIgniter\CodeIgniter->runController(Object(App\Controllers\Inventory))
 7 SYSTEMPATH\CodeIgniter.php(354): CodeIgniter\CodeIgniter->handleRequest(null, Object(Config\Cache), false)
 8 SYSTEMPATH\Boot.php(363): CodeIgniter\CodeIgniter->run()
 9 SYSTEMPATH\Boot.php(68): CodeIgniter\Boot::runCodeIgniter(Object(CodeIgniter\CodeIgniter))
10 FCPATH\index.php(59): CodeIgniter\Boot::bootWeb(Object(Config\Paths))
11 SYSTEMPATH\rewrite.php(44): require_once('C:\\Users\\Richard Miculob\\Documents\\ReliefTrack\\public\\index.php')
DEBUG - 2026-03-01 10:18:49 --> Session: Class initialized using 'CodeIgniter\Session\Handlers\FileHandler' driver.
WARNING - 2026-03-01 10:18:49 --> [DEPRECATED] Optional parameter $familyMemberId declared before required parameter $distributorId is implicitly treated as a required parameter in APPPATH\Models\InventoryModel.php on line 139.
 1 SYSTEMPATH\Autoloader\Autoloader.php(315): include_once('C:\\Users\\Richard Miculob\\Documents\\ReliefTrack\\system\\Debug\\Exceptions.php')
 2 SYSTEMPATH\Autoloader\Autoloader.php(295): CodeIgniter\Autoloader\Autoloader->includeFile('C:\\Users\\Richard Miculob\\Documents\\ReliefTrack\\app\\Models\\InventoryModel.php')
 3 SYSTEMPATH\Autoloader\Autoloader.php(271): CodeIgniter\Autoloader\Autoloader->loadInNamespace('App\\Models\\InventoryModel')
 4 APPPATH\Controllers\Inventory.php(13): CodeIgniter\Autoloader\Autoloader->loadClass('App\\Models\\InventoryModel')
 5 SYSTEMPATH\CodeIgniter.php(933): App\Controllers\Inventory->index()
 6 SYSTEMPATH\CodeIgniter.php(507): CodeIgniter\CodeIgniter->runController(Object(App\Controllers\Inventory))
 7 SYSTEMPATH\CodeIgniter.php(354): CodeIgniter\CodeIgniter->handleRequest(null, Object(Config\Cache), false)
 8 SYSTEMPATH\Boot.php(363): CodeIgniter\CodeIgniter->run()
 9 SYSTEMPATH\Boot.php(68): CodeIgniter\Boot::runCodeIgniter(Object(CodeIgniter\CodeIgniter))
10 FCPATH\index.php(59): CodeIgniter\Boot::bootWeb(Object(Config\Paths))
11 SYSTEMPATH\rewrite.php(44): require_once('C:\\Users\\Richard Miculob\\Documents\\ReliefTrack\\public\\index.php')
DEBUG - 2026-03-01 10:18:54 --> Session: Class initialized using 'CodeIgniter\Session\Handlers\FileHandler' driver.
WARNING - 2026-03-01 10:18:54 --> [DEPRECATED] Optional parameter $familyMemberId declared before required parameter $distributorId is implicitly treated as a required parameter in APPPATH\Models\InventoryModel.php on line 139.
 1 SYSTEMPATH\Autoloader\Autoloader.php(315): include_once('C:\\Users\\Richard Miculob\\Documents\\ReliefTrack\\system\\Debug\\Exceptions.php')
 2 SYSTEMPATH\Autoloader\Autoloader.php(295): CodeIgniter\Autoloader\Autoloader->includeFile('C:\\Users\\Richard Miculob\\Documents\\ReliefTrack\\app\\Models\\InventoryModel.php')
 3 SYSTEMPATH\Autoloader\Autoloader.php(271): CodeIgniter\Autoloader\Autoloader->loadInNamespace('App\\Models\\InventoryModel')
 4 APPPATH\Controllers\Inventory.php(238): CodeIgniter\Autoloader\Autoloader->loadClass('App\\Models\\InventoryModel')
 5 SYSTEMPATH\CodeIgniter.php(933): App\Controllers\Inventory->viewBatch('13')
 6 SYSTEMPATH\CodeIgniter.php(507): CodeIgniter\CodeIgniter->runController(Object(App\Controllers\Inventory))
 7 SYSTEMPATH\CodeIgniter.php(354): CodeIgniter\CodeIgniter->handleRequest(null, Object(Config\Cache), false)
 8 SYSTEMPATH\Boot.php(363): CodeIgniter\CodeIgniter->run()
 9 SYSTEMPATH\Boot.php(68): CodeIgniter\Boot::runCodeIgniter(Object(CodeIgniter\CodeIgniter))
10 FCPATH\index.php(59): CodeIgniter\Boot::bootWeb(Object(Config\Paths))
11 SYSTEMPATH\rewrite.php(44): require_once('C:\\Users\\Richard Miculob\\Documents\\ReliefTrack\\public\\index.php')
DEBUG - 2026-03-01 10:20:11 --> Session: Class initialized using 'CodeIgniter\Session\Handlers\FileHandler' driver.
WARNING - 2026-03-01 10:20:11 --> [DEPRECATED] Optional parameter $familyMemberId declared before required parameter $distributorId is implicitly treated as a required parameter in APPPATH\Models\InventoryModel.php on line 139.
 1 SYSTEMPATH\Autoloader\Autoloader.php(315): include_once('C:\\Users\\Richard Miculob\\Documents\\ReliefTrack\\system\\Debug\\Exceptions.php')
 2 SYSTEMPATH\Autoloader\Autoloader.php(295): CodeIgniter\Autoloader\Autoloader->includeFile('C:\\Users\\Richard Miculob\\Documents\\ReliefTrack\\app\\Models\\InventoryModel.php')
 3 SYSTEMPATH\Autoloader\Autoloader.php(271): CodeIgniter\Autoloader\Autoloader->loadInNamespace('App\\Models\\InventoryModel')
 4 APPPATH\Controllers\Inventory.php(287): CodeIgniter\Autoloader\Autoloader->loadClass('App\\Models\\InventoryModel')
 5 SYSTEMPATH\CodeIgniter.php(933): App\Controllers\Inventory->batches('12')
 6 SYSTEMPATH\CodeIgniter.php(507): CodeIgniter\CodeIgniter->runController(Object(App\Controllers\Inventory))
 7 SYSTEMPATH\CodeIgniter.php(354): CodeIgniter\CodeIgniter->handleRequest(null, Object(Config\Cache), false)
 8 SYSTEMPATH\Boot.php(363): CodeIgniter\CodeIgniter->run()
 9 SYSTEMPATH\Boot.php(68): CodeIgniter\Boot::runCodeIgniter(Object(CodeIgniter\CodeIgniter))
10 FCPATH\index.php(59): CodeIgniter\Boot::bootWeb(Object(Config\Paths))
11 SYSTEMPATH\rewrite.php(44): require_once('C:\\Users\\Richard Miculob\\Documents\\ReliefTrack\\public\\index.php')
DEBUG - 2026-03-01 10:20:12 --> Session: Class initialized using 'CodeIgniter\Session\Handlers\FileHandler' driver.
WARNING - 2026-03-01 10:20:12 --> [DEPRECATED] Optional parameter $familyMemberId declared before required parameter $distributorId is implicitly treated as a required parameter in APPPATH\Models\InventoryModel.php on line 139.
 1 SYSTEMPATH\Autoloader\Autoloader.php(315): include_once('C:\\Users\\Richard Miculob\\Documents\\ReliefTrack\\system\\Debug\\Exceptions.php')
 2 SYSTEMPATH\Autoloader\Autoloader.php(295): CodeIgniter\Autoloader\Autoloader->includeFile('C:\\Users\\Richard Miculob\\Documents\\ReliefTrack\\app\\Models\\InventoryModel.php')
 3 SYSTEMPATH\Autoloader\Autoloader.php(271): CodeIgniter\Autoloader\Autoloader->loadInNamespace('App\\Models\\InventoryModel')
 4 APPPATH\Controllers\Inventory.php(163): CodeIgniter\Autoloader\Autoloader->loadClass('App\\Models\\InventoryModel')
 5 SYSTEMPATH\CodeIgniter.php(933): App\Controllers\Inventory->update_stock('12')
 6 SYSTEMPATH\CodeIgniter.php(507): CodeIgniter\CodeIgniter->runController(Object(App\Controllers\Inventory))
 7 SYSTEMPATH\CodeIgniter.php(354): CodeIgniter\CodeIgniter->handleRequest(null, Object(Config\Cache), false)
 8 SYSTEMPATH\Boot.php(363): CodeIgniter\CodeIgniter->run()
 9 SYSTEMPATH\Boot.php(68): CodeIgniter\Boot::runCodeIgniter(Object(CodeIgniter\CodeIgniter))
10 FCPATH\index.php(59): CodeIgniter\Boot::bootWeb(Object(Config\Paths))
11 SYSTEMPATH\rewrite.php(44): require_once('C:\\Users\\Richard Miculob\\Documents\\ReliefTrack\\public\\index.php')
DEBUG - 2026-03-01 10:20:15 --> Session: Class initialized using 'CodeIgniter\Session\Handlers\FileHandler' driver.
WARNING - 2026-03-01 10:20:15 --> [DEPRECATED] Optional parameter $familyMemberId declared before required parameter $distributorId is implicitly treated as a required parameter in APPPATH\Models\InventoryModel.php on line 139.
 1 SYSTEMPATH\Autoloader\Autoloader.php(315): include_once('C:\\Users\\Richard Miculob\\Documents\\ReliefTrack\\system\\Debug\\Exceptions.php')
 2 SYSTEMPATH\Autoloader\Autoloader.php(295): CodeIgniter\Autoloader\Autoloader->includeFile('C:\\Users\\Richard Miculob\\Documents\\ReliefTrack\\app\\Models\\InventoryModel.php')
 3 SYSTEMPATH\Autoloader\Autoloader.php(271): CodeIgniter\Autoloader\Autoloader->loadInNamespace('App\\Models\\InventoryModel')
 4 APPPATH\Controllers\Inventory.php(13): CodeIgniter\Autoloader\Autoloader->loadClass('App\\Models\\InventoryModel')
 5 SYSTEMPATH\CodeIgniter.php(933): App\Controllers\Inventory->index()
 6 SYSTEMPATH\CodeIgniter.php(507): CodeIgniter\CodeIgniter->runController(Object(App\Controllers\Inventory))
 7 SYSTEMPATH\CodeIgniter.php(354): CodeIgniter\CodeIgniter->handleRequest(null, Object(Config\Cache), false)
 8 SYSTEMPATH\Boot.php(363): CodeIgniter\CodeIgniter->run()
 9 SYSTEMPATH\Boot.php(68): CodeIgniter\Boot::runCodeIgniter(Object(CodeIgniter\CodeIgniter))
10 FCPATH\index.php(59): CodeIgniter\Boot::bootWeb(Object(Config\Paths))
11 SYSTEMPATH\rewrite.php(44): require_once('C:\\Users\\Richard Miculob\\Documents\\ReliefTrack\\public\\index.php')
DEBUG - 2026-03-01 10:20:18 --> Session: Class initialized using 'CodeIgniter\Session\Handlers\FileHandler' driver.
WARNING - 2026-03-01 10:20:18 --> [DEPRECATED] Optional parameter $familyMemberId declared before required parameter $distributorId is implicitly treated as a required parameter in APPPATH\Models\InventoryModel.php on line 139.
 1 SYSTEMPATH\Autoloader\Autoloader.php(315): include_once('C:\\Users\\Richard Miculob\\Documents\\ReliefTrack\\system\\Debug\\Exceptions.php')
 2 SYSTEMPATH\Autoloader\Autoloader.php(295): CodeIgniter\Autoloader\Autoloader->includeFile('C:\\Users\\Richard Miculob\\Documents\\ReliefTrack\\app\\Models\\InventoryModel.php')
 3 SYSTEMPATH\Autoloader\Autoloader.php(271): CodeIgniter\Autoloader\Autoloader->loadInNamespace('App\\Models\\InventoryModel')
 4 APPPATH\Controllers\Inventory.php(337): CodeIgniter\Autoloader\Autoloader->loadClass('App\\Models\\InventoryModel')
 5 SYSTEMPATH\CodeIgniter.php(933): App\Controllers\Inventory->delete('12')
 6 SYSTEMPATH\CodeIgniter.php(507): CodeIgniter\CodeIgniter->runController(Object(App\Controllers\Inventory))
 7 SYSTEMPATH\CodeIgniter.php(354): CodeIgniter\CodeIgniter->handleRequest(null, Object(Config\Cache), false)
 8 SYSTEMPATH\Boot.php(363): CodeIgniter\CodeIgniter->run()
 9 SYSTEMPATH\Boot.php(68): CodeIgniter\Boot::runCodeIgniter(Object(CodeIgniter\CodeIgniter))
10 FCPATH\index.php(59): CodeIgniter\Boot::bootWeb(Object(Config\Paths))
11 SYSTEMPATH\rewrite.php(44): require_once('C:\\Users\\Richard Miculob\\Documents\\ReliefTrack\\public\\index.php')
DEBUG - 2026-03-01 10:20:18 --> Session: Class initialized using 'CodeIgniter\Session\Handlers\FileHandler' driver.
WARNING - 2026-03-01 10:20:18 --> [DEPRECATED] Optional parameter $familyMemberId declared before required parameter $distributorId is implicitly treated as a required parameter in APPPATH\Models\InventoryModel.php on line 139.
 1 SYSTEMPATH\Autoloader\Autoloader.php(315): include_once('C:\\Users\\Richard Miculob\\Documents\\ReliefTrack\\system\\Debug\\Exceptions.php')
 2 SYSTEMPATH\Autoloader\Autoloader.php(295): CodeIgniter\Autoloader\Autoloader->includeFile('C:\\Users\\Richard Miculob\\Documents\\ReliefTrack\\app\\Models\\InventoryModel.php')
 3 SYSTEMPATH\Autoloader\Autoloader.php(271): CodeIgniter\Autoloader\Autoloader->loadInNamespace('App\\Models\\InventoryModel')
 4 APPPATH\Controllers\Inventory.php(13): CodeIgniter\Autoloader\Autoloader->loadClass('App\\Models\\InventoryModel')
 5 SYSTEMPATH\CodeIgniter.php(933): App\Controllers\Inventory->index()
 6 SYSTEMPATH\CodeIgniter.php(507): CodeIgniter\CodeIgniter->runController(Object(App\Controllers\Inventory))
 7 SYSTEMPATH\CodeIgniter.php(354): CodeIgniter\CodeIgniter->handleRequest(null, Object(Config\Cache), false)
 8 SYSTEMPATH\Boot.php(363): CodeIgniter\CodeIgniter->run()
 9 SYSTEMPATH\Boot.php(68): CodeIgniter\Boot::runCodeIgniter(Object(CodeIgniter\CodeIgniter))
10 FCPATH\index.php(59): CodeIgniter\Boot::bootWeb(Object(Config\Paths))
11 SYSTEMPATH\rewrite.php(44): require_once('C:\\Users\\Richard Miculob\\Documents\\ReliefTrack\\public\\index.php')
DEBUG - 2026-03-01 10:20:19 --> Session: Class initialized using 'CodeIgniter\Session\Handlers\FileHandler' driver.
DEBUG - 2026-03-01 10:20:32 --> Session: Class initialized using 'CodeIgniter\Session\Handlers\FileHandler' driver.
WARNING - 2026-03-01 10:20:32 --> [DEPRECATED] Optional parameter $familyMemberId declared before required parameter $distributorId is implicitly treated as a required parameter in APPPATH\Models\InventoryModel.php on line 139.
 1 SYSTEMPATH\Autoloader\Autoloader.php(315): include_once('C:\\Users\\Richard Miculob\\Documents\\ReliefTrack\\system\\Debug\\Exceptions.php')
 2 SYSTEMPATH\Autoloader\Autoloader.php(295): CodeIgniter\Autoloader\Autoloader->includeFile('C:\\Users\\Richard Miculob\\Documents\\ReliefTrack\\app\\Models\\InventoryModel.php')
 3 SYSTEMPATH\Autoloader\Autoloader.php(271): CodeIgniter\Autoloader\Autoloader->loadInNamespace('App\\Models\\InventoryModel')
 4 APPPATH\Controllers\Inventory.php(191): CodeIgniter\Autoloader\Autoloader->loadClass('App\\Models\\InventoryModel')
 5 SYSTEMPATH\CodeIgniter.php(933): App\Controllers\Inventory->saveItemWithBatch()
 6 SYSTEMPATH\CodeIgniter.php(507): CodeIgniter\CodeIgniter->runController(Object(App\Controllers\Inventory))
 7 SYSTEMPATH\CodeIgniter.php(354): CodeIgniter\CodeIgniter->handleRequest(null, Object(Config\Cache), false)
 8 SYSTEMPATH\Boot.php(363): CodeIgniter\CodeIgniter->run()
 9 SYSTEMPATH\Boot.php(68): CodeIgniter\Boot::runCodeIgniter(Object(CodeIgniter\CodeIgniter))
10 FCPATH\index.php(59): CodeIgniter\Boot::bootWeb(Object(Config\Paths))
11 SYSTEMPATH\rewrite.php(44): require_once('C:\\Users\\Richard Miculob\\Documents\\ReliefTrack\\public\\index.php')
DEBUG - 2026-03-01 10:20:33 --> Session: Class initialized using 'CodeIgniter\Session\Handlers\FileHandler' driver.
WARNING - 2026-03-01 10:20:33 --> [DEPRECATED] Optional parameter $familyMemberId declared before required parameter $distributorId is implicitly treated as a required parameter in APPPATH\Models\InventoryModel.php on line 139.
 1 SYSTEMPATH\Autoloader\Autoloader.php(315): include_once('C:\\Users\\Richard Miculob\\Documents\\ReliefTrack\\system\\Debug\\Exceptions.php')
 2 SYSTEMPATH\Autoloader\Autoloader.php(295): CodeIgniter\Autoloader\Autoloader->includeFile('C:\\Users\\Richard Miculob\\Documents\\ReliefTrack\\app\\Models\\InventoryModel.php')
 3 SYSTEMPATH\Autoloader\Autoloader.php(271): CodeIgniter\Autoloader\Autoloader->loadInNamespace('App\\Models\\InventoryModel')
 4 APPPATH\Controllers\Inventory.php(287): CodeIgniter\Autoloader\Autoloader->loadClass('App\\Models\\InventoryModel')
 5 SYSTEMPATH\CodeIgniter.php(933): App\Controllers\Inventory->batches('14')
 6 SYSTEMPATH\CodeIgniter.php(507): CodeIgniter\CodeIgniter->runController(Object(App\Controllers\Inventory))
 7 SYSTEMPATH\CodeIgniter.php(354): CodeIgniter\CodeIgniter->handleRequest(null, Object(Config\Cache), false)
 8 SYSTEMPATH\Boot.php(363): CodeIgniter\CodeIgniter->run()
 9 SYSTEMPATH\Boot.php(68): CodeIgniter\Boot::runCodeIgniter(Object(CodeIgniter\CodeIgniter))
10 FCPATH\index.php(59): CodeIgniter\Boot::bootWeb(Object(Config\Paths))
11 SYSTEMPATH\rewrite.php(44): require_once('C:\\Users\\Richard Miculob\\Documents\\ReliefTrack\\public\\index.php')
DEBUG - 2026-03-01 10:20:33 --> Session: Class initialized using 'CodeIgniter\Session\Handlers\FileHandler' driver.
WARNING - 2026-03-01 10:20:33 --> [DEPRECATED] Optional parameter $familyMemberId declared before required parameter $distributorId is implicitly treated as a required parameter in APPPATH\Models\InventoryModel.php on line 139.
 1 SYSTEMPATH\Autoloader\Autoloader.php(315): include_once('C:\\Users\\Richard Miculob\\Documents\\ReliefTrack\\system\\Debug\\Exceptions.php')
 2 SYSTEMPATH\Autoloader\Autoloader.php(295): CodeIgniter\Autoloader\Autoloader->includeFile('C:\\Users\\Richard Miculob\\Documents\\ReliefTrack\\app\\Models\\InventoryModel.php')
 3 SYSTEMPATH\Autoloader\Autoloader.php(271): CodeIgniter\Autoloader\Autoloader->loadInNamespace('App\\Models\\InventoryModel')
 4 APPPATH\Controllers\Inventory.php(13): CodeIgniter\Autoloader\Autoloader->loadClass('App\\Models\\InventoryModel')
 5 SYSTEMPATH\CodeIgniter.php(933): App\Controllers\Inventory->index()
 6 SYSTEMPATH\CodeIgniter.php(507): CodeIgniter\CodeIgniter->runController(Object(App\Controllers\Inventory))
 7 SYSTEMPATH\CodeIgniter.php(354): CodeIgniter\CodeIgniter->handleRequest(null, Object(Config\Cache), false)
 8 SYSTEMPATH\Boot.php(363): CodeIgniter\CodeIgniter->run()
 9 SYSTEMPATH\Boot.php(68): CodeIgniter\Boot::runCodeIgniter(Object(CodeIgniter\CodeIgniter))
10 FCPATH\index.php(59): CodeIgniter\Boot::bootWeb(Object(Config\Paths))
11 SYSTEMPATH\rewrite.php(44): require_once('C:\\Users\\Richard Miculob\\Documents\\ReliefTrack\\public\\index.php')
DEBUG - 2026-03-01 10:20:38 --> Session: Class initialized using 'CodeIgniter\Session\Handlers\FileHandler' driver.
WARNING - 2026-03-01 10:20:38 --> [DEPRECATED] Optional parameter $familyMemberId declared before required parameter $distributorId is implicitly treated as a required parameter in APPPATH\Models\InventoryModel.php on line 139.
 1 SYSTEMPATH\Autoloader\Autoloader.php(315): include_once('C:\\Users\\Richard Miculob\\Documents\\ReliefTrack\\system\\Debug\\Exceptions.php')
 2 SYSTEMPATH\Autoloader\Autoloader.php(295): CodeIgniter\Autoloader\Autoloader->includeFile('C:\\Users\\Richard Miculob\\Documents\\ReliefTrack\\app\\Models\\InventoryModel.php')
 3 SYSTEMPATH\Autoloader\Autoloader.php(271): CodeIgniter\Autoloader\Autoloader->loadInNamespace('App\\Models\\InventoryModel')
 4 APPPATH\Controllers\Inventory.php(238): CodeIgniter\Autoloader\Autoloader->loadClass('App\\Models\\InventoryModel')
 5 SYSTEMPATH\CodeIgniter.php(933): App\Controllers\Inventory->viewBatch('14')
 6 SYSTEMPATH\CodeIgniter.php(507): CodeIgniter\CodeIgniter->runController(Object(App\Controllers\Inventory))
 7 SYSTEMPATH\CodeIgniter.php(354): CodeIgniter\CodeIgniter->handleRequest(null, Object(Config\Cache), false)
 8 SYSTEMPATH\Boot.php(363): CodeIgniter\CodeIgniter->run()
 9 SYSTEMPATH\Boot.php(68): CodeIgniter\Boot::runCodeIgniter(Object(CodeIgniter\CodeIgniter))
10 FCPATH\index.php(59): CodeIgniter\Boot::bootWeb(Object(Config\Paths))
11 SYSTEMPATH\rewrite.php(44): require_once('C:\\Users\\Richard Miculob\\Documents\\ReliefTrack\\public\\index.php')
DEBUG - 2026-03-01 10:20:47 --> Session: Class initialized using 'CodeIgniter\Session\Handlers\FileHandler' driver.
WARNING - 2026-03-01 10:20:47 --> [DEPRECATED] Optional parameter $familyMemberId declared before required parameter $distributorId is implicitly treated as a required parameter in APPPATH\Models\InventoryModel.php on line 139.
 1 SYSTEMPATH\Autoloader\Autoloader.php(315): include_once('C:\\Users\\Richard Miculob\\Documents\\ReliefTrack\\system\\Debug\\Exceptions.php')
 2 SYSTEMPATH\Autoloader\Autoloader.php(295): CodeIgniter\Autoloader\Autoloader->includeFile('C:\\Users\\Richard Miculob\\Documents\\ReliefTrack\\app\\Models\\InventoryModel.php')
 3 SYSTEMPATH\Autoloader\Autoloader.php(271): CodeIgniter\Autoloader\Autoloader->loadInNamespace('App\\Models\\InventoryModel')
 4 APPPATH\Controllers\Inventory.php(13): CodeIgniter\Autoloader\Autoloader->loadClass('App\\Models\\InventoryModel')
 5 SYSTEMPATH\CodeIgniter.php(933): App\Controllers\Inventory->index()
 6 SYSTEMPATH\CodeIgniter.php(507): CodeIgniter\CodeIgniter->runController(Object(App\Controllers\Inventory))
 7 SYSTEMPATH\CodeIgniter.php(354): CodeIgniter\CodeIgniter->handleRequest(null, Object(Config\Cache), false)
 8 SYSTEMPATH\Boot.php(363): CodeIgniter\CodeIgniter->run()
 9 SYSTEMPATH\Boot.php(68): CodeIgniter\Boot::runCodeIgniter(Object(CodeIgniter\CodeIgniter))
10 FCPATH\index.php(59): CodeIgniter\Boot::bootWeb(Object(Config\Paths))
11 SYSTEMPATH\rewrite.php(44): require_once('C:\\Users\\Richard Miculob\\Documents\\ReliefTrack\\public\\index.php')
DEBUG - 2026-03-01 10:20:56 --> Session: Class initialized using 'CodeIgniter\Session\Handlers\FileHandler' driver.
DEBUG - 2026-03-01 10:21:00 --> Session: Class initialized using 'CodeIgniter\Session\Handlers\FileHandler' driver.
DEBUG - 2026-03-01 10:21:07 --> Session: Class initialized using 'CodeIgniter\Session\Handlers\FileHandler' driver.
WARNING - 2026-03-01 10:21:07 --> [DEPRECATED] Optional parameter $familyMemberId declared before required parameter $distributorId is implicitly treated as a required parameter in APPPATH\Models\InventoryModel.php on line 139.
 1 SYSTEMPATH\Autoloader\Autoloader.php(315): include_once('C:\\Users\\Richard Miculob\\Documents\\ReliefTrack\\system\\Debug\\Exceptions.php')
 2 SYSTEMPATH\Autoloader\Autoloader.php(295): CodeIgniter\Autoloader\Autoloader->includeFile('C:\\Users\\Richard Miculob\\Documents\\ReliefTrack\\app\\Models\\InventoryModel.php')
 3 SYSTEMPATH\Autoloader\Autoloader.php(271): CodeIgniter\Autoloader\Autoloader->loadInNamespace('App\\Models\\InventoryModel')
 4 APPPATH\Controllers\Inventory.php(287): CodeIgniter\Autoloader\Autoloader->loadClass('App\\Models\\InventoryModel')
 5 SYSTEMPATH\CodeIgniter.php(933): App\Controllers\Inventory->batches('13')
 6 SYSTEMPATH\CodeIgniter.php(507): CodeIgniter\CodeIgniter->runController(Object(App\Controllers\Inventory))
 7 SYSTEMPATH\CodeIgniter.php(354): CodeIgniter\CodeIgniter->handleRequest(null, Object(Config\Cache), false)
 8 SYSTEMPATH\Boot.php(363): CodeIgniter\CodeIgniter->run()
 9 SYSTEMPATH\Boot.php(68): CodeIgniter\Boot::runCodeIgniter(Object(CodeIgniter\CodeIgniter))
10 FCPATH\index.php(59): CodeIgniter\Boot::bootWeb(Object(Config\Paths))
11 SYSTEMPATH\rewrite.php(44): require_once('C:\\Users\\Richard Miculob\\Documents\\ReliefTrack\\public\\index.php')
DEBUG - 2026-03-01 10:21:12 --> Session: Class initialized using 'CodeIgniter\Session\Handlers\FileHandler' driver.
WARNING - 2026-03-01 10:21:12 --> [DEPRECATED] Optional parameter $familyMemberId declared before required parameter $distributorId is implicitly treated as a required parameter in APPPATH\Models\InventoryModel.php on line 139.
 1 SYSTEMPATH\Autoloader\Autoloader.php(315): include_once('C:\\Users\\Richard Miculob\\Documents\\ReliefTrack\\system\\Debug\\Exceptions.php')
 2 SYSTEMPATH\Autoloader\Autoloader.php(295): CodeIgniter\Autoloader\Autoloader->includeFile('C:\\Users\\Richard Miculob\\Documents\\ReliefTrack\\app\\Models\\InventoryModel.php')
 3 SYSTEMPATH\Autoloader\Autoloader.php(271): CodeIgniter\Autoloader\Autoloader->loadInNamespace('App\\Models\\InventoryModel')
 4 APPPATH\Controllers\Inventory.php(13): CodeIgniter\Autoloader\Autoloader->loadClass('App\\Models\\InventoryModel')
 5 SYSTEMPATH\CodeIgniter.php(933): App\Controllers\Inventory->index()
 6 SYSTEMPATH\CodeIgniter.php(507): CodeIgniter\CodeIgniter->runController(Object(App\Controllers\Inventory))
 7 SYSTEMPATH\CodeIgniter.php(354): CodeIgniter\CodeIgniter->handleRequest(null, Object(Config\Cache), false)
 8 SYSTEMPATH\Boot.php(363): CodeIgniter\CodeIgniter->run()
 9 SYSTEMPATH\Boot.php(68): CodeIgniter\Boot::runCodeIgniter(Object(CodeIgniter\CodeIgniter))
10 FCPATH\index.php(59): CodeIgniter\Boot::bootWeb(Object(Config\Paths))
11 SYSTEMPATH\rewrite.php(44): require_once('C:\\Users\\Richard Miculob\\Documents\\ReliefTrack\\public\\index.php')
DEBUG - 2026-03-01 10:21:15 --> Session: Class initialized using 'CodeIgniter\Session\Handlers\FileHandler' driver.
WARNING - 2026-03-01 10:21:15 --> [DEPRECATED] Optional parameter $familyMemberId declared before required parameter $distributorId is implicitly treated as a required parameter in APPPATH\Models\InventoryModel.php on line 139.
 1 SYSTEMPATH\Autoloader\Autoloader.php(315): include_once('C:\\Users\\Richard Miculob\\Documents\\ReliefTrack\\system\\Debug\\Exceptions.php')
 2 SYSTEMPATH\Autoloader\Autoloader.php(295): CodeIgniter\Autoloader\Autoloader->includeFile('C:\\Users\\Richard Miculob\\Documents\\ReliefTrack\\app\\Models\\InventoryModel.php')
 3 SYSTEMPATH\Autoloader\Autoloader.php(271): CodeIgniter\Autoloader\Autoloader->loadInNamespace('App\\Models\\InventoryModel')
 4 APPPATH\Controllers\Inventory.php(337): CodeIgniter\Autoloader\Autoloader->loadClass('App\\Models\\InventoryModel')
 5 SYSTEMPATH\CodeIgniter.php(933): App\Controllers\Inventory->delete('13')
 6 SYSTEMPATH\CodeIgniter.php(507): CodeIgniter\CodeIgniter->runController(Object(App\Controllers\Inventory))
 7 SYSTEMPATH\CodeIgniter.php(354): CodeIgniter\CodeIgniter->handleRequest(null, Object(Config\Cache), false)
 8 SYSTEMPATH\Boot.php(363): CodeIgniter\CodeIgniter->run()
 9 SYSTEMPATH\Boot.php(68): CodeIgniter\Boot::runCodeIgniter(Object(CodeIgniter\CodeIgniter))
10 FCPATH\index.php(59): CodeIgniter\Boot::bootWeb(Object(Config\Paths))
11 SYSTEMPATH\rewrite.php(44): require_once('C:\\Users\\Richard Miculob\\Documents\\ReliefTrack\\public\\index.php')
DEBUG - 2026-03-01 10:21:16 --> Session: Class initialized using 'CodeIgniter\Session\Handlers\FileHandler' driver.
WARNING - 2026-03-01 10:21:16 --> [DEPRECATED] Optional parameter $familyMemberId declared before required parameter $distributorId is implicitly treated as a required parameter in APPPATH\Models\InventoryModel.php on line 139.
 1 SYSTEMPATH\Autoloader\Autoloader.php(315): include_once('C:\\Users\\Richard Miculob\\Documents\\ReliefTrack\\system\\Debug\\Exceptions.php')
 2 SYSTEMPATH\Autoloader\Autoloader.php(295): CodeIgniter\Autoloader\Autoloader->includeFile('C:\\Users\\Richard Miculob\\Documents\\ReliefTrack\\app\\Models\\InventoryModel.php')
 3 SYSTEMPATH\Autoloader\Autoloader.php(271): CodeIgniter\Autoloader\Autoloader->loadInNamespace('App\\Models\\InventoryModel')
 4 APPPATH\Controllers\Inventory.php(13): CodeIgniter\Autoloader\Autoloader->loadClass('App\\Models\\InventoryModel')
 5 SYSTEMPATH\CodeIgniter.php(933): App\Controllers\Inventory->index()
 6 SYSTEMPATH\CodeIgniter.php(507): CodeIgniter\CodeIgniter->runController(Object(App\Controllers\Inventory))
 7 SYSTEMPATH\CodeIgniter.php(354): CodeIgniter\CodeIgniter->handleRequest(null, Object(Config\Cache), false)
 8 SYSTEMPATH\Boot.php(363): CodeIgniter\CodeIgniter->run()
 9 SYSTEMPATH\Boot.php(68): CodeIgniter\Boot::runCodeIgniter(Object(CodeIgniter\CodeIgniter))
10 FCPATH\index.php(59): CodeIgniter\Boot::bootWeb(Object(Config\Paths))
11 SYSTEMPATH\rewrite.php(44): require_once('C:\\Users\\Richard Miculob\\Documents\\ReliefTrack\\public\\index.php')
DEBUG - 2026-03-01 10:21:17 --> Session: Class initialized using 'CodeIgniter\Session\Handlers\FileHandler' driver.
DEBUG - 2026-03-01 10:27:54 --> Session: Class initialized using 'CodeIgniter\Session\Handlers\FileHandler' driver.
WARNING - 2026-03-01 10:27:54 --> [DEPRECATED] Optional parameter $familyMemberId declared before required parameter $distributorId is implicitly treated as a required parameter in APPPATH\Models\InventoryModel.php on line 139.
 1 SYSTEMPATH\Autoloader\Autoloader.php(315): include_once('C:\\Users\\Richard Miculob\\Documents\\ReliefTrack\\system\\Debug\\Exceptions.php')
 2 SYSTEMPATH\Autoloader\Autoloader.php(295): CodeIgniter\Autoloader\Autoloader->includeFile('C:\\Users\\Richard Miculob\\Documents\\ReliefTrack\\app\\Models\\InventoryModel.php')
 3 SYSTEMPATH\Autoloader\Autoloader.php(271): CodeIgniter\Autoloader\Autoloader->loadInNamespace('App\\Models\\InventoryModel')
 4 APPPATH\Controllers\Inventory.php(13): CodeIgniter\Autoloader\Autoloader->loadClass('App\\Models\\InventoryModel')
 5 SYSTEMPATH\CodeIgniter.php(933): App\Controllers\Inventory->index()
 6 SYSTEMPATH\CodeIgniter.php(507): CodeIgniter\CodeIgniter->runController(Object(App\Controllers\Inventory))
 7 SYSTEMPATH\CodeIgniter.php(354): CodeIgniter\CodeIgniter->handleRequest(null, Object(Config\Cache), false)
 8 SYSTEMPATH\Boot.php(363): CodeIgniter\CodeIgniter->run()
 9 SYSTEMPATH\Boot.php(68): CodeIgniter\Boot::runCodeIgniter(Object(CodeIgniter\CodeIgniter))
10 FCPATH\index.php(59): CodeIgniter\Boot::bootWeb(Object(Config\Paths))
11 SYSTEMPATH\rewrite.php(44): require_once('C:\\Users\\Richard Miculob\\Documents\\ReliefTrack\\public\\index.php')
DEBUG - 2026-03-01 10:27:58 --> Session: Class initialized using 'CodeIgniter\Session\Handlers\FileHandler' driver.
ERROR - 2026-03-01 10:27:58 --> mysqli_sql_exception: Unknown column 'DISTINCT' in 'field list' in C:\Users\Richard Miculob\Documents\ReliefTrack\system\Database\MySQLi\Connection.php:327
Stack trace:
#0 C:\Users\Richard Miculob\Documents\ReliefTrack\system\Database\MySQLi\Connection.php(327): mysqli->query('SELECT `DISTINC...', 0)
#1 C:\Users\Richard Miculob\Documents\ReliefTrack\system\Database\BaseConnection.php(729): CodeIgniter\Database\MySQLi\Connection->execute('SELECT `DISTINC...')
#2 C:\Users\Richard Miculob\Documents\ReliefTrack\system\Database\BaseConnection.php(646): CodeIgniter\Database\BaseConnection->simpleQuery('SELECT `DISTINC...')
#3 C:\Users\Richard Miculob\Documents\ReliefTrack\system\Database\BaseBuilder.php(1649): CodeIgniter\Database\BaseConnection->query('SELECT `DISTINC...', Array, false)
#4 C:\Users\Richard Miculob\Documents\ReliefTrack\app\Controllers\Inventory.php(157): CodeIgniter\Database\BaseBuilder->get()
#5 C:\Users\Richard Miculob\Documents\ReliefTrack\system\CodeIgniter.php(933): App\Controllers\Inventory->add_item()
#6 C:\Users\Richard Miculob\Documents\ReliefTrack\system\CodeIgniter.php(507): CodeIgniter\CodeIgniter->runController(Object(App\Controllers\Inventory))
#7 C:\Users\Richard Miculob\Documents\ReliefTrack\system\CodeIgniter.php(354): CodeIgniter\CodeIgniter->handleRequest(NULL, Object(Config\Cache), false)
#8 C:\Users\Richard Miculob\Documents\ReliefTrack\system\Boot.php(363): CodeIgniter\CodeIgniter->run()
#9 C:\Users\Richard Miculob\Documents\ReliefTrack\system\Boot.php(68): CodeIgniter\Boot::runCodeIgniter(Object(CodeIgniter\CodeIgniter))
#10 C:\Users\Richard Miculob\Documents\ReliefTrack\public\index.php(59): CodeIgniter\Boot::bootWeb(Object(Config\Paths))
#11 C:\Users\Richard Miculob\Documents\ReliefTrack\system\rewrite.php(44): require_once('C:\\Users\\Richar...')
#12 {main}
CRITICAL - 2026-03-01 10:27:58 --> CodeIgniter\Database\Exceptions\DatabaseException: Unknown column 'DISTINCT' in 'field list'
[Method: GET, Route: inventory/add_item]
in SYSTEMPATH\Database\BaseConnection.php on line 684.
 1 SYSTEMPATH\Database\BaseBuilder.php(1649): CodeIgniter\Database\BaseConnection->query('SELECT `DISTINCT` `barangay`
FROM `users`
WHERE `barangay` IS NOT NULL
AND `barangay` != :barangay:
ORDER BY `barangay` ASC', [...], false)
 2 APPPATH\Controllers\Inventory.php(157): CodeIgniter\Database\BaseBuilder->get()
 3 SYSTEMPATH\CodeIgniter.php(933): App\Controllers\Inventory->add_item()
 4 SYSTEMPATH\CodeIgniter.php(507): CodeIgniter\CodeIgniter->runController(Object(App\Controllers\Inventory))
 5 SYSTEMPATH\CodeIgniter.php(354): CodeIgniter\CodeIgniter->handleRequest(null, Object(Config\Cache), false)
 6 SYSTEMPATH\Boot.php(363): CodeIgniter\CodeIgniter->run()
 7 SYSTEMPATH\Boot.php(68): CodeIgniter\Boot::runCodeIgniter(Object(CodeIgniter\CodeIgniter))
 8 FCPATH\index.php(59): CodeIgniter\Boot::bootWeb(Object(Config\Paths))
 9 SYSTEMPATH\rewrite.php(44): require_once('C:\\Users\\Richard Miculob\\Documents\\ReliefTrack\\public\\index.php')
CRITICAL - 2026-03-01 10:27:58 --> [Caused by] CodeIgniter\Database\Exceptions\DatabaseException: Unknown column 'DISTINCT' in 'field list'
in SYSTEMPATH\Database\MySQLi\Connection.php on line 332.
 1 SYSTEMPATH\Database\BaseConnection.php(729): CodeIgniter\Database\MySQLi\Connection->execute('SELECT `DISTINCT` `barangay`
FROM `users`
WHERE `barangay` IS NOT NULL
AND `barangay` != \'\'
ORDER BY `barangay` ASC')
 2 SYSTEMPATH\Database\BaseConnection.php(646): CodeIgniter\Database\BaseConnection->simpleQuery('SELECT `DISTINCT` `barangay`
FROM `users`
WHERE `barangay` IS NOT NULL
AND `barangay` != \'\'
ORDER BY `barangay` ASC')
 3 SYSTEMPATH\Database\BaseBuilder.php(1649): CodeIgniter\Database\BaseConnection->query('SELECT `DISTINCT` `barangay`
FROM `users`
WHERE `barangay` IS NOT NULL
AND `barangay` != :barangay:
ORDER BY `barangay` ASC', [...], false)
 4 APPPATH\Controllers\Inventory.php(157): CodeIgniter\Database\BaseBuilder->get()
 5 SYSTEMPATH\CodeIgniter.php(933): App\Controllers\Inventory->add_item()
 6 SYSTEMPATH\CodeIgniter.php(507): CodeIgniter\CodeIgniter->runController(Object(App\Controllers\Inventory))
 7 SYSTEMPATH\CodeIgniter.php(354): CodeIgniter\CodeIgniter->handleRequest(null, Object(Config\Cache), false)
 8 SYSTEMPATH\Boot.php(363): CodeIgniter\CodeIgniter->run()
 9 SYSTEMPATH\Boot.php(68): CodeIgniter\Boot::runCodeIgniter(Object(CodeIgniter\CodeIgniter))
10 FCPATH\index.php(59): CodeIgniter\Boot::bootWeb(Object(Config\Paths))
11 SYSTEMPATH\rewrite.php(44): require_once('C:\\Users\\Richard Miculob\\Documents\\ReliefTrack\\public\\index.php')
CRITICAL - 2026-03-01 10:27:58 --> [Caused by] mysqli_sql_exception: Unknown column 'DISTINCT' in 'field list'
in SYSTEMPATH\Database\MySQLi\Connection.php on line 327.
 1 SYSTEMPATH\Database\MySQLi\Connection.php(327): mysqli->query('SELECT `DISTINCT` `barangay`
FROM `users`
WHERE `barangay` IS NOT NULL
AND `barangay` != \'\'
ORDER BY `barangay` ASC', 0)
 2 SYSTEMPATH\Database\BaseConnection.php(729): CodeIgniter\Database\MySQLi\Connection->execute('SELECT `DISTINCT` `barangay`
FROM `users`
WHERE `barangay` IS NOT NULL
AND `barangay` != \'\'
ORDER BY `barangay` ASC')
 3 SYSTEMPATH\Database\BaseConnection.php(646): CodeIgniter\Database\BaseConnection->simpleQuery('SELECT `DISTINCT` `barangay`
FROM `users`
WHERE `barangay` IS NOT NULL
AND `barangay` != \'\'
ORDER BY `barangay` ASC')
 4 SYSTEMPATH\Database\BaseBuilder.php(1649): CodeIgniter\Database\BaseConnection->query('SELECT `DISTINCT` `barangay`
FROM `users`
WHERE `barangay` IS NOT NULL
AND `barangay` != :barangay:
ORDER BY `barangay` ASC', [...], false)
 5 APPPATH\Controllers\Inventory.php(157): CodeIgniter\Database\BaseBuilder->get()
 6 SYSTEMPATH\CodeIgniter.php(933): App\Controllers\Inventory->add_item()
 7 SYSTEMPATH\CodeIgniter.php(507): CodeIgniter\CodeIgniter->runController(Object(App\Controllers\Inventory))
 8 SYSTEMPATH\CodeIgniter.php(354): CodeIgniter\CodeIgniter->handleRequest(null, Object(Config\Cache), false)
 9 SYSTEMPATH\Boot.php(363): CodeIgniter\CodeIgniter->run()
10 SYSTEMPATH\Boot.php(68): CodeIgniter\Boot::runCodeIgniter(Object(CodeIgniter\CodeIgniter))
11 FCPATH\index.php(59): CodeIgniter\Boot::bootWeb(Object(Config\Paths))
12 SYSTEMPATH\rewrite.php(44): require_once('C:\\Users\\Richard Miculob\\Documents\\ReliefTrack\\public\\index.php')
DEBUG - 2026-03-01 10:29:12 --> Session: Class initialized using 'CodeIgniter\Session\Handlers\FileHandler' driver.
DEBUG - 2026-03-01 10:29:15 --> Session: Class initialized using 'CodeIgniter\Session\Handlers\FileHandler' driver.
WARNING - 2026-03-01 10:29:15 --> [DEPRECATED] Optional parameter $familyMemberId declared before required parameter $distributorId is implicitly treated as a required parameter in APPPATH\Models\InventoryModel.php on line 139.
 1 SYSTEMPATH\Autoloader\Autoloader.php(315): include_once('C:\\Users\\Richard Miculob\\Documents\\ReliefTrack\\system\\Debug\\Exceptions.php')
 2 SYSTEMPATH\Autoloader\Autoloader.php(295): CodeIgniter\Autoloader\Autoloader->includeFile('C:\\Users\\Richard Miculob\\Documents\\ReliefTrack\\app\\Models\\InventoryModel.php')
 3 SYSTEMPATH\Autoloader\Autoloader.php(271): CodeIgniter\Autoloader\Autoloader->loadInNamespace('App\\Models\\InventoryModel')
 4 APPPATH\Controllers\Inventory.php(13): CodeIgniter\Autoloader\Autoloader->loadClass('App\\Models\\InventoryModel')
 5 SYSTEMPATH\CodeIgniter.php(933): App\Controllers\Inventory->index()
 6 SYSTEMPATH\CodeIgniter.php(507): CodeIgniter\CodeIgniter->runController(Object(App\Controllers\Inventory))
 7 SYSTEMPATH\CodeIgniter.php(354): CodeIgniter\CodeIgniter->handleRequest(null, Object(Config\Cache), false)
 8 SYSTEMPATH\Boot.php(363): CodeIgniter\CodeIgniter->run()
 9 SYSTEMPATH\Boot.php(68): CodeIgniter\Boot::runCodeIgniter(Object(CodeIgniter\CodeIgniter))
10 FCPATH\index.php(59): CodeIgniter\Boot::bootWeb(Object(Config\Paths))
11 SYSTEMPATH\rewrite.php(44): require_once('C:\\Users\\Richard Miculob\\Documents\\ReliefTrack\\public\\index.php')
DEBUG - 2026-03-01 10:29:16 --> Session: Class initialized using 'CodeIgniter\Session\Handlers\FileHandler' driver.
DEBUG - 2026-03-01 10:29:36 --> Session: Class initialized using 'CodeIgniter\Session\Handlers\FileHandler' driver.
WARNING - 2026-03-01 10:29:36 --> [DEPRECATED] Optional parameter $familyMemberId declared before required parameter $distributorId is implicitly treated as a required parameter in APPPATH\Models\InventoryModel.php on line 139.
 1 SYSTEMPATH\Autoloader\Autoloader.php(315): include_once('C:\\Users\\Richard Miculob\\Documents\\ReliefTrack\\system\\Debug\\Exceptions.php')
 2 SYSTEMPATH\Autoloader\Autoloader.php(295): CodeIgniter\Autoloader\Autoloader->includeFile('C:\\Users\\Richard Miculob\\Documents\\ReliefTrack\\app\\Models\\InventoryModel.php')
 3 SYSTEMPATH\Autoloader\Autoloader.php(271): CodeIgniter\Autoloader\Autoloader->loadInNamespace('App\\Models\\InventoryModel')
 4 APPPATH\Controllers\Inventory.php(267): CodeIgniter\Autoloader\Autoloader->loadClass('App\\Models\\InventoryModel')
 5 SYSTEMPATH\CodeIgniter.php(933): App\Controllers\Inventory->saveItemWithBatch()
 6 SYSTEMPATH\CodeIgniter.php(507): CodeIgniter\CodeIgniter->runController(Object(App\Controllers\Inventory))
 7 SYSTEMPATH\CodeIgniter.php(354): CodeIgniter\CodeIgniter->handleRequest(null, Object(Config\Cache), false)
 8 SYSTEMPATH\Boot.php(363): CodeIgniter\CodeIgniter->run()
 9 SYSTEMPATH\Boot.php(68): CodeIgniter\Boot::runCodeIgniter(Object(CodeIgniter\CodeIgniter))
10 FCPATH\index.php(59): CodeIgniter\Boot::bootWeb(Object(Config\Paths))
11 SYSTEMPATH\rewrite.php(44): require_once('C:\\Users\\Richard Miculob\\Documents\\ReliefTrack\\public\\index.php')
DEBUG - 2026-03-01 10:29:36 --> Session: Class initialized using 'CodeIgniter\Session\Handlers\FileHandler' driver.
WARNING - 2026-03-01 10:29:36 --> [DEPRECATED] Optional parameter $familyMemberId declared before required parameter $distributorId is implicitly treated as a required parameter in APPPATH\Models\InventoryModel.php on line 139.
 1 SYSTEMPATH\Autoloader\Autoloader.php(315): include_once('C:\\Users\\Richard Miculob\\Documents\\ReliefTrack\\system\\Debug\\Exceptions.php')
 2 SYSTEMPATH\Autoloader\Autoloader.php(295): CodeIgniter\Autoloader\Autoloader->includeFile('C:\\Users\\Richard Miculob\\Documents\\ReliefTrack\\app\\Models\\InventoryModel.php')
 3 SYSTEMPATH\Autoloader\Autoloader.php(271): CodeIgniter\Autoloader\Autoloader->loadInNamespace('App\\Models\\InventoryModel')
 4 APPPATH\Controllers\Inventory.php(363): CodeIgniter\Autoloader\Autoloader->loadClass('App\\Models\\InventoryModel')
 5 SYSTEMPATH\CodeIgniter.php(933): App\Controllers\Inventory->batches('15')
 6 SYSTEMPATH\CodeIgniter.php(507): CodeIgniter\CodeIgniter->runController(Object(App\Controllers\Inventory))
 7 SYSTEMPATH\CodeIgniter.php(354): CodeIgniter\CodeIgniter->handleRequest(null, Object(Config\Cache), false)
 8 SYSTEMPATH\Boot.php(363): CodeIgniter\CodeIgniter->run()
 9 SYSTEMPATH\Boot.php(68): CodeIgniter\Boot::runCodeIgniter(Object(CodeIgniter\CodeIgniter))
10 FCPATH\index.php(59): CodeIgniter\Boot::bootWeb(Object(Config\Paths))
11 SYSTEMPATH\rewrite.php(44): require_once('C:\\Users\\Richard Miculob\\Documents\\ReliefTrack\\public\\index.php')
DEBUG - 2026-03-01 10:29:37 --> Session: Class initialized using 'CodeIgniter\Session\Handlers\FileHandler' driver.
WARNING - 2026-03-01 10:29:37 --> [DEPRECATED] Optional parameter $familyMemberId declared before required parameter $distributorId is implicitly treated as a required parameter in APPPATH\Models\InventoryModel.php on line 139.
 1 SYSTEMPATH\Autoloader\Autoloader.php(315): include_once('C:\\Users\\Richard Miculob\\Documents\\ReliefTrack\\system\\Debug\\Exceptions.php')
 2 SYSTEMPATH\Autoloader\Autoloader.php(295): CodeIgniter\Autoloader\Autoloader->includeFile('C:\\Users\\Richard Miculob\\Documents\\ReliefTrack\\app\\Models\\InventoryModel.php')
 3 SYSTEMPATH\Autoloader\Autoloader.php(271): CodeIgniter\Autoloader\Autoloader->loadInNamespace('App\\Models\\InventoryModel')
 4 APPPATH\Controllers\Inventory.php(13): CodeIgniter\Autoloader\Autoloader->loadClass('App\\Models\\InventoryModel')
 5 SYSTEMPATH\CodeIgniter.php(933): App\Controllers\Inventory->index()
 6 SYSTEMPATH\CodeIgniter.php(507): CodeIgniter\CodeIgniter->runController(Object(App\Controllers\Inventory))
 7 SYSTEMPATH\CodeIgniter.php(354): CodeIgniter\CodeIgniter->handleRequest(null, Object(Config\Cache), false)
 8 SYSTEMPATH\Boot.php(363): CodeIgniter\CodeIgniter->run()
 9 SYSTEMPATH\Boot.php(68): CodeIgniter\Boot::runCodeIgniter(Object(CodeIgniter\CodeIgniter))
10 FCPATH\index.php(59): CodeIgniter\Boot::bootWeb(Object(Config\Paths))
11 SYSTEMPATH\rewrite.php(44): require_once('C:\\Users\\Richard Miculob\\Documents\\ReliefTrack\\public\\index.php')
DEBUG - 2026-03-01 10:29:44 --> Session: Class initialized using 'CodeIgniter\Session\Handlers\FileHandler' driver.
WARNING - 2026-03-01 10:29:44 --> [DEPRECATED] Optional parameter $familyMemberId declared before required parameter $distributorId is implicitly treated as a required parameter in APPPATH\Models\InventoryModel.php on line 139.
 1 SYSTEMPATH\Autoloader\Autoloader.php(315): include_once('C:\\Users\\Richard Miculob\\Documents\\ReliefTrack\\system\\Debug\\Exceptions.php')
 2 SYSTEMPATH\Autoloader\Autoloader.php(295): CodeIgniter\Autoloader\Autoloader->includeFile('C:\\Users\\Richard Miculob\\Documents\\ReliefTrack\\app\\Models\\InventoryModel.php')
 3 SYSTEMPATH\Autoloader\Autoloader.php(271): CodeIgniter\Autoloader\Autoloader->loadInNamespace('App\\Models\\InventoryModel')
 4 APPPATH\Controllers\Inventory.php(201): CodeIgniter\Autoloader\Autoloader->loadClass('App\\Models\\InventoryModel')
 5 SYSTEMPATH\CodeIgniter.php(933): App\Controllers\Inventory->update_stock('14')
 6 SYSTEMPATH\CodeIgniter.php(507): CodeIgniter\CodeIgniter->runController(Object(App\Controllers\Inventory))
 7 SYSTEMPATH\CodeIgniter.php(354): CodeIgniter\CodeIgniter->handleRequest(null, Object(Config\Cache), false)
 8 SYSTEMPATH\Boot.php(363): CodeIgniter\CodeIgniter->run()
 9 SYSTEMPATH\Boot.php(68): CodeIgniter\Boot::runCodeIgniter(Object(CodeIgniter\CodeIgniter))
10 FCPATH\index.php(59): CodeIgniter\Boot::bootWeb(Object(Config\Paths))
11 SYSTEMPATH\rewrite.php(44): require_once('C:\\Users\\Richard Miculob\\Documents\\ReliefTrack\\public\\index.php')
DEBUG - 2026-03-01 10:30:00 --> Session: Class initialized using 'CodeIgniter\Session\Handlers\FileHandler' driver.
WARNING - 2026-03-01 10:30:00 --> [DEPRECATED] Optional parameter $familyMemberId declared before required parameter $distributorId is implicitly treated as a required parameter in APPPATH\Models\InventoryModel.php on line 139.
 1 SYSTEMPATH\Autoloader\Autoloader.php(315): include_once('C:\\Users\\Richard Miculob\\Documents\\ReliefTrack\\system\\Debug\\Exceptions.php')
 2 SYSTEMPATH\Autoloader\Autoloader.php(295): CodeIgniter\Autoloader\Autoloader->includeFile('C:\\Users\\Richard Miculob\\Documents\\ReliefTrack\\app\\Models\\InventoryModel.php')
 3 SYSTEMPATH\Autoloader\Autoloader.php(271): CodeIgniter\Autoloader\Autoloader->loadInNamespace('App\\Models\\InventoryModel')
 4 APPPATH\Controllers\Inventory.php(13): CodeIgniter\Autoloader\Autoloader->loadClass('App\\Models\\InventoryModel')
 5 SYSTEMPATH\CodeIgniter.php(933): App\Controllers\Inventory->index()
 6 SYSTEMPATH\CodeIgniter.php(507): CodeIgniter\CodeIgniter->runController(Object(App\Controllers\Inventory))
 7 SYSTEMPATH\CodeIgniter.php(354): CodeIgniter\CodeIgniter->handleRequest(null, Object(Config\Cache), false)
 8 SYSTEMPATH\Boot.php(363): CodeIgniter\CodeIgniter->run()
 9 SYSTEMPATH\Boot.php(68): CodeIgniter\Boot::runCodeIgniter(Object(CodeIgniter\CodeIgniter))
10 FCPATH\index.php(59): CodeIgniter\Boot::bootWeb(Object(Config\Paths))
11 SYSTEMPATH\rewrite.php(44): require_once('C:\\Users\\Richard Miculob\\Documents\\ReliefTrack\\public\\index.php')
DEBUG - 2026-03-01 10:30:02 --> Session: Class initialized using 'CodeIgniter\Session\Handlers\FileHandler' driver.
WARNING - 2026-03-01 10:30:02 --> [DEPRECATED] Optional parameter $familyMemberId declared before required parameter $distributorId is implicitly treated as a required parameter in APPPATH\Models\InventoryModel.php on line 139.
 1 SYSTEMPATH\Autoloader\Autoloader.php(315): include_once('C:\\Users\\Richard Miculob\\Documents\\ReliefTrack\\system\\Debug\\Exceptions.php')
 2 SYSTEMPATH\Autoloader\Autoloader.php(295): CodeIgniter\Autoloader\Autoloader->includeFile('C:\\Users\\Richard Miculob\\Documents\\ReliefTrack\\app\\Models\\InventoryModel.php')
 3 SYSTEMPATH\Autoloader\Autoloader.php(271): CodeIgniter\Autoloader\Autoloader->loadInNamespace('App\\Models\\InventoryModel')
 4 APPPATH\Controllers\Inventory.php(363): CodeIgniter\Autoloader\Autoloader->loadClass('App\\Models\\InventoryModel')
 5 SYSTEMPATH\CodeIgniter.php(933): App\Controllers\Inventory->batches('14')
 6 SYSTEMPATH\CodeIgniter.php(507): CodeIgniter\CodeIgniter->runController(Object(App\Controllers\Inventory))
 7 SYSTEMPATH\CodeIgniter.php(354): CodeIgniter\CodeIgniter->handleRequest(null, Object(Config\Cache), false)
 8 SYSTEMPATH\Boot.php(363): CodeIgniter\CodeIgniter->run()
 9 SYSTEMPATH\Boot.php(68): CodeIgniter\Boot::runCodeIgniter(Object(CodeIgniter\CodeIgniter))
10 FCPATH\index.php(59): CodeIgniter\Boot::bootWeb(Object(Config\Paths))
11 SYSTEMPATH\rewrite.php(44): require_once('C:\\Users\\Richard Miculob\\Documents\\ReliefTrack\\public\\index.php')
DEBUG - 2026-03-01 10:30:06 --> Session: Class initialized using 'CodeIgniter\Session\Handlers\FileHandler' driver.
WARNING - 2026-03-01 10:30:06 --> [DEPRECATED] Optional parameter $familyMemberId declared before required parameter $distributorId is implicitly treated as a required parameter in APPPATH\Models\InventoryModel.php on line 139.
 1 SYSTEMPATH\Autoloader\Autoloader.php(315): include_once('C:\\Users\\Richard Miculob\\Documents\\ReliefTrack\\system\\Debug\\Exceptions.php')
 2 SYSTEMPATH\Autoloader\Autoloader.php(295): CodeIgniter\Autoloader\Autoloader->includeFile('C:\\Users\\Richard Miculob\\Documents\\ReliefTrack\\app\\Models\\InventoryModel.php')
 3 SYSTEMPATH\Autoloader\Autoloader.php(271): CodeIgniter\Autoloader\Autoloader->loadInNamespace('App\\Models\\InventoryModel')
 4 APPPATH\Controllers\Inventory.php(13): CodeIgniter\Autoloader\Autoloader->loadClass('App\\Models\\InventoryModel')
 5 SYSTEMPATH\CodeIgniter.php(933): App\Controllers\Inventory->index()
 6 SYSTEMPATH\CodeIgniter.php(507): CodeIgniter\CodeIgniter->runController(Object(App\Controllers\Inventory))
 7 SYSTEMPATH\CodeIgniter.php(354): CodeIgniter\CodeIgniter->handleRequest(null, Object(Config\Cache), false)
 8 SYSTEMPATH\Boot.php(363): CodeIgniter\CodeIgniter->run()
 9 SYSTEMPATH\Boot.php(68): CodeIgniter\Boot::runCodeIgniter(Object(CodeIgniter\CodeIgniter))
10 FCPATH\index.php(59): CodeIgniter\Boot::bootWeb(Object(Config\Paths))
11 SYSTEMPATH\rewrite.php(44): require_once('C:\\Users\\Richard Miculob\\Documents\\ReliefTrack\\public\\index.php')
DEBUG - 2026-03-01 10:30:13 --> Session: Class initialized using 'CodeIgniter\Session\Handlers\FileHandler' driver.
WARNING - 2026-03-01 10:30:13 --> [DEPRECATED] Optional parameter $familyMemberId declared before required parameter $distributorId is implicitly treated as a required parameter in APPPATH\Models\InventoryModel.php on line 139.
 1 SYSTEMPATH\Autoloader\Autoloader.php(315): include_once('C:\\Users\\Richard Miculob\\Documents\\ReliefTrack\\system\\Debug\\Exceptions.php')
 2 SYSTEMPATH\Autoloader\Autoloader.php(295): CodeIgniter\Autoloader\Autoloader->includeFile('C:\\Users\\Richard Miculob\\Documents\\ReliefTrack\\app\\Models\\InventoryModel.php')
 3 SYSTEMPATH\Autoloader\Autoloader.php(271): CodeIgniter\Autoloader\Autoloader->loadInNamespace('App\\Models\\InventoryModel')
 4 APPPATH\Controllers\Inventory.php(314): CodeIgniter\Autoloader\Autoloader->loadClass('App\\Models\\InventoryModel')
 5 SYSTEMPATH\CodeIgniter.php(933): App\Controllers\Inventory->viewBatch('15')
 6 SYSTEMPATH\CodeIgniter.php(507): CodeIgniter\CodeIgniter->runController(Object(App\Controllers\Inventory))
 7 SYSTEMPATH\CodeIgniter.php(354): CodeIgniter\CodeIgniter->handleRequest(null, Object(Config\Cache), false)
 8 SYSTEMPATH\Boot.php(363): CodeIgniter\CodeIgniter->run()
 9 SYSTEMPATH\Boot.php(68): CodeIgniter\Boot::runCodeIgniter(Object(CodeIgniter\CodeIgniter))
10 FCPATH\index.php(59): CodeIgniter\Boot::bootWeb(Object(Config\Paths))
11 SYSTEMPATH\rewrite.php(44): require_once('C:\\Users\\Richard Miculob\\Documents\\ReliefTrack\\public\\index.php')
DEBUG - 2026-03-01 10:30:22 --> Session: Class initialized using 'CodeIgniter\Session\Handlers\FileHandler' driver.
WARNING - 2026-03-01 10:30:22 --> [DEPRECATED] Optional parameter $familyMemberId declared before required parameter $distributorId is implicitly treated as a required parameter in APPPATH\Models\InventoryModel.php on line 139.
 1 SYSTEMPATH\Autoloader\Autoloader.php(315): include_once('C:\\Users\\Richard Miculob\\Documents\\ReliefTrack\\system\\Debug\\Exceptions.php')
 2 SYSTEMPATH\Autoloader\Autoloader.php(295): CodeIgniter\Autoloader\Autoloader->includeFile('C:\\Users\\Richard Miculob\\Documents\\ReliefTrack\\app\\Models\\InventoryModel.php')
 3 SYSTEMPATH\Autoloader\Autoloader.php(271): CodeIgniter\Autoloader\Autoloader->loadInNamespace('App\\Models\\InventoryModel')
 4 APPPATH\Controllers\Inventory.php(13): CodeIgniter\Autoloader\Autoloader->loadClass('App\\Models\\InventoryModel')
 5 SYSTEMPATH\CodeIgniter.php(933): App\Controllers\Inventory->index()
 6 SYSTEMPATH\CodeIgniter.php(507): CodeIgniter\CodeIgniter->runController(Object(App\Controllers\Inventory))
 7 SYSTEMPATH\CodeIgniter.php(354): CodeIgniter\CodeIgniter->handleRequest(null, Object(Config\Cache), false)
 8 SYSTEMPATH\Boot.php(363): CodeIgniter\CodeIgniter->run()
 9 SYSTEMPATH\Boot.php(68): CodeIgniter\Boot::runCodeIgniter(Object(CodeIgniter\CodeIgniter))
10 FCPATH\index.php(59): CodeIgniter\Boot::bootWeb(Object(Config\Paths))
11 SYSTEMPATH\rewrite.php(44): require_once('C:\\Users\\Richard Miculob\\Documents\\ReliefTrack\\public\\index.php')
DEBUG - 2026-03-01 10:30:28 --> Session: Class initialized using 'CodeIgniter\Session\Handlers\FileHandler' driver.
DEBUG - 2026-03-01 10:30:32 --> Session: Class initialized using 'CodeIgniter\Session\Handlers\FileHandler' driver.
DEBUG - 2026-03-01 10:30:33 --> Session: Class initialized using 'CodeIgniter\Session\Handlers\FileHandler' driver.
DEBUG - 2026-03-01 10:30:35 --> Session: Class initialized using 'CodeIgniter\Session\Handlers\FileHandler' driver.
DEBUG - 2026-03-01 10:31:38 --> Session: Class initialized using 'CodeIgniter\Session\Handlers\FileHandler' driver.
WARNING - 2026-03-01 10:31:38 --> [DEPRECATED] Optional parameter $familyMemberId declared before required parameter $distributorId is implicitly treated as a required parameter in APPPATH\Models\InventoryModel.php on line 139.
 1 SYSTEMPATH\Autoloader\Autoloader.php(315): include_once('C:\\Users\\Richard Miculob\\Documents\\ReliefTrack\\system\\Debug\\Exceptions.php')
 2 SYSTEMPATH\Autoloader\Autoloader.php(295): CodeIgniter\Autoloader\Autoloader->includeFile('C:\\Users\\Richard Miculob\\Documents\\ReliefTrack\\app\\Models\\InventoryModel.php')
 3 SYSTEMPATH\Autoloader\Autoloader.php(271): CodeIgniter\Autoloader\Autoloader->loadInNamespace('App\\Models\\InventoryModel')
 4 APPPATH\Controllers\Inventory.php(363): CodeIgniter\Autoloader\Autoloader->loadClass('App\\Models\\InventoryModel')
 5 SYSTEMPATH\CodeIgniter.php(933): App\Controllers\Inventory->batches('14')
 6 SYSTEMPATH\CodeIgniter.php(507): CodeIgniter\CodeIgniter->runController(Object(App\Controllers\Inventory))
 7 SYSTEMPATH\CodeIgniter.php(354): CodeIgniter\CodeIgniter->handleRequest(null, Object(Config\Cache), false)
 8 SYSTEMPATH\Boot.php(363): CodeIgniter\CodeIgniter->run()
 9 SYSTEMPATH\Boot.php(68): CodeIgniter\Boot::runCodeIgniter(Object(CodeIgniter\CodeIgniter))
10 FCPATH\index.php(59): CodeIgniter\Boot::bootWeb(Object(Config\Paths))
11 SYSTEMPATH\rewrite.php(44): require_once('C:\\Users\\Richard Miculob\\Documents\\ReliefTrack\\public\\index.php')
DEBUG - 2026-03-01 10:31:40 --> Session: Class initialized using 'CodeIgniter\Session\Handlers\FileHandler' driver.
WARNING - 2026-03-01 10:31:40 --> [DEPRECATED] Optional parameter $familyMemberId declared before required parameter $distributorId is implicitly treated as a required parameter in APPPATH\Models\InventoryModel.php on line 139.
 1 SYSTEMPATH\Autoloader\Autoloader.php(315): include_once('C:\\Users\\Richard Miculob\\Documents\\ReliefTrack\\system\\Debug\\Exceptions.php')
 2 SYSTEMPATH\Autoloader\Autoloader.php(295): CodeIgniter\Autoloader\Autoloader->includeFile('C:\\Users\\Richard Miculob\\Documents\\ReliefTrack\\app\\Models\\InventoryModel.php')
 3 SYSTEMPATH\Autoloader\Autoloader.php(271): CodeIgniter\Autoloader\Autoloader->loadInNamespace('App\\Models\\InventoryModel')
 4 APPPATH\Controllers\Inventory.php(201): CodeIgniter\Autoloader\Autoloader->loadClass('App\\Models\\InventoryModel')
 5 SYSTEMPATH\CodeIgniter.php(933): App\Controllers\Inventory->update_stock('14')
 6 SYSTEMPATH\CodeIgniter.php(507): CodeIgniter\CodeIgniter->runController(Object(App\Controllers\Inventory))
 7 SYSTEMPATH\CodeIgniter.php(354): CodeIgniter\CodeIgniter->handleRequest(null, Object(Config\Cache), false)
 8 SYSTEMPATH\Boot.php(363): CodeIgniter\CodeIgniter->run()
 9 SYSTEMPATH\Boot.php(68): CodeIgniter\Boot::runCodeIgniter(Object(CodeIgniter\CodeIgniter))
10 FCPATH\index.php(59): CodeIgniter\Boot::bootWeb(Object(Config\Paths))
11 SYSTEMPATH\rewrite.php(44): require_once('C:\\Users\\Richard Miculob\\Documents\\ReliefTrack\\public\\index.php')
DEBUG - 2026-03-01 10:31:46 --> Session: Class initialized using 'CodeIgniter\Session\Handlers\FileHandler' driver.
WARNING - 2026-03-01 10:31:46 --> [DEPRECATED] Optional parameter $familyMemberId declared before required parameter $distributorId is implicitly treated as a required parameter in APPPATH\Models\InventoryModel.php on line 139.
 1 SYSTEMPATH\Autoloader\Autoloader.php(315): include_once('C:\\Users\\Richard Miculob\\Documents\\ReliefTrack\\system\\Debug\\Exceptions.php')
 2 SYSTEMPATH\Autoloader\Autoloader.php(295): CodeIgniter\Autoloader\Autoloader->includeFile('C:\\Users\\Richard Miculob\\Documents\\ReliefTrack\\app\\Models\\InventoryModel.php')
 3 SYSTEMPATH\Autoloader\Autoloader.php(271): CodeIgniter\Autoloader\Autoloader->loadInNamespace('App\\Models\\InventoryModel')
 4 APPPATH\Controllers\Inventory.php(13): CodeIgniter\Autoloader\Autoloader->loadClass('App\\Models\\InventoryModel')
 5 SYSTEMPATH\CodeIgniter.php(933): App\Controllers\Inventory->index()
 6 SYSTEMPATH\CodeIgniter.php(507): CodeIgniter\CodeIgniter->runController(Object(App\Controllers\Inventory))
 7 SYSTEMPATH\CodeIgniter.php(354): CodeIgniter\CodeIgniter->handleRequest(null, Object(Config\Cache), false)
 8 SYSTEMPATH\Boot.php(363): CodeIgniter\CodeIgniter->run()
 9 SYSTEMPATH\Boot.php(68): CodeIgniter\Boot::runCodeIgniter(Object(CodeIgniter\CodeIgniter))
10 FCPATH\index.php(59): CodeIgniter\Boot::bootWeb(Object(Config\Paths))
11 SYSTEMPATH\rewrite.php(44): require_once('C:\\Users\\Richard Miculob\\Documents\\ReliefTrack\\public\\index.php')
DEBUG - 2026-03-01 10:31:47 --> Session: Class initialized using 'CodeIgniter\Session\Handlers\FileHandler' driver.
DEBUG - 2026-03-01 10:43:11 --> Session: Class initialized using 'CodeIgniter\Session\Handlers\FileHandler' driver.
DEBUG - 2026-03-01 10:43:26 --> Session: Class initialized using 'CodeIgniter\Session\Handlers\FileHandler' driver.
WARNING - 2026-03-01 10:43:26 --> [DEPRECATED] Optional parameter $familyMemberId declared before required parameter $distributorId is implicitly treated as a required parameter in APPPATH\Models\InventoryModel.php on line 139.
 1 SYSTEMPATH\Autoloader\Autoloader.php(315): include_once('C:\\Users\\Richard Miculob\\Documents\\ReliefTrack\\system\\Debug\\Exceptions.php')
 2 SYSTEMPATH\Autoloader\Autoloader.php(295): CodeIgniter\Autoloader\Autoloader->includeFile('C:\\Users\\Richard Miculob\\Documents\\ReliefTrack\\app\\Models\\InventoryModel.php')
 3 SYSTEMPATH\Autoloader\Autoloader.php(271): CodeIgniter\Autoloader\Autoloader->loadInNamespace('App\\Models\\InventoryModel')
 4 APPPATH\Controllers\Inventory.php(13): CodeIgniter\Autoloader\Autoloader->loadClass('App\\Models\\InventoryModel')
 5 SYSTEMPATH\CodeIgniter.php(933): App\Controllers\Inventory->index()
 6 SYSTEMPATH\CodeIgniter.php(507): CodeIgniter\CodeIgniter->runController(Object(App\Controllers\Inventory))
 7 SYSTEMPATH\CodeIgniter.php(354): CodeIgniter\CodeIgniter->handleRequest(null, Object(Config\Cache), false)
 8 SYSTEMPATH\Boot.php(363): CodeIgniter\CodeIgniter->run()
 9 SYSTEMPATH\Boot.php(68): CodeIgniter\Boot::runCodeIgniter(Object(CodeIgniter\CodeIgniter))
10 FCPATH\index.php(59): CodeIgniter\Boot::bootWeb(Object(Config\Paths))
11 SYSTEMPATH\rewrite.php(44): require_once('C:\\Users\\Richard Miculob\\Documents\\ReliefTrack\\public\\index.php')
DEBUG - 2026-03-01 10:43:33 --> Session: Class initialized using 'CodeIgniter\Session\Handlers\FileHandler' driver.
WARNING - 2026-03-01 10:43:33 --> [DEPRECATED] Optional parameter $familyMemberId declared before required parameter $distributorId is implicitly treated as a required parameter in APPPATH\Models\InventoryModel.php on line 139.
 1 SYSTEMPATH\Autoloader\Autoloader.php(315): include_once('C:\\Users\\Richard Miculob\\Documents\\ReliefTrack\\system\\Debug\\Exceptions.php')
 2 SYSTEMPATH\Autoloader\Autoloader.php(295): CodeIgniter\Autoloader\Autoloader->includeFile('C:\\Users\\Richard Miculob\\Documents\\ReliefTrack\\app\\Models\\InventoryModel.php')
 3 SYSTEMPATH\Autoloader\Autoloader.php(271): CodeIgniter\Autoloader\Autoloader->loadInNamespace('App\\Models\\InventoryModel')
 4 APPPATH\Controllers\Inventory.php(314): CodeIgniter\Autoloader\Autoloader->loadClass('App\\Models\\InventoryModel')
 5 SYSTEMPATH\CodeIgniter.php(933): App\Controllers\Inventory->viewBatch('15')
 6 SYSTEMPATH\CodeIgniter.php(507): CodeIgniter\CodeIgniter->runController(Object(App\Controllers\Inventory))
 7 SYSTEMPATH\CodeIgniter.php(354): CodeIgniter\CodeIgniter->handleRequest(null, Object(Config\Cache), false)
 8 SYSTEMPATH\Boot.php(363): CodeIgniter\CodeIgniter->run()
 9 SYSTEMPATH\Boot.php(68): CodeIgniter\Boot::runCodeIgniter(Object(CodeIgniter\CodeIgniter))
10 FCPATH\index.php(59): CodeIgniter\Boot::bootWeb(Object(Config\Paths))
11 SYSTEMPATH\rewrite.php(44): require_once('C:\\Users\\Richard Miculob\\Documents\\ReliefTrack\\public\\index.php')
DEBUG - 2026-03-01 10:46:13 --> Session: Class initialized using 'CodeIgniter\Session\Handlers\FileHandler' driver.
WARNING - 2026-03-01 10:46:13 --> [DEPRECATED] Optional parameter $familyMemberId declared before required parameter $distributorId is implicitly treated as a required parameter in APPPATH\Models\InventoryModel.php on line 139.
 1 SYSTEMPATH\Autoloader\Autoloader.php(315): include_once('C:\\Users\\Richard Miculob\\Documents\\ReliefTrack\\system\\Debug\\Exceptions.php')
 2 SYSTEMPATH\Autoloader\Autoloader.php(295): CodeIgniter\Autoloader\Autoloader->includeFile('C:\\Users\\Richard Miculob\\Documents\\ReliefTrack\\app\\Models\\InventoryModel.php')
 3 SYSTEMPATH\Autoloader\Autoloader.php(271): CodeIgniter\Autoloader\Autoloader->loadInNamespace('App\\Models\\InventoryModel')
 4 APPPATH\Controllers\Inventory.php(13): CodeIgniter\Autoloader\Autoloader->loadClass('App\\Models\\InventoryModel')
 5 SYSTEMPATH\CodeIgniter.php(933): App\Controllers\Inventory->index()
 6 SYSTEMPATH\CodeIgniter.php(507): CodeIgniter\CodeIgniter->runController(Object(App\Controllers\Inventory))
 7 SYSTEMPATH\CodeIgniter.php(354): CodeIgniter\CodeIgniter->handleRequest(null, Object(Config\Cache), false)
 8 SYSTEMPATH\Boot.php(363): CodeIgniter\CodeIgniter->run()
 9 SYSTEMPATH\Boot.php(68): CodeIgniter\Boot::runCodeIgniter(Object(CodeIgniter\CodeIgniter))
10 FCPATH\index.php(59): CodeIgniter\Boot::bootWeb(Object(Config\Paths))
11 SYSTEMPATH\rewrite.php(44): require_once('C:\\Users\\Richard Miculob\\Documents\\ReliefTrack\\public\\index.php')
DEBUG - 2026-03-01 10:46:16 --> Session: Class initialized using 'CodeIgniter\Session\Handlers\FileHandler' driver.
WARNING - 2026-03-01 10:46:16 --> [DEPRECATED] Optional parameter $familyMemberId declared before required parameter $distributorId is implicitly treated as a required parameter in APPPATH\Models\InventoryModel.php on line 139.
 1 SYSTEMPATH\Autoloader\Autoloader.php(315): include_once('C:\\Users\\Richard Miculob\\Documents\\ReliefTrack\\system\\Debug\\Exceptions.php')
 2 SYSTEMPATH\Autoloader\Autoloader.php(295): CodeIgniter\Autoloader\Autoloader->includeFile('C:\\Users\\Richard Miculob\\Documents\\ReliefTrack\\app\\Models\\InventoryModel.php')
 3 SYSTEMPATH\Autoloader\Autoloader.php(271): CodeIgniter\Autoloader\Autoloader->loadInNamespace('App\\Models\\InventoryModel')
 4 APPPATH\Controllers\Inventory.php(417): CodeIgniter\Autoloader\Autoloader->loadClass('App\\Models\\InventoryModel')
 5 SYSTEMPATH\CodeIgniter.php(933): App\Controllers\Inventory->delete('14')
 6 SYSTEMPATH\CodeIgniter.php(507): CodeIgniter\CodeIgniter->runController(Object(App\Controllers\Inventory))
 7 SYSTEMPATH\CodeIgniter.php(354): CodeIgniter\CodeIgniter->handleRequest(null, Object(Config\Cache), false)
 8 SYSTEMPATH\Boot.php(363): CodeIgniter\CodeIgniter->run()
 9 SYSTEMPATH\Boot.php(68): CodeIgniter\Boot::runCodeIgniter(Object(CodeIgniter\CodeIgniter))
10 FCPATH\index.php(59): CodeIgniter\Boot::bootWeb(Object(Config\Paths))
11 SYSTEMPATH\rewrite.php(44): require_once('C:\\Users\\Richard Miculob\\Documents\\ReliefTrack\\public\\index.php')
DEBUG - 2026-03-01 10:46:16 --> Session: Class initialized using 'CodeIgniter\Session\Handlers\FileHandler' driver.
WARNING - 2026-03-01 10:46:16 --> [DEPRECATED] Optional parameter $familyMemberId declared before required parameter $distributorId is implicitly treated as a required parameter in APPPATH\Models\InventoryModel.php on line 139.
 1 SYSTEMPATH\Autoloader\Autoloader.php(315): include_once('C:\\Users\\Richard Miculob\\Documents\\ReliefTrack\\system\\Debug\\Exceptions.php')
 2 SYSTEMPATH\Autoloader\Autoloader.php(295): CodeIgniter\Autoloader\Autoloader->includeFile('C:\\Users\\Richard Miculob\\Documents\\ReliefTrack\\app\\Models\\InventoryModel.php')
 3 SYSTEMPATH\Autoloader\Autoloader.php(271): CodeIgniter\Autoloader\Autoloader->loadInNamespace('App\\Models\\InventoryModel')
 4 APPPATH\Controllers\Inventory.php(13): CodeIgniter\Autoloader\Autoloader->loadClass('App\\Models\\InventoryModel')
 5 SYSTEMPATH\CodeIgniter.php(933): App\Controllers\Inventory->index()
 6 SYSTEMPATH\CodeIgniter.php(507): CodeIgniter\CodeIgniter->runController(Object(App\Controllers\Inventory))
 7 SYSTEMPATH\CodeIgniter.php(354): CodeIgniter\CodeIgniter->handleRequest(null, Object(Config\Cache), false)
 8 SYSTEMPATH\Boot.php(363): CodeIgniter\CodeIgniter->run()
 9 SYSTEMPATH\Boot.php(68): CodeIgniter\Boot::runCodeIgniter(Object(CodeIgniter\CodeIgniter))
10 FCPATH\index.php(59): CodeIgniter\Boot::bootWeb(Object(Config\Paths))
11 SYSTEMPATH\rewrite.php(44): require_once('C:\\Users\\Richard Miculob\\Documents\\ReliefTrack\\public\\index.php')
DEBUG - 2026-03-01 10:46:18 --> Session: Class initialized using 'CodeIgniter\Session\Handlers\FileHandler' driver.
DEBUG - 2026-03-01 10:46:33 --> Session: Class initialized using 'CodeIgniter\Session\Handlers\FileHandler' driver.
WARNING - 2026-03-01 10:46:33 --> [DEPRECATED] Optional parameter $familyMemberId declared before required parameter $distributorId is implicitly treated as a required parameter in APPPATH\Models\InventoryModel.php on line 139.
 1 SYSTEMPATH\Autoloader\Autoloader.php(315): include_once('C:\\Users\\Richard Miculob\\Documents\\ReliefTrack\\system\\Debug\\Exceptions.php')
 2 SYSTEMPATH\Autoloader\Autoloader.php(295): CodeIgniter\Autoloader\Autoloader->includeFile('C:\\Users\\Richard Miculob\\Documents\\ReliefTrack\\app\\Models\\InventoryModel.php')
 3 SYSTEMPATH\Autoloader\Autoloader.php(271): CodeIgniter\Autoloader\Autoloader->loadInNamespace('App\\Models\\InventoryModel')
 4 APPPATH\Controllers\Inventory.php(267): CodeIgniter\Autoloader\Autoloader->loadClass('App\\Models\\InventoryModel')
 5 SYSTEMPATH\CodeIgniter.php(933): App\Controllers\Inventory->saveItemWithBatch()
 6 SYSTEMPATH\CodeIgniter.php(507): CodeIgniter\CodeIgniter->runController(Object(App\Controllers\Inventory))
 7 SYSTEMPATH\CodeIgniter.php(354): CodeIgniter\CodeIgniter->handleRequest(null, Object(Config\Cache), false)
 8 SYSTEMPATH\Boot.php(363): CodeIgniter\CodeIgniter->run()
 9 SYSTEMPATH\Boot.php(68): CodeIgniter\Boot::runCodeIgniter(Object(CodeIgniter\CodeIgniter))
10 FCPATH\index.php(59): CodeIgniter\Boot::bootWeb(Object(Config\Paths))
11 SYSTEMPATH\rewrite.php(44): require_once('C:\\Users\\Richard Miculob\\Documents\\ReliefTrack\\public\\index.php')
DEBUG - 2026-03-01 10:46:33 --> Batch Data: Array
(
    [source_type] => donated
    [source_details] => Capitol
    [quantity] => 1
    [date_received] => 2026-03-01
    [expiry_date] => 
    [storage_location] => Warehouse 1
    [assigned_to] => 
    [assignment_type] => barangay
    [barangay] => 
    [notes] => 
)

DEBUG - 2026-03-01 10:46:34 --> Session: Class initialized using 'CodeIgniter\Session\Handlers\FileHandler' driver.
WARNING - 2026-03-01 10:46:34 --> [DEPRECATED] Optional parameter $familyMemberId declared before required parameter $distributorId is implicitly treated as a required parameter in APPPATH\Models\InventoryModel.php on line 139.
 1 SYSTEMPATH\Autoloader\Autoloader.php(315): include_once('C:\\Users\\Richard Miculob\\Documents\\ReliefTrack\\system\\Debug\\Exceptions.php')
 2 SYSTEMPATH\Autoloader\Autoloader.php(295): CodeIgniter\Autoloader\Autoloader->includeFile('C:\\Users\\Richard Miculob\\Documents\\ReliefTrack\\app\\Models\\InventoryModel.php')
 3 SYSTEMPATH\Autoloader\Autoloader.php(271): CodeIgniter\Autoloader\Autoloader->loadInNamespace('App\\Models\\InventoryModel')
 4 APPPATH\Controllers\Inventory.php(367): CodeIgniter\Autoloader\Autoloader->loadClass('App\\Models\\InventoryModel')
 5 SYSTEMPATH\CodeIgniter.php(933): App\Controllers\Inventory->batches('16')
 6 SYSTEMPATH\CodeIgniter.php(507): CodeIgniter\CodeIgniter->runController(Object(App\Controllers\Inventory))
 7 SYSTEMPATH\CodeIgniter.php(354): CodeIgniter\CodeIgniter->handleRequest(null, Object(Config\Cache), false)
 8 SYSTEMPATH\Boot.php(363): CodeIgniter\CodeIgniter->run()
 9 SYSTEMPATH\Boot.php(68): CodeIgniter\Boot::runCodeIgniter(Object(CodeIgniter\CodeIgniter))
10 FCPATH\index.php(59): CodeIgniter\Boot::bootWeb(Object(Config\Paths))
11 SYSTEMPATH\rewrite.php(44): require_once('C:\\Users\\Richard Miculob\\Documents\\ReliefTrack\\public\\index.php')
DEBUG - 2026-03-01 10:46:34 --> Session: Class initialized using 'CodeIgniter\Session\Handlers\FileHandler' driver.
WARNING - 2026-03-01 10:46:34 --> [DEPRECATED] Optional parameter $familyMemberId declared before required parameter $distributorId is implicitly treated as a required parameter in APPPATH\Models\InventoryModel.php on line 139.
 1 SYSTEMPATH\Autoloader\Autoloader.php(315): include_once('C:\\Users\\Richard Miculob\\Documents\\ReliefTrack\\system\\Debug\\Exceptions.php')
 2 SYSTEMPATH\Autoloader\Autoloader.php(295): CodeIgniter\Autoloader\Autoloader->includeFile('C:\\Users\\Richard Miculob\\Documents\\ReliefTrack\\app\\Models\\InventoryModel.php')
 3 SYSTEMPATH\Autoloader\Autoloader.php(271): CodeIgniter\Autoloader\Autoloader->loadInNamespace('App\\Models\\InventoryModel')
 4 APPPATH\Controllers\Inventory.php(13): CodeIgniter\Autoloader\Autoloader->loadClass('App\\Models\\InventoryModel')
 5 SYSTEMPATH\CodeIgniter.php(933): App\Controllers\Inventory->index()
 6 SYSTEMPATH\CodeIgniter.php(507): CodeIgniter\CodeIgniter->runController(Object(App\Controllers\Inventory))
 7 SYSTEMPATH\CodeIgniter.php(354): CodeIgniter\CodeIgniter->handleRequest(null, Object(Config\Cache), false)
 8 SYSTEMPATH\Boot.php(363): CodeIgniter\CodeIgniter->run()
 9 SYSTEMPATH\Boot.php(68): CodeIgniter\Boot::runCodeIgniter(Object(CodeIgniter\CodeIgniter))
10 FCPATH\index.php(59): CodeIgniter\Boot::bootWeb(Object(Config\Paths))
11 SYSTEMPATH\rewrite.php(44): require_once('C:\\Users\\Richard Miculob\\Documents\\ReliefTrack\\public\\index.php')
DEBUG - 2026-03-01 10:46:46 --> Session: Class initialized using 'CodeIgniter\Session\Handlers\FileHandler' driver.
WARNING - 2026-03-01 10:46:46 --> [DEPRECATED] Optional parameter $familyMemberId declared before required parameter $distributorId is implicitly treated as a required parameter in APPPATH\Models\InventoryModel.php on line 139.
 1 SYSTEMPATH\Autoloader\Autoloader.php(315): include_once('C:\\Users\\Richard Miculob\\Documents\\ReliefTrack\\system\\Debug\\Exceptions.php')
 2 SYSTEMPATH\Autoloader\Autoloader.php(295): CodeIgniter\Autoloader\Autoloader->includeFile('C:\\Users\\Richard Miculob\\Documents\\ReliefTrack\\app\\Models\\InventoryModel.php')
 3 SYSTEMPATH\Autoloader\Autoloader.php(271): CodeIgniter\Autoloader\Autoloader->loadInNamespace('App\\Models\\InventoryModel')
 4 APPPATH\Controllers\Inventory.php(318): CodeIgniter\Autoloader\Autoloader->loadClass('App\\Models\\InventoryModel')
 5 SYSTEMPATH\CodeIgniter.php(933): App\Controllers\Inventory->viewBatch('16')
 6 SYSTEMPATH\CodeIgniter.php(507): CodeIgniter\CodeIgniter->runController(Object(App\Controllers\Inventory))
 7 SYSTEMPATH\CodeIgniter.php(354): CodeIgniter\CodeIgniter->handleRequest(null, Object(Config\Cache), false)
 8 SYSTEMPATH\Boot.php(363): CodeIgniter\CodeIgniter->run()
 9 SYSTEMPATH\Boot.php(68): CodeIgniter\Boot::runCodeIgniter(Object(CodeIgniter\CodeIgniter))
10 FCPATH\index.php(59): CodeIgniter\Boot::bootWeb(Object(Config\Paths))
11 SYSTEMPATH\rewrite.php(44): require_once('C:\\Users\\Richard Miculob\\Documents\\ReliefTrack\\public\\index.php')
DEBUG - 2026-03-01 10:47:10 --> Session: Class initialized using 'CodeIgniter\Session\Handlers\FileHandler' driver.
WARNING - 2026-03-01 10:47:10 --> [DEPRECATED] Optional parameter $familyMemberId declared before required parameter $distributorId is implicitly treated as a required parameter in APPPATH\Models\InventoryModel.php on line 139.
 1 SYSTEMPATH\Autoloader\Autoloader.php(315): include_once('C:\\Users\\Richard Miculob\\Documents\\ReliefTrack\\system\\Debug\\Exceptions.php')
 2 SYSTEMPATH\Autoloader\Autoloader.php(295): CodeIgniter\Autoloader\Autoloader->includeFile('C:\\Users\\Richard Miculob\\Documents\\ReliefTrack\\app\\Models\\InventoryModel.php')
 3 SYSTEMPATH\Autoloader\Autoloader.php(271): CodeIgniter\Autoloader\Autoloader->loadInNamespace('App\\Models\\InventoryModel')
 4 APPPATH\Controllers\Inventory.php(13): CodeIgniter\Autoloader\Autoloader->loadClass('App\\Models\\InventoryModel')
 5 SYSTEMPATH\CodeIgniter.php(933): App\Controllers\Inventory->index()
 6 SYSTEMPATH\CodeIgniter.php(507): CodeIgniter\CodeIgniter->runController(Object(App\Controllers\Inventory))
 7 SYSTEMPATH\CodeIgniter.php(354): CodeIgniter\CodeIgniter->handleRequest(null, Object(Config\Cache), false)
 8 SYSTEMPATH\Boot.php(363): CodeIgniter\CodeIgniter->run()
 9 SYSTEMPATH\Boot.php(68): CodeIgniter\Boot::runCodeIgniter(Object(CodeIgniter\CodeIgniter))
10 FCPATH\index.php(59): CodeIgniter\Boot::bootWeb(Object(Config\Paths))
11 SYSTEMPATH\rewrite.php(44): require_once('C:\\Users\\Richard Miculob\\Documents\\ReliefTrack\\public\\index.php')
DEBUG - 2026-03-01 10:47:13 --> Session: Class initialized using 'CodeIgniter\Session\Handlers\FileHandler' driver.
WARNING - 2026-03-01 10:47:13 --> [DEPRECATED] Optional parameter $familyMemberId declared before required parameter $distributorId is implicitly treated as a required parameter in APPPATH\Models\InventoryModel.php on line 139.
 1 SYSTEMPATH\Autoloader\Autoloader.php(315): include_once('C:\\Users\\Richard Miculob\\Documents\\ReliefTrack\\system\\Debug\\Exceptions.php')
 2 SYSTEMPATH\Autoloader\Autoloader.php(295): CodeIgniter\Autoloader\Autoloader->includeFile('C:\\Users\\Richard Miculob\\Documents\\ReliefTrack\\app\\Models\\InventoryModel.php')
 3 SYSTEMPATH\Autoloader\Autoloader.php(271): CodeIgniter\Autoloader\Autoloader->loadInNamespace('App\\Models\\InventoryModel')
 4 APPPATH\Controllers\Inventory.php(417): CodeIgniter\Autoloader\Autoloader->loadClass('App\\Models\\InventoryModel')
 5 SYSTEMPATH\CodeIgniter.php(933): App\Controllers\Inventory->delete('15')
 6 SYSTEMPATH\CodeIgniter.php(507): CodeIgniter\CodeIgniter->runController(Object(App\Controllers\Inventory))
 7 SYSTEMPATH\CodeIgniter.php(354): CodeIgniter\CodeIgniter->handleRequest(null, Object(Config\Cache), false)
 8 SYSTEMPATH\Boot.php(363): CodeIgniter\CodeIgniter->run()
 9 SYSTEMPATH\Boot.php(68): CodeIgniter\Boot::runCodeIgniter(Object(CodeIgniter\CodeIgniter))
10 FCPATH\index.php(59): CodeIgniter\Boot::bootWeb(Object(Config\Paths))
11 SYSTEMPATH\rewrite.php(44): require_once('C:\\Users\\Richard Miculob\\Documents\\ReliefTrack\\public\\index.php')
DEBUG - 2026-03-01 10:47:14 --> Session: Class initialized using 'CodeIgniter\Session\Handlers\FileHandler' driver.
WARNING - 2026-03-01 10:47:14 --> [DEPRECATED] Optional parameter $familyMemberId declared before required parameter $distributorId is implicitly treated as a required parameter in APPPATH\Models\InventoryModel.php on line 139.
 1 SYSTEMPATH\Autoloader\Autoloader.php(315): include_once('C:\\Users\\Richard Miculob\\Documents\\ReliefTrack\\system\\Debug\\Exceptions.php')
 2 SYSTEMPATH\Autoloader\Autoloader.php(295): CodeIgniter\Autoloader\Autoloader->includeFile('C:\\Users\\Richard Miculob\\Documents\\ReliefTrack\\app\\Models\\InventoryModel.php')
 3 SYSTEMPATH\Autoloader\Autoloader.php(271): CodeIgniter\Autoloader\Autoloader->loadInNamespace('App\\Models\\InventoryModel')
 4 APPPATH\Controllers\Inventory.php(13): CodeIgniter\Autoloader\Autoloader->loadClass('App\\Models\\InventoryModel')
 5 SYSTEMPATH\CodeIgniter.php(933): App\Controllers\Inventory->index()
 6 SYSTEMPATH\CodeIgniter.php(507): CodeIgniter\CodeIgniter->runController(Object(App\Controllers\Inventory))
 7 SYSTEMPATH\CodeIgniter.php(354): CodeIgniter\CodeIgniter->handleRequest(null, Object(Config\Cache), false)
 8 SYSTEMPATH\Boot.php(363): CodeIgniter\CodeIgniter->run()
 9 SYSTEMPATH\Boot.php(68): CodeIgniter\Boot::runCodeIgniter(Object(CodeIgniter\CodeIgniter))
10 FCPATH\index.php(59): CodeIgniter\Boot::bootWeb(Object(Config\Paths))
11 SYSTEMPATH\rewrite.php(44): require_once('C:\\Users\\Richard Miculob\\Documents\\ReliefTrack\\public\\index.php')
DEBUG - 2026-03-01 10:47:18 --> Session: Class initialized using 'CodeIgniter\Session\Handlers\FileHandler' driver.
DEBUG - 2026-03-01 10:47:44 --> Session: Class initialized using 'CodeIgniter\Session\Handlers\FileHandler' driver.
WARNING - 2026-03-01 10:47:44 --> [DEPRECATED] Optional parameter $familyMemberId declared before required parameter $distributorId is implicitly treated as a required parameter in APPPATH\Models\InventoryModel.php on line 139.
 1 SYSTEMPATH\Autoloader\Autoloader.php(315): include_once('C:\\Users\\Richard Miculob\\Documents\\ReliefTrack\\system\\Debug\\Exceptions.php')
 2 SYSTEMPATH\Autoloader\Autoloader.php(295): CodeIgniter\Autoloader\Autoloader->includeFile('C:\\Users\\Richard Miculob\\Documents\\ReliefTrack\\app\\Models\\InventoryModel.php')
 3 SYSTEMPATH\Autoloader\Autoloader.php(271): CodeIgniter\Autoloader\Autoloader->loadInNamespace('App\\Models\\InventoryModel')
 4 APPPATH\Controllers\Inventory.php(267): CodeIgniter\Autoloader\Autoloader->loadClass('App\\Models\\InventoryModel')
 5 SYSTEMPATH\CodeIgniter.php(933): App\Controllers\Inventory->saveItemWithBatch()
 6 SYSTEMPATH\CodeIgniter.php(507): CodeIgniter\CodeIgniter->runController(Object(App\Controllers\Inventory))
 7 SYSTEMPATH\CodeIgniter.php(354): CodeIgniter\CodeIgniter->handleRequest(null, Object(Config\Cache), false)
 8 SYSTEMPATH\Boot.php(363): CodeIgniter\CodeIgniter->run()
 9 SYSTEMPATH\Boot.php(68): CodeIgniter\Boot::runCodeIgniter(Object(CodeIgniter\CodeIgniter))
10 FCPATH\index.php(59): CodeIgniter\Boot::bootWeb(Object(Config\Paths))
11 SYSTEMPATH\rewrite.php(44): require_once('C:\\Users\\Richard Miculob\\Documents\\ReliefTrack\\public\\index.php')
DEBUG - 2026-03-01 10:47:44 --> Batch Data: Array
(
    [source_type] => donated
    [source_details] => Capitol
    [quantity] => 1
    [date_received] => 2026-03-01
    [expiry_date] => 
    [storage_location] => Warehouse 1
    [assigned_to] => 
    [assignment_type] => barangay
    [barangay] => 
    [notes] => 
)

DEBUG - 2026-03-01 10:47:44 --> Session: Class initialized using 'CodeIgniter\Session\Handlers\FileHandler' driver.
WARNING - 2026-03-01 10:47:44 --> [DEPRECATED] Optional parameter $familyMemberId declared before required parameter $distributorId is implicitly treated as a required parameter in APPPATH\Models\InventoryModel.php on line 139.
 1 SYSTEMPATH\Autoloader\Autoloader.php(315): include_once('C:\\Users\\Richard Miculob\\Documents\\ReliefTrack\\system\\Debug\\Exceptions.php')
 2 SYSTEMPATH\Autoloader\Autoloader.php(295): CodeIgniter\Autoloader\Autoloader->includeFile('C:\\Users\\Richard Miculob\\Documents\\ReliefTrack\\app\\Models\\InventoryModel.php')
 3 SYSTEMPATH\Autoloader\Autoloader.php(271): CodeIgniter\Autoloader\Autoloader->loadInNamespace('App\\Models\\InventoryModel')
 4 APPPATH\Controllers\Inventory.php(367): CodeIgniter\Autoloader\Autoloader->loadClass('App\\Models\\InventoryModel')
 5 SYSTEMPATH\CodeIgniter.php(933): App\Controllers\Inventory->batches('17')
 6 SYSTEMPATH\CodeIgniter.php(507): CodeIgniter\CodeIgniter->runController(Object(App\Controllers\Inventory))
 7 SYSTEMPATH\CodeIgniter.php(354): CodeIgniter\CodeIgniter->handleRequest(null, Object(Config\Cache), false)
 8 SYSTEMPATH\Boot.php(363): CodeIgniter\CodeIgniter->run()
 9 SYSTEMPATH\Boot.php(68): CodeIgniter\Boot::runCodeIgniter(Object(CodeIgniter\CodeIgniter))
10 FCPATH\index.php(59): CodeIgniter\Boot::bootWeb(Object(Config\Paths))
11 SYSTEMPATH\rewrite.php(44): require_once('C:\\Users\\Richard Miculob\\Documents\\ReliefTrack\\public\\index.php')
DEBUG - 2026-03-01 10:47:45 --> Session: Class initialized using 'CodeIgniter\Session\Handlers\FileHandler' driver.
WARNING - 2026-03-01 10:47:45 --> [DEPRECATED] Optional parameter $familyMemberId declared before required parameter $distributorId is implicitly treated as a required parameter in APPPATH\Models\InventoryModel.php on line 139.
 1 SYSTEMPATH\Autoloader\Autoloader.php(315): include_once('C:\\Users\\Richard Miculob\\Documents\\ReliefTrack\\system\\Debug\\Exceptions.php')
 2 SYSTEMPATH\Autoloader\Autoloader.php(295): CodeIgniter\Autoloader\Autoloader->includeFile('C:\\Users\\Richard Miculob\\Documents\\ReliefTrack\\app\\Models\\InventoryModel.php')
 3 SYSTEMPATH\Autoloader\Autoloader.php(271): CodeIgniter\Autoloader\Autoloader->loadInNamespace('App\\Models\\InventoryModel')
 4 APPPATH\Controllers\Inventory.php(13): CodeIgniter\Autoloader\Autoloader->loadClass('App\\Models\\InventoryModel')
 5 SYSTEMPATH\CodeIgniter.php(933): App\Controllers\Inventory->index()
 6 SYSTEMPATH\CodeIgniter.php(507): CodeIgniter\CodeIgniter->runController(Object(App\Controllers\Inventory))
 7 SYSTEMPATH\CodeIgniter.php(354): CodeIgniter\CodeIgniter->handleRequest(null, Object(Config\Cache), false)
 8 SYSTEMPATH\Boot.php(363): CodeIgniter\CodeIgniter->run()
 9 SYSTEMPATH\Boot.php(68): CodeIgniter\Boot::runCodeIgniter(Object(CodeIgniter\CodeIgniter))
10 FCPATH\index.php(59): CodeIgniter\Boot::bootWeb(Object(Config\Paths))
11 SYSTEMPATH\rewrite.php(44): require_once('C:\\Users\\Richard Miculob\\Documents\\ReliefTrack\\public\\index.php')
DEBUG - 2026-03-01 10:49:27 --> Session: Class initialized using 'CodeIgniter\Session\Handlers\FileHandler' driver.
WARNING - 2026-03-01 10:49:27 --> [DEPRECATED] Optional parameter $familyMemberId declared before required parameter $distributorId is implicitly treated as a required parameter in APPPATH\Models\InventoryModel.php on line 139.
 1 SYSTEMPATH\Autoloader\Autoloader.php(315): include_once('C:\\Users\\Richard Miculob\\Documents\\ReliefTrack\\system\\Debug\\Exceptions.php')
 2 SYSTEMPATH\Autoloader\Autoloader.php(295): CodeIgniter\Autoloader\Autoloader->includeFile('C:\\Users\\Richard Miculob\\Documents\\ReliefTrack\\app\\Models\\InventoryModel.php')
 3 SYSTEMPATH\Autoloader\Autoloader.php(271): CodeIgniter\Autoloader\Autoloader->loadInNamespace('App\\Models\\InventoryModel')
 4 APPPATH\Controllers\Inventory.php(13): CodeIgniter\Autoloader\Autoloader->loadClass('App\\Models\\InventoryModel')
 5 SYSTEMPATH\CodeIgniter.php(933): App\Controllers\Inventory->index()
 6 SYSTEMPATH\CodeIgniter.php(507): CodeIgniter\CodeIgniter->runController(Object(App\Controllers\Inventory))
 7 SYSTEMPATH\CodeIgniter.php(354): CodeIgniter\CodeIgniter->handleRequest(null, Object(Config\Cache), false)
 8 SYSTEMPATH\Boot.php(363): CodeIgniter\CodeIgniter->run()
 9 SYSTEMPATH\Boot.php(68): CodeIgniter\Boot::runCodeIgniter(Object(CodeIgniter\CodeIgniter))
10 FCPATH\index.php(59): CodeIgniter\Boot::bootWeb(Object(Config\Paths))
11 SYSTEMPATH\rewrite.php(44): require_once('C:\\Users\\Richard Miculob\\Documents\\ReliefTrack\\public\\index.php')
DEBUG - 2026-03-01 10:49:29 --> Session: Class initialized using 'CodeIgniter\Session\Handlers\FileHandler' driver.
DEBUG - 2026-03-01 10:49:31 --> Session: Class initialized using 'CodeIgniter\Session\Handlers\FileHandler' driver.
WARNING - 2026-03-01 10:49:31 --> [DEPRECATED] Optional parameter $familyMemberId declared before required parameter $distributorId is implicitly treated as a required parameter in APPPATH\Models\InventoryModel.php on line 139.
 1 SYSTEMPATH\Autoloader\Autoloader.php(315): include_once('C:\\Users\\Richard Miculob\\Documents\\ReliefTrack\\system\\Debug\\Exceptions.php')
 2 SYSTEMPATH\Autoloader\Autoloader.php(295): CodeIgniter\Autoloader\Autoloader->includeFile('C:\\Users\\Richard Miculob\\Documents\\ReliefTrack\\app\\Models\\InventoryModel.php')
 3 SYSTEMPATH\Autoloader\Autoloader.php(271): CodeIgniter\Autoloader\Autoloader->loadInNamespace('App\\Models\\InventoryModel')
 4 APPPATH\Controllers\Inventory.php(13): CodeIgniter\Autoloader\Autoloader->loadClass('App\\Models\\InventoryModel')
 5 SYSTEMPATH\CodeIgniter.php(933): App\Controllers\Inventory->index()
 6 SYSTEMPATH\CodeIgniter.php(507): CodeIgniter\CodeIgniter->runController(Object(App\Controllers\Inventory))
 7 SYSTEMPATH\CodeIgniter.php(354): CodeIgniter\CodeIgniter->handleRequest(null, Object(Config\Cache), false)
 8 SYSTEMPATH\Boot.php(363): CodeIgniter\CodeIgniter->run()
 9 SYSTEMPATH\Boot.php(68): CodeIgniter\Boot::runCodeIgniter(Object(CodeIgniter\CodeIgniter))
10 FCPATH\index.php(59): CodeIgniter\Boot::bootWeb(Object(Config\Paths))
11 SYSTEMPATH\rewrite.php(44): require_once('C:\\Users\\Richard Miculob\\Documents\\ReliefTrack\\public\\index.php')
DEBUG - 2026-03-01 10:49:35 --> Session: Class initialized using 'CodeIgniter\Session\Handlers\FileHandler' driver.
WARNING - 2026-03-01 10:49:35 --> [DEPRECATED] Optional parameter $familyMemberId declared before required parameter $distributorId is implicitly treated as a required parameter in APPPATH\Models\InventoryModel.php on line 139.
 1 SYSTEMPATH\Autoloader\Autoloader.php(315): include_once('C:\\Users\\Richard Miculob\\Documents\\ReliefTrack\\system\\Debug\\Exceptions.php')
 2 SYSTEMPATH\Autoloader\Autoloader.php(295): CodeIgniter\Autoloader\Autoloader->includeFile('C:\\Users\\Richard Miculob\\Documents\\ReliefTrack\\app\\Models\\InventoryModel.php')
 3 SYSTEMPATH\Autoloader\Autoloader.php(271): CodeIgniter\Autoloader\Autoloader->loadInNamespace('App\\Models\\InventoryModel')
 4 APPPATH\Controllers\Inventory.php(424): CodeIgniter\Autoloader\Autoloader->loadClass('App\\Models\\InventoryModel')
 5 SYSTEMPATH\CodeIgniter.php(933): App\Controllers\Inventory->delete('16')
 6 SYSTEMPATH\CodeIgniter.php(507): CodeIgniter\CodeIgniter->runController(Object(App\Controllers\Inventory))
 7 SYSTEMPATH\CodeIgniter.php(354): CodeIgniter\CodeIgniter->handleRequest(null, Object(Config\Cache), false)
 8 SYSTEMPATH\Boot.php(363): CodeIgniter\CodeIgniter->run()
 9 SYSTEMPATH\Boot.php(68): CodeIgniter\Boot::runCodeIgniter(Object(CodeIgniter\CodeIgniter))
10 FCPATH\index.php(59): CodeIgniter\Boot::bootWeb(Object(Config\Paths))
11 SYSTEMPATH\rewrite.php(44): require_once('C:\\Users\\Richard Miculob\\Documents\\ReliefTrack\\public\\index.php')
DEBUG - 2026-03-01 10:49:35 --> Session: Class initialized using 'CodeIgniter\Session\Handlers\FileHandler' driver.
WARNING - 2026-03-01 10:49:35 --> [DEPRECATED] Optional parameter $familyMemberId declared before required parameter $distributorId is implicitly treated as a required parameter in APPPATH\Models\InventoryModel.php on line 139.
 1 SYSTEMPATH\Autoloader\Autoloader.php(315): include_once('C:\\Users\\Richard Miculob\\Documents\\ReliefTrack\\system\\Debug\\Exceptions.php')
 2 SYSTEMPATH\Autoloader\Autoloader.php(295): CodeIgniter\Autoloader\Autoloader->includeFile('C:\\Users\\Richard Miculob\\Documents\\ReliefTrack\\app\\Models\\InventoryModel.php')
 3 SYSTEMPATH\Autoloader\Autoloader.php(271): CodeIgniter\Autoloader\Autoloader->loadInNamespace('App\\Models\\InventoryModel')
 4 APPPATH\Controllers\Inventory.php(13): CodeIgniter\Autoloader\Autoloader->loadClass('App\\Models\\InventoryModel')
 5 SYSTEMPATH\CodeIgniter.php(933): App\Controllers\Inventory->index()
 6 SYSTEMPATH\CodeIgniter.php(507): CodeIgniter\CodeIgniter->runController(Object(App\Controllers\Inventory))
 7 SYSTEMPATH\CodeIgniter.php(354): CodeIgniter\CodeIgniter->handleRequest(null, Object(Config\Cache), false)
 8 SYSTEMPATH\Boot.php(363): CodeIgniter\CodeIgniter->run()
 9 SYSTEMPATH\Boot.php(68): CodeIgniter\Boot::runCodeIgniter(Object(CodeIgniter\CodeIgniter))
10 FCPATH\index.php(59): CodeIgniter\Boot::bootWeb(Object(Config\Paths))
11 SYSTEMPATH\rewrite.php(44): require_once('C:\\Users\\Richard Miculob\\Documents\\ReliefTrack\\public\\index.php')
DEBUG - 2026-03-01 10:49:38 --> Session: Class initialized using 'CodeIgniter\Session\Handlers\FileHandler' driver.
DEBUG - 2026-03-01 10:49:57 --> Session: Class initialized using 'CodeIgniter\Session\Handlers\FileHandler' driver.
WARNING - 2026-03-01 10:49:57 --> [DEPRECATED] Optional parameter $familyMemberId declared before required parameter $distributorId is implicitly treated as a required parameter in APPPATH\Models\InventoryModel.php on line 139.
 1 SYSTEMPATH\Autoloader\Autoloader.php(315): include_once('C:\\Users\\Richard Miculob\\Documents\\ReliefTrack\\system\\Debug\\Exceptions.php')
 2 SYSTEMPATH\Autoloader\Autoloader.php(295): CodeIgniter\Autoloader\Autoloader->includeFile('C:\\Users\\Richard Miculob\\Documents\\ReliefTrack\\app\\Models\\InventoryModel.php')
 3 SYSTEMPATH\Autoloader\Autoloader.php(271): CodeIgniter\Autoloader\Autoloader->loadInNamespace('App\\Models\\InventoryModel')
 4 APPPATH\Controllers\Inventory.php(267): CodeIgniter\Autoloader\Autoloader->loadClass('App\\Models\\InventoryModel')
 5 SYSTEMPATH\CodeIgniter.php(933): App\Controllers\Inventory->saveItemWithBatch()
 6 SYSTEMPATH\CodeIgniter.php(507): CodeIgniter\CodeIgniter->runController(Object(App\Controllers\Inventory))
 7 SYSTEMPATH\CodeIgniter.php(354): CodeIgniter\CodeIgniter->handleRequest(null, Object(Config\Cache), false)
 8 SYSTEMPATH\Boot.php(363): CodeIgniter\CodeIgniter->run()
 9 SYSTEMPATH\Boot.php(68): CodeIgniter\Boot::runCodeIgniter(Object(CodeIgniter\CodeIgniter))
10 FCPATH\index.php(59): CodeIgniter\Boot::bootWeb(Object(Config\Paths))
11 SYSTEMPATH\rewrite.php(44): require_once('C:\\Users\\Richard Miculob\\Documents\\ReliefTrack\\public\\index.php')
DEBUG - 2026-03-01 10:49:57 --> Batch Data after fix: Array
(
    [source_type] => government-issued
    [source_details] => Capitol
    [quantity] => 1
    [date_received] => 2026-03-01
    [expiry_date] => 
    [storage_location] => Warehouse 1
    [assigned_to] => 
    [assignment_type] => barangay
    [barangay] => 
    [notes] => 
)

DEBUG - 2026-03-01 10:49:57 --> Session: Class initialized using 'CodeIgniter\Session\Handlers\FileHandler' driver.
DEBUG - 2026-03-01 10:51:42 --> Session: Class initialized using 'CodeIgniter\Session\Handlers\FileHandler' driver.
WARNING - 2026-03-01 10:51:42 --> [DEPRECATED] Optional parameter $familyMemberId declared before required parameter $distributorId is implicitly treated as a required parameter in APPPATH\Models\InventoryModel.php on line 139.
 1 SYSTEMPATH\Autoloader\Autoloader.php(315): include_once('C:\\Users\\Richard Miculob\\Documents\\ReliefTrack\\system\\Debug\\Exceptions.php')
 2 SYSTEMPATH\Autoloader\Autoloader.php(295): CodeIgniter\Autoloader\Autoloader->includeFile('C:\\Users\\Richard Miculob\\Documents\\ReliefTrack\\app\\Models\\InventoryModel.php')
 3 SYSTEMPATH\Autoloader\Autoloader.php(271): CodeIgniter\Autoloader\Autoloader->loadInNamespace('App\\Models\\InventoryModel')
 4 APPPATH\Controllers\Inventory.php(13): CodeIgniter\Autoloader\Autoloader->loadClass('App\\Models\\InventoryModel')
 5 SYSTEMPATH\CodeIgniter.php(933): App\Controllers\Inventory->index()
 6 SYSTEMPATH\CodeIgniter.php(507): CodeIgniter\CodeIgniter->runController(Object(App\Controllers\Inventory))
 7 SYSTEMPATH\CodeIgniter.php(354): CodeIgniter\CodeIgniter->handleRequest(null, Object(Config\Cache), false)
 8 SYSTEMPATH\Boot.php(363): CodeIgniter\CodeIgniter->run()
 9 SYSTEMPATH\Boot.php(68): CodeIgniter\Boot::runCodeIgniter(Object(CodeIgniter\CodeIgniter))
10 FCPATH\index.php(59): CodeIgniter\Boot::bootWeb(Object(Config\Paths))
11 SYSTEMPATH\rewrite.php(44): require_once('C:\\Users\\Richard Miculob\\Documents\\ReliefTrack\\public\\index.php')
DEBUG - 2026-03-01 10:51:43 --> Session: Class initialized using 'CodeIgniter\Session\Handlers\FileHandler' driver.
DEBUG - 2026-03-01 10:52:00 --> Session: Class initialized using 'CodeIgniter\Session\Handlers\FileHandler' driver.
WARNING - 2026-03-01 10:52:00 --> [DEPRECATED] Optional parameter $familyMemberId declared before required parameter $distributorId is implicitly treated as a required parameter in APPPATH\Models\InventoryModel.php on line 139.
 1 SYSTEMPATH\Autoloader\Autoloader.php(315): include_once('C:\\Users\\Richard Miculob\\Documents\\ReliefTrack\\system\\Debug\\Exceptions.php')
 2 SYSTEMPATH\Autoloader\Autoloader.php(295): CodeIgniter\Autoloader\Autoloader->includeFile('C:\\Users\\Richard Miculob\\Documents\\ReliefTrack\\app\\Models\\InventoryModel.php')
 3 SYSTEMPATH\Autoloader\Autoloader.php(271): CodeIgniter\Autoloader\Autoloader->loadInNamespace('App\\Models\\InventoryModel')
 4 APPPATH\Controllers\Inventory.php(267): CodeIgniter\Autoloader\Autoloader->loadClass('App\\Models\\InventoryModel')
 5 SYSTEMPATH\CodeIgniter.php(933): App\Controllers\Inventory->saveItemWithBatch()
 6 SYSTEMPATH\CodeIgniter.php(507): CodeIgniter\CodeIgniter->runController(Object(App\Controllers\Inventory))
 7 SYSTEMPATH\CodeIgniter.php(354): CodeIgniter\CodeIgniter->handleRequest(null, Object(Config\Cache), false)
 8 SYSTEMPATH\Boot.php(363): CodeIgniter\CodeIgniter->run()
 9 SYSTEMPATH\Boot.php(68): CodeIgniter\Boot::runCodeIgniter(Object(CodeIgniter\CodeIgniter))
10 FCPATH\index.php(59): CodeIgniter\Boot::bootWeb(Object(Config\Paths))
11 SYSTEMPATH\rewrite.php(44): require_once('C:\\Users\\Richard Miculob\\Documents\\ReliefTrack\\public\\index.php')
DEBUG - 2026-03-01 10:52:00 --> Batch Data after fix: Array
(
    [source_type] => government-issued
    [source_details] => Capitol
    [quantity] => 1
    [date_received] => 2026-03-01
    [expiry_date] => 
    [storage_location] => Warehouse 1
    [assigned_to] => 
    [assignment_type] => barangay
    [barangay] => 
    [notes] => 
)

DEBUG - 2026-03-01 10:52:00 --> Session: Class initialized using 'CodeIgniter\Session\Handlers\FileHandler' driver.
DEBUG - 2026-03-01 10:52:21 --> Session: Class initialized using 'CodeIgniter\Session\Handlers\FileHandler' driver.
DEBUG - 2026-03-01 10:52:28 --> Session: Class initialized using 'CodeIgniter\Session\Handlers\FileHandler' driver.
WARNING - 2026-03-01 10:52:28 --> [DEPRECATED] Optional parameter $familyMemberId declared before required parameter $distributorId is implicitly treated as a required parameter in APPPATH\Models\InventoryModel.php on line 139.
 1 SYSTEMPATH\Autoloader\Autoloader.php(315): include_once('C:\\Users\\Richard Miculob\\Documents\\ReliefTrack\\system\\Debug\\Exceptions.php')
 2 SYSTEMPATH\Autoloader\Autoloader.php(295): CodeIgniter\Autoloader\Autoloader->includeFile('C:\\Users\\Richard Miculob\\Documents\\ReliefTrack\\app\\Models\\InventoryModel.php')
 3 SYSTEMPATH\Autoloader\Autoloader.php(271): CodeIgniter\Autoloader\Autoloader->loadInNamespace('App\\Models\\InventoryModel')
 4 APPPATH\Controllers\Inventory.php(13): CodeIgniter\Autoloader\Autoloader->loadClass('App\\Models\\InventoryModel')
 5 SYSTEMPATH\CodeIgniter.php(933): App\Controllers\Inventory->index()
 6 SYSTEMPATH\CodeIgniter.php(507): CodeIgniter\CodeIgniter->runController(Object(App\Controllers\Inventory))
 7 SYSTEMPATH\CodeIgniter.php(354): CodeIgniter\CodeIgniter->handleRequest(null, Object(Config\Cache), false)
 8 SYSTEMPATH\Boot.php(363): CodeIgniter\CodeIgniter->run()
 9 SYSTEMPATH\Boot.php(68): CodeIgniter\Boot::runCodeIgniter(Object(CodeIgniter\CodeIgniter))
10 FCPATH\index.php(59): CodeIgniter\Boot::bootWeb(Object(Config\Paths))
11 SYSTEMPATH\rewrite.php(44): require_once('C:\\Users\\Richard Miculob\\Documents\\ReliefTrack\\public\\index.php')
DEBUG - 2026-03-01 10:52:31 --> Session: Class initialized using 'CodeIgniter\Session\Handlers\FileHandler' driver.
DEBUG - 2026-03-01 10:54:58 --> Session: Class initialized using 'CodeIgniter\Session\Handlers\FileHandler' driver.
DEBUG - 2026-03-01 10:54:59 --> Session: Class initialized using 'CodeIgniter\Session\Handlers\FileHandler' driver.
WARNING - 2026-03-01 10:54:59 --> [DEPRECATED] Optional parameter $familyMemberId declared before required parameter $distributorId is implicitly treated as a required parameter in APPPATH\Models\InventoryModel.php on line 139.
 1 SYSTEMPATH\Autoloader\Autoloader.php(315): include_once('C:\\Users\\Richard Miculob\\Documents\\ReliefTrack\\system\\Debug\\Exceptions.php')
 2 SYSTEMPATH\Autoloader\Autoloader.php(295): CodeIgniter\Autoloader\Autoloader->includeFile('C:\\Users\\Richard Miculob\\Documents\\ReliefTrack\\app\\Models\\InventoryModel.php')
 3 SYSTEMPATH\Autoloader\Autoloader.php(271): CodeIgniter\Autoloader\Autoloader->loadInNamespace('App\\Models\\InventoryModel')
 4 APPPATH\Controllers\Inventory.php(13): CodeIgniter\Autoloader\Autoloader->loadClass('App\\Models\\InventoryModel')
 5 SYSTEMPATH\CodeIgniter.php(933): App\Controllers\Inventory->index()
 6 SYSTEMPATH\CodeIgniter.php(507): CodeIgniter\CodeIgniter->runController(Object(App\Controllers\Inventory))
 7 SYSTEMPATH\CodeIgniter.php(354): CodeIgniter\CodeIgniter->handleRequest(null, Object(Config\Cache), false)
 8 SYSTEMPATH\Boot.php(363): CodeIgniter\CodeIgniter->run()
 9 SYSTEMPATH\Boot.php(68): CodeIgniter\Boot::runCodeIgniter(Object(CodeIgniter\CodeIgniter))
10 FCPATH\index.php(59): CodeIgniter\Boot::bootWeb(Object(Config\Paths))
11 SYSTEMPATH\rewrite.php(44): require_once('C:\\Users\\Richard Miculob\\Documents\\ReliefTrack\\public\\index.php')
DEBUG - 2026-03-01 10:55:01 --> Session: Class initialized using 'CodeIgniter\Session\Handlers\FileHandler' driver.
DEBUG - 2026-03-01 10:55:25 --> Session: Class initialized using 'CodeIgniter\Session\Handlers\FileHandler' driver.
WARNING - 2026-03-01 10:55:25 --> [DEPRECATED] Optional parameter $familyMemberId declared before required parameter $distributorId is implicitly treated as a required parameter in APPPATH\Models\InventoryModel.php on line 139.
 1 SYSTEMPATH\Autoloader\Autoloader.php(315): include_once('C:\\Users\\Richard Miculob\\Documents\\ReliefTrack\\system\\Debug\\Exceptions.php')
 2 SYSTEMPATH\Autoloader\Autoloader.php(295): CodeIgniter\Autoloader\Autoloader->includeFile('C:\\Users\\Richard Miculob\\Documents\\ReliefTrack\\app\\Models\\InventoryModel.php')
 3 SYSTEMPATH\Autoloader\Autoloader.php(271): CodeIgniter\Autoloader\Autoloader->loadInNamespace('App\\Models\\InventoryModel')
 4 APPPATH\Controllers\Inventory.php(267): CodeIgniter\Autoloader\Autoloader->loadClass('App\\Models\\InventoryModel')
 5 SYSTEMPATH\CodeIgniter.php(933): App\Controllers\Inventory->saveItemWithBatch()
 6 SYSTEMPATH\CodeIgniter.php(507): CodeIgniter\CodeIgniter->runController(Object(App\Controllers\Inventory))
 7 SYSTEMPATH\CodeIgniter.php(354): CodeIgniter\CodeIgniter->handleRequest(null, Object(Config\Cache), false)
 8 SYSTEMPATH\Boot.php(363): CodeIgniter\CodeIgniter->run()
 9 SYSTEMPATH\Boot.php(68): CodeIgniter\Boot::runCodeIgniter(Object(CodeIgniter\CodeIgniter))
10 FCPATH\index.php(59): CodeIgniter\Boot::bootWeb(Object(Config\Paths))
11 SYSTEMPATH\rewrite.php(44): require_once('C:\\Users\\Richard Miculob\\Documents\\ReliefTrack\\public\\index.php')
DEBUG - 2026-03-01 10:55:25 --> Session: Class initialized using 'CodeIgniter\Session\Handlers\FileHandler' driver.
WARNING - 2026-03-01 10:55:25 --> [DEPRECATED] Optional parameter $familyMemberId declared before required parameter $distributorId is implicitly treated as a required parameter in APPPATH\Models\InventoryModel.php on line 139.
 1 SYSTEMPATH\Autoloader\Autoloader.php(315): include_once('C:\\Users\\Richard Miculob\\Documents\\ReliefTrack\\system\\Debug\\Exceptions.php')
 2 SYSTEMPATH\Autoloader\Autoloader.php(295): CodeIgniter\Autoloader\Autoloader->includeFile('C:\\Users\\Richard Miculob\\Documents\\ReliefTrack\\app\\Models\\InventoryModel.php')
 3 SYSTEMPATH\Autoloader\Autoloader.php(271): CodeIgniter\Autoloader\Autoloader->loadInNamespace('App\\Models\\InventoryModel')
 4 APPPATH\Controllers\Inventory.php(372): CodeIgniter\Autoloader\Autoloader->loadClass('App\\Models\\InventoryModel')
 5 SYSTEMPATH\CodeIgniter.php(933): App\Controllers\Inventory->batches('18')
 6 SYSTEMPATH\CodeIgniter.php(507): CodeIgniter\CodeIgniter->runController(Object(App\Controllers\Inventory))
 7 SYSTEMPATH\CodeIgniter.php(354): CodeIgniter\CodeIgniter->handleRequest(null, Object(Config\Cache), false)
 8 SYSTEMPATH\Boot.php(363): CodeIgniter\CodeIgniter->run()
 9 SYSTEMPATH\Boot.php(68): CodeIgniter\Boot::runCodeIgniter(Object(CodeIgniter\CodeIgniter))
10 FCPATH\index.php(59): CodeIgniter\Boot::bootWeb(Object(Config\Paths))
11 SYSTEMPATH\rewrite.php(44): require_once('C:\\Users\\Richard Miculob\\Documents\\ReliefTrack\\public\\index.php')
DEBUG - 2026-03-01 10:55:25 --> Session: Class initialized using 'CodeIgniter\Session\Handlers\FileHandler' driver.
WARNING - 2026-03-01 10:55:25 --> [DEPRECATED] Optional parameter $familyMemberId declared before required parameter $distributorId is implicitly treated as a required parameter in APPPATH\Models\InventoryModel.php on line 139.
 1 SYSTEMPATH\Autoloader\Autoloader.php(315): include_once('C:\\Users\\Richard Miculob\\Documents\\ReliefTrack\\system\\Debug\\Exceptions.php')
 2 SYSTEMPATH\Autoloader\Autoloader.php(295): CodeIgniter\Autoloader\Autoloader->includeFile('C:\\Users\\Richard Miculob\\Documents\\ReliefTrack\\app\\Models\\InventoryModel.php')
 3 SYSTEMPATH\Autoloader\Autoloader.php(271): CodeIgniter\Autoloader\Autoloader->loadInNamespace('App\\Models\\InventoryModel')
 4 APPPATH\Controllers\Inventory.php(13): CodeIgniter\Autoloader\Autoloader->loadClass('App\\Models\\InventoryModel')
 5 SYSTEMPATH\CodeIgniter.php(933): App\Controllers\Inventory->index()
 6 SYSTEMPATH\CodeIgniter.php(507): CodeIgniter\CodeIgniter->runController(Object(App\Controllers\Inventory))
 7 SYSTEMPATH\CodeIgniter.php(354): CodeIgniter\CodeIgniter->handleRequest(null, Object(Config\Cache), false)
 8 SYSTEMPATH\Boot.php(363): CodeIgniter\CodeIgniter->run()
 9 SYSTEMPATH\Boot.php(68): CodeIgniter\Boot::runCodeIgniter(Object(CodeIgniter\CodeIgniter))
10 FCPATH\index.php(59): CodeIgniter\Boot::bootWeb(Object(Config\Paths))
11 SYSTEMPATH\rewrite.php(44): require_once('C:\\Users\\Richard Miculob\\Documents\\ReliefTrack\\public\\index.php')
DEBUG - 2026-03-01 10:55:38 --> Session: Class initialized using 'CodeIgniter\Session\Handlers\FileHandler' driver.
WARNING - 2026-03-01 10:55:38 --> [DEPRECATED] Optional parameter $familyMemberId declared before required parameter $distributorId is implicitly treated as a required parameter in APPPATH\Models\InventoryModel.php on line 139.
 1 SYSTEMPATH\Autoloader\Autoloader.php(315): include_once('C:\\Users\\Richard Miculob\\Documents\\ReliefTrack\\system\\Debug\\Exceptions.php')
 2 SYSTEMPATH\Autoloader\Autoloader.php(295): CodeIgniter\Autoloader\Autoloader->includeFile('C:\\Users\\Richard Miculob\\Documents\\ReliefTrack\\app\\Models\\InventoryModel.php')
 3 SYSTEMPATH\Autoloader\Autoloader.php(271): CodeIgniter\Autoloader\Autoloader->loadInNamespace('App\\Models\\InventoryModel')
 4 APPPATH\Controllers\Inventory.php(323): CodeIgniter\Autoloader\Autoloader->loadClass('App\\Models\\InventoryModel')
 5 SYSTEMPATH\CodeIgniter.php(933): App\Controllers\Inventory->viewBatch('18')
 6 SYSTEMPATH\CodeIgniter.php(507): CodeIgniter\CodeIgniter->runController(Object(App\Controllers\Inventory))
 7 SYSTEMPATH\CodeIgniter.php(354): CodeIgniter\CodeIgniter->handleRequest(null, Object(Config\Cache), false)
 8 SYSTEMPATH\Boot.php(363): CodeIgniter\CodeIgniter->run()
 9 SYSTEMPATH\Boot.php(68): CodeIgniter\Boot::runCodeIgniter(Object(CodeIgniter\CodeIgniter))
10 FCPATH\index.php(59): CodeIgniter\Boot::bootWeb(Object(Config\Paths))
11 SYSTEMPATH\rewrite.php(44): require_once('C:\\Users\\Richard Miculob\\Documents\\ReliefTrack\\public\\index.php')
DEBUG - 2026-03-01 10:55:50 --> Session: Class initialized using 'CodeIgniter\Session\Handlers\FileHandler' driver.
WARNING - 2026-03-01 10:55:50 --> [DEPRECATED] Optional parameter $familyMemberId declared before required parameter $distributorId is implicitly treated as a required parameter in APPPATH\Models\InventoryModel.php on line 139.
 1 SYSTEMPATH\Autoloader\Autoloader.php(315): include_once('C:\\Users\\Richard Miculob\\Documents\\ReliefTrack\\system\\Debug\\Exceptions.php')
 2 SYSTEMPATH\Autoloader\Autoloader.php(295): CodeIgniter\Autoloader\Autoloader->includeFile('C:\\Users\\Richard Miculob\\Documents\\ReliefTrack\\app\\Models\\InventoryModel.php')
 3 SYSTEMPATH\Autoloader\Autoloader.php(271): CodeIgniter\Autoloader\Autoloader->loadInNamespace('App\\Models\\InventoryModel')
 4 APPPATH\Controllers\Inventory.php(13): CodeIgniter\Autoloader\Autoloader->loadClass('App\\Models\\InventoryModel')
 5 SYSTEMPATH\CodeIgniter.php(933): App\Controllers\Inventory->index()
 6 SYSTEMPATH\CodeIgniter.php(507): CodeIgniter\CodeIgniter->runController(Object(App\Controllers\Inventory))
 7 SYSTEMPATH\CodeIgniter.php(354): CodeIgniter\CodeIgniter->handleRequest(null, Object(Config\Cache), false)
 8 SYSTEMPATH\Boot.php(363): CodeIgniter\CodeIgniter->run()
 9 SYSTEMPATH\Boot.php(68): CodeIgniter\Boot::runCodeIgniter(Object(CodeIgniter\CodeIgniter))
10 FCPATH\index.php(59): CodeIgniter\Boot::bootWeb(Object(Config\Paths))
11 SYSTEMPATH\rewrite.php(44): require_once('C:\\Users\\Richard Miculob\\Documents\\ReliefTrack\\public\\index.php')
DEBUG - 2026-03-01 10:55:56 --> Session: Class initialized using 'CodeIgniter\Session\Handlers\FileHandler' driver.
WARNING - 2026-03-01 10:55:56 --> [DEPRECATED] Optional parameter $familyMemberId declared before required parameter $distributorId is implicitly treated as a required parameter in APPPATH\Models\InventoryModel.php on line 139.
 1 SYSTEMPATH\Autoloader\Autoloader.php(315): include_once('C:\\Users\\Richard Miculob\\Documents\\ReliefTrack\\system\\Debug\\Exceptions.php')
 2 SYSTEMPATH\Autoloader\Autoloader.php(295): CodeIgniter\Autoloader\Autoloader->includeFile('C:\\Users\\Richard Miculob\\Documents\\ReliefTrack\\app\\Models\\InventoryModel.php')
 3 SYSTEMPATH\Autoloader\Autoloader.php(271): CodeIgniter\Autoloader\Autoloader->loadInNamespace('App\\Models\\InventoryModel')
 4 APPPATH\Controllers\Inventory.php(13): CodeIgniter\Autoloader\Autoloader->loadClass('App\\Models\\InventoryModel')
 5 SYSTEMPATH\CodeIgniter.php(933): App\Controllers\Inventory->index()
 6 SYSTEMPATH\CodeIgniter.php(507): CodeIgniter\CodeIgniter->runController(Object(App\Controllers\Inventory))
 7 SYSTEMPATH\CodeIgniter.php(354): CodeIgniter\CodeIgniter->handleRequest(null, Object(Config\Cache), false)
 8 SYSTEMPATH\Boot.php(363): CodeIgniter\CodeIgniter->run()
 9 SYSTEMPATH\Boot.php(68): CodeIgniter\Boot::runCodeIgniter(Object(CodeIgniter\CodeIgniter))
10 FCPATH\index.php(59): CodeIgniter\Boot::bootWeb(Object(Config\Paths))
11 SYSTEMPATH\rewrite.php(44): require_once('C:\\Users\\Richard Miculob\\Documents\\ReliefTrack\\public\\index.php')
DEBUG - 2026-03-01 10:56:03 --> Session: Class initialized using 'CodeIgniter\Session\Handlers\FileHandler' driver.
DEBUG - 2026-03-01 10:56:09 --> Session: Class initialized using 'CodeIgniter\Session\Handlers\FileHandler' driver.
DEBUG - 2026-03-01 10:59:30 --> Session: Class initialized using 'CodeIgniter\Session\Handlers\FileHandler' driver.
WARNING - 2026-03-01 10:59:30 --> [DEPRECATED] Optional parameter $familyMemberId declared before required parameter $distributorId is implicitly treated as a required parameter in APPPATH\Models\InventoryModel.php on line 139.
 1 SYSTEMPATH\Autoloader\Autoloader.php(315): include_once('C:\\Users\\Richard Miculob\\Documents\\ReliefTrack\\system\\Debug\\Exceptions.php')
 2 SYSTEMPATH\Autoloader\Autoloader.php(295): CodeIgniter\Autoloader\Autoloader->includeFile('C:\\Users\\Richard Miculob\\Documents\\ReliefTrack\\app\\Models\\InventoryModel.php')
 3 SYSTEMPATH\Autoloader\Autoloader.php(271): CodeIgniter\Autoloader\Autoloader->loadInNamespace('App\\Models\\InventoryModel')
 4 APPPATH\Controllers\Inventory.php(323): CodeIgniter\Autoloader\Autoloader->loadClass('App\\Models\\InventoryModel')
 5 SYSTEMPATH\CodeIgniter.php(933): App\Controllers\Inventory->viewBatch('18')
 6 SYSTEMPATH\CodeIgniter.php(507): CodeIgniter\CodeIgniter->runController(Object(App\Controllers\Inventory))
 7 SYSTEMPATH\CodeIgniter.php(354): CodeIgniter\CodeIgniter->handleRequest(null, Object(Config\Cache), false)
 8 SYSTEMPATH\Boot.php(363): CodeIgniter\CodeIgniter->run()
 9 SYSTEMPATH\Boot.php(68): CodeIgniter\Boot::runCodeIgniter(Object(CodeIgniter\CodeIgniter))
10 FCPATH\index.php(59): CodeIgniter\Boot::bootWeb(Object(Config\Paths))
11 SYSTEMPATH\rewrite.php(44): require_once('C:\\Users\\Richard Miculob\\Documents\\ReliefTrack\\public\\index.php')
DEBUG - 2026-03-01 10:59:38 --> Session: Class initialized using 'CodeIgniter\Session\Handlers\FileHandler' driver.
WARNING - 2026-03-01 10:59:38 --> [DEPRECATED] Optional parameter $familyMemberId declared before required parameter $distributorId is implicitly treated as a required parameter in APPPATH\Models\InventoryModel.php on line 139.
 1 SYSTEMPATH\Autoloader\Autoloader.php(315): include_once('C:\\Users\\Richard Miculob\\Documents\\ReliefTrack\\system\\Debug\\Exceptions.php')
 2 SYSTEMPATH\Autoloader\Autoloader.php(295): CodeIgniter\Autoloader\Autoloader->includeFile('C:\\Users\\Richard Miculob\\Documents\\ReliefTrack\\app\\Models\\InventoryModel.php')
 3 SYSTEMPATH\Autoloader\Autoloader.php(271): CodeIgniter\Autoloader\Autoloader->loadInNamespace('App\\Models\\InventoryModel')
 4 APPPATH\Controllers\Inventory.php(13): CodeIgniter\Autoloader\Autoloader->loadClass('App\\Models\\InventoryModel')
 5 SYSTEMPATH\CodeIgniter.php(933): App\Controllers\Inventory->index()
 6 SYSTEMPATH\CodeIgniter.php(507): CodeIgniter\CodeIgniter->runController(Object(App\Controllers\Inventory))
 7 SYSTEMPATH\CodeIgniter.php(354): CodeIgniter\CodeIgniter->handleRequest(null, Object(Config\Cache), false)
 8 SYSTEMPATH\Boot.php(363): CodeIgniter\CodeIgniter->run()
 9 SYSTEMPATH\Boot.php(68): CodeIgniter\Boot::runCodeIgniter(Object(CodeIgniter\CodeIgniter))
10 FCPATH\index.php(59): CodeIgniter\Boot::bootWeb(Object(Config\Paths))
11 SYSTEMPATH\rewrite.php(44): require_once('C:\\Users\\Richard Miculob\\Documents\\ReliefTrack\\public\\index.php')
DEBUG - 2026-03-01 10:59:46 --> Session: Class initialized using 'CodeIgniter\Session\Handlers\FileHandler' driver.
DEBUG - 2026-03-01 10:59:48 --> Session: Class initialized using 'CodeIgniter\Session\Handlers\FileHandler' driver.
WARNING - 2026-03-01 10:59:48 --> [DEPRECATED] Optional parameter $familyMemberId declared before required parameter $distributorId is implicitly treated as a required parameter in APPPATH\Models\InventoryModel.php on line 139.
 1 SYSTEMPATH\Autoloader\Autoloader.php(315): include_once('C:\\Users\\Richard Miculob\\Documents\\ReliefTrack\\system\\Debug\\Exceptions.php')
 2 SYSTEMPATH\Autoloader\Autoloader.php(295): CodeIgniter\Autoloader\Autoloader->includeFile('C:\\Users\\Richard Miculob\\Documents\\ReliefTrack\\app\\Models\\InventoryModel.php')
 3 SYSTEMPATH\Autoloader\Autoloader.php(271): CodeIgniter\Autoloader\Autoloader->loadInNamespace('App\\Models\\InventoryModel')
 4 APPPATH\Controllers\Inventory.php(13): CodeIgniter\Autoloader\Autoloader->loadClass('App\\Models\\InventoryModel')
 5 SYSTEMPATH\CodeIgniter.php(933): App\Controllers\Inventory->index()
 6 SYSTEMPATH\CodeIgniter.php(507): CodeIgniter\CodeIgniter->runController(Object(App\Controllers\Inventory))
 7 SYSTEMPATH\CodeIgniter.php(354): CodeIgniter\CodeIgniter->handleRequest(null, Object(Config\Cache), false)
 8 SYSTEMPATH\Boot.php(363): CodeIgniter\CodeIgniter->run()
 9 SYSTEMPATH\Boot.php(68): CodeIgniter\Boot::runCodeIgniter(Object(CodeIgniter\CodeIgniter))
10 FCPATH\index.php(59): CodeIgniter\Boot::bootWeb(Object(Config\Paths))
11 SYSTEMPATH\rewrite.php(44): require_once('C:\\Users\\Richard Miculob\\Documents\\ReliefTrack\\public\\index.php')
DEBUG - 2026-03-01 10:59:51 --> Session: Class initialized using 'CodeIgniter\Session\Handlers\FileHandler' driver.
WARNING - 2026-03-01 10:59:51 --> [DEPRECATED] Optional parameter $familyMemberId declared before required parameter $distributorId is implicitly treated as a required parameter in APPPATH\Models\InventoryModel.php on line 139.
 1 SYSTEMPATH\Autoloader\Autoloader.php(315): include_once('C:\\Users\\Richard Miculob\\Documents\\ReliefTrack\\system\\Debug\\Exceptions.php')
 2 SYSTEMPATH\Autoloader\Autoloader.php(295): CodeIgniter\Autoloader\Autoloader->includeFile('C:\\Users\\Richard Miculob\\Documents\\ReliefTrack\\app\\Models\\InventoryModel.php')
 3 SYSTEMPATH\Autoloader\Autoloader.php(271): CodeIgniter\Autoloader\Autoloader->loadInNamespace('App\\Models\\InventoryModel')
 4 APPPATH\Controllers\Inventory.php(323): CodeIgniter\Autoloader\Autoloader->loadClass('App\\Models\\InventoryModel')
 5 SYSTEMPATH\CodeIgniter.php(933): App\Controllers\Inventory->viewBatch('18')
 6 SYSTEMPATH\CodeIgniter.php(507): CodeIgniter\CodeIgniter->runController(Object(App\Controllers\Inventory))
 7 SYSTEMPATH\CodeIgniter.php(354): CodeIgniter\CodeIgniter->handleRequest(null, Object(Config\Cache), false)
 8 SYSTEMPATH\Boot.php(363): CodeIgniter\CodeIgniter->run()
 9 SYSTEMPATH\Boot.php(68): CodeIgniter\Boot::runCodeIgniter(Object(CodeIgniter\CodeIgniter))
10 FCPATH\index.php(59): CodeIgniter\Boot::bootWeb(Object(Config\Paths))
11 SYSTEMPATH\rewrite.php(44): require_once('C:\\Users\\Richard Miculob\\Documents\\ReliefTrack\\public\\index.php')
DEBUG - 2026-03-01 11:00:10 --> Session: Class initialized using 'CodeIgniter\Session\Handlers\FileHandler' driver.
WARNING - 2026-03-01 11:00:10 --> [DEPRECATED] Optional parameter $familyMemberId declared before required parameter $distributorId is implicitly treated as a required parameter in APPPATH\Models\InventoryModel.php on line 139.
 1 SYSTEMPATH\Autoloader\Autoloader.php(315): include_once('C:\\Users\\Richard Miculob\\Documents\\ReliefTrack\\system\\Debug\\Exceptions.php')
 2 SYSTEMPATH\Autoloader\Autoloader.php(295): CodeIgniter\Autoloader\Autoloader->includeFile('C:\\Users\\Richard Miculob\\Documents\\ReliefTrack\\app\\Models\\InventoryModel.php')
 3 SYSTEMPATH\Autoloader\Autoloader.php(271): CodeIgniter\Autoloader\Autoloader->loadInNamespace('App\\Models\\InventoryModel')
 4 APPPATH\Controllers\Inventory.php(323): CodeIgniter\Autoloader\Autoloader->loadClass('App\\Models\\InventoryModel')
 5 SYSTEMPATH\CodeIgniter.php(933): App\Controllers\Inventory->viewBatch('18')
 6 SYSTEMPATH\CodeIgniter.php(507): CodeIgniter\CodeIgniter->runController(Object(App\Controllers\Inventory))
 7 SYSTEMPATH\CodeIgniter.php(354): CodeIgniter\CodeIgniter->handleRequest(null, Object(Config\Cache), false)
 8 SYSTEMPATH\Boot.php(363): CodeIgniter\CodeIgniter->run()
 9 SYSTEMPATH\Boot.php(68): CodeIgniter\Boot::runCodeIgniter(Object(CodeIgniter\CodeIgniter))
10 FCPATH\index.php(59): CodeIgniter\Boot::bootWeb(Object(Config\Paths))
11 SYSTEMPATH\rewrite.php(44): require_once('C:\\Users\\Richard Miculob\\Documents\\ReliefTrack\\public\\index.php')
DEBUG - 2026-03-01 11:00:12 --> Session: Class initialized using 'CodeIgniter\Session\Handlers\FileHandler' driver.
DEBUG - 2026-03-01 11:00:12 --> Session: Class initialized using 'CodeIgniter\Session\Handlers\FileHandler' driver.
DEBUG - 2026-03-01 11:00:21 --> Session: Class initialized using 'CodeIgniter\Session\Handlers\FileHandler' driver.
DEBUG - 2026-03-01 11:00:21 --> Session: Class initialized using 'CodeIgniter\Session\Handlers\FileHandler' driver.
WARNING - 2026-03-01 11:00:21 --> [DEPRECATED] Optional parameter $familyMemberId declared before required parameter $distributorId is implicitly treated as a required parameter in APPPATH\Models\InventoryModel.php on line 139.
 1 SYSTEMPATH\Autoloader\Autoloader.php(315): include_once('C:\\Users\\Richard Miculob\\Documents\\ReliefTrack\\system\\Debug\\Exceptions.php')
 2 SYSTEMPATH\Autoloader\Autoloader.php(295): CodeIgniter\Autoloader\Autoloader->includeFile('C:\\Users\\Richard Miculob\\Documents\\ReliefTrack\\app\\Models\\InventoryModel.php')
 3 SYSTEMPATH\Autoloader\Autoloader.php(271): CodeIgniter\Autoloader\Autoloader->loadInNamespace('App\\Models\\InventoryModel')
 4 APPPATH\Controllers\Dashboard.php(22): CodeIgniter\Autoloader\Autoloader->loadClass('App\\Models\\InventoryModel')
 5 SYSTEMPATH\CodeIgniter.php(933): App\Controllers\Dashboard->index()
 6 SYSTEMPATH\CodeIgniter.php(507): CodeIgniter\CodeIgniter->runController(Object(App\Controllers\Dashboard))
 7 SYSTEMPATH\CodeIgniter.php(354): CodeIgniter\CodeIgniter->handleRequest(null, Object(Config\Cache), false)
 8 SYSTEMPATH\Boot.php(363): CodeIgniter\CodeIgniter->run()
 9 SYSTEMPATH\Boot.php(68): CodeIgniter\Boot::runCodeIgniter(Object(CodeIgniter\CodeIgniter))
10 FCPATH\index.php(59): CodeIgniter\Boot::bootWeb(Object(Config\Paths))
11 SYSTEMPATH\rewrite.php(44): require_once('C:\\Users\\Richard Miculob\\Documents\\ReliefTrack\\public\\index.php')
DEBUG - 2026-03-01 11:00:23 --> Session: Class initialized using 'CodeIgniter\Session\Handlers\FileHandler' driver.
WARNING - 2026-03-01 11:00:23 --> [DEPRECATED] Optional parameter $familyMemberId declared before required parameter $distributorId is implicitly treated as a required parameter in APPPATH\Models\InventoryModel.php on line 139.
 1 SYSTEMPATH\Autoloader\Autoloader.php(315): include_once('C:\\Users\\Richard Miculob\\Documents\\ReliefTrack\\system\\Debug\\Exceptions.php')
 2 SYSTEMPATH\Autoloader\Autoloader.php(295): CodeIgniter\Autoloader\Autoloader->includeFile('C:\\Users\\Richard Miculob\\Documents\\ReliefTrack\\app\\Models\\InventoryModel.php')
 3 SYSTEMPATH\Autoloader\Autoloader.php(271): CodeIgniter\Autoloader\Autoloader->loadInNamespace('App\\Models\\InventoryModel')
 4 APPPATH\Controllers\Inventory.php(13): CodeIgniter\Autoloader\Autoloader->loadClass('App\\Models\\InventoryModel')
 5 SYSTEMPATH\CodeIgniter.php(933): App\Controllers\Inventory->index()
 6 SYSTEMPATH\CodeIgniter.php(507): CodeIgniter\CodeIgniter->runController(Object(App\Controllers\Inventory))
 7 SYSTEMPATH\CodeIgniter.php(354): CodeIgniter\CodeIgniter->handleRequest(null, Object(Config\Cache), false)
 8 SYSTEMPATH\Boot.php(363): CodeIgniter\CodeIgniter->run()
 9 SYSTEMPATH\Boot.php(68): CodeIgniter\Boot::runCodeIgniter(Object(CodeIgniter\CodeIgniter))
10 FCPATH\index.php(59): CodeIgniter\Boot::bootWeb(Object(Config\Paths))
11 SYSTEMPATH\rewrite.php(44): require_once('C:\\Users\\Richard Miculob\\Documents\\ReliefTrack\\public\\index.php')
DEBUG - 2026-03-01 11:00:25 --> Session: Class initialized using 'CodeIgniter\Session\Handlers\FileHandler' driver.
WARNING - 2026-03-01 11:00:25 --> [DEPRECATED] Optional parameter $familyMemberId declared before required parameter $distributorId is implicitly treated as a required parameter in APPPATH\Models\InventoryModel.php on line 139.
 1 SYSTEMPATH\Autoloader\Autoloader.php(315): include_once('C:\\Users\\Richard Miculob\\Documents\\ReliefTrack\\system\\Debug\\Exceptions.php')
 2 SYSTEMPATH\Autoloader\Autoloader.php(295): CodeIgniter\Autoloader\Autoloader->includeFile('C:\\Users\\Richard Miculob\\Documents\\ReliefTrack\\app\\Models\\InventoryModel.php')
 3 SYSTEMPATH\Autoloader\Autoloader.php(271): CodeIgniter\Autoloader\Autoloader->loadInNamespace('App\\Models\\InventoryModel')
 4 APPPATH\Controllers\Inventory.php(13): CodeIgniter\Autoloader\Autoloader->loadClass('App\\Models\\InventoryModel')
 5 SYSTEMPATH\CodeIgniter.php(933): App\Controllers\Inventory->index()
 6 SYSTEMPATH\CodeIgniter.php(507): CodeIgniter\CodeIgniter->runController(Object(App\Controllers\Inventory))
 7 SYSTEMPATH\CodeIgniter.php(354): CodeIgniter\CodeIgniter->handleRequest(null, Object(Config\Cache), false)
 8 SYSTEMPATH\Boot.php(363): CodeIgniter\CodeIgniter->run()
 9 SYSTEMPATH\Boot.php(68): CodeIgniter\Boot::runCodeIgniter(Object(CodeIgniter\CodeIgniter))
10 FCPATH\index.php(59): CodeIgniter\Boot::bootWeb(Object(Config\Paths))
11 SYSTEMPATH\rewrite.php(44): require_once('C:\\Users\\Richard Miculob\\Documents\\ReliefTrack\\public\\index.php')
DEBUG - 2026-03-01 11:00:26 --> Session: Class initialized using 'CodeIgniter\Session\Handlers\FileHandler' driver.
WARNING - 2026-03-01 11:00:26 --> [DEPRECATED] Optional parameter $familyMemberId declared before required parameter $distributorId is implicitly treated as a required parameter in APPPATH\Models\InventoryModel.php on line 139.
 1 SYSTEMPATH\Autoloader\Autoloader.php(315): include_once('C:\\Users\\Richard Miculob\\Documents\\ReliefTrack\\system\\Debug\\Exceptions.php')
 2 SYSTEMPATH\Autoloader\Autoloader.php(295): CodeIgniter\Autoloader\Autoloader->includeFile('C:\\Users\\Richard Miculob\\Documents\\ReliefTrack\\app\\Models\\InventoryModel.php')
 3 SYSTEMPATH\Autoloader\Autoloader.php(271): CodeIgniter\Autoloader\Autoloader->loadInNamespace('App\\Models\\InventoryModel')
 4 APPPATH\Controllers\Inventory.php(13): CodeIgniter\Autoloader\Autoloader->loadClass('App\\Models\\InventoryModel')
 5 SYSTEMPATH\CodeIgniter.php(933): App\Controllers\Inventory->index()
 6 SYSTEMPATH\CodeIgniter.php(507): CodeIgniter\CodeIgniter->runController(Object(App\Controllers\Inventory))
 7 SYSTEMPATH\CodeIgniter.php(354): CodeIgniter\CodeIgniter->handleRequest(null, Object(Config\Cache), false)
 8 SYSTEMPATH\Boot.php(363): CodeIgniter\CodeIgniter->run()
 9 SYSTEMPATH\Boot.php(68): CodeIgniter\Boot::runCodeIgniter(Object(CodeIgniter\CodeIgniter))
10 FCPATH\index.php(59): CodeIgniter\Boot::bootWeb(Object(Config\Paths))
11 SYSTEMPATH\rewrite.php(44): require_once('C:\\Users\\Richard Miculob\\Documents\\ReliefTrack\\public\\index.php')
DEBUG - 2026-03-01 11:00:41 --> Session: Class initialized using 'CodeIgniter\Session\Handlers\FileHandler' driver.
WARNING - 2026-03-01 11:00:41 --> [DEPRECATED] Optional parameter $familyMemberId declared before required parameter $distributorId is implicitly treated as a required parameter in APPPATH\Models\InventoryModel.php on line 139.
 1 SYSTEMPATH\Autoloader\Autoloader.php(315): include_once('C:\\Users\\Richard Miculob\\Documents\\ReliefTrack\\system\\Debug\\Exceptions.php')
 2 SYSTEMPATH\Autoloader\Autoloader.php(295): CodeIgniter\Autoloader\Autoloader->includeFile('C:\\Users\\Richard Miculob\\Documents\\ReliefTrack\\app\\Models\\InventoryModel.php')
 3 SYSTEMPATH\Autoloader\Autoloader.php(271): CodeIgniter\Autoloader\Autoloader->loadInNamespace('App\\Models\\InventoryModel')
 4 APPPATH\Controllers\Inventory.php(372): CodeIgniter\Autoloader\Autoloader->loadClass('App\\Models\\InventoryModel')
 5 SYSTEMPATH\CodeIgniter.php(933): App\Controllers\Inventory->batches('17')
 6 SYSTEMPATH\CodeIgniter.php(507): CodeIgniter\CodeIgniter->runController(Object(App\Controllers\Inventory))
 7 SYSTEMPATH\CodeIgniter.php(354): CodeIgniter\CodeIgniter->handleRequest(null, Object(Config\Cache), false)
 8 SYSTEMPATH\Boot.php(363): CodeIgniter\CodeIgniter->run()
 9 SYSTEMPATH\Boot.php(68): CodeIgniter\Boot::runCodeIgniter(Object(CodeIgniter\CodeIgniter))
10 FCPATH\index.php(59): CodeIgniter\Boot::bootWeb(Object(Config\Paths))
11 SYSTEMPATH\rewrite.php(44): require_once('C:\\Users\\Richard Miculob\\Documents\\ReliefTrack\\public\\index.php')
DEBUG - 2026-03-01 11:00:43 --> Session: Class initialized using 'CodeIgniter\Session\Handlers\FileHandler' driver.
WARNING - 2026-03-01 11:00:43 --> [DEPRECATED] Optional parameter $familyMemberId declared before required parameter $distributorId is implicitly treated as a required parameter in APPPATH\Models\InventoryModel.php on line 139.
 1 SYSTEMPATH\Autoloader\Autoloader.php(315): include_once('C:\\Users\\Richard Miculob\\Documents\\ReliefTrack\\system\\Debug\\Exceptions.php')
 2 SYSTEMPATH\Autoloader\Autoloader.php(295): CodeIgniter\Autoloader\Autoloader->includeFile('C:\\Users\\Richard Miculob\\Documents\\ReliefTrack\\app\\Models\\InventoryModel.php')
 3 SYSTEMPATH\Autoloader\Autoloader.php(271): CodeIgniter\Autoloader\Autoloader->loadInNamespace('App\\Models\\InventoryModel')
 4 APPPATH\Controllers\Inventory.php(13): CodeIgniter\Autoloader\Autoloader->loadClass('App\\Models\\InventoryModel')
 5 SYSTEMPATH\CodeIgniter.php(933): App\Controllers\Inventory->index()
 6 SYSTEMPATH\CodeIgniter.php(507): CodeIgniter\CodeIgniter->runController(Object(App\Controllers\Inventory))
 7 SYSTEMPATH\CodeIgniter.php(354): CodeIgniter\CodeIgniter->handleRequest(null, Object(Config\Cache), false)
 8 SYSTEMPATH\Boot.php(363): CodeIgniter\CodeIgniter->run()
 9 SYSTEMPATH\Boot.php(68): CodeIgniter\Boot::runCodeIgniter(Object(CodeIgniter\CodeIgniter))
10 FCPATH\index.php(59): CodeIgniter\Boot::bootWeb(Object(Config\Paths))
11 SYSTEMPATH\rewrite.php(44): require_once('C:\\Users\\Richard Miculob\\Documents\\ReliefTrack\\public\\index.php')
DEBUG - 2026-03-01 11:00:49 --> Session: Class initialized using 'CodeIgniter\Session\Handlers\FileHandler' driver.
DEBUG - 2026-03-01 11:00:49 --> Session: Class initialized using 'CodeIgniter\Session\Handlers\FileHandler' driver.
DEBUG - 2026-03-01 11:00:54 --> Session: Class initialized using 'CodeIgniter\Session\Handlers\FileHandler' driver.
DEBUG - 2026-03-01 11:00:55 --> Session: Class initialized using 'CodeIgniter\Session\Handlers\FileHandler' driver.
WARNING - 2026-03-01 11:00:55 --> [DEPRECATED] Optional parameter $familyMemberId declared before required parameter $distributorId is implicitly treated as a required parameter in APPPATH\Models\InventoryModel.php on line 139.
 1 SYSTEMPATH\Autoloader\Autoloader.php(315): include_once('C:\\Users\\Richard Miculob\\Documents\\ReliefTrack\\system\\Debug\\Exceptions.php')
 2 SYSTEMPATH\Autoloader\Autoloader.php(295): CodeIgniter\Autoloader\Autoloader->includeFile('C:\\Users\\Richard Miculob\\Documents\\ReliefTrack\\app\\Models\\InventoryModel.php')
 3 SYSTEMPATH\Autoloader\Autoloader.php(271): CodeIgniter\Autoloader\Autoloader->loadInNamespace('App\\Models\\InventoryModel')
 4 APPPATH\Controllers\Dashboard.php(22): CodeIgniter\Autoloader\Autoloader->loadClass('App\\Models\\InventoryModel')
 5 SYSTEMPATH\CodeIgniter.php(933): App\Controllers\Dashboard->index()
 6 SYSTEMPATH\CodeIgniter.php(507): CodeIgniter\CodeIgniter->runController(Object(App\Controllers\Dashboard))
 7 SYSTEMPATH\CodeIgniter.php(354): CodeIgniter\CodeIgniter->handleRequest(null, Object(Config\Cache), false)
 8 SYSTEMPATH\Boot.php(363): CodeIgniter\CodeIgniter->run()
 9 SYSTEMPATH\Boot.php(68): CodeIgniter\Boot::runCodeIgniter(Object(CodeIgniter\CodeIgniter))
10 FCPATH\index.php(59): CodeIgniter\Boot::bootWeb(Object(Config\Paths))
11 SYSTEMPATH\rewrite.php(44): require_once('C:\\Users\\Richard Miculob\\Documents\\ReliefTrack\\public\\index.php')
DEBUG - 2026-03-01 11:00:56 --> Session: Class initialized using 'CodeIgniter\Session\Handlers\FileHandler' driver.
DEBUG - 2026-03-01 11:00:58 --> Session: Class initialized using 'CodeIgniter\Session\Handlers\FileHandler' driver.
WARNING - 2026-03-01 11:00:58 --> [DEPRECATED] Optional parameter $familyMemberId declared before required parameter $distributorId is implicitly treated as a required parameter in APPPATH\Models\InventoryModel.php on line 139.
 1 SYSTEMPATH\Autoloader\Autoloader.php(315): include_once('C:\\Users\\Richard Miculob\\Documents\\ReliefTrack\\system\\Debug\\Exceptions.php')
 2 SYSTEMPATH\Autoloader\Autoloader.php(295): CodeIgniter\Autoloader\Autoloader->includeFile('C:\\Users\\Richard Miculob\\Documents\\ReliefTrack\\app\\Models\\InventoryModel.php')
 3 SYSTEMPATH\Autoloader\Autoloader.php(271): CodeIgniter\Autoloader\Autoloader->loadInNamespace('App\\Models\\InventoryModel')
 4 APPPATH\Controllers\Inventory.php(13): CodeIgniter\Autoloader\Autoloader->loadClass('App\\Models\\InventoryModel')
 5 SYSTEMPATH\CodeIgniter.php(933): App\Controllers\Inventory->index()
 6 SYSTEMPATH\CodeIgniter.php(507): CodeIgniter\CodeIgniter->runController(Object(App\Controllers\Inventory))
 7 SYSTEMPATH\CodeIgniter.php(354): CodeIgniter\CodeIgniter->handleRequest(null, Object(Config\Cache), false)
 8 SYSTEMPATH\Boot.php(363): CodeIgniter\CodeIgniter->run()
 9 SYSTEMPATH\Boot.php(68): CodeIgniter\Boot::runCodeIgniter(Object(CodeIgniter\CodeIgniter))
10 FCPATH\index.php(59): CodeIgniter\Boot::bootWeb(Object(Config\Paths))
11 SYSTEMPATH\rewrite.php(44): require_once('C:\\Users\\Richard Miculob\\Documents\\ReliefTrack\\public\\index.php')
DEBUG - 2026-03-01 11:01:00 --> Session: Class initialized using 'CodeIgniter\Session\Handlers\FileHandler' driver.
WARNING - 2026-03-01 11:01:00 --> [DEPRECATED] Optional parameter $familyMemberId declared before required parameter $distributorId is implicitly treated as a required parameter in APPPATH\Models\InventoryModel.php on line 139.
 1 SYSTEMPATH\Autoloader\Autoloader.php(315): include_once('C:\\Users\\Richard Miculob\\Documents\\ReliefTrack\\system\\Debug\\Exceptions.php')
 2 SYSTEMPATH\Autoloader\Autoloader.php(295): CodeIgniter\Autoloader\Autoloader->includeFile('C:\\Users\\Richard Miculob\\Documents\\ReliefTrack\\app\\Models\\InventoryModel.php')
 3 SYSTEMPATH\Autoloader\Autoloader.php(271): CodeIgniter\Autoloader\Autoloader->loadInNamespace('App\\Models\\InventoryModel')
 4 APPPATH\Controllers\Inventory.php(422): CodeIgniter\Autoloader\Autoloader->loadClass('App\\Models\\InventoryModel')
 5 SYSTEMPATH\CodeIgniter.php(933): App\Controllers\Inventory->delete('17')
 6 SYSTEMPATH\CodeIgniter.php(507): CodeIgniter\CodeIgniter->runController(Object(App\Controllers\Inventory))
 7 SYSTEMPATH\CodeIgniter.php(354): CodeIgniter\CodeIgniter->handleRequest(null, Object(Config\Cache), false)
 8 SYSTEMPATH\Boot.php(363): CodeIgniter\CodeIgniter->run()
 9 SYSTEMPATH\Boot.php(68): CodeIgniter\Boot::runCodeIgniter(Object(CodeIgniter\CodeIgniter))
10 FCPATH\index.php(59): CodeIgniter\Boot::bootWeb(Object(Config\Paths))
11 SYSTEMPATH\rewrite.php(44): require_once('C:\\Users\\Richard Miculob\\Documents\\ReliefTrack\\public\\index.php')
DEBUG - 2026-03-01 11:01:00 --> Session: Class initialized using 'CodeIgniter\Session\Handlers\FileHandler' driver.
WARNING - 2026-03-01 11:01:00 --> [DEPRECATED] Optional parameter $familyMemberId declared before required parameter $distributorId is implicitly treated as a required parameter in APPPATH\Models\InventoryModel.php on line 139.
 1 SYSTEMPATH\Autoloader\Autoloader.php(315): include_once('C:\\Users\\Richard Miculob\\Documents\\ReliefTrack\\system\\Debug\\Exceptions.php')
 2 SYSTEMPATH\Autoloader\Autoloader.php(295): CodeIgniter\Autoloader\Autoloader->includeFile('C:\\Users\\Richard Miculob\\Documents\\ReliefTrack\\app\\Models\\InventoryModel.php')
 3 SYSTEMPATH\Autoloader\Autoloader.php(271): CodeIgniter\Autoloader\Autoloader->loadInNamespace('App\\Models\\InventoryModel')
 4 APPPATH\Controllers\Inventory.php(13): CodeIgniter\Autoloader\Autoloader->loadClass('App\\Models\\InventoryModel')
 5 SYSTEMPATH\CodeIgniter.php(933): App\Controllers\Inventory->index()
 6 SYSTEMPATH\CodeIgniter.php(507): CodeIgniter\CodeIgniter->runController(Object(App\Controllers\Inventory))
 7 SYSTEMPATH\CodeIgniter.php(354): CodeIgniter\CodeIgniter->handleRequest(null, Object(Config\Cache), false)
 8 SYSTEMPATH\Boot.php(363): CodeIgniter\CodeIgniter->run()
 9 SYSTEMPATH\Boot.php(68): CodeIgniter\Boot::runCodeIgniter(Object(CodeIgniter\CodeIgniter))
10 FCPATH\index.php(59): CodeIgniter\Boot::bootWeb(Object(Config\Paths))
11 SYSTEMPATH\rewrite.php(44): require_once('C:\\Users\\Richard Miculob\\Documents\\ReliefTrack\\public\\index.php')
DEBUG - 2026-03-01 11:01:04 --> Session: Class initialized using 'CodeIgniter\Session\Handlers\FileHandler' driver.
DEBUG - 2026-03-01 11:01:18 --> Session: Class initialized using 'CodeIgniter\Session\Handlers\FileHandler' driver.
WARNING - 2026-03-01 11:01:18 --> [DEPRECATED] Optional parameter $familyMemberId declared before required parameter $distributorId is implicitly treated as a required parameter in APPPATH\Models\InventoryModel.php on line 139.
 1 SYSTEMPATH\Autoloader\Autoloader.php(315): include_once('C:\\Users\\Richard Miculob\\Documents\\ReliefTrack\\system\\Debug\\Exceptions.php')
 2 SYSTEMPATH\Autoloader\Autoloader.php(295): CodeIgniter\Autoloader\Autoloader->includeFile('C:\\Users\\Richard Miculob\\Documents\\ReliefTrack\\app\\Models\\InventoryModel.php')
 3 SYSTEMPATH\Autoloader\Autoloader.php(271): CodeIgniter\Autoloader\Autoloader->loadInNamespace('App\\Models\\InventoryModel')
 4 APPPATH\Controllers\Inventory.php(267): CodeIgniter\Autoloader\Autoloader->loadClass('App\\Models\\InventoryModel')
 5 SYSTEMPATH\CodeIgniter.php(933): App\Controllers\Inventory->saveItemWithBatch()
 6 SYSTEMPATH\CodeIgniter.php(507): CodeIgniter\CodeIgniter->runController(Object(App\Controllers\Inventory))
 7 SYSTEMPATH\CodeIgniter.php(354): CodeIgniter\CodeIgniter->handleRequest(null, Object(Config\Cache), false)
 8 SYSTEMPATH\Boot.php(363): CodeIgniter\CodeIgniter->run()
 9 SYSTEMPATH\Boot.php(68): CodeIgniter\Boot::runCodeIgniter(Object(CodeIgniter\CodeIgniter))
10 FCPATH\index.php(59): CodeIgniter\Boot::bootWeb(Object(Config\Paths))
11 SYSTEMPATH\rewrite.php(44): require_once('C:\\Users\\Richard Miculob\\Documents\\ReliefTrack\\public\\index.php')
DEBUG - 2026-03-01 11:01:18 --> Session: Class initialized using 'CodeIgniter\Session\Handlers\FileHandler' driver.
WARNING - 2026-03-01 11:01:18 --> [DEPRECATED] Optional parameter $familyMemberId declared before required parameter $distributorId is implicitly treated as a required parameter in APPPATH\Models\InventoryModel.php on line 139.
 1 SYSTEMPATH\Autoloader\Autoloader.php(315): include_once('C:\\Users\\Richard Miculob\\Documents\\ReliefTrack\\system\\Debug\\Exceptions.php')
 2 SYSTEMPATH\Autoloader\Autoloader.php(295): CodeIgniter\Autoloader\Autoloader->includeFile('C:\\Users\\Richard Miculob\\Documents\\ReliefTrack\\app\\Models\\InventoryModel.php')
 3 SYSTEMPATH\Autoloader\Autoloader.php(271): CodeIgniter\Autoloader\Autoloader->loadInNamespace('App\\Models\\InventoryModel')
 4 APPPATH\Controllers\Inventory.php(372): CodeIgniter\Autoloader\Autoloader->loadClass('App\\Models\\InventoryModel')
 5 SYSTEMPATH\CodeIgniter.php(933): App\Controllers\Inventory->batches('19')
 6 SYSTEMPATH\CodeIgniter.php(507): CodeIgniter\CodeIgniter->runController(Object(App\Controllers\Inventory))
 7 SYSTEMPATH\CodeIgniter.php(354): CodeIgniter\CodeIgniter->handleRequest(null, Object(Config\Cache), false)
 8 SYSTEMPATH\Boot.php(363): CodeIgniter\CodeIgniter->run()
 9 SYSTEMPATH\Boot.php(68): CodeIgniter\Boot::runCodeIgniter(Object(CodeIgniter\CodeIgniter))
10 FCPATH\index.php(59): CodeIgniter\Boot::bootWeb(Object(Config\Paths))
11 SYSTEMPATH\rewrite.php(44): require_once('C:\\Users\\Richard Miculob\\Documents\\ReliefTrack\\public\\index.php')
DEBUG - 2026-03-01 11:01:18 --> Session: Class initialized using 'CodeIgniter\Session\Handlers\FileHandler' driver.
WARNING - 2026-03-01 11:01:18 --> [DEPRECATED] Optional parameter $familyMemberId declared before required parameter $distributorId is implicitly treated as a required parameter in APPPATH\Models\InventoryModel.php on line 139.
 1 SYSTEMPATH\Autoloader\Autoloader.php(315): include_once('C:\\Users\\Richard Miculob\\Documents\\ReliefTrack\\system\\Debug\\Exceptions.php')
 2 SYSTEMPATH\Autoloader\Autoloader.php(295): CodeIgniter\Autoloader\Autoloader->includeFile('C:\\Users\\Richard Miculob\\Documents\\ReliefTrack\\app\\Models\\InventoryModel.php')
 3 SYSTEMPATH\Autoloader\Autoloader.php(271): CodeIgniter\Autoloader\Autoloader->loadInNamespace('App\\Models\\InventoryModel')
 4 APPPATH\Controllers\Inventory.php(13): CodeIgniter\Autoloader\Autoloader->loadClass('App\\Models\\InventoryModel')
 5 SYSTEMPATH\CodeIgniter.php(933): App\Controllers\Inventory->index()
 6 SYSTEMPATH\CodeIgniter.php(507): CodeIgniter\CodeIgniter->runController(Object(App\Controllers\Inventory))
 7 SYSTEMPATH\CodeIgniter.php(354): CodeIgniter\CodeIgniter->handleRequest(null, Object(Config\Cache), false)
 8 SYSTEMPATH\Boot.php(363): CodeIgniter\CodeIgniter->run()
 9 SYSTEMPATH\Boot.php(68): CodeIgniter\Boot::runCodeIgniter(Object(CodeIgniter\CodeIgniter))
10 FCPATH\index.php(59): CodeIgniter\Boot::bootWeb(Object(Config\Paths))
11 SYSTEMPATH\rewrite.php(44): require_once('C:\\Users\\Richard Miculob\\Documents\\ReliefTrack\\public\\index.php')
DEBUG - 2026-03-01 11:05:08 --> Session: Class initialized using 'CodeIgniter\Session\Handlers\FileHandler' driver.
WARNING - 2026-03-01 11:05:08 --> [DEPRECATED] Optional parameter $familyMemberId declared before required parameter $distributorId is implicitly treated as a required parameter in APPPATH\Models\InventoryModel.php on line 139.
 1 SYSTEMPATH\Autoloader\Autoloader.php(315): include_once('C:\\Users\\Richard Miculob\\Documents\\ReliefTrack\\system\\Debug\\Exceptions.php')
 2 SYSTEMPATH\Autoloader\Autoloader.php(295): CodeIgniter\Autoloader\Autoloader->includeFile('C:\\Users\\Richard Miculob\\Documents\\ReliefTrack\\app\\Models\\InventoryModel.php')
 3 SYSTEMPATH\Autoloader\Autoloader.php(271): CodeIgniter\Autoloader\Autoloader->loadInNamespace('App\\Models\\InventoryModel')
 4 APPPATH\Controllers\Inventory.php(422): CodeIgniter\Autoloader\Autoloader->loadClass('App\\Models\\InventoryModel')
 5 SYSTEMPATH\CodeIgniter.php(933): App\Controllers\Inventory->delete('18')
 6 SYSTEMPATH\CodeIgniter.php(507): CodeIgniter\CodeIgniter->runController(Object(App\Controllers\Inventory))
 7 SYSTEMPATH\CodeIgniter.php(354): CodeIgniter\CodeIgniter->handleRequest(null, Object(Config\Cache), false)
 8 SYSTEMPATH\Boot.php(363): CodeIgniter\CodeIgniter->run()
 9 SYSTEMPATH\Boot.php(68): CodeIgniter\Boot::runCodeIgniter(Object(CodeIgniter\CodeIgniter))
10 FCPATH\index.php(59): CodeIgniter\Boot::bootWeb(Object(Config\Paths))
11 SYSTEMPATH\rewrite.php(44): require_once('C:\\Users\\Richard Miculob\\Documents\\ReliefTrack\\public\\index.php')
DEBUG - 2026-03-01 11:05:08 --> Session: Class initialized using 'CodeIgniter\Session\Handlers\FileHandler' driver.
WARNING - 2026-03-01 11:05:08 --> [DEPRECATED] Optional parameter $familyMemberId declared before required parameter $distributorId is implicitly treated as a required parameter in APPPATH\Models\InventoryModel.php on line 139.
 1 SYSTEMPATH\Autoloader\Autoloader.php(315): include_once('C:\\Users\\Richard Miculob\\Documents\\ReliefTrack\\system\\Debug\\Exceptions.php')
 2 SYSTEMPATH\Autoloader\Autoloader.php(295): CodeIgniter\Autoloader\Autoloader->includeFile('C:\\Users\\Richard Miculob\\Documents\\ReliefTrack\\app\\Models\\InventoryModel.php')
 3 SYSTEMPATH\Autoloader\Autoloader.php(271): CodeIgniter\Autoloader\Autoloader->loadInNamespace('App\\Models\\InventoryModel')
 4 APPPATH\Controllers\Inventory.php(13): CodeIgniter\Autoloader\Autoloader->loadClass('App\\Models\\InventoryModel')
 5 SYSTEMPATH\CodeIgniter.php(933): App\Controllers\Inventory->index()
 6 SYSTEMPATH\CodeIgniter.php(507): CodeIgniter\CodeIgniter->runController(Object(App\Controllers\Inventory))
 7 SYSTEMPATH\CodeIgniter.php(354): CodeIgniter\CodeIgniter->handleRequest(null, Object(Config\Cache), false)
 8 SYSTEMPATH\Boot.php(363): CodeIgniter\CodeIgniter->run()
 9 SYSTEMPATH\Boot.php(68): CodeIgniter\Boot::runCodeIgniter(Object(CodeIgniter\CodeIgniter))
10 FCPATH\index.php(59): CodeIgniter\Boot::bootWeb(Object(Config\Paths))
11 SYSTEMPATH\rewrite.php(44): require_once('C:\\Users\\Richard Miculob\\Documents\\ReliefTrack\\public\\index.php')
DEBUG - 2026-03-01 11:05:09 --> Session: Class initialized using 'CodeIgniter\Session\Handlers\FileHandler' driver.
DEBUG - 2026-03-01 11:05:27 --> Session: Class initialized using 'CodeIgniter\Session\Handlers\FileHandler' driver.
WARNING - 2026-03-01 11:05:27 --> [DEPRECATED] Optional parameter $familyMemberId declared before required parameter $distributorId is implicitly treated as a required parameter in APPPATH\Models\InventoryModel.php on line 139.
 1 SYSTEMPATH\Autoloader\Autoloader.php(315): include_once('C:\\Users\\Richard Miculob\\Documents\\ReliefTrack\\system\\Debug\\Exceptions.php')
 2 SYSTEMPATH\Autoloader\Autoloader.php(295): CodeIgniter\Autoloader\Autoloader->includeFile('C:\\Users\\Richard Miculob\\Documents\\ReliefTrack\\app\\Models\\InventoryModel.php')
 3 SYSTEMPATH\Autoloader\Autoloader.php(271): CodeIgniter\Autoloader\Autoloader->loadInNamespace('App\\Models\\InventoryModel')
 4 APPPATH\Controllers\Inventory.php(267): CodeIgniter\Autoloader\Autoloader->loadClass('App\\Models\\InventoryModel')
 5 SYSTEMPATH\CodeIgniter.php(933): App\Controllers\Inventory->saveItemWithBatch()
 6 SYSTEMPATH\CodeIgniter.php(507): CodeIgniter\CodeIgniter->runController(Object(App\Controllers\Inventory))
 7 SYSTEMPATH\CodeIgniter.php(354): CodeIgniter\CodeIgniter->handleRequest(null, Object(Config\Cache), false)
 8 SYSTEMPATH\Boot.php(363): CodeIgniter\CodeIgniter->run()
 9 SYSTEMPATH\Boot.php(68): CodeIgniter\Boot::runCodeIgniter(Object(CodeIgniter\CodeIgniter))
10 FCPATH\index.php(59): CodeIgniter\Boot::bootWeb(Object(Config\Paths))
11 SYSTEMPATH\rewrite.php(44): require_once('C:\\Users\\Richard Miculob\\Documents\\ReliefTrack\\public\\index.php')
DEBUG - 2026-03-01 11:05:27 --> Session: Class initialized using 'CodeIgniter\Session\Handlers\FileHandler' driver.
WARNING - 2026-03-01 11:05:27 --> [DEPRECATED] Optional parameter $familyMemberId declared before required parameter $distributorId is implicitly treated as a required parameter in APPPATH\Models\InventoryModel.php on line 139.
 1 SYSTEMPATH\Autoloader\Autoloader.php(315): include_once('C:\\Users\\Richard Miculob\\Documents\\ReliefTrack\\system\\Debug\\Exceptions.php')
 2 SYSTEMPATH\Autoloader\Autoloader.php(295): CodeIgniter\Autoloader\Autoloader->includeFile('C:\\Users\\Richard Miculob\\Documents\\ReliefTrack\\app\\Models\\InventoryModel.php')
 3 SYSTEMPATH\Autoloader\Autoloader.php(271): CodeIgniter\Autoloader\Autoloader->loadInNamespace('App\\Models\\InventoryModel')
 4 APPPATH\Controllers\Inventory.php(372): CodeIgniter\Autoloader\Autoloader->loadClass('App\\Models\\InventoryModel')
 5 SYSTEMPATH\CodeIgniter.php(933): App\Controllers\Inventory->batches('20')
 6 SYSTEMPATH\CodeIgniter.php(507): CodeIgniter\CodeIgniter->runController(Object(App\Controllers\Inventory))
 7 SYSTEMPATH\CodeIgniter.php(354): CodeIgniter\CodeIgniter->handleRequest(null, Object(Config\Cache), false)
 8 SYSTEMPATH\Boot.php(363): CodeIgniter\CodeIgniter->run()
 9 SYSTEMPATH\Boot.php(68): CodeIgniter\Boot::runCodeIgniter(Object(CodeIgniter\CodeIgniter))
10 FCPATH\index.php(59): CodeIgniter\Boot::bootWeb(Object(Config\Paths))
11 SYSTEMPATH\rewrite.php(44): require_once('C:\\Users\\Richard Miculob\\Documents\\ReliefTrack\\public\\index.php')
DEBUG - 2026-03-01 11:05:28 --> Session: Class initialized using 'CodeIgniter\Session\Handlers\FileHandler' driver.
WARNING - 2026-03-01 11:05:28 --> [DEPRECATED] Optional parameter $familyMemberId declared before required parameter $distributorId is implicitly treated as a required parameter in APPPATH\Models\InventoryModel.php on line 139.
 1 SYSTEMPATH\Autoloader\Autoloader.php(315): include_once('C:\\Users\\Richard Miculob\\Documents\\ReliefTrack\\system\\Debug\\Exceptions.php')
 2 SYSTEMPATH\Autoloader\Autoloader.php(295): CodeIgniter\Autoloader\Autoloader->includeFile('C:\\Users\\Richard Miculob\\Documents\\ReliefTrack\\app\\Models\\InventoryModel.php')
 3 SYSTEMPATH\Autoloader\Autoloader.php(271): CodeIgniter\Autoloader\Autoloader->loadInNamespace('App\\Models\\InventoryModel')
 4 APPPATH\Controllers\Inventory.php(13): CodeIgniter\Autoloader\Autoloader->loadClass('App\\Models\\InventoryModel')
 5 SYSTEMPATH\CodeIgniter.php(933): App\Controllers\Inventory->index()
 6 SYSTEMPATH\CodeIgniter.php(507): CodeIgniter\CodeIgniter->runController(Object(App\Controllers\Inventory))
 7 SYSTEMPATH\CodeIgniter.php(354): CodeIgniter\CodeIgniter->handleRequest(null, Object(Config\Cache), false)
 8 SYSTEMPATH\Boot.php(363): CodeIgniter\CodeIgniter->run()
 9 SYSTEMPATH\Boot.php(68): CodeIgniter\Boot::runCodeIgniter(Object(CodeIgniter\CodeIgniter))
10 FCPATH\index.php(59): CodeIgniter\Boot::bootWeb(Object(Config\Paths))
11 SYSTEMPATH\rewrite.php(44): require_once('C:\\Users\\Richard Miculob\\Documents\\ReliefTrack\\public\\index.php')
DEBUG - 2026-03-01 11:05:36 --> Session: Class initialized using 'CodeIgniter\Session\Handlers\FileHandler' driver.
DEBUG - 2026-03-01 11:05:37 --> Session: Class initialized using 'CodeIgniter\Session\Handlers\FileHandler' driver.
DEBUG - 2026-03-01 11:05:42 --> Session: Class initialized using 'CodeIgniter\Session\Handlers\FileHandler' driver.
DEBUG - 2026-03-01 11:05:43 --> Session: Class initialized using 'CodeIgniter\Session\Handlers\FileHandler' driver.
WARNING - 2026-03-01 11:05:43 --> [DEPRECATED] Optional parameter $familyMemberId declared before required parameter $distributorId is implicitly treated as a required parameter in APPPATH\Models\InventoryModel.php on line 139.
 1 SYSTEMPATH\Autoloader\Autoloader.php(315): include_once('C:\\Users\\Richard Miculob\\Documents\\ReliefTrack\\system\\Debug\\Exceptions.php')
 2 SYSTEMPATH\Autoloader\Autoloader.php(295): CodeIgniter\Autoloader\Autoloader->includeFile('C:\\Users\\Richard Miculob\\Documents\\ReliefTrack\\app\\Models\\InventoryModel.php')
 3 SYSTEMPATH\Autoloader\Autoloader.php(271): CodeIgniter\Autoloader\Autoloader->loadInNamespace('App\\Models\\InventoryModel')
 4 APPPATH\Controllers\Dashboard.php(22): CodeIgniter\Autoloader\Autoloader->loadClass('App\\Models\\InventoryModel')
 5 SYSTEMPATH\CodeIgniter.php(933): App\Controllers\Dashboard->index()
 6 SYSTEMPATH\CodeIgniter.php(507): CodeIgniter\CodeIgniter->runController(Object(App\Controllers\Dashboard))
 7 SYSTEMPATH\CodeIgniter.php(354): CodeIgniter\CodeIgniter->handleRequest(null, Object(Config\Cache), false)
 8 SYSTEMPATH\Boot.php(363): CodeIgniter\CodeIgniter->run()
 9 SYSTEMPATH\Boot.php(68): CodeIgniter\Boot::runCodeIgniter(Object(CodeIgniter\CodeIgniter))
10 FCPATH\index.php(59): CodeIgniter\Boot::bootWeb(Object(Config\Paths))
11 SYSTEMPATH\rewrite.php(44): require_once('C:\\Users\\Richard Miculob\\Documents\\ReliefTrack\\public\\index.php')
DEBUG - 2026-03-01 11:05:44 --> Session: Class initialized using 'CodeIgniter\Session\Handlers\FileHandler' driver.
WARNING - 2026-03-01 11:05:44 --> [DEPRECATED] Optional parameter $familyMemberId declared before required parameter $distributorId is implicitly treated as a required parameter in APPPATH\Models\InventoryModel.php on line 139.
 1 SYSTEMPATH\Autoloader\Autoloader.php(315): include_once('C:\\Users\\Richard Miculob\\Documents\\ReliefTrack\\system\\Debug\\Exceptions.php')
 2 SYSTEMPATH\Autoloader\Autoloader.php(295): CodeIgniter\Autoloader\Autoloader->includeFile('C:\\Users\\Richard Miculob\\Documents\\ReliefTrack\\app\\Models\\InventoryModel.php')
 3 SYSTEMPATH\Autoloader\Autoloader.php(271): CodeIgniter\Autoloader\Autoloader->loadInNamespace('App\\Models\\InventoryModel')
 4 APPPATH\Controllers\Inventory.php(13): CodeIgniter\Autoloader\Autoloader->loadClass('App\\Models\\InventoryModel')
 5 SYSTEMPATH\CodeIgniter.php(933): App\Controllers\Inventory->index()
 6 SYSTEMPATH\CodeIgniter.php(507): CodeIgniter\CodeIgniter->runController(Object(App\Controllers\Inventory))
 7 SYSTEMPATH\CodeIgniter.php(354): CodeIgniter\CodeIgniter->handleRequest(null, Object(Config\Cache), false)
 8 SYSTEMPATH\Boot.php(363): CodeIgniter\CodeIgniter->run()
 9 SYSTEMPATH\Boot.php(68): CodeIgniter\Boot::runCodeIgniter(Object(CodeIgniter\CodeIgniter))
10 FCPATH\index.php(59): CodeIgniter\Boot::bootWeb(Object(Config\Paths))
11 SYSTEMPATH\rewrite.php(44): require_once('C:\\Users\\Richard Miculob\\Documents\\ReliefTrack\\public\\index.php')
DEBUG - 2026-03-01 11:10:54 --> Session: Class initialized using 'CodeIgniter\Session\Handlers\FileHandler' driver.
WARNING - 2026-03-01 11:10:55 --> [DEPRECATED] Optional parameter $familyMemberId declared before required parameter $distributorId is implicitly treated as a required parameter in APPPATH\Models\InventoryModel.php on line 139.
 1 SYSTEMPATH\Autoloader\Autoloader.php(315): include_once('C:\\Users\\Richard Miculob\\Documents\\ReliefTrack\\system\\Debug\\Exceptions.php')
 2 SYSTEMPATH\Autoloader\Autoloader.php(295): CodeIgniter\Autoloader\Autoloader->includeFile('C:\\Users\\Richard Miculob\\Documents\\ReliefTrack\\app\\Models\\InventoryModel.php')
 3 SYSTEMPATH\Autoloader\Autoloader.php(271): CodeIgniter\Autoloader\Autoloader->loadInNamespace('App\\Models\\InventoryModel')
 4 APPPATH\Controllers\Inventory.php(13): CodeIgniter\Autoloader\Autoloader->loadClass('App\\Models\\InventoryModel')
 5 SYSTEMPATH\CodeIgniter.php(933): App\Controllers\Inventory->index()
 6 SYSTEMPATH\CodeIgniter.php(507): CodeIgniter\CodeIgniter->runController(Object(App\Controllers\Inventory))
 7 SYSTEMPATH\CodeIgniter.php(354): CodeIgniter\CodeIgniter->handleRequest(null, Object(Config\Cache), false)
 8 SYSTEMPATH\Boot.php(363): CodeIgniter\CodeIgniter->run()
 9 SYSTEMPATH\Boot.php(68): CodeIgniter\Boot::runCodeIgniter(Object(CodeIgniter\CodeIgniter))
10 FCPATH\index.php(59): CodeIgniter\Boot::bootWeb(Object(Config\Paths))
11 SYSTEMPATH\rewrite.php(44): require_once('C:\\Users\\Richard Miculob\\Documents\\ReliefTrack\\public\\index.php')
ERROR - 2026-03-01 11:10:55 --> mysqli_sql_exception: Unknown column 'inventory.barangay' in 'where clause' in C:\Users\Richard Miculob\Documents\ReliefTrack\system\Database\MySQLi\Connection.php:327
Stack trace:
#0 C:\Users\Richard Miculob\Documents\ReliefTrack\system\Database\MySQLi\Connection.php(327): mysqli->query('SELECT `invento...', 0)
#1 C:\Users\Richard Miculob\Documents\ReliefTrack\system\Database\BaseConnection.php(729): CodeIgniter\Database\MySQLi\Connection->execute('SELECT `invento...')
#2 C:\Users\Richard Miculob\Documents\ReliefTrack\system\Database\BaseConnection.php(646): CodeIgniter\Database\BaseConnection->simpleQuery('SELECT `invento...')
#3 C:\Users\Richard Miculob\Documents\ReliefTrack\system\Database\BaseBuilder.php(1649): CodeIgniter\Database\BaseConnection->query('SELECT `invento...', Array, false)
#4 C:\Users\Richard Miculob\Documents\ReliefTrack\app\Controllers\Inventory.php(72): CodeIgniter\Database\BaseBuilder->get()
#5 C:\Users\Richard Miculob\Documents\ReliefTrack\system\CodeIgniter.php(933): App\Controllers\Inventory->index()
#6 C:\Users\Richard Miculob\Documents\ReliefTrack\system\CodeIgniter.php(507): CodeIgniter\CodeIgniter->runController(Object(App\Controllers\Inventory))
#7 C:\Users\Richard Miculob\Documents\ReliefTrack\system\CodeIgniter.php(354): CodeIgniter\CodeIgniter->handleRequest(NULL, Object(Config\Cache), false)
#8 C:\Users\Richard Miculob\Documents\ReliefTrack\system\Boot.php(363): CodeIgniter\CodeIgniter->run()
#9 C:\Users\Richard Miculob\Documents\ReliefTrack\system\Boot.php(68): CodeIgniter\Boot::runCodeIgniter(Object(CodeIgniter\CodeIgniter))
#10 C:\Users\Richard Miculob\Documents\ReliefTrack\public\index.php(59): CodeIgniter\Boot::bootWeb(Object(Config\Paths))
#11 C:\Users\Richard Miculob\Documents\ReliefTrack\system\rewrite.php(44): require_once('C:\\Users\\Richar...')
#12 {main}
CRITICAL - 2026-03-01 11:10:55 --> CodeIgniter\Database\Exceptions\DatabaseException: Unknown column 'inventory.barangay' in 'where clause'
[Method: GET, Route: inventory]
in SYSTEMPATH\Database\BaseConnection.php on line 684.
 1 SYSTEMPATH\Database\BaseBuilder.php(1649): CodeIgniter\Database\BaseConnection->query('SELECT `inventory_batches`.*
FROM `inventory_batches`
JOIN `inventory` ON `inventory`.`id` = `inventory_batches`.`inventory_id`
WHERE `inventory`.`barangay` = :inventory.barangay:', [...], false)
 2 APPPATH\Controllers\Inventory.php(72): CodeIgniter\Database\BaseBuilder->get()
 3 SYSTEMPATH\CodeIgniter.php(933): App\Controllers\Inventory->index()
 4 SYSTEMPATH\CodeIgniter.php(507): CodeIgniter\CodeIgniter->runController(Object(App\Controllers\Inventory))
 5 SYSTEMPATH\CodeIgniter.php(354): CodeIgniter\CodeIgniter->handleRequest(null, Object(Config\Cache), false)
 6 SYSTEMPATH\Boot.php(363): CodeIgniter\CodeIgniter->run()
 7 SYSTEMPATH\Boot.php(68): CodeIgniter\Boot::runCodeIgniter(Object(CodeIgniter\CodeIgniter))
 8 FCPATH\index.php(59): CodeIgniter\Boot::bootWeb(Object(Config\Paths))
 9 SYSTEMPATH\rewrite.php(44): require_once('C:\\Users\\Richard Miculob\\Documents\\ReliefTrack\\public\\index.php')
CRITICAL - 2026-03-01 11:10:55 --> [Caused by] CodeIgniter\Database\Exceptions\DatabaseException: Unknown column 'inventory.barangay' in 'where clause'
in SYSTEMPATH\Database\MySQLi\Connection.php on line 332.
 1 SYSTEMPATH\Database\BaseConnection.php(729): CodeIgniter\Database\MySQLi\Connection->execute('SELECT `inventory_batches`.*
FROM `inventory_batches`
JOIN `inventory` ON `inventory`.`id` = `inventory_batches`.`inventory_id`
WHERE `inventory`.`barangay` = \'Bonbon\'')
 2 SYSTEMPATH\Database\BaseConnection.php(646): CodeIgniter\Database\BaseConnection->simpleQuery('SELECT `inventory_batches`.*
FROM `inventory_batches`
JOIN `inventory` ON `inventory`.`id` = `inventory_batches`.`inventory_id`
WHERE `inventory`.`barangay` = \'Bonbon\'')
 3 SYSTEMPATH\Database\BaseBuilder.php(1649): CodeIgniter\Database\BaseConnection->query('SELECT `inventory_batches`.*
FROM `inventory_batches`
JOIN `inventory` ON `inventory`.`id` = `inventory_batches`.`inventory_id`
WHERE `inventory`.`barangay` = :inventory.barangay:', [...], false)
 4 APPPATH\Controllers\Inventory.php(72): CodeIgniter\Database\BaseBuilder->get()
 5 SYSTEMPATH\CodeIgniter.php(933): App\Controllers\Inventory->index()
 6 SYSTEMPATH\CodeIgniter.php(507): CodeIgniter\CodeIgniter->runController(Object(App\Controllers\Inventory))
 7 SYSTEMPATH\CodeIgniter.php(354): CodeIgniter\CodeIgniter->handleRequest(null, Object(Config\Cache), false)
 8 SYSTEMPATH\Boot.php(363): CodeIgniter\CodeIgniter->run()
 9 SYSTEMPATH\Boot.php(68): CodeIgniter\Boot::runCodeIgniter(Object(CodeIgniter\CodeIgniter))
10 FCPATH\index.php(59): CodeIgniter\Boot::bootWeb(Object(Config\Paths))
11 SYSTEMPATH\rewrite.php(44): require_once('C:\\Users\\Richard Miculob\\Documents\\ReliefTrack\\public\\index.php')
CRITICAL - 2026-03-01 11:10:55 --> [Caused by] mysqli_sql_exception: Unknown column 'inventory.barangay' in 'where clause'
in SYSTEMPATH\Database\MySQLi\Connection.php on line 327.
 1 SYSTEMPATH\Database\MySQLi\Connection.php(327): mysqli->query('SELECT `inventory_batches`.*
FROM `inventory_batches`
JOIN `inventory` ON `inventory`.`id` = `inventory_batches`.`inventory_id`
WHERE `inventory`.`barangay` = \'Bonbon\'', 0)
 2 SYSTEMPATH\Database\BaseConnection.php(729): CodeIgniter\Database\MySQLi\Connection->execute('SELECT `inventory_batches`.*
FROM `inventory_batches`
JOIN `inventory` ON `inventory`.`id` = `inventory_batches`.`inventory_id`
WHERE `inventory`.`barangay` = \'Bonbon\'')
 3 SYSTEMPATH\Database\BaseConnection.php(646): CodeIgniter\Database\BaseConnection->simpleQuery('SELECT `inventory_batches`.*
FROM `inventory_batches`
JOIN `inventory` ON `inventory`.`id` = `inventory_batches`.`inventory_id`
WHERE `inventory`.`barangay` = \'Bonbon\'')
 4 SYSTEMPATH\Database\BaseBuilder.php(1649): CodeIgniter\Database\BaseConnection->query('SELECT `inventory_batches`.*
FROM `inventory_batches`
JOIN `inventory` ON `inventory`.`id` = `inventory_batches`.`inventory_id`
WHERE `inventory`.`barangay` = :inventory.barangay:', [...], false)
 5 APPPATH\Controllers\Inventory.php(72): CodeIgniter\Database\BaseBuilder->get()
 6 SYSTEMPATH\CodeIgniter.php(933): App\Controllers\Inventory->index()
 7 SYSTEMPATH\CodeIgniter.php(507): CodeIgniter\CodeIgniter->runController(Object(App\Controllers\Inventory))
 8 SYSTEMPATH\CodeIgniter.php(354): CodeIgniter\CodeIgniter->handleRequest(null, Object(Config\Cache), false)
 9 SYSTEMPATH\Boot.php(363): CodeIgniter\CodeIgniter->run()
10 SYSTEMPATH\Boot.php(68): CodeIgniter\Boot::runCodeIgniter(Object(CodeIgniter\CodeIgniter))
11 FCPATH\index.php(59): CodeIgniter\Boot::bootWeb(Object(Config\Paths))
12 SYSTEMPATH\rewrite.php(44): require_once('C:\\Users\\Richard Miculob\\Documents\\ReliefTrack\\public\\index.php')
DEBUG - 2026-03-01 11:11:58 --> Session: Class initialized using 'CodeIgniter\Session\Handlers\FileHandler' driver.
WARNING - 2026-03-01 11:11:58 --> [DEPRECATED] Optional parameter $familyMemberId declared before required parameter $distributorId is implicitly treated as a required parameter in APPPATH\Models\InventoryModel.php on line 139.
 1 SYSTEMPATH\Autoloader\Autoloader.php(315): include_once('C:\\Users\\Richard Miculob\\Documents\\ReliefTrack\\system\\Debug\\Exceptions.php')
 2 SYSTEMPATH\Autoloader\Autoloader.php(295): CodeIgniter\Autoloader\Autoloader->includeFile('C:\\Users\\Richard Miculob\\Documents\\ReliefTrack\\app\\Models\\InventoryModel.php')
 3 SYSTEMPATH\Autoloader\Autoloader.php(271): CodeIgniter\Autoloader\Autoloader->loadInNamespace('App\\Models\\InventoryModel')
 4 APPPATH\Controllers\Inventory.php(325): CodeIgniter\Autoloader\Autoloader->loadClass('App\\Models\\InventoryModel')
 5 SYSTEMPATH\CodeIgniter.php(933): App\Controllers\Inventory->viewBatch('20')
 6 SYSTEMPATH\CodeIgniter.php(507): CodeIgniter\CodeIgniter->runController(Object(App\Controllers\Inventory))
 7 SYSTEMPATH\CodeIgniter.php(354): CodeIgniter\CodeIgniter->handleRequest(null, Object(Config\Cache), false)
 8 SYSTEMPATH\Boot.php(363): CodeIgniter\CodeIgniter->run()
 9 SYSTEMPATH\Boot.php(68): CodeIgniter\Boot::runCodeIgniter(Object(CodeIgniter\CodeIgniter))
10 FCPATH\index.php(59): CodeIgniter\Boot::bootWeb(Object(Config\Paths))
11 SYSTEMPATH\rewrite.php(44): require_once('C:\\Users\\Richard Miculob\\Documents\\ReliefTrack\\public\\index.php')
DEBUG - 2026-03-01 11:12:06 --> Session: Class initialized using 'CodeIgniter\Session\Handlers\FileHandler' driver.
WARNING - 2026-03-01 11:12:06 --> [DEPRECATED] Optional parameter $familyMemberId declared before required parameter $distributorId is implicitly treated as a required parameter in APPPATH\Models\InventoryModel.php on line 139.
 1 SYSTEMPATH\Autoloader\Autoloader.php(315): include_once('C:\\Users\\Richard Miculob\\Documents\\ReliefTrack\\system\\Debug\\Exceptions.php')
 2 SYSTEMPATH\Autoloader\Autoloader.php(295): CodeIgniter\Autoloader\Autoloader->includeFile('C:\\Users\\Richard Miculob\\Documents\\ReliefTrack\\app\\Models\\InventoryModel.php')
 3 SYSTEMPATH\Autoloader\Autoloader.php(271): CodeIgniter\Autoloader\Autoloader->loadInNamespace('App\\Models\\InventoryModel')
 4 APPPATH\Controllers\Inventory.php(374): CodeIgniter\Autoloader\Autoloader->loadClass('App\\Models\\InventoryModel')
 5 SYSTEMPATH\CodeIgniter.php(933): App\Controllers\Inventory->batches('19')
 6 SYSTEMPATH\CodeIgniter.php(507): CodeIgniter\CodeIgniter->runController(Object(App\Controllers\Inventory))
 7 SYSTEMPATH\CodeIgniter.php(354): CodeIgniter\CodeIgniter->handleRequest(null, Object(Config\Cache), false)
 8 SYSTEMPATH\Boot.php(363): CodeIgniter\CodeIgniter->run()
 9 SYSTEMPATH\Boot.php(68): CodeIgniter\Boot::runCodeIgniter(Object(CodeIgniter\CodeIgniter))
10 FCPATH\index.php(59): CodeIgniter\Boot::bootWeb(Object(Config\Paths))
11 SYSTEMPATH\rewrite.php(44): require_once('C:\\Users\\Richard Miculob\\Documents\\ReliefTrack\\public\\index.php')
DEBUG - 2026-03-01 11:12:25 --> Session: Class initialized using 'CodeIgniter\Session\Handlers\FileHandler' driver.
WARNING - 2026-03-01 11:12:26 --> [DEPRECATED] Optional parameter $familyMemberId declared before required parameter $distributorId is implicitly treated as a required parameter in APPPATH\Models\InventoryModel.php on line 139.
 1 SYSTEMPATH\Autoloader\Autoloader.php(315): include_once('C:\\Users\\Richard Miculob\\Documents\\ReliefTrack\\system\\Debug\\Exceptions.php')
 2 SYSTEMPATH\Autoloader\Autoloader.php(295): CodeIgniter\Autoloader\Autoloader->includeFile('C:\\Users\\Richard Miculob\\Documents\\ReliefTrack\\app\\Models\\InventoryModel.php')
 3 SYSTEMPATH\Autoloader\Autoloader.php(271): CodeIgniter\Autoloader\Autoloader->loadInNamespace('App\\Models\\InventoryModel')
 4 APPPATH\Controllers\Inventory.php(13): CodeIgniter\Autoloader\Autoloader->loadClass('App\\Models\\InventoryModel')
 5 SYSTEMPATH\CodeIgniter.php(933): App\Controllers\Inventory->index()
 6 SYSTEMPATH\CodeIgniter.php(507): CodeIgniter\CodeIgniter->runController(Object(App\Controllers\Inventory))
 7 SYSTEMPATH\CodeIgniter.php(354): CodeIgniter\CodeIgniter->handleRequest(null, Object(Config\Cache), false)
 8 SYSTEMPATH\Boot.php(363): CodeIgniter\CodeIgniter->run()
 9 SYSTEMPATH\Boot.php(68): CodeIgniter\Boot::runCodeIgniter(Object(CodeIgniter\CodeIgniter))
10 FCPATH\index.php(59): CodeIgniter\Boot::bootWeb(Object(Config\Paths))
11 SYSTEMPATH\rewrite.php(44): require_once('C:\\Users\\Richard Miculob\\Documents\\ReliefTrack\\public\\index.php')
DEBUG - 2026-03-01 11:12:29 --> Session: Class initialized using 'CodeIgniter\Session\Handlers\FileHandler' driver.
WARNING - 2026-03-01 11:12:29 --> [DEPRECATED] Optional parameter $familyMemberId declared before required parameter $distributorId is implicitly treated as a required parameter in APPPATH\Models\InventoryModel.php on line 139.
 1 SYSTEMPATH\Autoloader\Autoloader.php(315): include_once('C:\\Users\\Richard Miculob\\Documents\\ReliefTrack\\system\\Debug\\Exceptions.php')
 2 SYSTEMPATH\Autoloader\Autoloader.php(295): CodeIgniter\Autoloader\Autoloader->includeFile('C:\\Users\\Richard Miculob\\Documents\\ReliefTrack\\app\\Models\\InventoryModel.php')
 3 SYSTEMPATH\Autoloader\Autoloader.php(271): CodeIgniter\Autoloader\Autoloader->loadInNamespace('App\\Models\\InventoryModel')
 4 APPPATH\Controllers\Inventory.php(13): CodeIgniter\Autoloader\Autoloader->loadClass('App\\Models\\InventoryModel')
 5 SYSTEMPATH\CodeIgniter.php(933): App\Controllers\Inventory->index()
 6 SYSTEMPATH\CodeIgniter.php(507): CodeIgniter\CodeIgniter->runController(Object(App\Controllers\Inventory))
 7 SYSTEMPATH\CodeIgniter.php(354): CodeIgniter\CodeIgniter->handleRequest(null, Object(Config\Cache), false)
 8 SYSTEMPATH\Boot.php(363): CodeIgniter\CodeIgniter->run()
 9 SYSTEMPATH\Boot.php(68): CodeIgniter\Boot::runCodeIgniter(Object(CodeIgniter\CodeIgniter))
10 FCPATH\index.php(59): CodeIgniter\Boot::bootWeb(Object(Config\Paths))
11 SYSTEMPATH\rewrite.php(44): require_once('C:\\Users\\Richard Miculob\\Documents\\ReliefTrack\\public\\index.php')
DEBUG - 2026-03-01 11:12:39 --> Session: Class initialized using 'CodeIgniter\Session\Handlers\FileHandler' driver.
DEBUG - 2026-03-01 11:12:39 --> Session: Class initialized using 'CodeIgniter\Session\Handlers\FileHandler' driver.
DEBUG - 2026-03-01 11:12:47 --> Session: Class initialized using 'CodeIgniter\Session\Handlers\FileHandler' driver.
DEBUG - 2026-03-01 11:12:47 --> Session: Class initialized using 'CodeIgniter\Session\Handlers\FileHandler' driver.
WARNING - 2026-03-01 11:12:47 --> [DEPRECATED] Optional parameter $familyMemberId declared before required parameter $distributorId is implicitly treated as a required parameter in APPPATH\Models\InventoryModel.php on line 139.
 1 SYSTEMPATH\Autoloader\Autoloader.php(315): include_once('C:\\Users\\Richard Miculob\\Documents\\ReliefTrack\\system\\Debug\\Exceptions.php')
 2 SYSTEMPATH\Autoloader\Autoloader.php(295): CodeIgniter\Autoloader\Autoloader->includeFile('C:\\Users\\Richard Miculob\\Documents\\ReliefTrack\\app\\Models\\InventoryModel.php')
 3 SYSTEMPATH\Autoloader\Autoloader.php(271): CodeIgniter\Autoloader\Autoloader->loadInNamespace('App\\Models\\InventoryModel')
 4 APPPATH\Controllers\Dashboard.php(22): CodeIgniter\Autoloader\Autoloader->loadClass('App\\Models\\InventoryModel')
 5 SYSTEMPATH\CodeIgniter.php(933): App\Controllers\Dashboard->index()
 6 SYSTEMPATH\CodeIgniter.php(507): CodeIgniter\CodeIgniter->runController(Object(App\Controllers\Dashboard))
 7 SYSTEMPATH\CodeIgniter.php(354): CodeIgniter\CodeIgniter->handleRequest(null, Object(Config\Cache), false)
 8 SYSTEMPATH\Boot.php(363): CodeIgniter\CodeIgniter->run()
 9 SYSTEMPATH\Boot.php(68): CodeIgniter\Boot::runCodeIgniter(Object(CodeIgniter\CodeIgniter))
10 FCPATH\index.php(59): CodeIgniter\Boot::bootWeb(Object(Config\Paths))
11 SYSTEMPATH\rewrite.php(44): require_once('C:\\Users\\Richard Miculob\\Documents\\ReliefTrack\\public\\index.php')
DEBUG - 2026-03-01 11:12:52 --> Session: Class initialized using 'CodeIgniter\Session\Handlers\FileHandler' driver.
WARNING - 2026-03-01 11:12:52 --> [DEPRECATED] Optional parameter $familyMemberId declared before required parameter $distributorId is implicitly treated as a required parameter in APPPATH\Models\InventoryModel.php on line 139.
 1 SYSTEMPATH\Autoloader\Autoloader.php(315): include_once('C:\\Users\\Richard Miculob\\Documents\\ReliefTrack\\system\\Debug\\Exceptions.php')
 2 SYSTEMPATH\Autoloader\Autoloader.php(295): CodeIgniter\Autoloader\Autoloader->includeFile('C:\\Users\\Richard Miculob\\Documents\\ReliefTrack\\app\\Models\\InventoryModel.php')
 3 SYSTEMPATH\Autoloader\Autoloader.php(271): CodeIgniter\Autoloader\Autoloader->loadInNamespace('App\\Models\\InventoryModel')
 4 APPPATH\Controllers\Inventory.php(13): CodeIgniter\Autoloader\Autoloader->loadClass('App\\Models\\InventoryModel')
 5 SYSTEMPATH\CodeIgniter.php(933): App\Controllers\Inventory->index()
 6 SYSTEMPATH\CodeIgniter.php(507): CodeIgniter\CodeIgniter->runController(Object(App\Controllers\Inventory))
 7 SYSTEMPATH\CodeIgniter.php(354): CodeIgniter\CodeIgniter->handleRequest(null, Object(Config\Cache), false)
 8 SYSTEMPATH\Boot.php(363): CodeIgniter\CodeIgniter->run()
 9 SYSTEMPATH\Boot.php(68): CodeIgniter\Boot::runCodeIgniter(Object(CodeIgniter\CodeIgniter))
10 FCPATH\index.php(59): CodeIgniter\Boot::bootWeb(Object(Config\Paths))
11 SYSTEMPATH\rewrite.php(44): require_once('C:\\Users\\Richard Miculob\\Documents\\ReliefTrack\\public\\index.php')
DEBUG - 2026-03-01 11:12:56 --> Session: Class initialized using 'CodeIgniter\Session\Handlers\FileHandler' driver.
WARNING - 2026-03-01 11:12:56 --> [DEPRECATED] Optional parameter $familyMemberId declared before required parameter $distributorId is implicitly treated as a required parameter in APPPATH\Models\InventoryModel.php on line 139.
 1 SYSTEMPATH\Autoloader\Autoloader.php(315): include_once('C:\\Users\\Richard Miculob\\Documents\\ReliefTrack\\system\\Debug\\Exceptions.php')
 2 SYSTEMPATH\Autoloader\Autoloader.php(295): CodeIgniter\Autoloader\Autoloader->includeFile('C:\\Users\\Richard Miculob\\Documents\\ReliefTrack\\app\\Models\\InventoryModel.php')
 3 SYSTEMPATH\Autoloader\Autoloader.php(271): CodeIgniter\Autoloader\Autoloader->loadInNamespace('App\\Models\\InventoryModel')
 4 APPPATH\Controllers\Inventory.php(303): CodeIgniter\Autoloader\Autoloader->loadClass('App\\Models\\InventoryModel')
 5 SYSTEMPATH\CodeIgniter.php(933): App\Controllers\Inventory->viewBatch('20')
 6 SYSTEMPATH\CodeIgniter.php(507): CodeIgniter\CodeIgniter->runController(Object(App\Controllers\Inventory))
 7 SYSTEMPATH\CodeIgniter.php(354): CodeIgniter\CodeIgniter->handleRequest(null, Object(Config\Cache), false)
 8 SYSTEMPATH\Boot.php(363): CodeIgniter\CodeIgniter->run()
 9 SYSTEMPATH\Boot.php(68): CodeIgniter\Boot::runCodeIgniter(Object(CodeIgniter\CodeIgniter))
10 FCPATH\index.php(59): CodeIgniter\Boot::bootWeb(Object(Config\Paths))
11 SYSTEMPATH\rewrite.php(44): require_once('C:\\Users\\Richard Miculob\\Documents\\ReliefTrack\\public\\index.php')
DEBUG - 2026-03-01 11:13:01 --> Session: Class initialized using 'CodeIgniter\Session\Handlers\FileHandler' driver.
WARNING - 2026-03-01 11:13:01 --> [DEPRECATED] Optional parameter $familyMemberId declared before required parameter $distributorId is implicitly treated as a required parameter in APPPATH\Models\InventoryModel.php on line 139.
 1 SYSTEMPATH\Autoloader\Autoloader.php(315): include_once('C:\\Users\\Richard Miculob\\Documents\\ReliefTrack\\system\\Debug\\Exceptions.php')
 2 SYSTEMPATH\Autoloader\Autoloader.php(295): CodeIgniter\Autoloader\Autoloader->includeFile('C:\\Users\\Richard Miculob\\Documents\\ReliefTrack\\app\\Models\\InventoryModel.php')
 3 SYSTEMPATH\Autoloader\Autoloader.php(271): CodeIgniter\Autoloader\Autoloader->loadInNamespace('App\\Models\\InventoryModel')
 4 APPPATH\Controllers\Inventory.php(13): CodeIgniter\Autoloader\Autoloader->loadClass('App\\Models\\InventoryModel')
 5 SYSTEMPATH\CodeIgniter.php(933): App\Controllers\Inventory->index()
 6 SYSTEMPATH\CodeIgniter.php(507): CodeIgniter\CodeIgniter->runController(Object(App\Controllers\Inventory))
 7 SYSTEMPATH\CodeIgniter.php(354): CodeIgniter\CodeIgniter->handleRequest(null, Object(Config\Cache), false)
 8 SYSTEMPATH\Boot.php(363): CodeIgniter\CodeIgniter->run()
 9 SYSTEMPATH\Boot.php(68): CodeIgniter\Boot::runCodeIgniter(Object(CodeIgniter\CodeIgniter))
10 FCPATH\index.php(59): CodeIgniter\Boot::bootWeb(Object(Config\Paths))
11 SYSTEMPATH\rewrite.php(44): require_once('C:\\Users\\Richard Miculob\\Documents\\ReliefTrack\\public\\index.php')
DEBUG - 2026-03-01 11:13:07 --> Session: Class initialized using 'CodeIgniter\Session\Handlers\FileHandler' driver.
DEBUG - 2026-03-01 11:13:21 --> Session: Class initialized using 'CodeIgniter\Session\Handlers\FileHandler' driver.
DEBUG - 2026-03-01 11:13:23 --> Session: Class initialized using 'CodeIgniter\Session\Handlers\FileHandler' driver.
WARNING - 2026-03-01 11:13:23 --> [DEPRECATED] Optional parameter $familyMemberId declared before required parameter $distributorId is implicitly treated as a required parameter in APPPATH\Models\InventoryModel.php on line 139.
 1 SYSTEMPATH\Autoloader\Autoloader.php(315): include_once('C:\\Users\\Richard Miculob\\Documents\\ReliefTrack\\system\\Debug\\Exceptions.php')
 2 SYSTEMPATH\Autoloader\Autoloader.php(295): CodeIgniter\Autoloader\Autoloader->includeFile('C:\\Users\\Richard Miculob\\Documents\\ReliefTrack\\app\\Models\\InventoryModel.php')
 3 SYSTEMPATH\Autoloader\Autoloader.php(271): CodeIgniter\Autoloader\Autoloader->loadInNamespace('App\\Models\\InventoryModel')
 4 APPPATH\Controllers\Inventory.php(13): CodeIgniter\Autoloader\Autoloader->loadClass('App\\Models\\InventoryModel')
 5 SYSTEMPATH\CodeIgniter.php(933): App\Controllers\Inventory->index()
 6 SYSTEMPATH\CodeIgniter.php(507): CodeIgniter\CodeIgniter->runController(Object(App\Controllers\Inventory))
 7 SYSTEMPATH\CodeIgniter.php(354): CodeIgniter\CodeIgniter->handleRequest(null, Object(Config\Cache), false)
 8 SYSTEMPATH\Boot.php(363): CodeIgniter\CodeIgniter->run()
 9 SYSTEMPATH\Boot.php(68): CodeIgniter\Boot::runCodeIgniter(Object(CodeIgniter\CodeIgniter))
10 FCPATH\index.php(59): CodeIgniter\Boot::bootWeb(Object(Config\Paths))
11 SYSTEMPATH\rewrite.php(44): require_once('C:\\Users\\Richard Miculob\\Documents\\ReliefTrack\\public\\index.php')
DEBUG - 2026-03-01 11:13:24 --> Session: Class initialized using 'CodeIgniter\Session\Handlers\FileHandler' driver.
WARNING - 2026-03-01 11:13:24 --> [DEPRECATED] Optional parameter $familyMemberId declared before required parameter $distributorId is implicitly treated as a required parameter in APPPATH\Models\InventoryModel.php on line 139.
 1 SYSTEMPATH\Autoloader\Autoloader.php(315): include_once('C:\\Users\\Richard Miculob\\Documents\\ReliefTrack\\system\\Debug\\Exceptions.php')
 2 SYSTEMPATH\Autoloader\Autoloader.php(295): CodeIgniter\Autoloader\Autoloader->includeFile('C:\\Users\\Richard Miculob\\Documents\\ReliefTrack\\app\\Models\\InventoryModel.php')
 3 SYSTEMPATH\Autoloader\Autoloader.php(271): CodeIgniter\Autoloader\Autoloader->loadInNamespace('App\\Models\\InventoryModel')
 4 APPPATH\Controllers\Inventory.php(303): CodeIgniter\Autoloader\Autoloader->loadClass('App\\Models\\InventoryModel')
 5 SYSTEMPATH\CodeIgniter.php(933): App\Controllers\Inventory->viewBatch('20')
 6 SYSTEMPATH\CodeIgniter.php(507): CodeIgniter\CodeIgniter->runController(Object(App\Controllers\Inventory))
 7 SYSTEMPATH\CodeIgniter.php(354): CodeIgniter\CodeIgniter->handleRequest(null, Object(Config\Cache), false)
 8 SYSTEMPATH\Boot.php(363): CodeIgniter\CodeIgniter->run()
 9 SYSTEMPATH\Boot.php(68): CodeIgniter\Boot::runCodeIgniter(Object(CodeIgniter\CodeIgniter))
10 FCPATH\index.php(59): CodeIgniter\Boot::bootWeb(Object(Config\Paths))
11 SYSTEMPATH\rewrite.php(44): require_once('C:\\Users\\Richard Miculob\\Documents\\ReliefTrack\\public\\index.php')
DEBUG - 2026-03-01 11:13:30 --> Session: Class initialized using 'CodeIgniter\Session\Handlers\FileHandler' driver.
DEBUG - 2026-03-01 11:13:42 --> Session: Class initialized using 'CodeIgniter\Session\Handlers\FileHandler' driver.
DEBUG - 2026-03-01 11:13:59 --> Session: Class initialized using 'CodeIgniter\Session\Handlers\FileHandler' driver.
DEBUG - 2026-03-01 11:14:01 --> Session: Class initialized using 'CodeIgniter\Session\Handlers\FileHandler' driver.
DEBUG - 2026-03-01 11:14:33 --> Session: Class initialized using 'CodeIgniter\Session\Handlers\FileHandler' driver.
DEBUG - 2026-03-01 11:14:34 --> Session: Class initialized using 'CodeIgniter\Session\Handlers\FileHandler' driver.
DEBUG - 2026-03-01 11:14:46 --> Session: Class initialized using 'CodeIgniter\Session\Handlers\FileHandler' driver.
DEBUG - 2026-03-01 11:14:46 --> Session: Class initialized using 'CodeIgniter\Session\Handlers\FileHandler' driver.
DEBUG - 2026-03-01 11:14:49 --> Session: Class initialized using 'CodeIgniter\Session\Handlers\FileHandler' driver.
WARNING - 2026-03-01 11:14:49 --> [DEPRECATED] Optional parameter $familyMemberId declared before required parameter $distributorId is implicitly treated as a required parameter in APPPATH\Models\InventoryModel.php on line 139.
 1 SYSTEMPATH\Autoloader\Autoloader.php(315): include_once('C:\\Users\\Richard Miculob\\Documents\\ReliefTrack\\system\\Debug\\Exceptions.php')
 2 SYSTEMPATH\Autoloader\Autoloader.php(295): CodeIgniter\Autoloader\Autoloader->includeFile('C:\\Users\\Richard Miculob\\Documents\\ReliefTrack\\app\\Models\\InventoryModel.php')
 3 SYSTEMPATH\Autoloader\Autoloader.php(271): CodeIgniter\Autoloader\Autoloader->loadInNamespace('App\\Models\\InventoryModel')
 4 APPPATH\Controllers\Inventory.php(13): CodeIgniter\Autoloader\Autoloader->loadClass('App\\Models\\InventoryModel')
 5 SYSTEMPATH\CodeIgniter.php(933): App\Controllers\Inventory->index()
 6 SYSTEMPATH\CodeIgniter.php(507): CodeIgniter\CodeIgniter->runController(Object(App\Controllers\Inventory))
 7 SYSTEMPATH\CodeIgniter.php(354): CodeIgniter\CodeIgniter->handleRequest(null, Object(Config\Cache), false)
 8 SYSTEMPATH\Boot.php(363): CodeIgniter\CodeIgniter->run()
 9 SYSTEMPATH\Boot.php(68): CodeIgniter\Boot::runCodeIgniter(Object(CodeIgniter\CodeIgniter))
10 FCPATH\index.php(59): CodeIgniter\Boot::bootWeb(Object(Config\Paths))
11 SYSTEMPATH\rewrite.php(44): require_once('C:\\Users\\Richard Miculob\\Documents\\ReliefTrack\\public\\index.php')
DEBUG - 2026-03-01 11:14:54 --> Session: Class initialized using 'CodeIgniter\Session\Handlers\FileHandler' driver.
WARNING - 2026-03-01 11:14:54 --> [DEPRECATED] Optional parameter $familyMemberId declared before required parameter $distributorId is implicitly treated as a required parameter in APPPATH\Models\InventoryModel.php on line 139.
 1 SYSTEMPATH\Autoloader\Autoloader.php(315): include_once('C:\\Users\\Richard Miculob\\Documents\\ReliefTrack\\system\\Debug\\Exceptions.php')
 2 SYSTEMPATH\Autoloader\Autoloader.php(295): CodeIgniter\Autoloader\Autoloader->includeFile('C:\\Users\\Richard Miculob\\Documents\\ReliefTrack\\app\\Models\\InventoryModel.php')
 3 SYSTEMPATH\Autoloader\Autoloader.php(271): CodeIgniter\Autoloader\Autoloader->loadInNamespace('App\\Models\\InventoryModel')
 4 APPPATH\Controllers\Inventory.php(13): CodeIgniter\Autoloader\Autoloader->loadClass('App\\Models\\InventoryModel')
 5 SYSTEMPATH\CodeIgniter.php(933): App\Controllers\Inventory->index()
 6 SYSTEMPATH\CodeIgniter.php(507): CodeIgniter\CodeIgniter->runController(Object(App\Controllers\Inventory))
 7 SYSTEMPATH\CodeIgniter.php(354): CodeIgniter\CodeIgniter->handleRequest(null, Object(Config\Cache), false)
 8 SYSTEMPATH\Boot.php(363): CodeIgniter\CodeIgniter->run()
 9 SYSTEMPATH\Boot.php(68): CodeIgniter\Boot::runCodeIgniter(Object(CodeIgniter\CodeIgniter))
10 FCPATH\index.php(59): CodeIgniter\Boot::bootWeb(Object(Config\Paths))
11 SYSTEMPATH\rewrite.php(44): require_once('C:\\Users\\Richard Miculob\\Documents\\ReliefTrack\\public\\index.php')
DEBUG - 2026-03-01 11:15:00 --> Session: Class initialized using 'CodeIgniter\Session\Handlers\FileHandler' driver.
WARNING - 2026-03-01 11:15:00 --> [DEPRECATED] Optional parameter $familyMemberId declared before required parameter $distributorId is implicitly treated as a required parameter in APPPATH\Models\InventoryModel.php on line 139.
 1 SYSTEMPATH\Autoloader\Autoloader.php(315): include_once('C:\\Users\\Richard Miculob\\Documents\\ReliefTrack\\system\\Debug\\Exceptions.php')
 2 SYSTEMPATH\Autoloader\Autoloader.php(295): CodeIgniter\Autoloader\Autoloader->includeFile('C:\\Users\\Richard Miculob\\Documents\\ReliefTrack\\app\\Models\\InventoryModel.php')
 3 SYSTEMPATH\Autoloader\Autoloader.php(271): CodeIgniter\Autoloader\Autoloader->loadInNamespace('App\\Models\\InventoryModel')
 4 APPPATH\Controllers\Inventory.php(303): CodeIgniter\Autoloader\Autoloader->loadClass('App\\Models\\InventoryModel')
 5 SYSTEMPATH\CodeIgniter.php(933): App\Controllers\Inventory->viewBatch('20')
 6 SYSTEMPATH\CodeIgniter.php(507): CodeIgniter\CodeIgniter->runController(Object(App\Controllers\Inventory))
 7 SYSTEMPATH\CodeIgniter.php(354): CodeIgniter\CodeIgniter->handleRequest(null, Object(Config\Cache), false)
 8 SYSTEMPATH\Boot.php(363): CodeIgniter\CodeIgniter->run()
 9 SYSTEMPATH\Boot.php(68): CodeIgniter\Boot::runCodeIgniter(Object(CodeIgniter\CodeIgniter))
10 FCPATH\index.php(59): CodeIgniter\Boot::bootWeb(Object(Config\Paths))
11 SYSTEMPATH\rewrite.php(44): require_once('C:\\Users\\Richard Miculob\\Documents\\ReliefTrack\\public\\index.php')
DEBUG - 2026-03-01 11:15:03 --> Session: Class initialized using 'CodeIgniter\Session\Handlers\FileHandler' driver.
DEBUG - 2026-03-01 11:15:05 --> Session: Class initialized using 'CodeIgniter\Session\Handlers\FileHandler' driver.
DEBUG - 2026-03-01 11:21:08 --> Session: Class initialized using 'CodeIgniter\Session\Handlers\FileHandler' driver.
WARNING - 2026-03-01 11:21:08 --> [DEPRECATED] Optional parameter $familyMemberId declared before required parameter $distributorId is implicitly treated as a required parameter in APPPATH\Models\InventoryModel.php on line 139.
 1 SYSTEMPATH\Autoloader\Autoloader.php(315): include_once('C:\\Users\\Richard Miculob\\Documents\\ReliefTrack\\system\\Debug\\Exceptions.php')
 2 SYSTEMPATH\Autoloader\Autoloader.php(295): CodeIgniter\Autoloader\Autoloader->includeFile('C:\\Users\\Richard Miculob\\Documents\\ReliefTrack\\app\\Models\\InventoryModel.php')
 3 SYSTEMPATH\Autoloader\Autoloader.php(271): CodeIgniter\Autoloader\Autoloader->loadInNamespace('App\\Models\\InventoryModel')
 4 APPPATH\Controllers\Inventory.php(303): CodeIgniter\Autoloader\Autoloader->loadClass('App\\Models\\InventoryModel')
 5 SYSTEMPATH\CodeIgniter.php(933): App\Controllers\Inventory->viewBatch('20')
 6 SYSTEMPATH\CodeIgniter.php(507): CodeIgniter\CodeIgniter->runController(Object(App\Controllers\Inventory))
 7 SYSTEMPATH\CodeIgniter.php(354): CodeIgniter\CodeIgniter->handleRequest(null, Object(Config\Cache), false)
 8 SYSTEMPATH\Boot.php(363): CodeIgniter\CodeIgniter->run()
 9 SYSTEMPATH\Boot.php(68): CodeIgniter\Boot::runCodeIgniter(Object(CodeIgniter\CodeIgniter))
10 FCPATH\index.php(59): CodeIgniter\Boot::bootWeb(Object(Config\Paths))
11 SYSTEMPATH\rewrite.php(44): require_once('C:\\Users\\Richard Miculob\\Documents\\ReliefTrack\\public\\index.php')
DEBUG - 2026-03-01 11:21:13 --> Session: Class initialized using 'CodeIgniter\Session\Handlers\FileHandler' driver.
WARNING - 2026-03-01 11:21:13 --> [DEPRECATED] Optional parameter $familyMemberId declared before required parameter $distributorId is implicitly treated as a required parameter in APPPATH\Models\InventoryModel.php on line 139.
 1 SYSTEMPATH\Autoloader\Autoloader.php(315): include_once('C:\\Users\\Richard Miculob\\Documents\\ReliefTrack\\system\\Debug\\Exceptions.php')
 2 SYSTEMPATH\Autoloader\Autoloader.php(295): CodeIgniter\Autoloader\Autoloader->includeFile('C:\\Users\\Richard Miculob\\Documents\\ReliefTrack\\app\\Models\\InventoryModel.php')
 3 SYSTEMPATH\Autoloader\Autoloader.php(271): CodeIgniter\Autoloader\Autoloader->loadInNamespace('App\\Models\\InventoryModel')
 4 APPPATH\Controllers\Inventory.php(13): CodeIgniter\Autoloader\Autoloader->loadClass('App\\Models\\InventoryModel')
 5 SYSTEMPATH\CodeIgniter.php(933): App\Controllers\Inventory->index()
 6 SYSTEMPATH\CodeIgniter.php(507): CodeIgniter\CodeIgniter->runController(Object(App\Controllers\Inventory))
 7 SYSTEMPATH\CodeIgniter.php(354): CodeIgniter\CodeIgniter->handleRequest(null, Object(Config\Cache), false)
 8 SYSTEMPATH\Boot.php(363): CodeIgniter\CodeIgniter->run()
 9 SYSTEMPATH\Boot.php(68): CodeIgniter\Boot::runCodeIgniter(Object(CodeIgniter\CodeIgniter))
10 FCPATH\index.php(59): CodeIgniter\Boot::bootWeb(Object(Config\Paths))
11 SYSTEMPATH\rewrite.php(44): require_once('C:\\Users\\Richard Miculob\\Documents\\ReliefTrack\\public\\index.php')
DEBUG - 2026-03-01 11:21:19 --> Session: Class initialized using 'CodeIgniter\Session\Handlers\FileHandler' driver.
DEBUG - 2026-03-01 11:21:32 --> Session: Class initialized using 'CodeIgniter\Session\Handlers\FileHandler' driver.
DEBUG - 2026-03-01 11:21:43 --> Session: Class initialized using 'CodeIgniter\Session\Handlers\FileHandler' driver.
DEBUG - 2026-03-01 11:21:51 --> Session: Class initialized using 'CodeIgniter\Session\Handlers\FileHandler' driver.
DEBUG - 2026-03-01 11:21:52 --> Session: Class initialized using 'CodeIgniter\Session\Handlers\FileHandler' driver.
DEBUG - 2026-03-01 11:21:52 --> Session: Class initialized using 'CodeIgniter\Session\Handlers\FileHandler' driver.
DEBUG - 2026-03-01 11:21:54 --> Session: Class initialized using 'CodeIgniter\Session\Handlers\FileHandler' driver.
DEBUG - 2026-03-01 11:21:54 --> Session: Class initialized using 'CodeIgniter\Session\Handlers\FileHandler' driver.
DEBUG - 2026-03-01 11:22:04 --> Session: Class initialized using 'CodeIgniter\Session\Handlers\FileHandler' driver.
DEBUG - 2026-03-01 11:22:05 --> Session: Class initialized using 'CodeIgniter\Session\Handlers\FileHandler' driver.
DEBUG - 2026-03-01 11:22:05 --> Session: Class initialized using 'CodeIgniter\Session\Handlers\FileHandler' driver.
DEBUG - 2026-03-01 11:22:05 --> Session: Class initialized using 'CodeIgniter\Session\Handlers\FileHandler' driver.
DEBUG - 2026-03-01 11:22:05 --> Session: Class initialized using 'CodeIgniter\Session\Handlers\FileHandler' driver.
DEBUG - 2026-03-01 11:22:08 --> Session: Class initialized using 'CodeIgniter\Session\Handlers\FileHandler' driver.
WARNING - 2026-03-01 11:22:08 --> [DEPRECATED] Optional parameter $familyMemberId declared before required parameter $distributorId is implicitly treated as a required parameter in APPPATH\Models\InventoryModel.php on line 139.
 1 SYSTEMPATH\Autoloader\Autoloader.php(315): include_once('C:\\Users\\Richard Miculob\\Documents\\ReliefTrack\\system\\Debug\\Exceptions.php')
 2 SYSTEMPATH\Autoloader\Autoloader.php(295): CodeIgniter\Autoloader\Autoloader->includeFile('C:\\Users\\Richard Miculob\\Documents\\ReliefTrack\\app\\Models\\InventoryModel.php')
 3 SYSTEMPATH\Autoloader\Autoloader.php(271): CodeIgniter\Autoloader\Autoloader->loadInNamespace('App\\Models\\InventoryModel')
 4 APPPATH\Controllers\Inventory.php(13): CodeIgniter\Autoloader\Autoloader->loadClass('App\\Models\\InventoryModel')
 5 SYSTEMPATH\CodeIgniter.php(933): App\Controllers\Inventory->index()
 6 SYSTEMPATH\CodeIgniter.php(507): CodeIgniter\CodeIgniter->runController(Object(App\Controllers\Inventory))
 7 SYSTEMPATH\CodeIgniter.php(354): CodeIgniter\CodeIgniter->handleRequest(null, Object(Config\Cache), false)
 8 SYSTEMPATH\Boot.php(363): CodeIgniter\CodeIgniter->run()
 9 SYSTEMPATH\Boot.php(68): CodeIgniter\Boot::runCodeIgniter(Object(CodeIgniter\CodeIgniter))
10 FCPATH\index.php(59): CodeIgniter\Boot::bootWeb(Object(Config\Paths))
11 SYSTEMPATH\rewrite.php(44): require_once('C:\\Users\\Richard Miculob\\Documents\\ReliefTrack\\public\\index.php')
DEBUG - 2026-03-01 11:22:14 --> Session: Class initialized using 'CodeIgniter\Session\Handlers\FileHandler' driver.
DEBUG - 2026-03-01 11:22:16 --> Session: Class initialized using 'CodeIgniter\Session\Handlers\FileHandler' driver.
WARNING - 2026-03-01 11:22:16 --> [DEPRECATED] Optional parameter $familyMemberId declared before required parameter $distributorId is implicitly treated as a required parameter in APPPATH\Models\InventoryModel.php on line 139.
 1 SYSTEMPATH\Autoloader\Autoloader.php(315): include_once('C:\\Users\\Richard Miculob\\Documents\\ReliefTrack\\system\\Debug\\Exceptions.php')
 2 SYSTEMPATH\Autoloader\Autoloader.php(295): CodeIgniter\Autoloader\Autoloader->includeFile('C:\\Users\\Richard Miculob\\Documents\\ReliefTrack\\app\\Models\\InventoryModel.php')
 3 SYSTEMPATH\Autoloader\Autoloader.php(271): CodeIgniter\Autoloader\Autoloader->loadInNamespace('App\\Models\\InventoryModel')
 4 APPPATH\Controllers\Inventory.php(13): CodeIgniter\Autoloader\Autoloader->loadClass('App\\Models\\InventoryModel')
 5 SYSTEMPATH\CodeIgniter.php(933): App\Controllers\Inventory->index()
 6 SYSTEMPATH\CodeIgniter.php(507): CodeIgniter\CodeIgniter->runController(Object(App\Controllers\Inventory))
 7 SYSTEMPATH\CodeIgniter.php(354): CodeIgniter\CodeIgniter->handleRequest(null, Object(Config\Cache), false)
 8 SYSTEMPATH\Boot.php(363): CodeIgniter\CodeIgniter->run()
 9 SYSTEMPATH\Boot.php(68): CodeIgniter\Boot::runCodeIgniter(Object(CodeIgniter\CodeIgniter))
10 FCPATH\index.php(59): CodeIgniter\Boot::bootWeb(Object(Config\Paths))
11 SYSTEMPATH\rewrite.php(44): require_once('C:\\Users\\Richard Miculob\\Documents\\ReliefTrack\\public\\index.php')
DEBUG - 2026-03-01 11:22:19 --> Session: Class initialized using 'CodeIgniter\Session\Handlers\FileHandler' driver.
WARNING - 2026-03-01 11:22:19 --> [DEPRECATED] Optional parameter $familyMemberId declared before required parameter $distributorId is implicitly treated as a required parameter in APPPATH\Models\InventoryModel.php on line 139.
 1 SYSTEMPATH\Autoloader\Autoloader.php(315): include_once('C:\\Users\\Richard Miculob\\Documents\\ReliefTrack\\system\\Debug\\Exceptions.php')
 2 SYSTEMPATH\Autoloader\Autoloader.php(295): CodeIgniter\Autoloader\Autoloader->includeFile('C:\\Users\\Richard Miculob\\Documents\\ReliefTrack\\app\\Models\\InventoryModel.php')
 3 SYSTEMPATH\Autoloader\Autoloader.php(271): CodeIgniter\Autoloader\Autoloader->loadInNamespace('App\\Models\\InventoryModel')
 4 APPPATH\Controllers\Inventory.php(13): CodeIgniter\Autoloader\Autoloader->loadClass('App\\Models\\InventoryModel')
 5 SYSTEMPATH\CodeIgniter.php(933): App\Controllers\Inventory->index()
 6 SYSTEMPATH\CodeIgniter.php(507): CodeIgniter\CodeIgniter->runController(Object(App\Controllers\Inventory))
 7 SYSTEMPATH\CodeIgniter.php(354): CodeIgniter\CodeIgniter->handleRequest(null, Object(Config\Cache), false)
 8 SYSTEMPATH\Boot.php(363): CodeIgniter\CodeIgniter->run()
 9 SYSTEMPATH\Boot.php(68): CodeIgniter\Boot::runCodeIgniter(Object(CodeIgniter\CodeIgniter))
10 FCPATH\index.php(59): CodeIgniter\Boot::bootWeb(Object(Config\Paths))
11 SYSTEMPATH\rewrite.php(44): require_once('C:\\Users\\Richard Miculob\\Documents\\ReliefTrack\\public\\index.php')
DEBUG - 2026-03-01 11:22:21 --> Session: Class initialized using 'CodeIgniter\Session\Handlers\FileHandler' driver.
WARNING - 2026-03-01 11:22:21 --> [DEPRECATED] Optional parameter $familyMemberId declared before required parameter $distributorId is implicitly treated as a required parameter in APPPATH\Models\InventoryModel.php on line 139.
 1 SYSTEMPATH\Autoloader\Autoloader.php(315): include_once('C:\\Users\\Richard Miculob\\Documents\\ReliefTrack\\system\\Debug\\Exceptions.php')
 2 SYSTEMPATH\Autoloader\Autoloader.php(295): CodeIgniter\Autoloader\Autoloader->includeFile('C:\\Users\\Richard Miculob\\Documents\\ReliefTrack\\app\\Models\\InventoryModel.php')
 3 SYSTEMPATH\Autoloader\Autoloader.php(271): CodeIgniter\Autoloader\Autoloader->loadInNamespace('App\\Models\\InventoryModel')
 4 APPPATH\Controllers\Inventory.php(303): CodeIgniter\Autoloader\Autoloader->loadClass('App\\Models\\InventoryModel')
 5 SYSTEMPATH\CodeIgniter.php(933): App\Controllers\Inventory->viewBatch('20')
 6 SYSTEMPATH\CodeIgniter.php(507): CodeIgniter\CodeIgniter->runController(Object(App\Controllers\Inventory))
 7 SYSTEMPATH\CodeIgniter.php(354): CodeIgniter\CodeIgniter->handleRequest(null, Object(Config\Cache), false)
 8 SYSTEMPATH\Boot.php(363): CodeIgniter\CodeIgniter->run()
 9 SYSTEMPATH\Boot.php(68): CodeIgniter\Boot::runCodeIgniter(Object(CodeIgniter\CodeIgniter))
10 FCPATH\index.php(59): CodeIgniter\Boot::bootWeb(Object(Config\Paths))
11 SYSTEMPATH\rewrite.php(44): require_once('C:\\Users\\Richard Miculob\\Documents\\ReliefTrack\\public\\index.php')
DEBUG - 2026-03-01 11:22:27 --> Session: Class initialized using 'CodeIgniter\Session\Handlers\FileHandler' driver.
DEBUG - 2026-03-01 11:22:27 --> Session: Class initialized using 'CodeIgniter\Session\Handlers\FileHandler' driver.
DEBUG - 2026-03-01 11:22:37 --> Session: Class initialized using 'CodeIgniter\Session\Handlers\FileHandler' driver.
DEBUG - 2026-03-01 11:22:37 --> Session: Class initialized using 'CodeIgniter\Session\Handlers\FileHandler' driver.
WARNING - 2026-03-01 11:22:37 --> [DEPRECATED] Optional parameter $familyMemberId declared before required parameter $distributorId is implicitly treated as a required parameter in APPPATH\Models\InventoryModel.php on line 139.
 1 SYSTEMPATH\Autoloader\Autoloader.php(315): include_once('C:\\Users\\Richard Miculob\\Documents\\ReliefTrack\\system\\Debug\\Exceptions.php')
 2 SYSTEMPATH\Autoloader\Autoloader.php(295): CodeIgniter\Autoloader\Autoloader->includeFile('C:\\Users\\Richard Miculob\\Documents\\ReliefTrack\\app\\Models\\InventoryModel.php')
 3 SYSTEMPATH\Autoloader\Autoloader.php(271): CodeIgniter\Autoloader\Autoloader->loadInNamespace('App\\Models\\InventoryModel')
 4 APPPATH\Controllers\Dashboard.php(22): CodeIgniter\Autoloader\Autoloader->loadClass('App\\Models\\InventoryModel')
 5 SYSTEMPATH\CodeIgniter.php(933): App\Controllers\Dashboard->index()
 6 SYSTEMPATH\CodeIgniter.php(507): CodeIgniter\CodeIgniter->runController(Object(App\Controllers\Dashboard))
 7 SYSTEMPATH\CodeIgniter.php(354): CodeIgniter\CodeIgniter->handleRequest(null, Object(Config\Cache), false)
 8 SYSTEMPATH\Boot.php(363): CodeIgniter\CodeIgniter->run()
 9 SYSTEMPATH\Boot.php(68): CodeIgniter\Boot::runCodeIgniter(Object(CodeIgniter\CodeIgniter))
10 FCPATH\index.php(59): CodeIgniter\Boot::bootWeb(Object(Config\Paths))
11 SYSTEMPATH\rewrite.php(44): require_once('C:\\Users\\Richard Miculob\\Documents\\ReliefTrack\\public\\index.php')
DEBUG - 2026-03-01 11:22:41 --> Session: Class initialized using 'CodeIgniter\Session\Handlers\FileHandler' driver.
WARNING - 2026-03-01 11:22:41 --> [DEPRECATED] Optional parameter $familyMemberId declared before required parameter $distributorId is implicitly treated as a required parameter in APPPATH\Models\InventoryModel.php on line 139.
 1 SYSTEMPATH\Autoloader\Autoloader.php(315): include_once('C:\\Users\\Richard Miculob\\Documents\\ReliefTrack\\system\\Debug\\Exceptions.php')
 2 SYSTEMPATH\Autoloader\Autoloader.php(295): CodeIgniter\Autoloader\Autoloader->includeFile('C:\\Users\\Richard Miculob\\Documents\\ReliefTrack\\app\\Models\\InventoryModel.php')
 3 SYSTEMPATH\Autoloader\Autoloader.php(271): CodeIgniter\Autoloader\Autoloader->loadInNamespace('App\\Models\\InventoryModel')
 4 APPPATH\Controllers\Inventory.php(13): CodeIgniter\Autoloader\Autoloader->loadClass('App\\Models\\InventoryModel')
 5 SYSTEMPATH\CodeIgniter.php(933): App\Controllers\Inventory->index()
 6 SYSTEMPATH\CodeIgniter.php(507): CodeIgniter\CodeIgniter->runController(Object(App\Controllers\Inventory))
 7 SYSTEMPATH\CodeIgniter.php(354): CodeIgniter\CodeIgniter->handleRequest(null, Object(Config\Cache), false)
 8 SYSTEMPATH\Boot.php(363): CodeIgniter\CodeIgniter->run()
 9 SYSTEMPATH\Boot.php(68): CodeIgniter\Boot::runCodeIgniter(Object(CodeIgniter\CodeIgniter))
10 FCPATH\index.php(59): CodeIgniter\Boot::bootWeb(Object(Config\Paths))
11 SYSTEMPATH\rewrite.php(44): require_once('C:\\Users\\Richard Miculob\\Documents\\ReliefTrack\\public\\index.php')
DEBUG - 2026-03-01 11:25:51 --> Session: Class initialized using 'CodeIgniter\Session\Handlers\FileHandler' driver.
WARNING - 2026-03-01 11:25:51 --> [DEPRECATED] Optional parameter $familyMemberId declared before required parameter $distributorId is implicitly treated as a required parameter in APPPATH\Models\InventoryModel.php on line 139.
 1 SYSTEMPATH\Autoloader\Autoloader.php(315): include_once('C:\\Users\\Richard Miculob\\Documents\\ReliefTrack\\system\\Debug\\Exceptions.php')
 2 SYSTEMPATH\Autoloader\Autoloader.php(295): CodeIgniter\Autoloader\Autoloader->includeFile('C:\\Users\\Richard Miculob\\Documents\\ReliefTrack\\app\\Models\\InventoryModel.php')
 3 SYSTEMPATH\Autoloader\Autoloader.php(271): CodeIgniter\Autoloader\Autoloader->loadInNamespace('App\\Models\\InventoryModel')
 4 APPPATH\Controllers\Inventory.php(13): CodeIgniter\Autoloader\Autoloader->loadClass('App\\Models\\InventoryModel')
 5 SYSTEMPATH\CodeIgniter.php(933): App\Controllers\Inventory->index()
 6 SYSTEMPATH\CodeIgniter.php(507): CodeIgniter\CodeIgniter->runController(Object(App\Controllers\Inventory))
 7 SYSTEMPATH\CodeIgniter.php(354): CodeIgniter\CodeIgniter->handleRequest(null, Object(Config\Cache), false)
 8 SYSTEMPATH\Boot.php(363): CodeIgniter\CodeIgniter->run()
 9 SYSTEMPATH\Boot.php(68): CodeIgniter\Boot::runCodeIgniter(Object(CodeIgniter\CodeIgniter))
10 FCPATH\index.php(59): CodeIgniter\Boot::bootWeb(Object(Config\Paths))
11 SYSTEMPATH\rewrite.php(44): require_once('C:\\Users\\Richard Miculob\\Documents\\ReliefTrack\\public\\index.php')
DEBUG - 2026-03-01 11:25:53 --> Session: Class initialized using 'CodeIgniter\Session\Handlers\FileHandler' driver.
DEBUG - 2026-03-01 11:25:53 --> Session: Class initialized using 'CodeIgniter\Session\Handlers\FileHandler' driver.
DEBUG - 2026-03-01 11:26:05 --> Session: Class initialized using 'CodeIgniter\Session\Handlers\FileHandler' driver.
DEBUG - 2026-03-01 11:26:05 --> Session: Class initialized using 'CodeIgniter\Session\Handlers\FileHandler' driver.
WARNING - 2026-03-01 11:26:05 --> [DEPRECATED] Optional parameter $familyMemberId declared before required parameter $distributorId is implicitly treated as a required parameter in APPPATH\Models\InventoryModel.php on line 139.
 1 SYSTEMPATH\Autoloader\Autoloader.php(315): include_once('C:\\Users\\Richard Miculob\\Documents\\ReliefTrack\\system\\Debug\\Exceptions.php')
 2 SYSTEMPATH\Autoloader\Autoloader.php(295): CodeIgniter\Autoloader\Autoloader->includeFile('C:\\Users\\Richard Miculob\\Documents\\ReliefTrack\\app\\Models\\InventoryModel.php')
 3 SYSTEMPATH\Autoloader\Autoloader.php(271): CodeIgniter\Autoloader\Autoloader->loadInNamespace('App\\Models\\InventoryModel')
 4 APPPATH\Controllers\Dashboard.php(22): CodeIgniter\Autoloader\Autoloader->loadClass('App\\Models\\InventoryModel')
 5 SYSTEMPATH\CodeIgniter.php(933): App\Controllers\Dashboard->index()
 6 SYSTEMPATH\CodeIgniter.php(507): CodeIgniter\CodeIgniter->runController(Object(App\Controllers\Dashboard))
 7 SYSTEMPATH\CodeIgniter.php(354): CodeIgniter\CodeIgniter->handleRequest(null, Object(Config\Cache), false)
 8 SYSTEMPATH\Boot.php(363): CodeIgniter\CodeIgniter->run()
 9 SYSTEMPATH\Boot.php(68): CodeIgniter\Boot::runCodeIgniter(Object(CodeIgniter\CodeIgniter))
10 FCPATH\index.php(59): CodeIgniter\Boot::bootWeb(Object(Config\Paths))
11 SYSTEMPATH\rewrite.php(44): require_once('C:\\Users\\Richard Miculob\\Documents\\ReliefTrack\\public\\index.php')
DEBUG - 2026-03-01 11:26:08 --> Session: Class initialized using 'CodeIgniter\Session\Handlers\FileHandler' driver.
WARNING - 2026-03-01 11:26:08 --> [DEPRECATED] Optional parameter $familyMemberId declared before required parameter $distributorId is implicitly treated as a required parameter in APPPATH\Models\InventoryModel.php on line 139.
 1 SYSTEMPATH\Autoloader\Autoloader.php(315): include_once('C:\\Users\\Richard Miculob\\Documents\\ReliefTrack\\system\\Debug\\Exceptions.php')
 2 SYSTEMPATH\Autoloader\Autoloader.php(295): CodeIgniter\Autoloader\Autoloader->includeFile('C:\\Users\\Richard Miculob\\Documents\\ReliefTrack\\app\\Models\\InventoryModel.php')
 3 SYSTEMPATH\Autoloader\Autoloader.php(271): CodeIgniter\Autoloader\Autoloader->loadInNamespace('App\\Models\\InventoryModel')
 4 APPPATH\Controllers\Inventory.php(13): CodeIgniter\Autoloader\Autoloader->loadClass('App\\Models\\InventoryModel')
 5 SYSTEMPATH\CodeIgniter.php(933): App\Controllers\Inventory->index()
 6 SYSTEMPATH\CodeIgniter.php(507): CodeIgniter\CodeIgniter->runController(Object(App\Controllers\Inventory))
 7 SYSTEMPATH\CodeIgniter.php(354): CodeIgniter\CodeIgniter->handleRequest(null, Object(Config\Cache), false)
 8 SYSTEMPATH\Boot.php(363): CodeIgniter\CodeIgniter->run()
 9 SYSTEMPATH\Boot.php(68): CodeIgniter\Boot::runCodeIgniter(Object(CodeIgniter\CodeIgniter))
10 FCPATH\index.php(59): CodeIgniter\Boot::bootWeb(Object(Config\Paths))
11 SYSTEMPATH\rewrite.php(44): require_once('C:\\Users\\Richard Miculob\\Documents\\ReliefTrack\\public\\index.php')
DEBUG - 2026-03-01 11:26:16 --> Session: Class initialized using 'CodeIgniter\Session\Handlers\FileHandler' driver.
WARNING - 2026-03-01 11:26:16 --> [DEPRECATED] Optional parameter $familyMemberId declared before required parameter $distributorId is implicitly treated as a required parameter in APPPATH\Models\InventoryModel.php on line 139.
 1 SYSTEMPATH\Autoloader\Autoloader.php(315): include_once('C:\\Users\\Richard Miculob\\Documents\\ReliefTrack\\system\\Debug\\Exceptions.php')
 2 SYSTEMPATH\Autoloader\Autoloader.php(295): CodeIgniter\Autoloader\Autoloader->includeFile('C:\\Users\\Richard Miculob\\Documents\\ReliefTrack\\app\\Models\\InventoryModel.php')
 3 SYSTEMPATH\Autoloader\Autoloader.php(271): CodeIgniter\Autoloader\Autoloader->loadInNamespace('App\\Models\\InventoryModel')
 4 APPPATH\Controllers\Inventory.php(352): CodeIgniter\Autoloader\Autoloader->loadClass('App\\Models\\InventoryModel')
 5 SYSTEMPATH\CodeIgniter.php(933): App\Controllers\Inventory->batches('19')
 6 SYSTEMPATH\CodeIgniter.php(507): CodeIgniter\CodeIgniter->runController(Object(App\Controllers\Inventory))
 7 SYSTEMPATH\CodeIgniter.php(354): CodeIgniter\CodeIgniter->handleRequest(null, Object(Config\Cache), false)
 8 SYSTEMPATH\Boot.php(363): CodeIgniter\CodeIgniter->run()
 9 SYSTEMPATH\Boot.php(68): CodeIgniter\Boot::runCodeIgniter(Object(CodeIgniter\CodeIgniter))
10 FCPATH\index.php(59): CodeIgniter\Boot::bootWeb(Object(Config\Paths))
11 SYSTEMPATH\rewrite.php(44): require_once('C:\\Users\\Richard Miculob\\Documents\\ReliefTrack\\public\\index.php')
DEBUG - 2026-03-01 11:26:18 --> Session: Class initialized using 'CodeIgniter\Session\Handlers\FileHandler' driver.
WARNING - 2026-03-01 11:26:18 --> [DEPRECATED] Optional parameter $familyMemberId declared before required parameter $distributorId is implicitly treated as a required parameter in APPPATH\Models\InventoryModel.php on line 139.
 1 SYSTEMPATH\Autoloader\Autoloader.php(315): include_once('C:\\Users\\Richard Miculob\\Documents\\ReliefTrack\\system\\Debug\\Exceptions.php')
 2 SYSTEMPATH\Autoloader\Autoloader.php(295): CodeIgniter\Autoloader\Autoloader->includeFile('C:\\Users\\Richard Miculob\\Documents\\ReliefTrack\\app\\Models\\InventoryModel.php')
 3 SYSTEMPATH\Autoloader\Autoloader.php(271): CodeIgniter\Autoloader\Autoloader->loadInNamespace('App\\Models\\InventoryModel')
 4 APPPATH\Controllers\Inventory.php(181): CodeIgniter\Autoloader\Autoloader->loadClass('App\\Models\\InventoryModel')
 5 SYSTEMPATH\CodeIgniter.php(933): App\Controllers\Inventory->update_stock('19')
 6 SYSTEMPATH\CodeIgniter.php(507): CodeIgniter\CodeIgniter->runController(Object(App\Controllers\Inventory))
 7 SYSTEMPATH\CodeIgniter.php(354): CodeIgniter\CodeIgniter->handleRequest(null, Object(Config\Cache), false)
 8 SYSTEMPATH\Boot.php(363): CodeIgniter\CodeIgniter->run()
 9 SYSTEMPATH\Boot.php(68): CodeIgniter\Boot::runCodeIgniter(Object(CodeIgniter\CodeIgniter))
10 FCPATH\index.php(59): CodeIgniter\Boot::bootWeb(Object(Config\Paths))
11 SYSTEMPATH\rewrite.php(44): require_once('C:\\Users\\Richard Miculob\\Documents\\ReliefTrack\\public\\index.php')
DEBUG - 2026-03-01 11:26:32 --> Session: Class initialized using 'CodeIgniter\Session\Handlers\FileHandler' driver.
WARNING - 2026-03-01 11:26:32 --> [DEPRECATED] Optional parameter $familyMemberId declared before required parameter $distributorId is implicitly treated as a required parameter in APPPATH\Models\InventoryModel.php on line 139.
 1 SYSTEMPATH\Autoloader\Autoloader.php(315): include_once('C:\\Users\\Richard Miculob\\Documents\\ReliefTrack\\system\\Debug\\Exceptions.php')
 2 SYSTEMPATH\Autoloader\Autoloader.php(295): CodeIgniter\Autoloader\Autoloader->includeFile('C:\\Users\\Richard Miculob\\Documents\\ReliefTrack\\app\\Models\\InventoryModel.php')
 3 SYSTEMPATH\Autoloader\Autoloader.php(271): CodeIgniter\Autoloader\Autoloader->loadInNamespace('App\\Models\\InventoryModel')
 4 APPPATH\Controllers\Inventory.php(247): CodeIgniter\Autoloader\Autoloader->loadClass('App\\Models\\InventoryModel')
 5 SYSTEMPATH\CodeIgniter.php(933): App\Controllers\Inventory->saveItemWithBatch()
 6 SYSTEMPATH\CodeIgniter.php(507): CodeIgniter\CodeIgniter->runController(Object(App\Controllers\Inventory))
 7 SYSTEMPATH\CodeIgniter.php(354): CodeIgniter\CodeIgniter->handleRequest(null, Object(Config\Cache), false)
 8 SYSTEMPATH\Boot.php(363): CodeIgniter\CodeIgniter->run()
 9 SYSTEMPATH\Boot.php(68): CodeIgniter\Boot::runCodeIgniter(Object(CodeIgniter\CodeIgniter))
10 FCPATH\index.php(59): CodeIgniter\Boot::bootWeb(Object(Config\Paths))
11 SYSTEMPATH\rewrite.php(44): require_once('C:\\Users\\Richard Miculob\\Documents\\ReliefTrack\\public\\index.php')
DEBUG - 2026-03-01 11:26:33 --> Session: Class initialized using 'CodeIgniter\Session\Handlers\FileHandler' driver.
WARNING - 2026-03-01 11:26:33 --> [DEPRECATED] Optional parameter $familyMemberId declared before required parameter $distributorId is implicitly treated as a required parameter in APPPATH\Models\InventoryModel.php on line 139.
 1 SYSTEMPATH\Autoloader\Autoloader.php(315): include_once('C:\\Users\\Richard Miculob\\Documents\\ReliefTrack\\system\\Debug\\Exceptions.php')
 2 SYSTEMPATH\Autoloader\Autoloader.php(295): CodeIgniter\Autoloader\Autoloader->includeFile('C:\\Users\\Richard Miculob\\Documents\\ReliefTrack\\app\\Models\\InventoryModel.php')
 3 SYSTEMPATH\Autoloader\Autoloader.php(271): CodeIgniter\Autoloader\Autoloader->loadInNamespace('App\\Models\\InventoryModel')
 4 APPPATH\Controllers\Inventory.php(352): CodeIgniter\Autoloader\Autoloader->loadClass('App\\Models\\InventoryModel')
 5 SYSTEMPATH\CodeIgniter.php(933): App\Controllers\Inventory->batches('21')
 6 SYSTEMPATH\CodeIgniter.php(507): CodeIgniter\CodeIgniter->runController(Object(App\Controllers\Inventory))
 7 SYSTEMPATH\CodeIgniter.php(354): CodeIgniter\CodeIgniter->handleRequest(null, Object(Config\Cache), false)
 8 SYSTEMPATH\Boot.php(363): CodeIgniter\CodeIgniter->run()
 9 SYSTEMPATH\Boot.php(68): CodeIgniter\Boot::runCodeIgniter(Object(CodeIgniter\CodeIgniter))
10 FCPATH\index.php(59): CodeIgniter\Boot::bootWeb(Object(Config\Paths))
11 SYSTEMPATH\rewrite.php(44): require_once('C:\\Users\\Richard Miculob\\Documents\\ReliefTrack\\public\\index.php')
DEBUG - 2026-03-01 11:26:33 --> Session: Class initialized using 'CodeIgniter\Session\Handlers\FileHandler' driver.
WARNING - 2026-03-01 11:26:33 --> [DEPRECATED] Optional parameter $familyMemberId declared before required parameter $distributorId is implicitly treated as a required parameter in APPPATH\Models\InventoryModel.php on line 139.
 1 SYSTEMPATH\Autoloader\Autoloader.php(315): include_once('C:\\Users\\Richard Miculob\\Documents\\ReliefTrack\\system\\Debug\\Exceptions.php')
 2 SYSTEMPATH\Autoloader\Autoloader.php(295): CodeIgniter\Autoloader\Autoloader->includeFile('C:\\Users\\Richard Miculob\\Documents\\ReliefTrack\\app\\Models\\InventoryModel.php')
 3 SYSTEMPATH\Autoloader\Autoloader.php(271): CodeIgniter\Autoloader\Autoloader->loadInNamespace('App\\Models\\InventoryModel')
 4 APPPATH\Controllers\Inventory.php(13): CodeIgniter\Autoloader\Autoloader->loadClass('App\\Models\\InventoryModel')
 5 SYSTEMPATH\CodeIgniter.php(933): App\Controllers\Inventory->index()
 6 SYSTEMPATH\CodeIgniter.php(507): CodeIgniter\CodeIgniter->runController(Object(App\Controllers\Inventory))
 7 SYSTEMPATH\CodeIgniter.php(354): CodeIgniter\CodeIgniter->handleRequest(null, Object(Config\Cache), false)
 8 SYSTEMPATH\Boot.php(363): CodeIgniter\CodeIgniter->run()
 9 SYSTEMPATH\Boot.php(68): CodeIgniter\Boot::runCodeIgniter(Object(CodeIgniter\CodeIgniter))
10 FCPATH\index.php(59): CodeIgniter\Boot::bootWeb(Object(Config\Paths))
11 SYSTEMPATH\rewrite.php(44): require_once('C:\\Users\\Richard Miculob\\Documents\\ReliefTrack\\public\\index.php')
DEBUG - 2026-03-01 11:26:38 --> Session: Class initialized using 'CodeIgniter\Session\Handlers\FileHandler' driver.
WARNING - 2026-03-01 11:26:38 --> [DEPRECATED] Optional parameter $familyMemberId declared before required parameter $distributorId is implicitly treated as a required parameter in APPPATH\Models\InventoryModel.php on line 139.
 1 SYSTEMPATH\Autoloader\Autoloader.php(315): include_once('C:\\Users\\Richard Miculob\\Documents\\ReliefTrack\\system\\Debug\\Exceptions.php')
 2 SYSTEMPATH\Autoloader\Autoloader.php(295): CodeIgniter\Autoloader\Autoloader->includeFile('C:\\Users\\Richard Miculob\\Documents\\ReliefTrack\\app\\Models\\InventoryModel.php')
 3 SYSTEMPATH\Autoloader\Autoloader.php(271): CodeIgniter\Autoloader\Autoloader->loadInNamespace('App\\Models\\InventoryModel')
 4 APPPATH\Controllers\Inventory.php(303): CodeIgniter\Autoloader\Autoloader->loadClass('App\\Models\\InventoryModel')
 5 SYSTEMPATH\CodeIgniter.php(933): App\Controllers\Inventory->viewBatch('21')
 6 SYSTEMPATH\CodeIgniter.php(507): CodeIgniter\CodeIgniter->runController(Object(App\Controllers\Inventory))
 7 SYSTEMPATH\CodeIgniter.php(354): CodeIgniter\CodeIgniter->handleRequest(null, Object(Config\Cache), false)
 8 SYSTEMPATH\Boot.php(363): CodeIgniter\CodeIgniter->run()
 9 SYSTEMPATH\Boot.php(68): CodeIgniter\Boot::runCodeIgniter(Object(CodeIgniter\CodeIgniter))
10 FCPATH\index.php(59): CodeIgniter\Boot::bootWeb(Object(Config\Paths))
11 SYSTEMPATH\rewrite.php(44): require_once('C:\\Users\\Richard Miculob\\Documents\\ReliefTrack\\public\\index.php')
DEBUG - 2026-03-01 11:26:40 --> Session: Class initialized using 'CodeIgniter\Session\Handlers\FileHandler' driver.
WARNING - 2026-03-01 11:26:40 --> [DEPRECATED] Optional parameter $familyMemberId declared before required parameter $distributorId is implicitly treated as a required parameter in APPPATH\Models\InventoryModel.php on line 139.
 1 SYSTEMPATH\Autoloader\Autoloader.php(315): include_once('C:\\Users\\Richard Miculob\\Documents\\ReliefTrack\\system\\Debug\\Exceptions.php')
 2 SYSTEMPATH\Autoloader\Autoloader.php(295): CodeIgniter\Autoloader\Autoloader->includeFile('C:\\Users\\Richard Miculob\\Documents\\ReliefTrack\\app\\Models\\InventoryModel.php')
 3 SYSTEMPATH\Autoloader\Autoloader.php(271): CodeIgniter\Autoloader\Autoloader->loadInNamespace('App\\Models\\InventoryModel')
 4 APPPATH\Controllers\Inventory.php(352): CodeIgniter\Autoloader\Autoloader->loadClass('App\\Models\\InventoryModel')
 5 SYSTEMPATH\CodeIgniter.php(933): App\Controllers\Inventory->batches('19')
 6 SYSTEMPATH\CodeIgniter.php(507): CodeIgniter\CodeIgniter->runController(Object(App\Controllers\Inventory))
 7 SYSTEMPATH\CodeIgniter.php(354): CodeIgniter\CodeIgniter->handleRequest(null, Object(Config\Cache), false)
 8 SYSTEMPATH\Boot.php(363): CodeIgniter\CodeIgniter->run()
 9 SYSTEMPATH\Boot.php(68): CodeIgniter\Boot::runCodeIgniter(Object(CodeIgniter\CodeIgniter))
10 FCPATH\index.php(59): CodeIgniter\Boot::bootWeb(Object(Config\Paths))
11 SYSTEMPATH\rewrite.php(44): require_once('C:\\Users\\Richard Miculob\\Documents\\ReliefTrack\\public\\index.php')
DEBUG - 2026-03-01 11:26:45 --> Session: Class initialized using 'CodeIgniter\Session\Handlers\FileHandler' driver.
WARNING - 2026-03-01 11:26:45 --> [DEPRECATED] Optional parameter $familyMemberId declared before required parameter $distributorId is implicitly treated as a required parameter in APPPATH\Models\InventoryModel.php on line 139.
 1 SYSTEMPATH\Autoloader\Autoloader.php(315): include_once('C:\\Users\\Richard Miculob\\Documents\\ReliefTrack\\system\\Debug\\Exceptions.php')
 2 SYSTEMPATH\Autoloader\Autoloader.php(295): CodeIgniter\Autoloader\Autoloader->includeFile('C:\\Users\\Richard Miculob\\Documents\\ReliefTrack\\app\\Models\\InventoryModel.php')
 3 SYSTEMPATH\Autoloader\Autoloader.php(271): CodeIgniter\Autoloader\Autoloader->loadInNamespace('App\\Models\\InventoryModel')
 4 APPPATH\Controllers\Inventory.php(303): CodeIgniter\Autoloader\Autoloader->loadClass('App\\Models\\InventoryModel')
 5 SYSTEMPATH\CodeIgniter.php(933): App\Controllers\Inventory->viewBatch('21')
 6 SYSTEMPATH\CodeIgniter.php(507): CodeIgniter\CodeIgniter->runController(Object(App\Controllers\Inventory))
 7 SYSTEMPATH\CodeIgniter.php(354): CodeIgniter\CodeIgniter->handleRequest(null, Object(Config\Cache), false)
 8 SYSTEMPATH\Boot.php(363): CodeIgniter\CodeIgniter->run()
 9 SYSTEMPATH\Boot.php(68): CodeIgniter\Boot::runCodeIgniter(Object(CodeIgniter\CodeIgniter))
10 FCPATH\index.php(59): CodeIgniter\Boot::bootWeb(Object(Config\Paths))
11 SYSTEMPATH\rewrite.php(44): require_once('C:\\Users\\Richard Miculob\\Documents\\ReliefTrack\\public\\index.php')
DEBUG - 2026-03-01 11:26:48 --> Session: Class initialized using 'CodeIgniter\Session\Handlers\FileHandler' driver.
WARNING - 2026-03-01 11:26:48 --> [DEPRECATED] Optional parameter $familyMemberId declared before required parameter $distributorId is implicitly treated as a required parameter in APPPATH\Models\InventoryModel.php on line 139.
 1 SYSTEMPATH\Autoloader\Autoloader.php(315): include_once('C:\\Users\\Richard Miculob\\Documents\\ReliefTrack\\system\\Debug\\Exceptions.php')
 2 SYSTEMPATH\Autoloader\Autoloader.php(295): CodeIgniter\Autoloader\Autoloader->includeFile('C:\\Users\\Richard Miculob\\Documents\\ReliefTrack\\app\\Models\\InventoryModel.php')
 3 SYSTEMPATH\Autoloader\Autoloader.php(271): CodeIgniter\Autoloader\Autoloader->loadInNamespace('App\\Models\\InventoryModel')
 4 APPPATH\Controllers\Inventory.php(352): CodeIgniter\Autoloader\Autoloader->loadClass('App\\Models\\InventoryModel')
 5 SYSTEMPATH\CodeIgniter.php(933): App\Controllers\Inventory->batches('19')
 6 SYSTEMPATH\CodeIgniter.php(507): CodeIgniter\CodeIgniter->runController(Object(App\Controllers\Inventory))
 7 SYSTEMPATH\CodeIgniter.php(354): CodeIgniter\CodeIgniter->handleRequest(null, Object(Config\Cache), false)
 8 SYSTEMPATH\Boot.php(363): CodeIgniter\CodeIgniter->run()
 9 SYSTEMPATH\Boot.php(68): CodeIgniter\Boot::runCodeIgniter(Object(CodeIgniter\CodeIgniter))
10 FCPATH\index.php(59): CodeIgniter\Boot::bootWeb(Object(Config\Paths))
11 SYSTEMPATH\rewrite.php(44): require_once('C:\\Users\\Richard Miculob\\Documents\\ReliefTrack\\public\\index.php')
DEBUG - 2026-03-01 11:26:49 --> Session: Class initialized using 'CodeIgniter\Session\Handlers\FileHandler' driver.
WARNING - 2026-03-01 11:26:49 --> [DEPRECATED] Optional parameter $familyMemberId declared before required parameter $distributorId is implicitly treated as a required parameter in APPPATH\Models\InventoryModel.php on line 139.
 1 SYSTEMPATH\Autoloader\Autoloader.php(315): include_once('C:\\Users\\Richard Miculob\\Documents\\ReliefTrack\\system\\Debug\\Exceptions.php')
 2 SYSTEMPATH\Autoloader\Autoloader.php(295): CodeIgniter\Autoloader\Autoloader->includeFile('C:\\Users\\Richard Miculob\\Documents\\ReliefTrack\\app\\Models\\InventoryModel.php')
 3 SYSTEMPATH\Autoloader\Autoloader.php(271): CodeIgniter\Autoloader\Autoloader->loadInNamespace('App\\Models\\InventoryModel')
 4 APPPATH\Controllers\Inventory.php(303): CodeIgniter\Autoloader\Autoloader->loadClass('App\\Models\\InventoryModel')
 5 SYSTEMPATH\CodeIgniter.php(933): App\Controllers\Inventory->viewBatch('20')
 6 SYSTEMPATH\CodeIgniter.php(507): CodeIgniter\CodeIgniter->runController(Object(App\Controllers\Inventory))
 7 SYSTEMPATH\CodeIgniter.php(354): CodeIgniter\CodeIgniter->handleRequest(null, Object(Config\Cache), false)
 8 SYSTEMPATH\Boot.php(363): CodeIgniter\CodeIgniter->run()
 9 SYSTEMPATH\Boot.php(68): CodeIgniter\Boot::runCodeIgniter(Object(CodeIgniter\CodeIgniter))
10 FCPATH\index.php(59): CodeIgniter\Boot::bootWeb(Object(Config\Paths))
11 SYSTEMPATH\rewrite.php(44): require_once('C:\\Users\\Richard Miculob\\Documents\\ReliefTrack\\public\\index.php')
DEBUG - 2026-03-01 11:27:01 --> Session: Class initialized using 'CodeIgniter\Session\Handlers\FileHandler' driver.
DEBUG - 2026-03-01 11:27:01 --> Session: Class initialized using 'CodeIgniter\Session\Handlers\FileHandler' driver.
DEBUG - 2026-03-01 11:27:05 --> Session: Class initialized using 'CodeIgniter\Session\Handlers\FileHandler' driver.
DEBUG - 2026-03-01 11:27:05 --> Session: Class initialized using 'CodeIgniter\Session\Handlers\FileHandler' driver.
DEBUG - 2026-03-01 11:27:10 --> Session: Class initialized using 'CodeIgniter\Session\Handlers\FileHandler' driver.
DEBUG - 2026-03-01 11:27:11 --> Session: Class initialized using 'CodeIgniter\Session\Handlers\FileHandler' driver.
WARNING - 2026-03-01 11:27:11 --> [DEPRECATED] Optional parameter $familyMemberId declared before required parameter $distributorId is implicitly treated as a required parameter in APPPATH\Models\InventoryModel.php on line 139.
 1 SYSTEMPATH\Autoloader\Autoloader.php(315): include_once('C:\\Users\\Richard Miculob\\Documents\\ReliefTrack\\system\\Debug\\Exceptions.php')
 2 SYSTEMPATH\Autoloader\Autoloader.php(295): CodeIgniter\Autoloader\Autoloader->includeFile('C:\\Users\\Richard Miculob\\Documents\\ReliefTrack\\app\\Models\\InventoryModel.php')
 3 SYSTEMPATH\Autoloader\Autoloader.php(271): CodeIgniter\Autoloader\Autoloader->loadInNamespace('App\\Models\\InventoryModel')
 4 APPPATH\Controllers\Dashboard.php(22): CodeIgniter\Autoloader\Autoloader->loadClass('App\\Models\\InventoryModel')
 5 SYSTEMPATH\CodeIgniter.php(933): App\Controllers\Dashboard->index()
 6 SYSTEMPATH\CodeIgniter.php(507): CodeIgniter\CodeIgniter->runController(Object(App\Controllers\Dashboard))
 7 SYSTEMPATH\CodeIgniter.php(354): CodeIgniter\CodeIgniter->handleRequest(null, Object(Config\Cache), false)
 8 SYSTEMPATH\Boot.php(363): CodeIgniter\CodeIgniter->run()
 9 SYSTEMPATH\Boot.php(68): CodeIgniter\Boot::runCodeIgniter(Object(CodeIgniter\CodeIgniter))
10 FCPATH\index.php(59): CodeIgniter\Boot::bootWeb(Object(Config\Paths))
11 SYSTEMPATH\rewrite.php(44): require_once('C:\\Users\\Richard Miculob\\Documents\\ReliefTrack\\public\\index.php')
DEBUG - 2026-03-01 11:27:14 --> Session: Class initialized using 'CodeIgniter\Session\Handlers\FileHandler' driver.
WARNING - 2026-03-01 11:27:14 --> [DEPRECATED] Optional parameter $familyMemberId declared before required parameter $distributorId is implicitly treated as a required parameter in APPPATH\Models\InventoryModel.php on line 139.
 1 SYSTEMPATH\Autoloader\Autoloader.php(315): include_once('C:\\Users\\Richard Miculob\\Documents\\ReliefTrack\\system\\Debug\\Exceptions.php')
 2 SYSTEMPATH\Autoloader\Autoloader.php(295): CodeIgniter\Autoloader\Autoloader->includeFile('C:\\Users\\Richard Miculob\\Documents\\ReliefTrack\\app\\Models\\InventoryModel.php')
 3 SYSTEMPATH\Autoloader\Autoloader.php(271): CodeIgniter\Autoloader\Autoloader->loadInNamespace('App\\Models\\InventoryModel')
 4 APPPATH\Controllers\Inventory.php(13): CodeIgniter\Autoloader\Autoloader->loadClass('App\\Models\\InventoryModel')
 5 SYSTEMPATH\CodeIgniter.php(933): App\Controllers\Inventory->index()
 6 SYSTEMPATH\CodeIgniter.php(507): CodeIgniter\CodeIgniter->runController(Object(App\Controllers\Inventory))
 7 SYSTEMPATH\CodeIgniter.php(354): CodeIgniter\CodeIgniter->handleRequest(null, Object(Config\Cache), false)
 8 SYSTEMPATH\Boot.php(363): CodeIgniter\CodeIgniter->run()
 9 SYSTEMPATH\Boot.php(68): CodeIgniter\Boot::runCodeIgniter(Object(CodeIgniter\CodeIgniter))
10 FCPATH\index.php(59): CodeIgniter\Boot::bootWeb(Object(Config\Paths))
11 SYSTEMPATH\rewrite.php(44): require_once('C:\\Users\\Richard Miculob\\Documents\\ReliefTrack\\public\\index.php')
DEBUG - 2026-03-01 11:27:19 --> Session: Class initialized using 'CodeIgniter\Session\Handlers\FileHandler' driver.
WARNING - 2026-03-01 11:27:19 --> [DEPRECATED] Optional parameter $familyMemberId declared before required parameter $distributorId is implicitly treated as a required parameter in APPPATH\Models\InventoryModel.php on line 139.
 1 SYSTEMPATH\Autoloader\Autoloader.php(315): include_once('C:\\Users\\Richard Miculob\\Documents\\ReliefTrack\\system\\Debug\\Exceptions.php')
 2 SYSTEMPATH\Autoloader\Autoloader.php(295): CodeIgniter\Autoloader\Autoloader->includeFile('C:\\Users\\Richard Miculob\\Documents\\ReliefTrack\\app\\Models\\InventoryModel.php')
 3 SYSTEMPATH\Autoloader\Autoloader.php(271): CodeIgniter\Autoloader\Autoloader->loadInNamespace('App\\Models\\InventoryModel')
 4 APPPATH\Controllers\Inventory.php(303): CodeIgniter\Autoloader\Autoloader->loadClass('App\\Models\\InventoryModel')
 5 SYSTEMPATH\CodeIgniter.php(933): App\Controllers\Inventory->viewBatch('21')
 6 SYSTEMPATH\CodeIgniter.php(507): CodeIgniter\CodeIgniter->runController(Object(App\Controllers\Inventory))
 7 SYSTEMPATH\CodeIgniter.php(354): CodeIgniter\CodeIgniter->handleRequest(null, Object(Config\Cache), false)
 8 SYSTEMPATH\Boot.php(363): CodeIgniter\CodeIgniter->run()
 9 SYSTEMPATH\Boot.php(68): CodeIgniter\Boot::runCodeIgniter(Object(CodeIgniter\CodeIgniter))
10 FCPATH\index.php(59): CodeIgniter\Boot::bootWeb(Object(Config\Paths))
11 SYSTEMPATH\rewrite.php(44): require_once('C:\\Users\\Richard Miculob\\Documents\\ReliefTrack\\public\\index.php')
DEBUG - 2026-03-01 11:29:08 --> Session: Class initialized using 'CodeIgniter\Session\Handlers\FileHandler' driver.
DEBUG - 2026-03-01 12:57:10 --> Session: Class initialized using 'CodeIgniter\Session\Handlers\FileHandler' driver.
DEBUG - 2026-03-01 12:57:11 --> Session: Class initialized using 'CodeIgniter\Session\Handlers\FileHandler' driver.
WARNING - 2026-03-01 12:57:11 --> [DEPRECATED] Optional parameter $familyMemberId declared before required parameter $distributorId is implicitly treated as a required parameter in APPPATH\Models\InventoryModel.php on line 139.
 1 SYSTEMPATH\Autoloader\Autoloader.php(315): include_once('C:\\Users\\Richard Miculob\\Documents\\ReliefTrack\\system\\Debug\\Exceptions.php')
 2 SYSTEMPATH\Autoloader\Autoloader.php(295): CodeIgniter\Autoloader\Autoloader->includeFile('C:\\Users\\Richard Miculob\\Documents\\ReliefTrack\\app\\Models\\InventoryModel.php')
 3 SYSTEMPATH\Autoloader\Autoloader.php(271): CodeIgniter\Autoloader\Autoloader->loadInNamespace('App\\Models\\InventoryModel')
 4 APPPATH\Controllers\Dashboard.php(22): CodeIgniter\Autoloader\Autoloader->loadClass('App\\Models\\InventoryModel')
 5 SYSTEMPATH\CodeIgniter.php(933): App\Controllers\Dashboard->index()
 6 SYSTEMPATH\CodeIgniter.php(507): CodeIgniter\CodeIgniter->runController(Object(App\Controllers\Dashboard))
 7 SYSTEMPATH\CodeIgniter.php(354): CodeIgniter\CodeIgniter->handleRequest(null, Object(Config\Cache), false)
 8 SYSTEMPATH\Boot.php(363): CodeIgniter\CodeIgniter->run()
 9 SYSTEMPATH\Boot.php(68): CodeIgniter\Boot::runCodeIgniter(Object(CodeIgniter\CodeIgniter))
10 FCPATH\index.php(59): CodeIgniter\Boot::bootWeb(Object(Config\Paths))
11 SYSTEMPATH\rewrite.php(44): require_once('C:\\Users\\Richard Miculob\\Documents\\ReliefTrack\\public\\index.php')
DEBUG - 2026-03-01 12:57:17 --> Session: Class initialized using 'CodeIgniter\Session\Handlers\FileHandler' driver.
WARNING - 2026-03-01 12:57:17 --> [DEPRECATED] Optional parameter $familyMemberId declared before required parameter $distributorId is implicitly treated as a required parameter in APPPATH\Models\InventoryModel.php on line 139.
 1 SYSTEMPATH\Autoloader\Autoloader.php(315): include_once('C:\\Users\\Richard Miculob\\Documents\\ReliefTrack\\system\\Debug\\Exceptions.php')
 2 SYSTEMPATH\Autoloader\Autoloader.php(295): CodeIgniter\Autoloader\Autoloader->includeFile('C:\\Users\\Richard Miculob\\Documents\\ReliefTrack\\app\\Models\\InventoryModel.php')
 3 SYSTEMPATH\Autoloader\Autoloader.php(271): CodeIgniter\Autoloader\Autoloader->loadInNamespace('App\\Models\\InventoryModel')
 4 APPPATH\Controllers\Inventory.php(13): CodeIgniter\Autoloader\Autoloader->loadClass('App\\Models\\InventoryModel')
 5 SYSTEMPATH\CodeIgniter.php(933): App\Controllers\Inventory->index()
 6 SYSTEMPATH\CodeIgniter.php(507): CodeIgniter\CodeIgniter->runController(Object(App\Controllers\Inventory))
 7 SYSTEMPATH\CodeIgniter.php(354): CodeIgniter\CodeIgniter->handleRequest(null, Object(Config\Cache), false)
 8 SYSTEMPATH\Boot.php(363): CodeIgniter\CodeIgniter->run()
 9 SYSTEMPATH\Boot.php(68): CodeIgniter\Boot::runCodeIgniter(Object(CodeIgniter\CodeIgniter))
10 FCPATH\index.php(59): CodeIgniter\Boot::bootWeb(Object(Config\Paths))
11 SYSTEMPATH\rewrite.php(44): require_once('C:\\Users\\Richard Miculob\\Documents\\ReliefTrack\\public\\index.php')
DEBUG - 2026-03-01 12:57:21 --> Session: Class initialized using 'CodeIgniter\Session\Handlers\FileHandler' driver.
WARNING - 2026-03-01 12:57:21 --> [DEPRECATED] Optional parameter $familyMemberId declared before required parameter $distributorId is implicitly treated as a required parameter in APPPATH\Models\InventoryModel.php on line 139.
 1 SYSTEMPATH\Autoloader\Autoloader.php(315): include_once('C:\\Users\\Richard Miculob\\Documents\\ReliefTrack\\system\\Debug\\Exceptions.php')
 2 SYSTEMPATH\Autoloader\Autoloader.php(295): CodeIgniter\Autoloader\Autoloader->includeFile('C:\\Users\\Richard Miculob\\Documents\\ReliefTrack\\app\\Models\\InventoryModel.php')
 3 SYSTEMPATH\Autoloader\Autoloader.php(271): CodeIgniter\Autoloader\Autoloader->loadInNamespace('App\\Models\\InventoryModel')
 4 APPPATH\Controllers\Inventory.php(402): CodeIgniter\Autoloader\Autoloader->loadClass('App\\Models\\InventoryModel')
 5 SYSTEMPATH\CodeIgniter.php(933): App\Controllers\Inventory->delete('19')
 6 SYSTEMPATH\CodeIgniter.php(507): CodeIgniter\CodeIgniter->runController(Object(App\Controllers\Inventory))
 7 SYSTEMPATH\CodeIgniter.php(354): CodeIgniter\CodeIgniter->handleRequest(null, Object(Config\Cache), false)
 8 SYSTEMPATH\Boot.php(363): CodeIgniter\CodeIgniter->run()
 9 SYSTEMPATH\Boot.php(68): CodeIgniter\Boot::runCodeIgniter(Object(CodeIgniter\CodeIgniter))
10 FCPATH\index.php(59): CodeIgniter\Boot::bootWeb(Object(Config\Paths))
11 SYSTEMPATH\rewrite.php(44): require_once('C:\\Users\\Richard Miculob\\Documents\\ReliefTrack\\public\\index.php')
DEBUG - 2026-03-01 12:57:21 --> Session: Class initialized using 'CodeIgniter\Session\Handlers\FileHandler' driver.
WARNING - 2026-03-01 12:57:21 --> [DEPRECATED] Optional parameter $familyMemberId declared before required parameter $distributorId is implicitly treated as a required parameter in APPPATH\Models\InventoryModel.php on line 139.
 1 SYSTEMPATH\Autoloader\Autoloader.php(315): include_once('C:\\Users\\Richard Miculob\\Documents\\ReliefTrack\\system\\Debug\\Exceptions.php')
 2 SYSTEMPATH\Autoloader\Autoloader.php(295): CodeIgniter\Autoloader\Autoloader->includeFile('C:\\Users\\Richard Miculob\\Documents\\ReliefTrack\\app\\Models\\InventoryModel.php')
 3 SYSTEMPATH\Autoloader\Autoloader.php(271): CodeIgniter\Autoloader\Autoloader->loadInNamespace('App\\Models\\InventoryModel')
 4 APPPATH\Controllers\Inventory.php(13): CodeIgniter\Autoloader\Autoloader->loadClass('App\\Models\\InventoryModel')
 5 SYSTEMPATH\CodeIgniter.php(933): App\Controllers\Inventory->index()
 6 SYSTEMPATH\CodeIgniter.php(507): CodeIgniter\CodeIgniter->runController(Object(App\Controllers\Inventory))
 7 SYSTEMPATH\CodeIgniter.php(354): CodeIgniter\CodeIgniter->handleRequest(null, Object(Config\Cache), false)
 8 SYSTEMPATH\Boot.php(363): CodeIgniter\CodeIgniter->run()
 9 SYSTEMPATH\Boot.php(68): CodeIgniter\Boot::runCodeIgniter(Object(CodeIgniter\CodeIgniter))
10 FCPATH\index.php(59): CodeIgniter\Boot::bootWeb(Object(Config\Paths))
11 SYSTEMPATH\rewrite.php(44): require_once('C:\\Users\\Richard Miculob\\Documents\\ReliefTrack\\public\\index.php')
DEBUG - 2026-03-01 12:57:23 --> Session: Class initialized using 'CodeIgniter\Session\Handlers\FileHandler' driver.
DEBUG - 2026-03-01 12:57:40 --> Session: Class initialized using 'CodeIgniter\Session\Handlers\FileHandler' driver.
WARNING - 2026-03-01 12:57:40 --> [DEPRECATED] Optional parameter $familyMemberId declared before required parameter $distributorId is implicitly treated as a required parameter in APPPATH\Models\InventoryModel.php on line 139.
 1 SYSTEMPATH\Autoloader\Autoloader.php(315): include_once('C:\\Users\\Richard Miculob\\Documents\\ReliefTrack\\system\\Debug\\Exceptions.php')
 2 SYSTEMPATH\Autoloader\Autoloader.php(295): CodeIgniter\Autoloader\Autoloader->includeFile('C:\\Users\\Richard Miculob\\Documents\\ReliefTrack\\app\\Models\\InventoryModel.php')
 3 SYSTEMPATH\Autoloader\Autoloader.php(271): CodeIgniter\Autoloader\Autoloader->loadInNamespace('App\\Models\\InventoryModel')
 4 APPPATH\Controllers\Inventory.php(247): CodeIgniter\Autoloader\Autoloader->loadClass('App\\Models\\InventoryModel')
 5 SYSTEMPATH\CodeIgniter.php(933): App\Controllers\Inventory->saveItemWithBatch()
 6 SYSTEMPATH\CodeIgniter.php(507): CodeIgniter\CodeIgniter->runController(Object(App\Controllers\Inventory))
 7 SYSTEMPATH\CodeIgniter.php(354): CodeIgniter\CodeIgniter->handleRequest(null, Object(Config\Cache), false)
 8 SYSTEMPATH\Boot.php(363): CodeIgniter\CodeIgniter->run()
 9 SYSTEMPATH\Boot.php(68): CodeIgniter\Boot::runCodeIgniter(Object(CodeIgniter\CodeIgniter))
10 FCPATH\index.php(59): CodeIgniter\Boot::bootWeb(Object(Config\Paths))
11 SYSTEMPATH\rewrite.php(44): require_once('C:\\Users\\Richard Miculob\\Documents\\ReliefTrack\\public\\index.php')
DEBUG - 2026-03-01 12:57:41 --> Session: Class initialized using 'CodeIgniter\Session\Handlers\FileHandler' driver.
WARNING - 2026-03-01 12:57:41 --> [DEPRECATED] Optional parameter $familyMemberId declared before required parameter $distributorId is implicitly treated as a required parameter in APPPATH\Models\InventoryModel.php on line 139.
 1 SYSTEMPATH\Autoloader\Autoloader.php(315): include_once('C:\\Users\\Richard Miculob\\Documents\\ReliefTrack\\system\\Debug\\Exceptions.php')
 2 SYSTEMPATH\Autoloader\Autoloader.php(295): CodeIgniter\Autoloader\Autoloader->includeFile('C:\\Users\\Richard Miculob\\Documents\\ReliefTrack\\app\\Models\\InventoryModel.php')
 3 SYSTEMPATH\Autoloader\Autoloader.php(271): CodeIgniter\Autoloader\Autoloader->loadInNamespace('App\\Models\\InventoryModel')
 4 APPPATH\Controllers\Inventory.php(352): CodeIgniter\Autoloader\Autoloader->loadClass('App\\Models\\InventoryModel')
 5 SYSTEMPATH\CodeIgniter.php(933): App\Controllers\Inventory->batches('22')
 6 SYSTEMPATH\CodeIgniter.php(507): CodeIgniter\CodeIgniter->runController(Object(App\Controllers\Inventory))
 7 SYSTEMPATH\CodeIgniter.php(354): CodeIgniter\CodeIgniter->handleRequest(null, Object(Config\Cache), false)
 8 SYSTEMPATH\Boot.php(363): CodeIgniter\CodeIgniter->run()
 9 SYSTEMPATH\Boot.php(68): CodeIgniter\Boot::runCodeIgniter(Object(CodeIgniter\CodeIgniter))
10 FCPATH\index.php(59): CodeIgniter\Boot::bootWeb(Object(Config\Paths))
11 SYSTEMPATH\rewrite.php(44): require_once('C:\\Users\\Richard Miculob\\Documents\\ReliefTrack\\public\\index.php')
DEBUG - 2026-03-01 12:57:41 --> Session: Class initialized using 'CodeIgniter\Session\Handlers\FileHandler' driver.
WARNING - 2026-03-01 12:57:41 --> [DEPRECATED] Optional parameter $familyMemberId declared before required parameter $distributorId is implicitly treated as a required parameter in APPPATH\Models\InventoryModel.php on line 139.
 1 SYSTEMPATH\Autoloader\Autoloader.php(315): include_once('C:\\Users\\Richard Miculob\\Documents\\ReliefTrack\\system\\Debug\\Exceptions.php')
 2 SYSTEMPATH\Autoloader\Autoloader.php(295): CodeIgniter\Autoloader\Autoloader->includeFile('C:\\Users\\Richard Miculob\\Documents\\ReliefTrack\\app\\Models\\InventoryModel.php')
 3 SYSTEMPATH\Autoloader\Autoloader.php(271): CodeIgniter\Autoloader\Autoloader->loadInNamespace('App\\Models\\InventoryModel')
 4 APPPATH\Controllers\Inventory.php(13): CodeIgniter\Autoloader\Autoloader->loadClass('App\\Models\\InventoryModel')
 5 SYSTEMPATH\CodeIgniter.php(933): App\Controllers\Inventory->index()
 6 SYSTEMPATH\CodeIgniter.php(507): CodeIgniter\CodeIgniter->runController(Object(App\Controllers\Inventory))
 7 SYSTEMPATH\CodeIgniter.php(354): CodeIgniter\CodeIgniter->handleRequest(null, Object(Config\Cache), false)
 8 SYSTEMPATH\Boot.php(363): CodeIgniter\CodeIgniter->run()
 9 SYSTEMPATH\Boot.php(68): CodeIgniter\Boot::runCodeIgniter(Object(CodeIgniter\CodeIgniter))
10 FCPATH\index.php(59): CodeIgniter\Boot::bootWeb(Object(Config\Paths))
11 SYSTEMPATH\rewrite.php(44): require_once('C:\\Users\\Richard Miculob\\Documents\\ReliefTrack\\public\\index.php')
DEBUG - 2026-03-01 12:57:45 --> Session: Class initialized using 'CodeIgniter\Session\Handlers\FileHandler' driver.
WARNING - 2026-03-01 12:57:45 --> [DEPRECATED] Optional parameter $familyMemberId declared before required parameter $distributorId is implicitly treated as a required parameter in APPPATH\Models\InventoryModel.php on line 139.
 1 SYSTEMPATH\Autoloader\Autoloader.php(315): include_once('C:\\Users\\Richard Miculob\\Documents\\ReliefTrack\\system\\Debug\\Exceptions.php')
 2 SYSTEMPATH\Autoloader\Autoloader.php(295): CodeIgniter\Autoloader\Autoloader->includeFile('C:\\Users\\Richard Miculob\\Documents\\ReliefTrack\\app\\Models\\InventoryModel.php')
 3 SYSTEMPATH\Autoloader\Autoloader.php(271): CodeIgniter\Autoloader\Autoloader->loadInNamespace('App\\Models\\InventoryModel')
 4 APPPATH\Controllers\Dashboard.php(22): CodeIgniter\Autoloader\Autoloader->loadClass('App\\Models\\InventoryModel')
 5 SYSTEMPATH\CodeIgniter.php(933): App\Controllers\Dashboard->index()
 6 SYSTEMPATH\CodeIgniter.php(507): CodeIgniter\CodeIgniter->runController(Object(App\Controllers\Dashboard))
 7 SYSTEMPATH\CodeIgniter.php(354): CodeIgniter\CodeIgniter->handleRequest(null, Object(Config\Cache), false)
 8 SYSTEMPATH\Boot.php(363): CodeIgniter\CodeIgniter->run()
 9 SYSTEMPATH\Boot.php(68): CodeIgniter\Boot::runCodeIgniter(Object(CodeIgniter\CodeIgniter))
10 FCPATH\index.php(59): CodeIgniter\Boot::bootWeb(Object(Config\Paths))
11 SYSTEMPATH\rewrite.php(44): require_once('C:\\Users\\Richard Miculob\\Documents\\ReliefTrack\\public\\index.php')
DEBUG - 2026-03-01 12:58:12 --> Session: Class initialized using 'CodeIgniter\Session\Handlers\FileHandler' driver.
DEBUG - 2026-03-01 12:58:30 --> Session: Class initialized using 'CodeIgniter\Session\Handlers\FileHandler' driver.
DEBUG - 2026-03-01 12:58:49 --> Session: Class initialized using 'CodeIgniter\Session\Handlers\FileHandler' driver.
DEBUG - 2026-03-01 12:58:49 --> Session: Class initialized using 'CodeIgniter\Session\Handlers\FileHandler' driver.
DEBUG - 2026-03-01 12:58:51 --> Session: Class initialized using 'CodeIgniter\Session\Handlers\FileHandler' driver.
DEBUG - 2026-03-01 12:59:01 --> Session: Class initialized using 'CodeIgniter\Session\Handlers\FileHandler' driver.
DEBUG - 2026-03-01 12:59:05 --> Session: Class initialized using 'CodeIgniter\Session\Handlers\FileHandler' driver.
DEBUG - 2026-03-01 12:59:05 --> Session: Class initialized using 'CodeIgniter\Session\Handlers\FileHandler' driver.
DEBUG - 2026-03-01 13:00:12 --> Session: Class initialized using 'CodeIgniter\Session\Handlers\FileHandler' driver.
DEBUG - 2026-03-01 13:03:13 --> Session: Class initialized using 'CodeIgniter\Session\Handlers\FileHandler' driver.
DEBUG - 2026-03-01 13:03:15 --> Session: Class initialized using 'CodeIgniter\Session\Handlers\FileHandler' driver.
DEBUG - 2026-03-01 13:03:17 --> Session: Class initialized using 'CodeIgniter\Session\Handlers\FileHandler' driver.
DEBUG - 2026-03-01 13:03:18 --> Session: Class initialized using 'CodeIgniter\Session\Handlers\FileHandler' driver.
DEBUG - 2026-03-01 13:03:23 --> Session: Class initialized using 'CodeIgniter\Session\Handlers\FileHandler' driver.
DEBUG - 2026-03-01 13:03:42 --> Session: Class initialized using 'CodeIgniter\Session\Handlers\FileHandler' driver.
DEBUG - 2026-03-01 13:03:43 --> Session: Class initialized using 'CodeIgniter\Session\Handlers\FileHandler' driver.
DEBUG - 2026-03-01 13:04:38 --> Session: Class initialized using 'CodeIgniter\Session\Handlers\FileHandler' driver.
DEBUG - 2026-03-01 13:05:33 --> Session: Class initialized using 'CodeIgniter\Session\Handlers\FileHandler' driver.
DEBUG - 2026-03-01 13:05:35 --> Session: Class initialized using 'CodeIgniter\Session\Handlers\FileHandler' driver.
DEBUG - 2026-03-01 13:06:23 --> Session: Class initialized using 'CodeIgniter\Session\Handlers\FileHandler' driver.
DEBUG - 2026-03-01 13:07:22 --> Session: Class initialized using 'CodeIgniter\Session\Handlers\FileHandler' driver.
DEBUG - 2026-03-01 13:07:25 --> Session: Class initialized using 'CodeIgniter\Session\Handlers\FileHandler' driver.
DEBUG - 2026-03-01 13:07:31 --> Session: Class initialized using 'CodeIgniter\Session\Handlers\FileHandler' driver.
DEBUG - 2026-03-01 13:07:35 --> Session: Class initialized using 'CodeIgniter\Session\Handlers\FileHandler' driver.
DEBUG - 2026-03-01 13:09:27 --> Session: Class initialized using 'CodeIgniter\Session\Handlers\FileHandler' driver.
DEBUG - 2026-03-01 13:10:44 --> Session: Class initialized using 'CodeIgniter\Session\Handlers\FileHandler' driver.
DEBUG - 2026-03-01 13:11:35 --> Session: Class initialized using 'CodeIgniter\Session\Handlers\FileHandler' driver.
WARNING - 2026-03-01 13:11:35 --> [DEPRECATED] Optional parameter $familyMemberId declared before required parameter $distributorId is implicitly treated as a required parameter in APPPATH\Models\InventoryModel.php on line 139.
 1 SYSTEMPATH\Autoloader\Autoloader.php(315): include_once('C:\\Users\\Richard Miculob\\Documents\\ReliefTrack\\system\\Debug\\Exceptions.php')
 2 SYSTEMPATH\Autoloader\Autoloader.php(295): CodeIgniter\Autoloader\Autoloader->includeFile('C:\\Users\\Richard Miculob\\Documents\\ReliefTrack\\app\\Models\\InventoryModel.php')
 3 SYSTEMPATH\Autoloader\Autoloader.php(271): CodeIgniter\Autoloader\Autoloader->loadInNamespace('App\\Models\\InventoryModel')
 4 APPPATH\Controllers\Inventory.php(13): CodeIgniter\Autoloader\Autoloader->loadClass('App\\Models\\InventoryModel')
 5 SYSTEMPATH\CodeIgniter.php(933): App\Controllers\Inventory->index()
 6 SYSTEMPATH\CodeIgniter.php(507): CodeIgniter\CodeIgniter->runController(Object(App\Controllers\Inventory))
 7 SYSTEMPATH\CodeIgniter.php(354): CodeIgniter\CodeIgniter->handleRequest(null, Object(Config\Cache), false)
 8 SYSTEMPATH\Boot.php(363): CodeIgniter\CodeIgniter->run()
 9 SYSTEMPATH\Boot.php(68): CodeIgniter\Boot::runCodeIgniter(Object(CodeIgniter\CodeIgniter))
10 FCPATH\index.php(59): CodeIgniter\Boot::bootWeb(Object(Config\Paths))
11 SYSTEMPATH\rewrite.php(44): require_once('C:\\Users\\Richard Miculob\\Documents\\ReliefTrack\\public\\index.php')
DEBUG - 2026-03-01 13:11:41 --> Session: Class initialized using 'CodeIgniter\Session\Handlers\FileHandler' driver.
DEBUG - 2026-03-01 13:11:43 --> Session: Class initialized using 'CodeIgniter\Session\Handlers\FileHandler' driver.
DEBUG - 2026-03-01 13:11:43 --> Session: Class initialized using 'CodeIgniter\Session\Handlers\FileHandler' driver.
DEBUG - 2026-03-01 13:11:45 --> Session: Class initialized using 'CodeIgniter\Session\Handlers\FileHandler' driver.
DEBUG - 2026-03-01 13:11:48 --> Session: Class initialized using 'CodeIgniter\Session\Handlers\FileHandler' driver.
DEBUG - 2026-03-01 13:11:48 --> Session: Class initialized using 'CodeIgniter\Session\Handlers\FileHandler' driver.
DEBUG - 2026-03-01 13:11:48 --> Session: Class initialized using 'CodeIgniter\Session\Handlers\FileHandler' driver.
DEBUG - 2026-03-01 13:11:50 --> Session: Class initialized using 'CodeIgniter\Session\Handlers\FileHandler' driver.
DEBUG - 2026-03-01 13:11:52 --> Session: Class initialized using 'CodeIgniter\Session\Handlers\FileHandler' driver.
DEBUG - 2026-03-01 13:11:53 --> Session: Class initialized using 'CodeIgniter\Session\Handlers\FileHandler' driver.
DEBUG - 2026-03-01 13:11:53 --> Session: Class initialized using 'CodeIgniter\Session\Handlers\FileHandler' driver.
DEBUG - 2026-03-01 13:15:37 --> Session: Class initialized using 'CodeIgniter\Session\Handlers\FileHandler' driver.
DEBUG - 2026-03-01 13:15:38 --> Session: Class initialized using 'CodeIgniter\Session\Handlers\FileHandler' driver.
DEBUG - 2026-03-01 13:15:38 --> Session: Class initialized using 'CodeIgniter\Session\Handlers\FileHandler' driver.
DEBUG - 2026-03-01 13:15:40 --> Session: Class initialized using 'CodeIgniter\Session\Handlers\FileHandler' driver.
DEBUG - 2026-03-01 13:15:41 --> Session: Class initialized using 'CodeIgniter\Session\Handlers\FileHandler' driver.
DEBUG - 2026-03-01 13:15:41 --> Session: Class initialized using 'CodeIgniter\Session\Handlers\FileHandler' driver.
DEBUG - 2026-03-01 13:15:43 --> Session: Class initialized using 'CodeIgniter\Session\Handlers\FileHandler' driver.
DEBUG - 2026-03-01 13:15:44 --> Session: Class initialized using 'CodeIgniter\Session\Handlers\FileHandler' driver.
DEBUG - 2026-03-01 13:15:44 --> Session: Class initialized using 'CodeIgniter\Session\Handlers\FileHandler' driver.
DEBUG - 2026-03-01 13:15:49 --> Session: Class initialized using 'CodeIgniter\Session\Handlers\FileHandler' driver.
DEBUG - 2026-03-01 13:15:50 --> Session: Class initialized using 'CodeIgniter\Session\Handlers\FileHandler' driver.
DEBUG - 2026-03-01 13:15:50 --> Session: Class initialized using 'CodeIgniter\Session\Handlers\FileHandler' driver.
DEBUG - 2026-03-01 13:15:53 --> Session: Class initialized using 'CodeIgniter\Session\Handlers\FileHandler' driver.
DEBUG - 2026-03-01 13:15:56 --> Session: Class initialized using 'CodeIgniter\Session\Handlers\FileHandler' driver.
DEBUG - 2026-03-01 13:15:57 --> Session: Class initialized using 'CodeIgniter\Session\Handlers\FileHandler' driver.
DEBUG - 2026-03-01 13:16:02 --> Session: Class initialized using 'CodeIgniter\Session\Handlers\FileHandler' driver.
DEBUG - 2026-03-01 13:16:09 --> Session: Class initialized using 'CodeIgniter\Session\Handlers\FileHandler' driver.
DEBUG - 2026-03-01 13:16:16 --> Session: Class initialized using 'CodeIgniter\Session\Handlers\FileHandler' driver.
DEBUG - 2026-03-01 13:16:16 --> Session: Class initialized using 'CodeIgniter\Session\Handlers\FileHandler' driver.
DEBUG - 2026-03-01 13:18:46 --> Session: Class initialized using 'CodeIgniter\Session\Handlers\FileHandler' driver.
DEBUG - 2026-03-01 13:18:51 --> Session: Class initialized using 'CodeIgniter\Session\Handlers\FileHandler' driver.
DEBUG - 2026-03-01 13:18:52 --> Session: Class initialized using 'CodeIgniter\Session\Handlers\FileHandler' driver.
DEBUG - 2026-03-01 13:18:52 --> Session: Class initialized using 'CodeIgniter\Session\Handlers\FileHandler' driver.
DEBUG - 2026-03-01 13:18:55 --> Session: Class initialized using 'CodeIgniter\Session\Handlers\FileHandler' driver.
DEBUG - 2026-03-01 13:18:55 --> Session: Class initialized using 'CodeIgniter\Session\Handlers\FileHandler' driver.
DEBUG - 2026-03-01 13:18:56 --> Session: Class initialized using 'CodeIgniter\Session\Handlers\FileHandler' driver.
DEBUG - 2026-03-01 13:19:03 --> Session: Class initialized using 'CodeIgniter\Session\Handlers\FileHandler' driver.
DEBUG - 2026-03-01 13:19:03 --> Session: Class initialized using 'CodeIgniter\Session\Handlers\FileHandler' driver.
DEBUG - 2026-03-01 13:19:03 --> Session: Class initialized using 'CodeIgniter\Session\Handlers\FileHandler' driver.
DEBUG - 2026-03-01 13:20:29 --> Session: Class initialized using 'CodeIgniter\Session\Handlers\FileHandler' driver.
DEBUG - 2026-03-01 13:20:30 --> Session: Class initialized using 'CodeIgniter\Session\Handlers\FileHandler' driver.
DEBUG - 2026-03-01 13:20:31 --> Session: Class initialized using 'CodeIgniter\Session\Handlers\FileHandler' driver.
DEBUG - 2026-03-01 13:20:37 --> Session: Class initialized using 'CodeIgniter\Session\Handlers\FileHandler' driver.
WARNING - 2026-03-01 13:20:37 --> [DEPRECATED] Optional parameter $familyMemberId declared before required parameter $distributorId is implicitly treated as a required parameter in APPPATH\Models\InventoryModel.php on line 139.
 1 SYSTEMPATH\Autoloader\Autoloader.php(315): include_once('C:\\Users\\Richard Miculob\\Documents\\ReliefTrack\\system\\Debug\\Exceptions.php')
 2 SYSTEMPATH\Autoloader\Autoloader.php(295): CodeIgniter\Autoloader\Autoloader->includeFile('C:\\Users\\Richard Miculob\\Documents\\ReliefTrack\\app\\Models\\InventoryModel.php')
 3 SYSTEMPATH\Autoloader\Autoloader.php(271): CodeIgniter\Autoloader\Autoloader->loadInNamespace('App\\Models\\InventoryModel')
 4 APPPATH\Controllers\Distribution.php(123): CodeIgniter\Autoloader\Autoloader->loadClass('App\\Models\\InventoryModel')
 5 SYSTEMPATH\CodeIgniter.php(933): App\Controllers\Distribution->processScanView()
 6 SYSTEMPATH\CodeIgniter.php(507): CodeIgniter\CodeIgniter->runController(Object(App\Controllers\Distribution))
 7 SYSTEMPATH\CodeIgniter.php(354): CodeIgniter\CodeIgniter->handleRequest(null, Object(Config\Cache), false)
 8 SYSTEMPATH\Boot.php(363): CodeIgniter\CodeIgniter->run()
 9 SYSTEMPATH\Boot.php(68): CodeIgniter\Boot::runCodeIgniter(Object(CodeIgniter\CodeIgniter))
10 FCPATH\index.php(59): CodeIgniter\Boot::bootWeb(Object(Config\Paths))
11 SYSTEMPATH\rewrite.php(44): require_once('C:\\Users\\Richard Miculob\\Documents\\ReliefTrack\\public\\index.php')
DEBUG - 2026-03-01 13:20:38 --> Session: Class initialized using 'CodeIgniter\Session\Handlers\FileHandler' driver.
DEBUG - 2026-03-01 13:20:39 --> Session: Class initialized using 'CodeIgniter\Session\Handlers\FileHandler' driver.
DEBUG - 2026-03-01 13:20:39 --> Session: Class initialized using 'CodeIgniter\Session\Handlers\FileHandler' driver.
DEBUG - 2026-03-01 13:20:40 --> Session: Class initialized using 'CodeIgniter\Session\Handlers\FileHandler' driver.
WARNING - 2026-03-01 13:20:40 --> [DEPRECATED] Optional parameter $familyMemberId declared before required parameter $distributorId is implicitly treated as a required parameter in APPPATH\Models\InventoryModel.php on line 139.
 1 SYSTEMPATH\Autoloader\Autoloader.php(315): include_once('C:\\Users\\Richard Miculob\\Documents\\ReliefTrack\\system\\Debug\\Exceptions.php')
 2 SYSTEMPATH\Autoloader\Autoloader.php(295): CodeIgniter\Autoloader\Autoloader->includeFile('C:\\Users\\Richard Miculob\\Documents\\ReliefTrack\\app\\Models\\InventoryModel.php')
 3 SYSTEMPATH\Autoloader\Autoloader.php(271): CodeIgniter\Autoloader\Autoloader->loadInNamespace('App\\Models\\InventoryModel')
 4 APPPATH\Controllers\Distribution.php(123): CodeIgniter\Autoloader\Autoloader->loadClass('App\\Models\\InventoryModel')
 5 SYSTEMPATH\CodeIgniter.php(933): App\Controllers\Distribution->processScanView()
 6 SYSTEMPATH\CodeIgniter.php(507): CodeIgniter\CodeIgniter->runController(Object(App\Controllers\Distribution))
 7 SYSTEMPATH\CodeIgniter.php(354): CodeIgniter\CodeIgniter->handleRequest(null, Object(Config\Cache), false)
 8 SYSTEMPATH\Boot.php(363): CodeIgniter\CodeIgniter->run()
 9 SYSTEMPATH\Boot.php(68): CodeIgniter\Boot::runCodeIgniter(Object(CodeIgniter\CodeIgniter))
10 FCPATH\index.php(59): CodeIgniter\Boot::bootWeb(Object(Config\Paths))
11 SYSTEMPATH\rewrite.php(44): require_once('C:\\Users\\Richard Miculob\\Documents\\ReliefTrack\\public\\index.php')
DEBUG - 2026-03-01 13:20:42 --> Session: Class initialized using 'CodeIgniter\Session\Handlers\FileHandler' driver.
DEBUG - 2026-03-01 13:20:43 --> Session: Class initialized using 'CodeIgniter\Session\Handlers\FileHandler' driver.
DEBUG - 2026-03-01 13:20:43 --> Session: Class initialized using 'CodeIgniter\Session\Handlers\FileHandler' driver.
DEBUG - 2026-03-01 13:20:44 --> Session: Class initialized using 'CodeIgniter\Session\Handlers\FileHandler' driver.
DEBUG - 2026-03-01 13:20:47 --> Session: Class initialized using 'CodeIgniter\Session\Handlers\FileHandler' driver.
DEBUG - 2026-03-01 13:20:50 --> Session: Class initialized using 'CodeIgniter\Session\Handlers\FileHandler' driver.
DEBUG - 2026-03-01 13:20:50 --> Session: Class initialized using 'CodeIgniter\Session\Handlers\FileHandler' driver.
DEBUG - 2026-03-01 13:20:51 --> Session: Class initialized using 'CodeIgniter\Session\Handlers\FileHandler' driver.
DEBUG - 2026-03-01 13:20:53 --> Session: Class initialized using 'CodeIgniter\Session\Handlers\FileHandler' driver.
DEBUG - 2026-03-01 13:20:54 --> Session: Class initialized using 'CodeIgniter\Session\Handlers\FileHandler' driver.
DEBUG - 2026-03-01 13:20:54 --> Session: Class initialized using 'CodeIgniter\Session\Handlers\FileHandler' driver.
DEBUG - 2026-03-01 13:20:56 --> Session: Class initialized using 'CodeIgniter\Session\Handlers\FileHandler' driver.
DEBUG - 2026-03-01 13:20:58 --> Session: Class initialized using 'CodeIgniter\Session\Handlers\FileHandler' driver.
DEBUG - 2026-03-01 13:20:59 --> Session: Class initialized using 'CodeIgniter\Session\Handlers\FileHandler' driver.
DEBUG - 2026-03-01 13:20:59 --> Session: Class initialized using 'CodeIgniter\Session\Handlers\FileHandler' driver.
DEBUG - 2026-03-01 13:23:38 --> Session: Class initialized using 'CodeIgniter\Session\Handlers\FileHandler' driver.
DEBUG - 2026-03-01 13:23:39 --> Session: Class initialized using 'CodeIgniter\Session\Handlers\FileHandler' driver.
DEBUG - 2026-03-01 13:23:40 --> Session: Class initialized using 'CodeIgniter\Session\Handlers\FileHandler' driver.
DEBUG - 2026-03-01 13:23:42 --> Session: Class initialized using 'CodeIgniter\Session\Handlers\FileHandler' driver.
DEBUG - 2026-03-01 13:23:42 --> Session: Class initialized using 'CodeIgniter\Session\Handlers\FileHandler' driver.
DEBUG - 2026-03-01 13:23:45 --> Session: Class initialized using 'CodeIgniter\Session\Handlers\FileHandler' driver.
WARNING - 2026-03-01 13:23:45 --> [DEPRECATED] Optional parameter $familyMemberId declared before required parameter $distributorId is implicitly treated as a required parameter in APPPATH\Models\InventoryModel.php on line 139.
 1 SYSTEMPATH\Autoloader\Autoloader.php(315): include_once('C:\\Users\\Richard Miculob\\Documents\\ReliefTrack\\system\\Debug\\Exceptions.php')
 2 SYSTEMPATH\Autoloader\Autoloader.php(295): CodeIgniter\Autoloader\Autoloader->includeFile('C:\\Users\\Richard Miculob\\Documents\\ReliefTrack\\app\\Models\\InventoryModel.php')
 3 SYSTEMPATH\Autoloader\Autoloader.php(271): CodeIgniter\Autoloader\Autoloader->loadInNamespace('App\\Models\\InventoryModel')
 4 APPPATH\Controllers\Distribution.php(30): CodeIgniter\Autoloader\Autoloader->loadClass('App\\Models\\InventoryModel')
 5 SYSTEMPATH\CodeIgniter.php(933): App\Controllers\Distribution->processScanView()
 6 SYSTEMPATH\CodeIgniter.php(507): CodeIgniter\CodeIgniter->runController(Object(App\Controllers\Distribution))
 7 SYSTEMPATH\CodeIgniter.php(354): CodeIgniter\CodeIgniter->handleRequest(null, Object(Config\Cache), false)
 8 SYSTEMPATH\Boot.php(363): CodeIgniter\CodeIgniter->run()
 9 SYSTEMPATH\Boot.php(68): CodeIgniter\Boot::runCodeIgniter(Object(CodeIgniter\CodeIgniter))
10 FCPATH\index.php(59): CodeIgniter\Boot::bootWeb(Object(Config\Paths))
11 SYSTEMPATH\rewrite.php(44): require_once('C:\\Users\\Richard Miculob\\Documents\\ReliefTrack\\public\\index.php')
DEBUG - 2026-03-01 13:23:52 --> Session: Class initialized using 'CodeIgniter\Session\Handlers\FileHandler' driver.
DEBUG - 2026-03-01 13:23:54 --> Session: Class initialized using 'CodeIgniter\Session\Handlers\FileHandler' driver.
DEBUG - 2026-03-01 13:23:54 --> Session: Class initialized using 'CodeIgniter\Session\Handlers\FileHandler' driver.
DEBUG - 2026-03-01 13:23:55 --> Session: Class initialized using 'CodeIgniter\Session\Handlers\FileHandler' driver.
WARNING - 2026-03-01 13:23:55 --> [DEPRECATED] Optional parameter $familyMemberId declared before required parameter $distributorId is implicitly treated as a required parameter in APPPATH\Models\InventoryModel.php on line 139.
 1 SYSTEMPATH\Autoloader\Autoloader.php(315): include_once('C:\\Users\\Richard Miculob\\Documents\\ReliefTrack\\system\\Debug\\Exceptions.php')
 2 SYSTEMPATH\Autoloader\Autoloader.php(295): CodeIgniter\Autoloader\Autoloader->includeFile('C:\\Users\\Richard Miculob\\Documents\\ReliefTrack\\app\\Models\\InventoryModel.php')
 3 SYSTEMPATH\Autoloader\Autoloader.php(271): CodeIgniter\Autoloader\Autoloader->loadInNamespace('App\\Models\\InventoryModel')
 4 APPPATH\Controllers\Distribution.php(30): CodeIgniter\Autoloader\Autoloader->loadClass('App\\Models\\InventoryModel')
 5 SYSTEMPATH\CodeIgniter.php(933): App\Controllers\Distribution->processScanView()
 6 SYSTEMPATH\CodeIgniter.php(507): CodeIgniter\CodeIgniter->runController(Object(App\Controllers\Distribution))
 7 SYSTEMPATH\CodeIgniter.php(354): CodeIgniter\CodeIgniter->handleRequest(null, Object(Config\Cache), false)
 8 SYSTEMPATH\Boot.php(363): CodeIgniter\CodeIgniter->run()
 9 SYSTEMPATH\Boot.php(68): CodeIgniter\Boot::runCodeIgniter(Object(CodeIgniter\CodeIgniter))
10 FCPATH\index.php(59): CodeIgniter\Boot::bootWeb(Object(Config\Paths))
11 SYSTEMPATH\rewrite.php(44): require_once('C:\\Users\\Richard Miculob\\Documents\\ReliefTrack\\public\\index.php')
DEBUG - 2026-03-01 13:24:03 --> Session: Class initialized using 'CodeIgniter\Session\Handlers\FileHandler' driver.
DEBUG - 2026-03-01 13:24:04 --> Session: Class initialized using 'CodeIgniter\Session\Handlers\FileHandler' driver.
DEBUG - 2026-03-01 13:24:04 --> Session: Class initialized using 'CodeIgniter\Session\Handlers\FileHandler' driver.
DEBUG - 2026-03-01 13:24:07 --> Session: Class initialized using 'CodeIgniter\Session\Handlers\FileHandler' driver.
WARNING - 2026-03-01 13:24:07 --> [DEPRECATED] Optional parameter $familyMemberId declared before required parameter $distributorId is implicitly treated as a required parameter in APPPATH\Models\InventoryModel.php on line 139.
 1 SYSTEMPATH\Autoloader\Autoloader.php(315): include_once('C:\\Users\\Richard Miculob\\Documents\\ReliefTrack\\system\\Debug\\Exceptions.php')
 2 SYSTEMPATH\Autoloader\Autoloader.php(295): CodeIgniter\Autoloader\Autoloader->includeFile('C:\\Users\\Richard Miculob\\Documents\\ReliefTrack\\app\\Models\\InventoryModel.php')
 3 SYSTEMPATH\Autoloader\Autoloader.php(271): CodeIgniter\Autoloader\Autoloader->loadInNamespace('App\\Models\\InventoryModel')
 4 APPPATH\Controllers\Distribution.php(30): CodeIgniter\Autoloader\Autoloader->loadClass('App\\Models\\InventoryModel')
 5 SYSTEMPATH\CodeIgniter.php(933): App\Controllers\Distribution->processScanView()
 6 SYSTEMPATH\CodeIgniter.php(507): CodeIgniter\CodeIgniter->runController(Object(App\Controllers\Distribution))
 7 SYSTEMPATH\CodeIgniter.php(354): CodeIgniter\CodeIgniter->handleRequest(null, Object(Config\Cache), false)
 8 SYSTEMPATH\Boot.php(363): CodeIgniter\CodeIgniter->run()
 9 SYSTEMPATH\Boot.php(68): CodeIgniter\Boot::runCodeIgniter(Object(CodeIgniter\CodeIgniter))
10 FCPATH\index.php(59): CodeIgniter\Boot::bootWeb(Object(Config\Paths))
11 SYSTEMPATH\rewrite.php(44): require_once('C:\\Users\\Richard Miculob\\Documents\\ReliefTrack\\public\\index.php')
DEBUG - 2026-03-01 13:24:11 --> Session: Class initialized using 'CodeIgniter\Session\Handlers\FileHandler' driver.
DEBUG - 2026-03-01 13:24:13 --> Session: Class initialized using 'CodeIgniter\Session\Handlers\FileHandler' driver.
DEBUG - 2026-03-01 13:24:13 --> Session: Class initialized using 'CodeIgniter\Session\Handlers\FileHandler' driver.
DEBUG - 2026-03-01 13:24:14 --> Session: Class initialized using 'CodeIgniter\Session\Handlers\FileHandler' driver.
WARNING - 2026-03-01 13:24:14 --> [DEPRECATED] Optional parameter $familyMemberId declared before required parameter $distributorId is implicitly treated as a required parameter in APPPATH\Models\InventoryModel.php on line 139.
 1 SYSTEMPATH\Autoloader\Autoloader.php(315): include_once('C:\\Users\\Richard Miculob\\Documents\\ReliefTrack\\system\\Debug\\Exceptions.php')
 2 SYSTEMPATH\Autoloader\Autoloader.php(295): CodeIgniter\Autoloader\Autoloader->includeFile('C:\\Users\\Richard Miculob\\Documents\\ReliefTrack\\app\\Models\\InventoryModel.php')
 3 SYSTEMPATH\Autoloader\Autoloader.php(271): CodeIgniter\Autoloader\Autoloader->loadInNamespace('App\\Models\\InventoryModel')
 4 APPPATH\Controllers\Distribution.php(30): CodeIgniter\Autoloader\Autoloader->loadClass('App\\Models\\InventoryModel')
 5 SYSTEMPATH\CodeIgniter.php(933): App\Controllers\Distribution->processScanView()
 6 SYSTEMPATH\CodeIgniter.php(507): CodeIgniter\CodeIgniter->runController(Object(App\Controllers\Distribution))
 7 SYSTEMPATH\CodeIgniter.php(354): CodeIgniter\CodeIgniter->handleRequest(null, Object(Config\Cache), false)
 8 SYSTEMPATH\Boot.php(363): CodeIgniter\CodeIgniter->run()
 9 SYSTEMPATH\Boot.php(68): CodeIgniter\Boot::runCodeIgniter(Object(CodeIgniter\CodeIgniter))
10 FCPATH\index.php(59): CodeIgniter\Boot::bootWeb(Object(Config\Paths))
11 SYSTEMPATH\rewrite.php(44): require_once('C:\\Users\\Richard Miculob\\Documents\\ReliefTrack\\public\\index.php')
DEBUG - 2026-03-01 13:25:06 --> Session: Class initialized using 'CodeIgniter\Session\Handlers\FileHandler' driver.
DEBUG - 2026-03-01 13:25:07 --> Session: Class initialized using 'CodeIgniter\Session\Handlers\FileHandler' driver.
DEBUG - 2026-03-01 13:25:07 --> Session: Class initialized using 'CodeIgniter\Session\Handlers\FileHandler' driver.
DEBUG - 2026-03-01 13:25:08 --> Session: Class initialized using 'CodeIgniter\Session\Handlers\FileHandler' driver.
WARNING - 2026-03-01 13:25:08 --> [DEPRECATED] Optional parameter $familyMemberId declared before required parameter $distributorId is implicitly treated as a required parameter in APPPATH\Models\InventoryModel.php on line 139.
 1 SYSTEMPATH\Autoloader\Autoloader.php(315): include_once('C:\\Users\\Richard Miculob\\Documents\\ReliefTrack\\system\\Debug\\Exceptions.php')
 2 SYSTEMPATH\Autoloader\Autoloader.php(295): CodeIgniter\Autoloader\Autoloader->includeFile('C:\\Users\\Richard Miculob\\Documents\\ReliefTrack\\app\\Models\\InventoryModel.php')
 3 SYSTEMPATH\Autoloader\Autoloader.php(271): CodeIgniter\Autoloader\Autoloader->loadInNamespace('App\\Models\\InventoryModel')
 4 APPPATH\Controllers\Distribution.php(30): CodeIgniter\Autoloader\Autoloader->loadClass('App\\Models\\InventoryModel')
 5 SYSTEMPATH\CodeIgniter.php(933): App\Controllers\Distribution->processScanView()
 6 SYSTEMPATH\CodeIgniter.php(507): CodeIgniter\CodeIgniter->runController(Object(App\Controllers\Distribution))
 7 SYSTEMPATH\CodeIgniter.php(354): CodeIgniter\CodeIgniter->handleRequest(null, Object(Config\Cache), false)
 8 SYSTEMPATH\Boot.php(363): CodeIgniter\CodeIgniter->run()
 9 SYSTEMPATH\Boot.php(68): CodeIgniter\Boot::runCodeIgniter(Object(CodeIgniter\CodeIgniter))
10 FCPATH\index.php(59): CodeIgniter\Boot::bootWeb(Object(Config\Paths))
11 SYSTEMPATH\rewrite.php(44): require_once('C:\\Users\\Richard Miculob\\Documents\\ReliefTrack\\public\\index.php')
DEBUG - 2026-03-01 13:26:11 --> Session: Class initialized using 'CodeIgniter\Session\Handlers\FileHandler' driver.
DEBUG - 2026-03-01 13:26:16 --> Session: Class initialized using 'CodeIgniter\Session\Handlers\FileHandler' driver.
WARNING - 2026-03-01 13:26:16 --> [DEPRECATED] Optional parameter $familyMemberId declared before required parameter $distributorId is implicitly treated as a required parameter in APPPATH\Models\InventoryModel.php on line 139.
 1 SYSTEMPATH\Autoloader\Autoloader.php(315): include_once('C:\\Users\\Richard Miculob\\Documents\\ReliefTrack\\system\\Debug\\Exceptions.php')
 2 SYSTEMPATH\Autoloader\Autoloader.php(295): CodeIgniter\Autoloader\Autoloader->includeFile('C:\\Users\\Richard Miculob\\Documents\\ReliefTrack\\app\\Models\\InventoryModel.php')
 3 SYSTEMPATH\Autoloader\Autoloader.php(271): CodeIgniter\Autoloader\Autoloader->loadInNamespace('App\\Models\\InventoryModel')
 4 APPPATH\Controllers\Distribution.php(30): CodeIgniter\Autoloader\Autoloader->loadClass('App\\Models\\InventoryModel')
 5 SYSTEMPATH\CodeIgniter.php(933): App\Controllers\Distribution->processScanView()
 6 SYSTEMPATH\CodeIgniter.php(507): CodeIgniter\CodeIgniter->runController(Object(App\Controllers\Distribution))
 7 SYSTEMPATH\CodeIgniter.php(354): CodeIgniter\CodeIgniter->handleRequest(null, Object(Config\Cache), false)
 8 SYSTEMPATH\Boot.php(363): CodeIgniter\CodeIgniter->run()
 9 SYSTEMPATH\Boot.php(68): CodeIgniter\Boot::runCodeIgniter(Object(CodeIgniter\CodeIgniter))
10 FCPATH\index.php(59): CodeIgniter\Boot::bootWeb(Object(Config\Paths))
11 SYSTEMPATH\rewrite.php(44): require_once('C:\\Users\\Richard Miculob\\Documents\\ReliefTrack\\public\\index.php')
DEBUG - 2026-03-01 13:26:18 --> Session: Class initialized using 'CodeIgniter\Session\Handlers\FileHandler' driver.
DEBUG - 2026-03-01 13:26:18 --> Session: Class initialized using 'CodeIgniter\Session\Handlers\FileHandler' driver.
DEBUG - 2026-03-01 13:26:19 --> Session: Class initialized using 'CodeIgniter\Session\Handlers\FileHandler' driver.
DEBUG - 2026-03-01 13:26:20 --> Session: Class initialized using 'CodeIgniter\Session\Handlers\FileHandler' driver.
WARNING - 2026-03-01 13:26:20 --> [DEPRECATED] Optional parameter $familyMemberId declared before required parameter $distributorId is implicitly treated as a required parameter in APPPATH\Models\InventoryModel.php on line 139.
 1 SYSTEMPATH\Autoloader\Autoloader.php(315): include_once('C:\\Users\\Richard Miculob\\Documents\\ReliefTrack\\system\\Debug\\Exceptions.php')
 2 SYSTEMPATH\Autoloader\Autoloader.php(295): CodeIgniter\Autoloader\Autoloader->includeFile('C:\\Users\\Richard Miculob\\Documents\\ReliefTrack\\app\\Models\\InventoryModel.php')
 3 SYSTEMPATH\Autoloader\Autoloader.php(271): CodeIgniter\Autoloader\Autoloader->loadInNamespace('App\\Models\\InventoryModel')
 4 APPPATH\Controllers\Distribution.php(30): CodeIgniter\Autoloader\Autoloader->loadClass('App\\Models\\InventoryModel')
 5 SYSTEMPATH\CodeIgniter.php(933): App\Controllers\Distribution->processScanView()
 6 SYSTEMPATH\CodeIgniter.php(507): CodeIgniter\CodeIgniter->runController(Object(App\Controllers\Distribution))
 7 SYSTEMPATH\CodeIgniter.php(354): CodeIgniter\CodeIgniter->handleRequest(null, Object(Config\Cache), false)
 8 SYSTEMPATH\Boot.php(363): CodeIgniter\CodeIgniter->run()
 9 SYSTEMPATH\Boot.php(68): CodeIgniter\Boot::runCodeIgniter(Object(CodeIgniter\CodeIgniter))
10 FCPATH\index.php(59): CodeIgniter\Boot::bootWeb(Object(Config\Paths))
11 SYSTEMPATH\rewrite.php(44): require_once('C:\\Users\\Richard Miculob\\Documents\\ReliefTrack\\public\\index.php')
DEBUG - 2026-03-01 13:26:24 --> Session: Class initialized using 'CodeIgniter\Session\Handlers\FileHandler' driver.
DEBUG - 2026-03-01 13:26:25 --> Session: Class initialized using 'CodeIgniter\Session\Handlers\FileHandler' driver.
DEBUG - 2026-03-01 13:26:25 --> Session: Class initialized using 'CodeIgniter\Session\Handlers\FileHandler' driver.
DEBUG - 2026-03-01 13:26:28 --> Session: Class initialized using 'CodeIgniter\Session\Handlers\FileHandler' driver.
WARNING - 2026-03-01 13:26:28 --> [DEPRECATED] Optional parameter $familyMemberId declared before required parameter $distributorId is implicitly treated as a required parameter in APPPATH\Models\InventoryModel.php on line 139.
 1 SYSTEMPATH\Autoloader\Autoloader.php(315): include_once('C:\\Users\\Richard Miculob\\Documents\\ReliefTrack\\system\\Debug\\Exceptions.php')
 2 SYSTEMPATH\Autoloader\Autoloader.php(295): CodeIgniter\Autoloader\Autoloader->includeFile('C:\\Users\\Richard Miculob\\Documents\\ReliefTrack\\app\\Models\\InventoryModel.php')
 3 SYSTEMPATH\Autoloader\Autoloader.php(271): CodeIgniter\Autoloader\Autoloader->loadInNamespace('App\\Models\\InventoryModel')
 4 APPPATH\Controllers\Distribution.php(30): CodeIgniter\Autoloader\Autoloader->loadClass('App\\Models\\InventoryModel')
 5 SYSTEMPATH\CodeIgniter.php(933): App\Controllers\Distribution->processScanView()
 6 SYSTEMPATH\CodeIgniter.php(507): CodeIgniter\CodeIgniter->runController(Object(App\Controllers\Distribution))
 7 SYSTEMPATH\CodeIgniter.php(354): CodeIgniter\CodeIgniter->handleRequest(null, Object(Config\Cache), false)
 8 SYSTEMPATH\Boot.php(363): CodeIgniter\CodeIgniter->run()
 9 SYSTEMPATH\Boot.php(68): CodeIgniter\Boot::runCodeIgniter(Object(CodeIgniter\CodeIgniter))
10 FCPATH\index.php(59): CodeIgniter\Boot::bootWeb(Object(Config\Paths))
11 SYSTEMPATH\rewrite.php(44): require_once('C:\\Users\\Richard Miculob\\Documents\\ReliefTrack\\public\\index.php')
DEBUG - 2026-03-01 13:26:33 --> Session: Class initialized using 'CodeIgniter\Session\Handlers\FileHandler' driver.
DEBUG - 2026-03-01 13:26:33 --> Session: Class initialized using 'CodeIgniter\Session\Handlers\FileHandler' driver.
DEBUG - 2026-03-01 13:26:34 --> Session: Class initialized using 'CodeIgniter\Session\Handlers\FileHandler' driver.
DEBUG - 2026-03-01 13:26:35 --> Session: Class initialized using 'CodeIgniter\Session\Handlers\FileHandler' driver.
WARNING - 2026-03-01 13:26:35 --> [DEPRECATED] Optional parameter $familyMemberId declared before required parameter $distributorId is implicitly treated as a required parameter in APPPATH\Models\InventoryModel.php on line 139.
 1 SYSTEMPATH\Autoloader\Autoloader.php(315): include_once('C:\\Users\\Richard Miculob\\Documents\\ReliefTrack\\system\\Debug\\Exceptions.php')
 2 SYSTEMPATH\Autoloader\Autoloader.php(295): CodeIgniter\Autoloader\Autoloader->includeFile('C:\\Users\\Richard Miculob\\Documents\\ReliefTrack\\app\\Models\\InventoryModel.php')
 3 SYSTEMPATH\Autoloader\Autoloader.php(271): CodeIgniter\Autoloader\Autoloader->loadInNamespace('App\\Models\\InventoryModel')
 4 APPPATH\Controllers\Distribution.php(30): CodeIgniter\Autoloader\Autoloader->loadClass('App\\Models\\InventoryModel')
 5 SYSTEMPATH\CodeIgniter.php(933): App\Controllers\Distribution->processScanView()
 6 SYSTEMPATH\CodeIgniter.php(507): CodeIgniter\CodeIgniter->runController(Object(App\Controllers\Distribution))
 7 SYSTEMPATH\CodeIgniter.php(354): CodeIgniter\CodeIgniter->handleRequest(null, Object(Config\Cache), false)
 8 SYSTEMPATH\Boot.php(363): CodeIgniter\CodeIgniter->run()
 9 SYSTEMPATH\Boot.php(68): CodeIgniter\Boot::runCodeIgniter(Object(CodeIgniter\CodeIgniter))
10 FCPATH\index.php(59): CodeIgniter\Boot::bootWeb(Object(Config\Paths))
11 SYSTEMPATH\rewrite.php(44): require_once('C:\\Users\\Richard Miculob\\Documents\\ReliefTrack\\public\\index.php')
DEBUG - 2026-03-01 13:26:44 --> Session: Class initialized using 'CodeIgniter\Session\Handlers\FileHandler' driver.
DEBUG - 2026-03-01 13:26:50 --> Session: Class initialized using 'CodeIgniter\Session\Handlers\FileHandler' driver.
DEBUG - 2026-03-01 13:26:50 --> Session: Class initialized using 'CodeIgniter\Session\Handlers\FileHandler' driver.
DEBUG - 2026-03-01 14:02:05 --> Session: Class initialized using 'CodeIgniter\Session\Handlers\FileHandler' driver.
DEBUG - 2026-03-01 14:02:07 --> Session: Class initialized using 'CodeIgniter\Session\Handlers\FileHandler' driver.
WARNING - 2026-03-01 14:02:07 --> [DEPRECATED] Optional parameter $familyMemberId declared before required parameter $distributorId is implicitly treated as a required parameter in APPPATH\Models\InventoryModel.php on line 139.
 1 SYSTEMPATH\Autoloader\Autoloader.php(315): include_once('C:\\Users\\Richard Miculob\\Documents\\ReliefTrack\\system\\Debug\\Exceptions.php')
 2 SYSTEMPATH\Autoloader\Autoloader.php(295): CodeIgniter\Autoloader\Autoloader->includeFile('C:\\Users\\Richard Miculob\\Documents\\ReliefTrack\\app\\Models\\InventoryModel.php')
 3 SYSTEMPATH\Autoloader\Autoloader.php(271): CodeIgniter\Autoloader\Autoloader->loadInNamespace('App\\Models\\InventoryModel')
 4 APPPATH\Controllers\Dashboard.php(22): CodeIgniter\Autoloader\Autoloader->loadClass('App\\Models\\InventoryModel')
 5 SYSTEMPATH\CodeIgniter.php(933): App\Controllers\Dashboard->index()
 6 SYSTEMPATH\CodeIgniter.php(507): CodeIgniter\CodeIgniter->runController(Object(App\Controllers\Dashboard))
 7 SYSTEMPATH\CodeIgniter.php(354): CodeIgniter\CodeIgniter->handleRequest(null, Object(Config\Cache), false)
 8 SYSTEMPATH\Boot.php(363): CodeIgniter\CodeIgniter->run()
 9 SYSTEMPATH\Boot.php(68): CodeIgniter\Boot::runCodeIgniter(Object(CodeIgniter\CodeIgniter))
10 FCPATH\index.php(59): CodeIgniter\Boot::bootWeb(Object(Config\Paths))
11 SYSTEMPATH\rewrite.php(44): require_once('C:\\Users\\Richard Miculob\\Documents\\ReliefTrack\\public\\index.php')
DEBUG - 2026-03-01 14:02:11 --> Session: Class initialized using 'CodeIgniter\Session\Handlers\FileHandler' driver.
WARNING - 2026-03-01 14:02:11 --> [DEPRECATED] Optional parameter $familyMemberId declared before required parameter $distributorId is implicitly treated as a required parameter in APPPATH\Models\InventoryModel.php on line 139.
 1 SYSTEMPATH\Autoloader\Autoloader.php(315): include_once('C:\\Users\\Richard Miculob\\Documents\\ReliefTrack\\system\\Debug\\Exceptions.php')
 2 SYSTEMPATH\Autoloader\Autoloader.php(295): CodeIgniter\Autoloader\Autoloader->includeFile('C:\\Users\\Richard Miculob\\Documents\\ReliefTrack\\app\\Models\\InventoryModel.php')
 3 SYSTEMPATH\Autoloader\Autoloader.php(271): CodeIgniter\Autoloader\Autoloader->loadInNamespace('App\\Models\\InventoryModel')
 4 APPPATH\Controllers\Inventory.php(13): CodeIgniter\Autoloader\Autoloader->loadClass('App\\Models\\InventoryModel')
 5 SYSTEMPATH\CodeIgniter.php(933): App\Controllers\Inventory->index()
 6 SYSTEMPATH\CodeIgniter.php(507): CodeIgniter\CodeIgniter->runController(Object(App\Controllers\Inventory))
 7 SYSTEMPATH\CodeIgniter.php(354): CodeIgniter\CodeIgniter->handleRequest(null, Object(Config\Cache), false)
 8 SYSTEMPATH\Boot.php(363): CodeIgniter\CodeIgniter->run()
 9 SYSTEMPATH\Boot.php(68): CodeIgniter\Boot::runCodeIgniter(Object(CodeIgniter\CodeIgniter))
10 FCPATH\index.php(59): CodeIgniter\Boot::bootWeb(Object(Config\Paths))
11 SYSTEMPATH\rewrite.php(44): require_once('C:\\Users\\Richard Miculob\\Documents\\ReliefTrack\\public\\index.php')
DEBUG - 2026-03-01 14:02:13 --> Session: Class initialized using 'CodeIgniter\Session\Handlers\FileHandler' driver.
DEBUG - 2026-03-01 14:02:17 --> Session: Class initialized using 'CodeIgniter\Session\Handlers\FileHandler' driver.
DEBUG - 2026-03-01 14:02:18 --> Session: Class initialized using 'CodeIgniter\Session\Handlers\FileHandler' driver.
DEBUG - 2026-03-01 14:02:19 --> Session: Class initialized using 'CodeIgniter\Session\Handlers\FileHandler' driver.
DEBUG - 2026-03-01 14:02:25 --> Session: Class initialized using 'CodeIgniter\Session\Handlers\FileHandler' driver.
DEBUG - 2026-03-01 14:02:27 --> Session: Class initialized using 'CodeIgniter\Session\Handlers\FileHandler' driver.
DEBUG - 2026-03-01 14:02:28 --> Session: Class initialized using 'CodeIgniter\Session\Handlers\FileHandler' driver.
DEBUG - 2026-03-01 14:08:44 --> Session: Class initialized using 'CodeIgniter\Session\Handlers\FileHandler' driver.
DEBUG - 2026-03-01 14:08:46 --> Session: Class initialized using 'CodeIgniter\Session\Handlers\FileHandler' driver.
DEBUG - 2026-03-01 14:08:46 --> Session: Class initialized using 'CodeIgniter\Session\Handlers\FileHandler' driver.
DEBUG - 2026-03-01 14:08:51 --> Session: Class initialized using 'CodeIgniter\Session\Handlers\FileHandler' driver.
DEBUG - 2026-03-01 14:11:20 --> Session: Class initialized using 'CodeIgniter\Session\Handlers\FileHandler' driver.
DEBUG - 2026-03-01 14:11:23 --> Session: Class initialized using 'CodeIgniter\Session\Handlers\FileHandler' driver.
DEBUG - 2026-03-01 14:11:23 --> Session: Class initialized using 'CodeIgniter\Session\Handlers\FileHandler' driver.
DEBUG - 2026-03-01 14:11:26 --> Session: Class initialized using 'CodeIgniter\Session\Handlers\FileHandler' driver.
DEBUG - 2026-03-01 14:11:26 --> Session: Class initialized using 'CodeIgniter\Session\Handlers\FileHandler' driver.
DEBUG - 2026-03-01 14:11:27 --> Session: Class initialized using 'CodeIgniter\Session\Handlers\FileHandler' driver.
DEBUG - 2026-03-01 14:12:15 --> Session: Class initialized using 'CodeIgniter\Session\Handlers\FileHandler' driver.
DEBUG - 2026-03-01 14:12:15 --> Session: Class initialized using 'CodeIgniter\Session\Handlers\FileHandler' driver.
DEBUG - 2026-03-01 14:15:13 --> Session: Class initialized using 'CodeIgniter\Session\Handlers\FileHandler' driver.
DEBUG - 2026-03-01 14:15:15 --> Session: Class initialized using 'CodeIgniter\Session\Handlers\FileHandler' driver.
DEBUG - 2026-03-01 14:15:15 --> Session: Class initialized using 'CodeIgniter\Session\Handlers\FileHandler' driver.
DEBUG - 2026-03-01 14:15:16 --> Session: Class initialized using 'CodeIgniter\Session\Handlers\FileHandler' driver.
DEBUG - 2026-03-01 14:16:03 --> Session: Class initialized using 'CodeIgniter\Session\Handlers\FileHandler' driver.
DEBUG - 2026-03-01 14:16:03 --> Session: Class initialized using 'CodeIgniter\Session\Handlers\FileHandler' driver.
DEBUG - 2026-03-01 14:18:18 --> Session: Class initialized using 'CodeIgniter\Session\Handlers\FileHandler' driver.
DEBUG - 2026-03-01 14:18:21 --> Session: Class initialized using 'CodeIgniter\Session\Handlers\FileHandler' driver.
DEBUG - 2026-03-01 14:18:21 --> Session: Class initialized using 'CodeIgniter\Session\Handlers\FileHandler' driver.
DEBUG - 2026-03-01 14:18:22 --> Session: Class initialized using 'CodeIgniter\Session\Handlers\FileHandler' driver.
DEBUG - 2026-03-01 14:19:02 --> Session: Class initialized using 'CodeIgniter\Session\Handlers\FileHandler' driver.
DEBUG - 2026-03-01 14:19:02 --> Session: Class initialized using 'CodeIgniter\Session\Handlers\FileHandler' driver.
DEBUG - 2026-03-01 14:25:11 --> Session: Class initialized using 'CodeIgniter\Session\Handlers\FileHandler' driver.
DEBUG - 2026-03-01 14:25:26 --> Session: Class initialized using 'CodeIgniter\Session\Handlers\FileHandler' driver.
DEBUG - 2026-03-01 14:25:28 --> Session: Class initialized using 'CodeIgniter\Session\Handlers\FileHandler' driver.
DEBUG - 2026-03-01 14:25:28 --> Session: Class initialized using 'CodeIgniter\Session\Handlers\FileHandler' driver.
DEBUG - 2026-03-01 14:25:31 --> Session: Class initialized using 'CodeIgniter\Session\Handlers\FileHandler' driver.
WARNING - 2026-03-01 14:25:31 --> [DEPRECATED] Optional parameter $familyMemberId declared before required parameter $distributorId is implicitly treated as a required parameter in APPPATH\Models\InventoryModel.php on line 139.
 1 SYSTEMPATH\Autoloader\Autoloader.php(315): include_once('C:\\Users\\Richard Miculob\\Documents\\ReliefTrack\\system\\Debug\\Exceptions.php')
 2 SYSTEMPATH\Autoloader\Autoloader.php(295): CodeIgniter\Autoloader\Autoloader->includeFile('C:\\Users\\Richard Miculob\\Documents\\ReliefTrack\\app\\Models\\InventoryModel.php')
 3 SYSTEMPATH\Autoloader\Autoloader.php(271): CodeIgniter\Autoloader\Autoloader->loadInNamespace('App\\Models\\InventoryModel')
 4 APPPATH\Controllers\Distribution.php(30): CodeIgniter\Autoloader\Autoloader->loadClass('App\\Models\\InventoryModel')
 5 SYSTEMPATH\CodeIgniter.php(933): App\Controllers\Distribution->processScanView()
 6 SYSTEMPATH\CodeIgniter.php(507): CodeIgniter\CodeIgniter->runController(Object(App\Controllers\Distribution))
 7 SYSTEMPATH\CodeIgniter.php(354): CodeIgniter\CodeIgniter->handleRequest(null, Object(Config\Cache), false)
 8 SYSTEMPATH\Boot.php(363): CodeIgniter\CodeIgniter->run()
 9 SYSTEMPATH\Boot.php(68): CodeIgniter\Boot::runCodeIgniter(Object(CodeIgniter\CodeIgniter))
10 FCPATH\index.php(59): CodeIgniter\Boot::bootWeb(Object(Config\Paths))
11 SYSTEMPATH\rewrite.php(44): require_once('C:\\Users\\Richard Miculob\\Documents\\ReliefTrack\\public\\index.php')
DEBUG - 2026-03-01 14:25:33 --> Session: Class initialized using 'CodeIgniter\Session\Handlers\FileHandler' driver.
DEBUG - 2026-03-01 14:25:34 --> Session: Class initialized using 'CodeIgniter\Session\Handlers\FileHandler' driver.
DEBUG - 2026-03-01 14:25:34 --> Session: Class initialized using 'CodeIgniter\Session\Handlers\FileHandler' driver.
DEBUG - 2026-03-01 14:25:45 --> Session: Class initialized using 'CodeIgniter\Session\Handlers\FileHandler' driver.
WARNING - 2026-03-01 14:25:45 --> [DEPRECATED] Optional parameter $familyMemberId declared before required parameter $distributorId is implicitly treated as a required parameter in APPPATH\Models\InventoryModel.php on line 139.
 1 SYSTEMPATH\Autoloader\Autoloader.php(315): include_once('C:\\Users\\Richard Miculob\\Documents\\ReliefTrack\\system\\Debug\\Exceptions.php')
 2 SYSTEMPATH\Autoloader\Autoloader.php(295): CodeIgniter\Autoloader\Autoloader->includeFile('C:\\Users\\Richard Miculob\\Documents\\ReliefTrack\\app\\Models\\InventoryModel.php')
 3 SYSTEMPATH\Autoloader\Autoloader.php(271): CodeIgniter\Autoloader\Autoloader->loadInNamespace('App\\Models\\InventoryModel')
 4 APPPATH\Controllers\Distribution.php(30): CodeIgniter\Autoloader\Autoloader->loadClass('App\\Models\\InventoryModel')
 5 SYSTEMPATH\CodeIgniter.php(933): App\Controllers\Distribution->processScanView()
 6 SYSTEMPATH\CodeIgniter.php(507): CodeIgniter\CodeIgniter->runController(Object(App\Controllers\Distribution))
 7 SYSTEMPATH\CodeIgniter.php(354): CodeIgniter\CodeIgniter->handleRequest(null, Object(Config\Cache), false)
 8 SYSTEMPATH\Boot.php(363): CodeIgniter\CodeIgniter->run()
 9 SYSTEMPATH\Boot.php(68): CodeIgniter\Boot::runCodeIgniter(Object(CodeIgniter\CodeIgniter))
10 FCPATH\index.php(59): CodeIgniter\Boot::bootWeb(Object(Config\Paths))
11 SYSTEMPATH\rewrite.php(44): require_once('C:\\Users\\Richard Miculob\\Documents\\ReliefTrack\\public\\index.php')
DEBUG - 2026-03-01 14:25:48 --> Session: Class initialized using 'CodeIgniter\Session\Handlers\FileHandler' driver.
DEBUG - 2026-03-01 14:25:48 --> Session: Class initialized using 'CodeIgniter\Session\Handlers\FileHandler' driver.
DEBUG - 2026-03-01 14:25:48 --> Session: Class initialized using 'CodeIgniter\Session\Handlers\FileHandler' driver.
DEBUG - 2026-03-01 14:25:50 --> Session: Class initialized using 'CodeIgniter\Session\Handlers\FileHandler' driver.
WARNING - 2026-03-01 14:25:50 --> [DEPRECATED] Optional parameter $familyMemberId declared before required parameter $distributorId is implicitly treated as a required parameter in APPPATH\Models\InventoryModel.php on line 139.
 1 SYSTEMPATH\Autoloader\Autoloader.php(315): include_once('C:\\Users\\Richard Miculob\\Documents\\ReliefTrack\\system\\Debug\\Exceptions.php')
 2 SYSTEMPATH\Autoloader\Autoloader.php(295): CodeIgniter\Autoloader\Autoloader->includeFile('C:\\Users\\Richard Miculob\\Documents\\ReliefTrack\\app\\Models\\InventoryModel.php')
 3 SYSTEMPATH\Autoloader\Autoloader.php(271): CodeIgniter\Autoloader\Autoloader->loadInNamespace('App\\Models\\InventoryModel')
 4 APPPATH\Controllers\Distribution.php(30): CodeIgniter\Autoloader\Autoloader->loadClass('App\\Models\\InventoryModel')
 5 SYSTEMPATH\CodeIgniter.php(933): App\Controllers\Distribution->processScanView()
 6 SYSTEMPATH\CodeIgniter.php(507): CodeIgniter\CodeIgniter->runController(Object(App\Controllers\Distribution))
 7 SYSTEMPATH\CodeIgniter.php(354): CodeIgniter\CodeIgniter->handleRequest(null, Object(Config\Cache), false)
 8 SYSTEMPATH\Boot.php(363): CodeIgniter\CodeIgniter->run()
 9 SYSTEMPATH\Boot.php(68): CodeIgniter\Boot::runCodeIgniter(Object(CodeIgniter\CodeIgniter))
10 FCPATH\index.php(59): CodeIgniter\Boot::bootWeb(Object(Config\Paths))
11 SYSTEMPATH\rewrite.php(44): require_once('C:\\Users\\Richard Miculob\\Documents\\ReliefTrack\\public\\index.php')
DEBUG - 2026-03-01 14:25:55 --> Session: Class initialized using 'CodeIgniter\Session\Handlers\FileHandler' driver.
DEBUG - 2026-03-01 14:25:55 --> Session: Class initialized using 'CodeIgniter\Session\Handlers\FileHandler' driver.
DEBUG - 2026-03-01 14:25:55 --> Session: Class initialized using 'CodeIgniter\Session\Handlers\FileHandler' driver.
DEBUG - 2026-03-01 14:27:01 --> Session: Class initialized using 'CodeIgniter\Session\Handlers\FileHandler' driver.
DEBUG - 2026-03-01 14:27:01 --> Session: Class initialized using 'CodeIgniter\Session\Handlers\FileHandler' driver.
WARNING - 2026-03-01 14:27:01 --> [DEPRECATED] Optional parameter $familyMemberId declared before required parameter $distributorId is implicitly treated as a required parameter in APPPATH\Models\InventoryModel.php on line 139.
 1 SYSTEMPATH\Autoloader\Autoloader.php(315): include_once('C:\\Users\\Richard Miculob\\Documents\\ReliefTrack\\system\\Debug\\Exceptions.php')
 2 SYSTEMPATH\Autoloader\Autoloader.php(295): CodeIgniter\Autoloader\Autoloader->includeFile('C:\\Users\\Richard Miculob\\Documents\\ReliefTrack\\app\\Models\\InventoryModel.php')
 3 SYSTEMPATH\Autoloader\Autoloader.php(271): CodeIgniter\Autoloader\Autoloader->loadInNamespace('App\\Models\\InventoryModel')
 4 APPPATH\Controllers\Dashboard.php(22): CodeIgniter\Autoloader\Autoloader->loadClass('App\\Models\\InventoryModel')
 5 SYSTEMPATH\CodeIgniter.php(933): App\Controllers\Dashboard->index()
 6 SYSTEMPATH\CodeIgniter.php(507): CodeIgniter\CodeIgniter->runController(Object(App\Controllers\Dashboard))
 7 SYSTEMPATH\CodeIgniter.php(354): CodeIgniter\CodeIgniter->handleRequest(null, Object(Config\Cache), false)
 8 SYSTEMPATH\Boot.php(363): CodeIgniter\CodeIgniter->run()
 9 SYSTEMPATH\Boot.php(68): CodeIgniter\Boot::runCodeIgniter(Object(CodeIgniter\CodeIgniter))
10 FCPATH\index.php(59): CodeIgniter\Boot::bootWeb(Object(Config\Paths))
11 SYSTEMPATH\rewrite.php(44): require_once('C:\\Users\\Richard Miculob\\Documents\\ReliefTrack\\public\\index.php')
DEBUG - 2026-03-01 14:31:13 --> Session: Class initialized using 'CodeIgniter\Session\Handlers\FileHandler' driver.
WARNING - 2026-03-01 14:31:13 --> [DEPRECATED] Optional parameter $familyMemberId declared before required parameter $distributorId is implicitly treated as a required parameter in APPPATH\Models\InventoryModel.php on line 139.
 1 SYSTEMPATH\Autoloader\Autoloader.php(315): include_once('C:\\Users\\Richard Miculob\\Documents\\ReliefTrack\\system\\Debug\\Exceptions.php')
 2 SYSTEMPATH\Autoloader\Autoloader.php(295): CodeIgniter\Autoloader\Autoloader->includeFile('C:\\Users\\Richard Miculob\\Documents\\ReliefTrack\\app\\Models\\InventoryModel.php')
 3 SYSTEMPATH\Autoloader\Autoloader.php(271): CodeIgniter\Autoloader\Autoloader->loadInNamespace('App\\Models\\InventoryModel')
 4 APPPATH\Controllers\Dashboard.php(22): CodeIgniter\Autoloader\Autoloader->loadClass('App\\Models\\InventoryModel')
 5 SYSTEMPATH\CodeIgniter.php(933): App\Controllers\Dashboard->index()
 6 SYSTEMPATH\CodeIgniter.php(507): CodeIgniter\CodeIgniter->runController(Object(App\Controllers\Dashboard))
 7 SYSTEMPATH\CodeIgniter.php(354): CodeIgniter\CodeIgniter->handleRequest(null, Object(Config\Cache), false)
 8 SYSTEMPATH\Boot.php(363): CodeIgniter\CodeIgniter->run()
 9 SYSTEMPATH\Boot.php(68): CodeIgniter\Boot::runCodeIgniter(Object(CodeIgniter\CodeIgniter))
10 FCPATH\index.php(59): CodeIgniter\Boot::bootWeb(Object(Config\Paths))
11 SYSTEMPATH\rewrite.php(44): require_once('C:\\Users\\Richard Miculob\\Documents\\ReliefTrack\\public\\index.php')
DEBUG - 2026-03-01 14:31:14 --> Session: Class initialized using 'CodeIgniter\Session\Handlers\FileHandler' driver.
DEBUG - 2026-03-01 14:31:15 --> Session: Class initialized using 'CodeIgniter\Session\Handlers\FileHandler' driver.
DEBUG - 2026-03-01 14:31:15 --> Session: Class initialized using 'CodeIgniter\Session\Handlers\FileHandler' driver.
DEBUG - 2026-03-01 14:31:29 --> Session: Class initialized using 'CodeIgniter\Session\Handlers\FileHandler' driver.
DEBUG - 2026-03-01 14:31:29 --> Session: Class initialized using 'CodeIgniter\Session\Handlers\FileHandler' driver.
DEBUG - 2026-03-01 14:31:30 --> Session: Class initialized using 'CodeIgniter\Session\Handlers\FileHandler' driver.
DEBUG - 2026-03-01 14:31:31 --> Session: Class initialized using 'CodeIgniter\Session\Handlers\FileHandler' driver.
WARNING - 2026-03-01 14:31:31 --> [DEPRECATED] Optional parameter $familyMemberId declared before required parameter $distributorId is implicitly treated as a required parameter in APPPATH\Models\InventoryModel.php on line 139.
 1 SYSTEMPATH\Autoloader\Autoloader.php(315): include_once('C:\\Users\\Richard Miculob\\Documents\\ReliefTrack\\system\\Debug\\Exceptions.php')
 2 SYSTEMPATH\Autoloader\Autoloader.php(295): CodeIgniter\Autoloader\Autoloader->includeFile('C:\\Users\\Richard Miculob\\Documents\\ReliefTrack\\app\\Models\\InventoryModel.php')
 3 SYSTEMPATH\Autoloader\Autoloader.php(271): CodeIgniter\Autoloader\Autoloader->loadInNamespace('App\\Models\\InventoryModel')
 4 APPPATH\Controllers\Distribution.php(30): CodeIgniter\Autoloader\Autoloader->loadClass('App\\Models\\InventoryModel')
 5 SYSTEMPATH\CodeIgniter.php(933): App\Controllers\Distribution->processScanView()
 6 SYSTEMPATH\CodeIgniter.php(507): CodeIgniter\CodeIgniter->runController(Object(App\Controllers\Distribution))
 7 SYSTEMPATH\CodeIgniter.php(354): CodeIgniter\CodeIgniter->handleRequest(null, Object(Config\Cache), false)
 8 SYSTEMPATH\Boot.php(363): CodeIgniter\CodeIgniter->run()
 9 SYSTEMPATH\Boot.php(68): CodeIgniter\Boot::runCodeIgniter(Object(CodeIgniter\CodeIgniter))
10 FCPATH\index.php(59): CodeIgniter\Boot::bootWeb(Object(Config\Paths))
11 SYSTEMPATH\rewrite.php(44): require_once('C:\\Users\\Richard Miculob\\Documents\\ReliefTrack\\public\\index.php')
DEBUG - 2026-03-01 14:31:34 --> Session: Class initialized using 'CodeIgniter\Session\Handlers\FileHandler' driver.
DEBUG - 2026-03-01 14:31:35 --> Session: Class initialized using 'CodeIgniter\Session\Handlers\FileHandler' driver.
DEBUG - 2026-03-01 14:31:35 --> Session: Class initialized using 'CodeIgniter\Session\Handlers\FileHandler' driver.
DEBUG - 2026-03-01 14:31:36 --> Session: Class initialized using 'CodeIgniter\Session\Handlers\FileHandler' driver.
WARNING - 2026-03-01 14:31:36 --> [DEPRECATED] Optional parameter $familyMemberId declared before required parameter $distributorId is implicitly treated as a required parameter in APPPATH\Models\InventoryModel.php on line 139.
 1 SYSTEMPATH\Autoloader\Autoloader.php(315): include_once('C:\\Users\\Richard Miculob\\Documents\\ReliefTrack\\system\\Debug\\Exceptions.php')
 2 SYSTEMPATH\Autoloader\Autoloader.php(295): CodeIgniter\Autoloader\Autoloader->includeFile('C:\\Users\\Richard Miculob\\Documents\\ReliefTrack\\app\\Models\\InventoryModel.php')
 3 SYSTEMPATH\Autoloader\Autoloader.php(271): CodeIgniter\Autoloader\Autoloader->loadInNamespace('App\\Models\\InventoryModel')
 4 APPPATH\Controllers\Distribution.php(30): CodeIgniter\Autoloader\Autoloader->loadClass('App\\Models\\InventoryModel')
 5 SYSTEMPATH\CodeIgniter.php(933): App\Controllers\Distribution->processScanView()
 6 SYSTEMPATH\CodeIgniter.php(507): CodeIgniter\CodeIgniter->runController(Object(App\Controllers\Distribution))
 7 SYSTEMPATH\CodeIgniter.php(354): CodeIgniter\CodeIgniter->handleRequest(null, Object(Config\Cache), false)
 8 SYSTEMPATH\Boot.php(363): CodeIgniter\CodeIgniter->run()
 9 SYSTEMPATH\Boot.php(68): CodeIgniter\Boot::runCodeIgniter(Object(CodeIgniter\CodeIgniter))
10 FCPATH\index.php(59): CodeIgniter\Boot::bootWeb(Object(Config\Paths))
11 SYSTEMPATH\rewrite.php(44): require_once('C:\\Users\\Richard Miculob\\Documents\\ReliefTrack\\public\\index.php')
DEBUG - 2026-03-01 14:31:40 --> Session: Class initialized using 'CodeIgniter\Session\Handlers\FileHandler' driver.
DEBUG - 2026-03-01 14:31:42 --> Session: Class initialized using 'CodeIgniter\Session\Handlers\FileHandler' driver.
DEBUG - 2026-03-01 14:31:42 --> Session: Class initialized using 'CodeIgniter\Session\Handlers\FileHandler' driver.
DEBUG - 2026-03-01 14:31:44 --> Session: Class initialized using 'CodeIgniter\Session\Handlers\FileHandler' driver.
WARNING - 2026-03-01 14:31:44 --> [DEPRECATED] Optional parameter $familyMemberId declared before required parameter $distributorId is implicitly treated as a required parameter in APPPATH\Models\InventoryModel.php on line 139.
 1 SYSTEMPATH\Autoloader\Autoloader.php(315): include_once('C:\\Users\\Richard Miculob\\Documents\\ReliefTrack\\system\\Debug\\Exceptions.php')
 2 SYSTEMPATH\Autoloader\Autoloader.php(295): CodeIgniter\Autoloader\Autoloader->includeFile('C:\\Users\\Richard Miculob\\Documents\\ReliefTrack\\app\\Models\\InventoryModel.php')
 3 SYSTEMPATH\Autoloader\Autoloader.php(271): CodeIgniter\Autoloader\Autoloader->loadInNamespace('App\\Models\\InventoryModel')
 4 APPPATH\Controllers\Distribution.php(30): CodeIgniter\Autoloader\Autoloader->loadClass('App\\Models\\InventoryModel')
 5 SYSTEMPATH\CodeIgniter.php(933): App\Controllers\Distribution->processScanView()
 6 SYSTEMPATH\CodeIgniter.php(507): CodeIgniter\CodeIgniter->runController(Object(App\Controllers\Distribution))
 7 SYSTEMPATH\CodeIgniter.php(354): CodeIgniter\CodeIgniter->handleRequest(null, Object(Config\Cache), false)
 8 SYSTEMPATH\Boot.php(363): CodeIgniter\CodeIgniter->run()
 9 SYSTEMPATH\Boot.php(68): CodeIgniter\Boot::runCodeIgniter(Object(CodeIgniter\CodeIgniter))
10 FCPATH\index.php(59): CodeIgniter\Boot::bootWeb(Object(Config\Paths))
11 SYSTEMPATH\rewrite.php(44): require_once('C:\\Users\\Richard Miculob\\Documents\\ReliefTrack\\public\\index.php')
DEBUG - 2026-03-01 14:34:06 --> Session: Class initialized using 'CodeIgniter\Session\Handlers\FileHandler' driver.
WARNING - 2026-03-01 14:34:06 --> [DEPRECATED] Optional parameter $familyMemberId declared before required parameter $distributorId is implicitly treated as a required parameter in APPPATH\Models\InventoryModel.php on line 139.
 1 SYSTEMPATH\Autoloader\Autoloader.php(315): include_once('C:\\Users\\Richard Miculob\\Documents\\ReliefTrack\\system\\Debug\\Exceptions.php')
 2 SYSTEMPATH\Autoloader\Autoloader.php(295): CodeIgniter\Autoloader\Autoloader->includeFile('C:\\Users\\Richard Miculob\\Documents\\ReliefTrack\\app\\Models\\InventoryModel.php')
 3 SYSTEMPATH\Autoloader\Autoloader.php(271): CodeIgniter\Autoloader\Autoloader->loadInNamespace('App\\Models\\InventoryModel')
 4 APPPATH\Controllers\Distribution.php(30): CodeIgniter\Autoloader\Autoloader->loadClass('App\\Models\\InventoryModel')
 5 SYSTEMPATH\CodeIgniter.php(933): App\Controllers\Distribution->processScanView()
 6 SYSTEMPATH\CodeIgniter.php(507): CodeIgniter\CodeIgniter->runController(Object(App\Controllers\Distribution))
 7 SYSTEMPATH\CodeIgniter.php(354): CodeIgniter\CodeIgniter->handleRequest(null, Object(Config\Cache), false)
 8 SYSTEMPATH\Boot.php(363): CodeIgniter\CodeIgniter->run()
 9 SYSTEMPATH\Boot.php(68): CodeIgniter\Boot::runCodeIgniter(Object(CodeIgniter\CodeIgniter))
10 FCPATH\index.php(59): CodeIgniter\Boot::bootWeb(Object(Config\Paths))
11 SYSTEMPATH\rewrite.php(44): require_once('C:\\Users\\Richard Miculob\\Documents\\ReliefTrack\\public\\index.php')
DEBUG - 2026-03-01 14:34:08 --> Session: Class initialized using 'CodeIgniter\Session\Handlers\FileHandler' driver.
DEBUG - 2026-03-01 14:34:08 --> Session: Class initialized using 'CodeIgniter\Session\Handlers\FileHandler' driver.
DEBUG - 2026-03-01 14:34:08 --> Session: Class initialized using 'CodeIgniter\Session\Handlers\FileHandler' driver.
DEBUG - 2026-03-01 14:34:28 --> Session: Class initialized using 'CodeIgniter\Session\Handlers\FileHandler' driver.
WARNING - 2026-03-01 14:34:28 --> [DEPRECATED] Optional parameter $familyMemberId declared before required parameter $distributorId is implicitly treated as a required parameter in APPPATH\Models\InventoryModel.php on line 139.
 1 SYSTEMPATH\Autoloader\Autoloader.php(315): include_once('C:\\Users\\Richard Miculob\\Documents\\ReliefTrack\\system\\Debug\\Exceptions.php')
 2 SYSTEMPATH\Autoloader\Autoloader.php(295): CodeIgniter\Autoloader\Autoloader->includeFile('C:\\Users\\Richard Miculob\\Documents\\ReliefTrack\\app\\Models\\InventoryModel.php')
 3 SYSTEMPATH\Autoloader\Autoloader.php(271): CodeIgniter\Autoloader\Autoloader->loadInNamespace('App\\Models\\InventoryModel')
 4 APPPATH\Controllers\Distribution.php(30): CodeIgniter\Autoloader\Autoloader->loadClass('App\\Models\\InventoryModel')
 5 SYSTEMPATH\CodeIgniter.php(933): App\Controllers\Distribution->processScanView()
 6 SYSTEMPATH\CodeIgniter.php(507): CodeIgniter\CodeIgniter->runController(Object(App\Controllers\Distribution))
 7 SYSTEMPATH\CodeIgniter.php(354): CodeIgniter\CodeIgniter->handleRequest(null, Object(Config\Cache), false)
 8 SYSTEMPATH\Boot.php(363): CodeIgniter\CodeIgniter->run()
 9 SYSTEMPATH\Boot.php(68): CodeIgniter\Boot::runCodeIgniter(Object(CodeIgniter\CodeIgniter))
10 FCPATH\index.php(59): CodeIgniter\Boot::bootWeb(Object(Config\Paths))
11 SYSTEMPATH\rewrite.php(44): require_once('C:\\Users\\Richard Miculob\\Documents\\ReliefTrack\\public\\index.php')
DEBUG - 2026-03-01 14:35:00 --> Session: Class initialized using 'CodeIgniter\Session\Handlers\FileHandler' driver.
WARNING - 2026-03-01 14:35:01 --> [DEPRECATED] Optional parameter $familyMemberId declared before required parameter $distributorId is implicitly treated as a required parameter in APPPATH\Models\InventoryModel.php on line 139.
 1 SYSTEMPATH\Autoloader\Autoloader.php(315): include_once('C:\\Users\\Richard Miculob\\Documents\\ReliefTrack\\system\\Debug\\Exceptions.php')
 2 SYSTEMPATH\Autoloader\Autoloader.php(295): CodeIgniter\Autoloader\Autoloader->includeFile('C:\\Users\\Richard Miculob\\Documents\\ReliefTrack\\app\\Models\\InventoryModel.php')
 3 SYSTEMPATH\Autoloader\Autoloader.php(271): CodeIgniter\Autoloader\Autoloader->loadInNamespace('App\\Models\\InventoryModel')
 4 APPPATH\Controllers\Inventory.php(13): CodeIgniter\Autoloader\Autoloader->loadClass('App\\Models\\InventoryModel')
 5 SYSTEMPATH\CodeIgniter.php(933): App\Controllers\Inventory->index()
 6 SYSTEMPATH\CodeIgniter.php(507): CodeIgniter\CodeIgniter->runController(Object(App\Controllers\Inventory))
 7 SYSTEMPATH\CodeIgniter.php(354): CodeIgniter\CodeIgniter->handleRequest(null, Object(Config\Cache), false)
 8 SYSTEMPATH\Boot.php(363): CodeIgniter\CodeIgniter->run()
 9 SYSTEMPATH\Boot.php(68): CodeIgniter\Boot::runCodeIgniter(Object(CodeIgniter\CodeIgniter))
10 FCPATH\index.php(59): CodeIgniter\Boot::bootWeb(Object(Config\Paths))
11 SYSTEMPATH\rewrite.php(44): require_once('C:\\Users\\Richard Miculob\\Documents\\ReliefTrack\\public\\index.php')
DEBUG - 2026-03-01 14:35:04 --> Session: Class initialized using 'CodeIgniter\Session\Handlers\FileHandler' driver.
WARNING - 2026-03-01 14:35:04 --> [DEPRECATED] Optional parameter $familyMemberId declared before required parameter $distributorId is implicitly treated as a required parameter in APPPATH\Models\InventoryModel.php on line 139.
 1 SYSTEMPATH\Autoloader\Autoloader.php(315): include_once('C:\\Users\\Richard Miculob\\Documents\\ReliefTrack\\system\\Debug\\Exceptions.php')
 2 SYSTEMPATH\Autoloader\Autoloader.php(295): CodeIgniter\Autoloader\Autoloader->includeFile('C:\\Users\\Richard Miculob\\Documents\\ReliefTrack\\app\\Models\\InventoryModel.php')
 3 SYSTEMPATH\Autoloader\Autoloader.php(271): CodeIgniter\Autoloader\Autoloader->loadInNamespace('App\\Models\\InventoryModel')
 4 APPPATH\Controllers\Inventory.php(303): CodeIgniter\Autoloader\Autoloader->loadClass('App\\Models\\InventoryModel')
 5 SYSTEMPATH\CodeIgniter.php(933): App\Controllers\Inventory->viewBatch('22')
 6 SYSTEMPATH\CodeIgniter.php(507): CodeIgniter\CodeIgniter->runController(Object(App\Controllers\Inventory))
 7 SYSTEMPATH\CodeIgniter.php(354): CodeIgniter\CodeIgniter->handleRequest(null, Object(Config\Cache), false)
 8 SYSTEMPATH\Boot.php(363): CodeIgniter\CodeIgniter->run()
 9 SYSTEMPATH\Boot.php(68): CodeIgniter\Boot::runCodeIgniter(Object(CodeIgniter\CodeIgniter))
10 FCPATH\index.php(59): CodeIgniter\Boot::bootWeb(Object(Config\Paths))
11 SYSTEMPATH\rewrite.php(44): require_once('C:\\Users\\Richard Miculob\\Documents\\ReliefTrack\\public\\index.php')
DEBUG - 2026-03-01 14:35:27 --> Session: Class initialized using 'CodeIgniter\Session\Handlers\FileHandler' driver.
WARNING - 2026-03-01 14:35:27 --> [DEPRECATED] Optional parameter $familyMemberId declared before required parameter $distributorId is implicitly treated as a required parameter in APPPATH\Models\InventoryModel.php on line 139.
 1 SYSTEMPATH\Autoloader\Autoloader.php(315): include_once('C:\\Users\\Richard Miculob\\Documents\\ReliefTrack\\system\\Debug\\Exceptions.php')
 2 SYSTEMPATH\Autoloader\Autoloader.php(295): CodeIgniter\Autoloader\Autoloader->includeFile('C:\\Users\\Richard Miculob\\Documents\\ReliefTrack\\app\\Models\\InventoryModel.php')
 3 SYSTEMPATH\Autoloader\Autoloader.php(271): CodeIgniter\Autoloader\Autoloader->loadInNamespace('App\\Models\\InventoryModel')
 4 APPPATH\Controllers\Inventory.php(13): CodeIgniter\Autoloader\Autoloader->loadClass('App\\Models\\InventoryModel')
 5 SYSTEMPATH\CodeIgniter.php(933): App\Controllers\Inventory->index()
 6 SYSTEMPATH\CodeIgniter.php(507): CodeIgniter\CodeIgniter->runController(Object(App\Controllers\Inventory))
 7 SYSTEMPATH\CodeIgniter.php(354): CodeIgniter\CodeIgniter->handleRequest(null, Object(Config\Cache), false)
 8 SYSTEMPATH\Boot.php(363): CodeIgniter\CodeIgniter->run()
 9 SYSTEMPATH\Boot.php(68): CodeIgniter\Boot::runCodeIgniter(Object(CodeIgniter\CodeIgniter))
10 FCPATH\index.php(59): CodeIgniter\Boot::bootWeb(Object(Config\Paths))
11 SYSTEMPATH\rewrite.php(44): require_once('C:\\Users\\Richard Miculob\\Documents\\ReliefTrack\\public\\index.php')
DEBUG - 2026-03-01 14:35:30 --> Session: Class initialized using 'CodeIgniter\Session\Handlers\FileHandler' driver.
WARNING - 2026-03-01 14:35:30 --> [DEPRECATED] Optional parameter $familyMemberId declared before required parameter $distributorId is implicitly treated as a required parameter in APPPATH\Models\InventoryModel.php on line 139.
 1 SYSTEMPATH\Autoloader\Autoloader.php(315): include_once('C:\\Users\\Richard Miculob\\Documents\\ReliefTrack\\system\\Debug\\Exceptions.php')
 2 SYSTEMPATH\Autoloader\Autoloader.php(295): CodeIgniter\Autoloader\Autoloader->includeFile('C:\\Users\\Richard Miculob\\Documents\\ReliefTrack\\app\\Models\\InventoryModel.php')
 3 SYSTEMPATH\Autoloader\Autoloader.php(271): CodeIgniter\Autoloader\Autoloader->loadInNamespace('App\\Models\\InventoryModel')
 4 APPPATH\Controllers\Inventory.php(13): CodeIgniter\Autoloader\Autoloader->loadClass('App\\Models\\InventoryModel')
 5 SYSTEMPATH\CodeIgniter.php(933): App\Controllers\Inventory->index()
 6 SYSTEMPATH\CodeIgniter.php(507): CodeIgniter\CodeIgniter->runController(Object(App\Controllers\Inventory))
 7 SYSTEMPATH\CodeIgniter.php(354): CodeIgniter\CodeIgniter->handleRequest(null, Object(Config\Cache), false)
 8 SYSTEMPATH\Boot.php(363): CodeIgniter\CodeIgniter->run()
 9 SYSTEMPATH\Boot.php(68): CodeIgniter\Boot::runCodeIgniter(Object(CodeIgniter\CodeIgniter))
10 FCPATH\index.php(59): CodeIgniter\Boot::bootWeb(Object(Config\Paths))
11 SYSTEMPATH\rewrite.php(44): require_once('C:\\Users\\Richard Miculob\\Documents\\ReliefTrack\\public\\index.php')
DEBUG - 2026-03-01 14:35:36 --> Session: Class initialized using 'CodeIgniter\Session\Handlers\FileHandler' driver.
WARNING - 2026-03-01 14:35:36 --> [DEPRECATED] Optional parameter $familyMemberId declared before required parameter $distributorId is implicitly treated as a required parameter in APPPATH\Models\InventoryModel.php on line 139.
 1 SYSTEMPATH\Autoloader\Autoloader.php(315): include_once('C:\\Users\\Richard Miculob\\Documents\\ReliefTrack\\system\\Debug\\Exceptions.php')
 2 SYSTEMPATH\Autoloader\Autoloader.php(295): CodeIgniter\Autoloader\Autoloader->includeFile('C:\\Users\\Richard Miculob\\Documents\\ReliefTrack\\app\\Models\\InventoryModel.php')
 3 SYSTEMPATH\Autoloader\Autoloader.php(271): CodeIgniter\Autoloader\Autoloader->loadInNamespace('App\\Models\\InventoryModel')
 4 APPPATH\Controllers\Inventory.php(13): CodeIgniter\Autoloader\Autoloader->loadClass('App\\Models\\InventoryModel')
 5 SYSTEMPATH\CodeIgniter.php(933): App\Controllers\Inventory->index()
 6 SYSTEMPATH\CodeIgniter.php(507): CodeIgniter\CodeIgniter->runController(Object(App\Controllers\Inventory))
 7 SYSTEMPATH\CodeIgniter.php(354): CodeIgniter\CodeIgniter->handleRequest(null, Object(Config\Cache), false)
 8 SYSTEMPATH\Boot.php(363): CodeIgniter\CodeIgniter->run()
 9 SYSTEMPATH\Boot.php(68): CodeIgniter\Boot::runCodeIgniter(Object(CodeIgniter\CodeIgniter))
10 FCPATH\index.php(59): CodeIgniter\Boot::bootWeb(Object(Config\Paths))
11 SYSTEMPATH\rewrite.php(44): require_once('C:\\Users\\Richard Miculob\\Documents\\ReliefTrack\\public\\index.php')
DEBUG - 2026-03-01 14:35:39 --> Session: Class initialized using 'CodeIgniter\Session\Handlers\FileHandler' driver.
WARNING - 2026-03-01 14:35:39 --> [DEPRECATED] Optional parameter $familyMemberId declared before required parameter $distributorId is implicitly treated as a required parameter in APPPATH\Models\InventoryModel.php on line 139.
 1 SYSTEMPATH\Autoloader\Autoloader.php(315): include_once('C:\\Users\\Richard Miculob\\Documents\\ReliefTrack\\system\\Debug\\Exceptions.php')
 2 SYSTEMPATH\Autoloader\Autoloader.php(295): CodeIgniter\Autoloader\Autoloader->includeFile('C:\\Users\\Richard Miculob\\Documents\\ReliefTrack\\app\\Models\\InventoryModel.php')
 3 SYSTEMPATH\Autoloader\Autoloader.php(271): CodeIgniter\Autoloader\Autoloader->loadInNamespace('App\\Models\\InventoryModel')
 4 APPPATH\Controllers\Inventory.php(402): CodeIgniter\Autoloader\Autoloader->loadClass('App\\Models\\InventoryModel')
 5 SYSTEMPATH\CodeIgniter.php(933): App\Controllers\Inventory->delete('20')
 6 SYSTEMPATH\CodeIgniter.php(507): CodeIgniter\CodeIgniter->runController(Object(App\Controllers\Inventory))
 7 SYSTEMPATH\CodeIgniter.php(354): CodeIgniter\CodeIgniter->handleRequest(null, Object(Config\Cache), false)
 8 SYSTEMPATH\Boot.php(363): CodeIgniter\CodeIgniter->run()
 9 SYSTEMPATH\Boot.php(68): CodeIgniter\Boot::runCodeIgniter(Object(CodeIgniter\CodeIgniter))
10 FCPATH\index.php(59): CodeIgniter\Boot::bootWeb(Object(Config\Paths))
11 SYSTEMPATH\rewrite.php(44): require_once('C:\\Users\\Richard Miculob\\Documents\\ReliefTrack\\public\\index.php')
DEBUG - 2026-03-01 14:35:39 --> Session: Class initialized using 'CodeIgniter\Session\Handlers\FileHandler' driver.
WARNING - 2026-03-01 14:35:39 --> [DEPRECATED] Optional parameter $familyMemberId declared before required parameter $distributorId is implicitly treated as a required parameter in APPPATH\Models\InventoryModel.php on line 139.
 1 SYSTEMPATH\Autoloader\Autoloader.php(315): include_once('C:\\Users\\Richard Miculob\\Documents\\ReliefTrack\\system\\Debug\\Exceptions.php')
 2 SYSTEMPATH\Autoloader\Autoloader.php(295): CodeIgniter\Autoloader\Autoloader->includeFile('C:\\Users\\Richard Miculob\\Documents\\ReliefTrack\\app\\Models\\InventoryModel.php')
 3 SYSTEMPATH\Autoloader\Autoloader.php(271): CodeIgniter\Autoloader\Autoloader->loadInNamespace('App\\Models\\InventoryModel')
 4 APPPATH\Controllers\Inventory.php(13): CodeIgniter\Autoloader\Autoloader->loadClass('App\\Models\\InventoryModel')
 5 SYSTEMPATH\CodeIgniter.php(933): App\Controllers\Inventory->index()
 6 SYSTEMPATH\CodeIgniter.php(507): CodeIgniter\CodeIgniter->runController(Object(App\Controllers\Inventory))
 7 SYSTEMPATH\CodeIgniter.php(354): CodeIgniter\CodeIgniter->handleRequest(null, Object(Config\Cache), false)
 8 SYSTEMPATH\Boot.php(363): CodeIgniter\CodeIgniter->run()
 9 SYSTEMPATH\Boot.php(68): CodeIgniter\Boot::runCodeIgniter(Object(CodeIgniter\CodeIgniter))
10 FCPATH\index.php(59): CodeIgniter\Boot::bootWeb(Object(Config\Paths))
11 SYSTEMPATH\rewrite.php(44): require_once('C:\\Users\\Richard Miculob\\Documents\\ReliefTrack\\public\\index.php')
DEBUG - 2026-03-01 14:35:44 --> Session: Class initialized using 'CodeIgniter\Session\Handlers\FileHandler' driver.
DEBUG - 2026-03-01 14:36:02 --> Session: Class initialized using 'CodeIgniter\Session\Handlers\FileHandler' driver.
WARNING - 2026-03-01 14:36:02 --> [DEPRECATED] Optional parameter $familyMemberId declared before required parameter $distributorId is implicitly treated as a required parameter in APPPATH\Models\InventoryModel.php on line 139.
 1 SYSTEMPATH\Autoloader\Autoloader.php(315): include_once('C:\\Users\\Richard Miculob\\Documents\\ReliefTrack\\system\\Debug\\Exceptions.php')
 2 SYSTEMPATH\Autoloader\Autoloader.php(295): CodeIgniter\Autoloader\Autoloader->includeFile('C:\\Users\\Richard Miculob\\Documents\\ReliefTrack\\app\\Models\\InventoryModel.php')
 3 SYSTEMPATH\Autoloader\Autoloader.php(271): CodeIgniter\Autoloader\Autoloader->loadInNamespace('App\\Models\\InventoryModel')
 4 APPPATH\Controllers\Inventory.php(247): CodeIgniter\Autoloader\Autoloader->loadClass('App\\Models\\InventoryModel')
 5 SYSTEMPATH\CodeIgniter.php(933): App\Controllers\Inventory->saveItemWithBatch()
 6 SYSTEMPATH\CodeIgniter.php(507): CodeIgniter\CodeIgniter->runController(Object(App\Controllers\Inventory))
 7 SYSTEMPATH\CodeIgniter.php(354): CodeIgniter\CodeIgniter->handleRequest(null, Object(Config\Cache), false)
 8 SYSTEMPATH\Boot.php(363): CodeIgniter\CodeIgniter->run()
 9 SYSTEMPATH\Boot.php(68): CodeIgniter\Boot::runCodeIgniter(Object(CodeIgniter\CodeIgniter))
10 FCPATH\index.php(59): CodeIgniter\Boot::bootWeb(Object(Config\Paths))
11 SYSTEMPATH\rewrite.php(44): require_once('C:\\Users\\Richard Miculob\\Documents\\ReliefTrack\\public\\index.php')
DEBUG - 2026-03-01 14:36:02 --> Session: Class initialized using 'CodeIgniter\Session\Handlers\FileHandler' driver.
WARNING - 2026-03-01 14:36:02 --> [DEPRECATED] Optional parameter $familyMemberId declared before required parameter $distributorId is implicitly treated as a required parameter in APPPATH\Models\InventoryModel.php on line 139.
 1 SYSTEMPATH\Autoloader\Autoloader.php(315): include_once('C:\\Users\\Richard Miculob\\Documents\\ReliefTrack\\system\\Debug\\Exceptions.php')
 2 SYSTEMPATH\Autoloader\Autoloader.php(295): CodeIgniter\Autoloader\Autoloader->includeFile('C:\\Users\\Richard Miculob\\Documents\\ReliefTrack\\app\\Models\\InventoryModel.php')
 3 SYSTEMPATH\Autoloader\Autoloader.php(271): CodeIgniter\Autoloader\Autoloader->loadInNamespace('App\\Models\\InventoryModel')
 4 APPPATH\Controllers\Inventory.php(352): CodeIgniter\Autoloader\Autoloader->loadClass('App\\Models\\InventoryModel')
 5 SYSTEMPATH\CodeIgniter.php(933): App\Controllers\Inventory->batches('23')
 6 SYSTEMPATH\CodeIgniter.php(507): CodeIgniter\CodeIgniter->runController(Object(App\Controllers\Inventory))
 7 SYSTEMPATH\CodeIgniter.php(354): CodeIgniter\CodeIgniter->handleRequest(null, Object(Config\Cache), false)
 8 SYSTEMPATH\Boot.php(363): CodeIgniter\CodeIgniter->run()
 9 SYSTEMPATH\Boot.php(68): CodeIgniter\Boot::runCodeIgniter(Object(CodeIgniter\CodeIgniter))
10 FCPATH\index.php(59): CodeIgniter\Boot::bootWeb(Object(Config\Paths))
11 SYSTEMPATH\rewrite.php(44): require_once('C:\\Users\\Richard Miculob\\Documents\\ReliefTrack\\public\\index.php')
DEBUG - 2026-03-01 14:36:03 --> Session: Class initialized using 'CodeIgniter\Session\Handlers\FileHandler' driver.
WARNING - 2026-03-01 14:36:03 --> [DEPRECATED] Optional parameter $familyMemberId declared before required parameter $distributorId is implicitly treated as a required parameter in APPPATH\Models\InventoryModel.php on line 139.
 1 SYSTEMPATH\Autoloader\Autoloader.php(315): include_once('C:\\Users\\Richard Miculob\\Documents\\ReliefTrack\\system\\Debug\\Exceptions.php')
 2 SYSTEMPATH\Autoloader\Autoloader.php(295): CodeIgniter\Autoloader\Autoloader->includeFile('C:\\Users\\Richard Miculob\\Documents\\ReliefTrack\\app\\Models\\InventoryModel.php')
 3 SYSTEMPATH\Autoloader\Autoloader.php(271): CodeIgniter\Autoloader\Autoloader->loadInNamespace('App\\Models\\InventoryModel')
 4 APPPATH\Controllers\Inventory.php(13): CodeIgniter\Autoloader\Autoloader->loadClass('App\\Models\\InventoryModel')
 5 SYSTEMPATH\CodeIgniter.php(933): App\Controllers\Inventory->index()
 6 SYSTEMPATH\CodeIgniter.php(507): CodeIgniter\CodeIgniter->runController(Object(App\Controllers\Inventory))
 7 SYSTEMPATH\CodeIgniter.php(354): CodeIgniter\CodeIgniter->handleRequest(null, Object(Config\Cache), false)
 8 SYSTEMPATH\Boot.php(363): CodeIgniter\CodeIgniter->run()
 9 SYSTEMPATH\Boot.php(68): CodeIgniter\Boot::runCodeIgniter(Object(CodeIgniter\CodeIgniter))
10 FCPATH\index.php(59): CodeIgniter\Boot::bootWeb(Object(Config\Paths))
11 SYSTEMPATH\rewrite.php(44): require_once('C:\\Users\\Richard Miculob\\Documents\\ReliefTrack\\public\\index.php')
DEBUG - 2026-03-01 14:36:05 --> Session: Class initialized using 'CodeIgniter\Session\Handlers\FileHandler' driver.
WARNING - 2026-03-01 14:36:05 --> [DEPRECATED] Optional parameter $familyMemberId declared before required parameter $distributorId is implicitly treated as a required parameter in APPPATH\Models\InventoryModel.php on line 139.
 1 SYSTEMPATH\Autoloader\Autoloader.php(315): include_once('C:\\Users\\Richard Miculob\\Documents\\ReliefTrack\\system\\Debug\\Exceptions.php')
 2 SYSTEMPATH\Autoloader\Autoloader.php(295): CodeIgniter\Autoloader\Autoloader->includeFile('C:\\Users\\Richard Miculob\\Documents\\ReliefTrack\\app\\Models\\InventoryModel.php')
 3 SYSTEMPATH\Autoloader\Autoloader.php(271): CodeIgniter\Autoloader\Autoloader->loadInNamespace('App\\Models\\InventoryModel')
 4 APPPATH\Controllers\Inventory.php(303): CodeIgniter\Autoloader\Autoloader->loadClass('App\\Models\\InventoryModel')
 5 SYSTEMPATH\CodeIgniter.php(933): App\Controllers\Inventory->viewBatch('23')
 6 SYSTEMPATH\CodeIgniter.php(507): CodeIgniter\CodeIgniter->runController(Object(App\Controllers\Inventory))
 7 SYSTEMPATH\CodeIgniter.php(354): CodeIgniter\CodeIgniter->handleRequest(null, Object(Config\Cache), false)
 8 SYSTEMPATH\Boot.php(363): CodeIgniter\CodeIgniter->run()
 9 SYSTEMPATH\Boot.php(68): CodeIgniter\Boot::runCodeIgniter(Object(CodeIgniter\CodeIgniter))
10 FCPATH\index.php(59): CodeIgniter\Boot::bootWeb(Object(Config\Paths))
11 SYSTEMPATH\rewrite.php(44): require_once('C:\\Users\\Richard Miculob\\Documents\\ReliefTrack\\public\\index.php')
DEBUG - 2026-03-01 14:36:08 --> Session: Class initialized using 'CodeIgniter\Session\Handlers\FileHandler' driver.
WARNING - 2026-03-01 14:36:08 --> [DEPRECATED] Optional parameter $familyMemberId declared before required parameter $distributorId is implicitly treated as a required parameter in APPPATH\Models\InventoryModel.php on line 139.
 1 SYSTEMPATH\Autoloader\Autoloader.php(315): include_once('C:\\Users\\Richard Miculob\\Documents\\ReliefTrack\\system\\Debug\\Exceptions.php')
 2 SYSTEMPATH\Autoloader\Autoloader.php(295): CodeIgniter\Autoloader\Autoloader->includeFile('C:\\Users\\Richard Miculob\\Documents\\ReliefTrack\\app\\Models\\InventoryModel.php')
 3 SYSTEMPATH\Autoloader\Autoloader.php(271): CodeIgniter\Autoloader\Autoloader->loadInNamespace('App\\Models\\InventoryModel')
 4 APPPATH\Controllers\Inventory.php(352): CodeIgniter\Autoloader\Autoloader->loadClass('App\\Models\\InventoryModel')
 5 SYSTEMPATH\CodeIgniter.php(933): App\Controllers\Inventory->batches('21')
 6 SYSTEMPATH\CodeIgniter.php(507): CodeIgniter\CodeIgniter->runController(Object(App\Controllers\Inventory))
 7 SYSTEMPATH\CodeIgniter.php(354): CodeIgniter\CodeIgniter->handleRequest(null, Object(Config\Cache), false)
 8 SYSTEMPATH\Boot.php(363): CodeIgniter\CodeIgniter->run()
 9 SYSTEMPATH\Boot.php(68): CodeIgniter\Boot::runCodeIgniter(Object(CodeIgniter\CodeIgniter))
10 FCPATH\index.php(59): CodeIgniter\Boot::bootWeb(Object(Config\Paths))
11 SYSTEMPATH\rewrite.php(44): require_once('C:\\Users\\Richard Miculob\\Documents\\ReliefTrack\\public\\index.php')
DEBUG - 2026-03-01 14:36:11 --> Session: Class initialized using 'CodeIgniter\Session\Handlers\FileHandler' driver.
WARNING - 2026-03-01 14:36:11 --> [DEPRECATED] Optional parameter $familyMemberId declared before required parameter $distributorId is implicitly treated as a required parameter in APPPATH\Models\InventoryModel.php on line 139.
 1 SYSTEMPATH\Autoloader\Autoloader.php(315): include_once('C:\\Users\\Richard Miculob\\Documents\\ReliefTrack\\system\\Debug\\Exceptions.php')
 2 SYSTEMPATH\Autoloader\Autoloader.php(295): CodeIgniter\Autoloader\Autoloader->includeFile('C:\\Users\\Richard Miculob\\Documents\\ReliefTrack\\app\\Models\\InventoryModel.php')
 3 SYSTEMPATH\Autoloader\Autoloader.php(271): CodeIgniter\Autoloader\Autoloader->loadInNamespace('App\\Models\\InventoryModel')
 4 APPPATH\Controllers\Inventory.php(303): CodeIgniter\Autoloader\Autoloader->loadClass('App\\Models\\InventoryModel')
 5 SYSTEMPATH\CodeIgniter.php(933): App\Controllers\Inventory->viewBatch('23')
 6 SYSTEMPATH\CodeIgniter.php(507): CodeIgniter\CodeIgniter->runController(Object(App\Controllers\Inventory))
 7 SYSTEMPATH\CodeIgniter.php(354): CodeIgniter\CodeIgniter->handleRequest(null, Object(Config\Cache), false)
 8 SYSTEMPATH\Boot.php(363): CodeIgniter\CodeIgniter->run()
 9 SYSTEMPATH\Boot.php(68): CodeIgniter\Boot::runCodeIgniter(Object(CodeIgniter\CodeIgniter))
10 FCPATH\index.php(59): CodeIgniter\Boot::bootWeb(Object(Config\Paths))
11 SYSTEMPATH\rewrite.php(44): require_once('C:\\Users\\Richard Miculob\\Documents\\ReliefTrack\\public\\index.php')
DEBUG - 2026-03-01 14:36:19 --> Session: Class initialized using 'CodeIgniter\Session\Handlers\FileHandler' driver.
WARNING - 2026-03-01 14:36:19 --> [DEPRECATED] Optional parameter $familyMemberId declared before required parameter $distributorId is implicitly treated as a required parameter in APPPATH\Models\InventoryModel.php on line 139.
 1 SYSTEMPATH\Autoloader\Autoloader.php(315): include_once('C:\\Users\\Richard Miculob\\Documents\\ReliefTrack\\system\\Debug\\Exceptions.php')
 2 SYSTEMPATH\Autoloader\Autoloader.php(295): CodeIgniter\Autoloader\Autoloader->includeFile('C:\\Users\\Richard Miculob\\Documents\\ReliefTrack\\app\\Models\\InventoryModel.php')
 3 SYSTEMPATH\Autoloader\Autoloader.php(271): CodeIgniter\Autoloader\Autoloader->loadInNamespace('App\\Models\\InventoryModel')
 4 APPPATH\Controllers\Inventory.php(303): CodeIgniter\Autoloader\Autoloader->loadClass('App\\Models\\InventoryModel')
 5 SYSTEMPATH\CodeIgniter.php(933): App\Controllers\Inventory->viewBatch('23')
 6 SYSTEMPATH\CodeIgniter.php(507): CodeIgniter\CodeIgniter->runController(Object(App\Controllers\Inventory))
 7 SYSTEMPATH\CodeIgniter.php(354): CodeIgniter\CodeIgniter->handleRequest(null, Object(Config\Cache), false)
 8 SYSTEMPATH\Boot.php(363): CodeIgniter\CodeIgniter->run()
 9 SYSTEMPATH\Boot.php(68): CodeIgniter\Boot::runCodeIgniter(Object(CodeIgniter\CodeIgniter))
10 FCPATH\index.php(59): CodeIgniter\Boot::bootWeb(Object(Config\Paths))
11 SYSTEMPATH\rewrite.php(44): require_once('C:\\Users\\Richard Miculob\\Documents\\ReliefTrack\\public\\index.php')
DEBUG - 2026-03-01 14:36:20 --> Session: Class initialized using 'CodeIgniter\Session\Handlers\FileHandler' driver.
DEBUG - 2026-03-01 14:36:21 --> Session: Class initialized using 'CodeIgniter\Session\Handlers\FileHandler' driver.
DEBUG - 2026-03-01 14:36:28 --> Session: Class initialized using 'CodeIgniter\Session\Handlers\FileHandler' driver.
DEBUG - 2026-03-01 14:36:29 --> Session: Class initialized using 'CodeIgniter\Session\Handlers\FileHandler' driver.
WARNING - 2026-03-01 14:36:29 --> [DEPRECATED] Optional parameter $familyMemberId declared before required parameter $distributorId is implicitly treated as a required parameter in APPPATH\Models\InventoryModel.php on line 139.
 1 SYSTEMPATH\Autoloader\Autoloader.php(315): include_once('C:\\Users\\Richard Miculob\\Documents\\ReliefTrack\\system\\Debug\\Exceptions.php')
 2 SYSTEMPATH\Autoloader\Autoloader.php(295): CodeIgniter\Autoloader\Autoloader->includeFile('C:\\Users\\Richard Miculob\\Documents\\ReliefTrack\\app\\Models\\InventoryModel.php')
 3 SYSTEMPATH\Autoloader\Autoloader.php(271): CodeIgniter\Autoloader\Autoloader->loadInNamespace('App\\Models\\InventoryModel')
 4 APPPATH\Controllers\Dashboard.php(22): CodeIgniter\Autoloader\Autoloader->loadClass('App\\Models\\InventoryModel')
 5 SYSTEMPATH\CodeIgniter.php(933): App\Controllers\Dashboard->index()
 6 SYSTEMPATH\CodeIgniter.php(507): CodeIgniter\CodeIgniter->runController(Object(App\Controllers\Dashboard))
 7 SYSTEMPATH\CodeIgniter.php(354): CodeIgniter\CodeIgniter->handleRequest(null, Object(Config\Cache), false)
 8 SYSTEMPATH\Boot.php(363): CodeIgniter\CodeIgniter->run()
 9 SYSTEMPATH\Boot.php(68): CodeIgniter\Boot::runCodeIgniter(Object(CodeIgniter\CodeIgniter))
10 FCPATH\index.php(59): CodeIgniter\Boot::bootWeb(Object(Config\Paths))
11 SYSTEMPATH\rewrite.php(44): require_once('C:\\Users\\Richard Miculob\\Documents\\ReliefTrack\\public\\index.php')
DEBUG - 2026-03-01 14:36:31 --> Session: Class initialized using 'CodeIgniter\Session\Handlers\FileHandler' driver.
WARNING - 2026-03-01 14:36:31 --> [DEPRECATED] Optional parameter $familyMemberId declared before required parameter $distributorId is implicitly treated as a required parameter in APPPATH\Models\InventoryModel.php on line 139.
 1 SYSTEMPATH\Autoloader\Autoloader.php(315): include_once('C:\\Users\\Richard Miculob\\Documents\\ReliefTrack\\system\\Debug\\Exceptions.php')
 2 SYSTEMPATH\Autoloader\Autoloader.php(295): CodeIgniter\Autoloader\Autoloader->includeFile('C:\\Users\\Richard Miculob\\Documents\\ReliefTrack\\app\\Models\\InventoryModel.php')
 3 SYSTEMPATH\Autoloader\Autoloader.php(271): CodeIgniter\Autoloader\Autoloader->loadInNamespace('App\\Models\\InventoryModel')
 4 APPPATH\Controllers\Inventory.php(13): CodeIgniter\Autoloader\Autoloader->loadClass('App\\Models\\InventoryModel')
 5 SYSTEMPATH\CodeIgniter.php(933): App\Controllers\Inventory->index()
 6 SYSTEMPATH\CodeIgniter.php(507): CodeIgniter\CodeIgniter->runController(Object(App\Controllers\Inventory))
 7 SYSTEMPATH\CodeIgniter.php(354): CodeIgniter\CodeIgniter->handleRequest(null, Object(Config\Cache), false)
 8 SYSTEMPATH\Boot.php(363): CodeIgniter\CodeIgniter->run()
 9 SYSTEMPATH\Boot.php(68): CodeIgniter\Boot::runCodeIgniter(Object(CodeIgniter\CodeIgniter))
10 FCPATH\index.php(59): CodeIgniter\Boot::bootWeb(Object(Config\Paths))
11 SYSTEMPATH\rewrite.php(44): require_once('C:\\Users\\Richard Miculob\\Documents\\ReliefTrack\\public\\index.php')
DEBUG - 2026-03-01 14:36:34 --> Session: Class initialized using 'CodeIgniter\Session\Handlers\FileHandler' driver.
WARNING - 2026-03-01 14:36:34 --> [DEPRECATED] Optional parameter $familyMemberId declared before required parameter $distributorId is implicitly treated as a required parameter in APPPATH\Models\InventoryModel.php on line 139.
 1 SYSTEMPATH\Autoloader\Autoloader.php(315): include_once('C:\\Users\\Richard Miculob\\Documents\\ReliefTrack\\system\\Debug\\Exceptions.php')
 2 SYSTEMPATH\Autoloader\Autoloader.php(295): CodeIgniter\Autoloader\Autoloader->includeFile('C:\\Users\\Richard Miculob\\Documents\\ReliefTrack\\app\\Models\\InventoryModel.php')
 3 SYSTEMPATH\Autoloader\Autoloader.php(271): CodeIgniter\Autoloader\Autoloader->loadInNamespace('App\\Models\\InventoryModel')
 4 APPPATH\Controllers\Inventory.php(13): CodeIgniter\Autoloader\Autoloader->loadClass('App\\Models\\InventoryModel')
 5 SYSTEMPATH\CodeIgniter.php(933): App\Controllers\Inventory->index()
 6 SYSTEMPATH\CodeIgniter.php(507): CodeIgniter\CodeIgniter->runController(Object(App\Controllers\Inventory))
 7 SYSTEMPATH\CodeIgniter.php(354): CodeIgniter\CodeIgniter->handleRequest(null, Object(Config\Cache), false)
 8 SYSTEMPATH\Boot.php(363): CodeIgniter\CodeIgniter->run()
 9 SYSTEMPATH\Boot.php(68): CodeIgniter\Boot::runCodeIgniter(Object(CodeIgniter\CodeIgniter))
10 FCPATH\index.php(59): CodeIgniter\Boot::bootWeb(Object(Config\Paths))
11 SYSTEMPATH\rewrite.php(44): require_once('C:\\Users\\Richard Miculob\\Documents\\ReliefTrack\\public\\index.php')
DEBUG - 2026-03-01 14:36:38 --> Session: Class initialized using 'CodeIgniter\Session\Handlers\FileHandler' driver.
WARNING - 2026-03-01 14:36:38 --> [DEPRECATED] Optional parameter $familyMemberId declared before required parameter $distributorId is implicitly treated as a required parameter in APPPATH\Models\InventoryModel.php on line 139.
 1 SYSTEMPATH\Autoloader\Autoloader.php(315): include_once('C:\\Users\\Richard Miculob\\Documents\\ReliefTrack\\system\\Debug\\Exceptions.php')
 2 SYSTEMPATH\Autoloader\Autoloader.php(295): CodeIgniter\Autoloader\Autoloader->includeFile('C:\\Users\\Richard Miculob\\Documents\\ReliefTrack\\app\\Models\\InventoryModel.php')
 3 SYSTEMPATH\Autoloader\Autoloader.php(271): CodeIgniter\Autoloader\Autoloader->loadInNamespace('App\\Models\\InventoryModel')
 4 APPPATH\Controllers\Inventory.php(13): CodeIgniter\Autoloader\Autoloader->loadClass('App\\Models\\InventoryModel')
 5 SYSTEMPATH\CodeIgniter.php(933): App\Controllers\Inventory->index()
 6 SYSTEMPATH\CodeIgniter.php(507): CodeIgniter\CodeIgniter->runController(Object(App\Controllers\Inventory))
 7 SYSTEMPATH\CodeIgniter.php(354): CodeIgniter\CodeIgniter->handleRequest(null, Object(Config\Cache), false)
 8 SYSTEMPATH\Boot.php(363): CodeIgniter\CodeIgniter->run()
 9 SYSTEMPATH\Boot.php(68): CodeIgniter\Boot::runCodeIgniter(Object(CodeIgniter\CodeIgniter))
10 FCPATH\index.php(59): CodeIgniter\Boot::bootWeb(Object(Config\Paths))
11 SYSTEMPATH\rewrite.php(44): require_once('C:\\Users\\Richard Miculob\\Documents\\ReliefTrack\\public\\index.php')
DEBUG - 2026-03-01 14:36:40 --> Session: Class initialized using 'CodeIgniter\Session\Handlers\FileHandler' driver.
DEBUG - 2026-03-01 14:36:40 --> Session: Class initialized using 'CodeIgniter\Session\Handlers\FileHandler' driver.
DEBUG - 2026-03-01 14:36:50 --> Session: Class initialized using 'CodeIgniter\Session\Handlers\FileHandler' driver.
DEBUG - 2026-03-01 14:36:50 --> Session: Class initialized using 'CodeIgniter\Session\Handlers\FileHandler' driver.
WARNING - 2026-03-01 14:36:50 --> [DEPRECATED] Optional parameter $familyMemberId declared before required parameter $distributorId is implicitly treated as a required parameter in APPPATH\Models\InventoryModel.php on line 139.
 1 SYSTEMPATH\Autoloader\Autoloader.php(315): include_once('C:\\Users\\Richard Miculob\\Documents\\ReliefTrack\\system\\Debug\\Exceptions.php')
 2 SYSTEMPATH\Autoloader\Autoloader.php(295): CodeIgniter\Autoloader\Autoloader->includeFile('C:\\Users\\Richard Miculob\\Documents\\ReliefTrack\\app\\Models\\InventoryModel.php')
 3 SYSTEMPATH\Autoloader\Autoloader.php(271): CodeIgniter\Autoloader\Autoloader->loadInNamespace('App\\Models\\InventoryModel')
 4 APPPATH\Controllers\Dashboard.php(22): CodeIgniter\Autoloader\Autoloader->loadClass('App\\Models\\InventoryModel')
 5 SYSTEMPATH\CodeIgniter.php(933): App\Controllers\Dashboard->index()
 6 SYSTEMPATH\CodeIgniter.php(507): CodeIgniter\CodeIgniter->runController(Object(App\Controllers\Dashboard))
 7 SYSTEMPATH\CodeIgniter.php(354): CodeIgniter\CodeIgniter->handleRequest(null, Object(Config\Cache), false)
 8 SYSTEMPATH\Boot.php(363): CodeIgniter\CodeIgniter->run()
 9 SYSTEMPATH\Boot.php(68): CodeIgniter\Boot::runCodeIgniter(Object(CodeIgniter\CodeIgniter))
10 FCPATH\index.php(59): CodeIgniter\Boot::bootWeb(Object(Config\Paths))
11 SYSTEMPATH\rewrite.php(44): require_once('C:\\Users\\Richard Miculob\\Documents\\ReliefTrack\\public\\index.php')
DEBUG - 2026-03-01 14:36:54 --> Session: Class initialized using 'CodeIgniter\Session\Handlers\FileHandler' driver.
WARNING - 2026-03-01 14:36:54 --> [DEPRECATED] Optional parameter $familyMemberId declared before required parameter $distributorId is implicitly treated as a required parameter in APPPATH\Models\InventoryModel.php on line 139.
 1 SYSTEMPATH\Autoloader\Autoloader.php(315): include_once('C:\\Users\\Richard Miculob\\Documents\\ReliefTrack\\system\\Debug\\Exceptions.php')
 2 SYSTEMPATH\Autoloader\Autoloader.php(295): CodeIgniter\Autoloader\Autoloader->includeFile('C:\\Users\\Richard Miculob\\Documents\\ReliefTrack\\app\\Models\\InventoryModel.php')
 3 SYSTEMPATH\Autoloader\Autoloader.php(271): CodeIgniter\Autoloader\Autoloader->loadInNamespace('App\\Models\\InventoryModel')
 4 APPPATH\Controllers\Inventory.php(13): CodeIgniter\Autoloader\Autoloader->loadClass('App\\Models\\InventoryModel')
 5 SYSTEMPATH\CodeIgniter.php(933): App\Controllers\Inventory->index()
 6 SYSTEMPATH\CodeIgniter.php(507): CodeIgniter\CodeIgniter->runController(Object(App\Controllers\Inventory))
 7 SYSTEMPATH\CodeIgniter.php(354): CodeIgniter\CodeIgniter->handleRequest(null, Object(Config\Cache), false)
 8 SYSTEMPATH\Boot.php(363): CodeIgniter\CodeIgniter->run()
 9 SYSTEMPATH\Boot.php(68): CodeIgniter\Boot::runCodeIgniter(Object(CodeIgniter\CodeIgniter))
10 FCPATH\index.php(59): CodeIgniter\Boot::bootWeb(Object(Config\Paths))
11 SYSTEMPATH\rewrite.php(44): require_once('C:\\Users\\Richard Miculob\\Documents\\ReliefTrack\\public\\index.php')
DEBUG - 2026-03-01 14:36:59 --> Session: Class initialized using 'CodeIgniter\Session\Handlers\FileHandler' driver.
WARNING - 2026-03-01 14:36:59 --> [DEPRECATED] Optional parameter $familyMemberId declared before required parameter $distributorId is implicitly treated as a required parameter in APPPATH\Models\InventoryModel.php on line 139.
 1 SYSTEMPATH\Autoloader\Autoloader.php(315): include_once('C:\\Users\\Richard Miculob\\Documents\\ReliefTrack\\system\\Debug\\Exceptions.php')
 2 SYSTEMPATH\Autoloader\Autoloader.php(295): CodeIgniter\Autoloader\Autoloader->includeFile('C:\\Users\\Richard Miculob\\Documents\\ReliefTrack\\app\\Models\\InventoryModel.php')
 3 SYSTEMPATH\Autoloader\Autoloader.php(271): CodeIgniter\Autoloader\Autoloader->loadInNamespace('App\\Models\\InventoryModel')
 4 APPPATH\Controllers\Inventory.php(303): CodeIgniter\Autoloader\Autoloader->loadClass('App\\Models\\InventoryModel')
 5 SYSTEMPATH\CodeIgniter.php(933): App\Controllers\Inventory->viewBatch('23')
 6 SYSTEMPATH\CodeIgniter.php(507): CodeIgniter\CodeIgniter->runController(Object(App\Controllers\Inventory))
 7 SYSTEMPATH\CodeIgniter.php(354): CodeIgniter\CodeIgniter->handleRequest(null, Object(Config\Cache), false)
 8 SYSTEMPATH\Boot.php(363): CodeIgniter\CodeIgniter->run()
 9 SYSTEMPATH\Boot.php(68): CodeIgniter\Boot::runCodeIgniter(Object(CodeIgniter\CodeIgniter))
10 FCPATH\index.php(59): CodeIgniter\Boot::bootWeb(Object(Config\Paths))
11 SYSTEMPATH\rewrite.php(44): require_once('C:\\Users\\Richard Miculob\\Documents\\ReliefTrack\\public\\index.php')
DEBUG - 2026-03-01 14:38:11 --> Session: Class initialized using 'CodeIgniter\Session\Handlers\FileHandler' driver.
WARNING - 2026-03-01 14:38:11 --> [DEPRECATED] Optional parameter $familyMemberId declared before required parameter $distributorId is implicitly treated as a required parameter in APPPATH\Models\InventoryModel.php on line 139.
 1 SYSTEMPATH\Autoloader\Autoloader.php(315): include_once('C:\\Users\\Richard Miculob\\Documents\\ReliefTrack\\system\\Debug\\Exceptions.php')
 2 SYSTEMPATH\Autoloader\Autoloader.php(295): CodeIgniter\Autoloader\Autoloader->includeFile('C:\\Users\\Richard Miculob\\Documents\\ReliefTrack\\app\\Models\\InventoryModel.php')
 3 SYSTEMPATH\Autoloader\Autoloader.php(271): CodeIgniter\Autoloader\Autoloader->loadInNamespace('App\\Models\\InventoryModel')
 4 APPPATH\Controllers\Inventory.php(13): CodeIgniter\Autoloader\Autoloader->loadClass('App\\Models\\InventoryModel')
 5 SYSTEMPATH\CodeIgniter.php(933): App\Controllers\Inventory->index()
 6 SYSTEMPATH\CodeIgniter.php(507): CodeIgniter\CodeIgniter->runController(Object(App\Controllers\Inventory))
 7 SYSTEMPATH\CodeIgniter.php(354): CodeIgniter\CodeIgniter->handleRequest(null, Object(Config\Cache), false)
 8 SYSTEMPATH\Boot.php(363): CodeIgniter\CodeIgniter->run()
 9 SYSTEMPATH\Boot.php(68): CodeIgniter\Boot::runCodeIgniter(Object(CodeIgniter\CodeIgniter))
10 FCPATH\index.php(59): CodeIgniter\Boot::bootWeb(Object(Config\Paths))
11 SYSTEMPATH\rewrite.php(44): require_once('C:\\Users\\Richard Miculob\\Documents\\ReliefTrack\\public\\index.php')
DEBUG - 2026-03-01 14:38:15 --> Session: Class initialized using 'CodeIgniter\Session\Handlers\FileHandler' driver.
DEBUG - 2026-03-01 14:38:18 --> Session: Class initialized using 'CodeIgniter\Session\Handlers\FileHandler' driver.
WARNING - 2026-03-01 14:38:18 --> [DEPRECATED] Optional parameter $familyMemberId declared before required parameter $distributorId is implicitly treated as a required parameter in APPPATH\Models\InventoryModel.php on line 139.
 1 SYSTEMPATH\Autoloader\Autoloader.php(315): include_once('C:\\Users\\Richard Miculob\\Documents\\ReliefTrack\\system\\Debug\\Exceptions.php')
 2 SYSTEMPATH\Autoloader\Autoloader.php(295): CodeIgniter\Autoloader\Autoloader->includeFile('C:\\Users\\Richard Miculob\\Documents\\ReliefTrack\\app\\Models\\InventoryModel.php')
 3 SYSTEMPATH\Autoloader\Autoloader.php(271): CodeIgniter\Autoloader\Autoloader->loadInNamespace('App\\Models\\InventoryModel')
 4 APPPATH\Controllers\Inventory.php(13): CodeIgniter\Autoloader\Autoloader->loadClass('App\\Models\\InventoryModel')
 5 SYSTEMPATH\CodeIgniter.php(933): App\Controllers\Inventory->index()
 6 SYSTEMPATH\CodeIgniter.php(507): CodeIgniter\CodeIgniter->runController(Object(App\Controllers\Inventory))
 7 SYSTEMPATH\CodeIgniter.php(354): CodeIgniter\CodeIgniter->handleRequest(null, Object(Config\Cache), false)
 8 SYSTEMPATH\Boot.php(363): CodeIgniter\CodeIgniter->run()
 9 SYSTEMPATH\Boot.php(68): CodeIgniter\Boot::runCodeIgniter(Object(CodeIgniter\CodeIgniter))
10 FCPATH\index.php(59): CodeIgniter\Boot::bootWeb(Object(Config\Paths))
11 SYSTEMPATH\rewrite.php(44): require_once('C:\\Users\\Richard Miculob\\Documents\\ReliefTrack\\public\\index.php')
DEBUG - 2026-03-01 14:38:19 --> Session: Class initialized using 'CodeIgniter\Session\Handlers\FileHandler' driver.
WARNING - 2026-03-01 14:38:19 --> [DEPRECATED] Optional parameter $familyMemberId declared before required parameter $distributorId is implicitly treated as a required parameter in APPPATH\Models\InventoryModel.php on line 139.
 1 SYSTEMPATH\Autoloader\Autoloader.php(315): include_once('C:\\Users\\Richard Miculob\\Documents\\ReliefTrack\\system\\Debug\\Exceptions.php')
 2 SYSTEMPATH\Autoloader\Autoloader.php(295): CodeIgniter\Autoloader\Autoloader->includeFile('C:\\Users\\Richard Miculob\\Documents\\ReliefTrack\\app\\Models\\InventoryModel.php')
 3 SYSTEMPATH\Autoloader\Autoloader.php(271): CodeIgniter\Autoloader\Autoloader->loadInNamespace('App\\Models\\InventoryModel')
 4 APPPATH\Controllers\Inventory.php(303): CodeIgniter\Autoloader\Autoloader->loadClass('App\\Models\\InventoryModel')
 5 SYSTEMPATH\CodeIgniter.php(933): App\Controllers\Inventory->viewBatch('23')
 6 SYSTEMPATH\CodeIgniter.php(507): CodeIgniter\CodeIgniter->runController(Object(App\Controllers\Inventory))
 7 SYSTEMPATH\CodeIgniter.php(354): CodeIgniter\CodeIgniter->handleRequest(null, Object(Config\Cache), false)
 8 SYSTEMPATH\Boot.php(363): CodeIgniter\CodeIgniter->run()
 9 SYSTEMPATH\Boot.php(68): CodeIgniter\Boot::runCodeIgniter(Object(CodeIgniter\CodeIgniter))
10 FCPATH\index.php(59): CodeIgniter\Boot::bootWeb(Object(Config\Paths))
11 SYSTEMPATH\rewrite.php(44): require_once('C:\\Users\\Richard Miculob\\Documents\\ReliefTrack\\public\\index.php')
DEBUG - 2026-03-01 14:38:34 --> Session: Class initialized using 'CodeIgniter\Session\Handlers\FileHandler' driver.
DEBUG - 2026-03-01 14:38:36 --> Session: Class initialized using 'CodeIgniter\Session\Handlers\FileHandler' driver.
WARNING - 2026-03-01 14:38:36 --> [DEPRECATED] Optional parameter $familyMemberId declared before required parameter $distributorId is implicitly treated as a required parameter in APPPATH\Models\InventoryModel.php on line 139.
 1 SYSTEMPATH\Autoloader\Autoloader.php(315): include_once('C:\\Users\\Richard Miculob\\Documents\\ReliefTrack\\system\\Debug\\Exceptions.php')
 2 SYSTEMPATH\Autoloader\Autoloader.php(295): CodeIgniter\Autoloader\Autoloader->includeFile('C:\\Users\\Richard Miculob\\Documents\\ReliefTrack\\app\\Models\\InventoryModel.php')
 3 SYSTEMPATH\Autoloader\Autoloader.php(271): CodeIgniter\Autoloader\Autoloader->loadInNamespace('App\\Models\\InventoryModel')
 4 APPPATH\Controllers\Inventory.php(13): CodeIgniter\Autoloader\Autoloader->loadClass('App\\Models\\InventoryModel')
 5 SYSTEMPATH\CodeIgniter.php(933): App\Controllers\Inventory->index()
 6 SYSTEMPATH\CodeIgniter.php(507): CodeIgniter\CodeIgniter->runController(Object(App\Controllers\Inventory))
 7 SYSTEMPATH\CodeIgniter.php(354): CodeIgniter\CodeIgniter->handleRequest(null, Object(Config\Cache), false)
 8 SYSTEMPATH\Boot.php(363): CodeIgniter\CodeIgniter->run()
 9 SYSTEMPATH\Boot.php(68): CodeIgniter\Boot::runCodeIgniter(Object(CodeIgniter\CodeIgniter))
10 FCPATH\index.php(59): CodeIgniter\Boot::bootWeb(Object(Config\Paths))
11 SYSTEMPATH\rewrite.php(44): require_once('C:\\Users\\Richard Miculob\\Documents\\ReliefTrack\\public\\index.php')
DEBUG - 2026-03-01 14:38:37 --> Session: Class initialized using 'CodeIgniter\Session\Handlers\FileHandler' driver.
WARNING - 2026-03-01 14:38:37 --> [DEPRECATED] Optional parameter $familyMemberId declared before required parameter $distributorId is implicitly treated as a required parameter in APPPATH\Models\InventoryModel.php on line 139.
 1 SYSTEMPATH\Autoloader\Autoloader.php(315): include_once('C:\\Users\\Richard Miculob\\Documents\\ReliefTrack\\system\\Debug\\Exceptions.php')
 2 SYSTEMPATH\Autoloader\Autoloader.php(295): CodeIgniter\Autoloader\Autoloader->includeFile('C:\\Users\\Richard Miculob\\Documents\\ReliefTrack\\app\\Models\\InventoryModel.php')
 3 SYSTEMPATH\Autoloader\Autoloader.php(271): CodeIgniter\Autoloader\Autoloader->loadInNamespace('App\\Models\\InventoryModel')
 4 APPPATH\Controllers\Inventory.php(303): CodeIgniter\Autoloader\Autoloader->loadClass('App\\Models\\InventoryModel')
 5 SYSTEMPATH\CodeIgniter.php(933): App\Controllers\Inventory->viewBatch('23')
 6 SYSTEMPATH\CodeIgniter.php(507): CodeIgniter\CodeIgniter->runController(Object(App\Controllers\Inventory))
 7 SYSTEMPATH\CodeIgniter.php(354): CodeIgniter\CodeIgniter->handleRequest(null, Object(Config\Cache), false)
 8 SYSTEMPATH\Boot.php(363): CodeIgniter\CodeIgniter->run()
 9 SYSTEMPATH\Boot.php(68): CodeIgniter\Boot::runCodeIgniter(Object(CodeIgniter\CodeIgniter))
10 FCPATH\index.php(59): CodeIgniter\Boot::bootWeb(Object(Config\Paths))
11 SYSTEMPATH\rewrite.php(44): require_once('C:\\Users\\Richard Miculob\\Documents\\ReliefTrack\\public\\index.php')
DEBUG - 2026-03-01 14:38:42 --> Session: Class initialized using 'CodeIgniter\Session\Handlers\FileHandler' driver.
DEBUG - 2026-03-01 14:38:42 --> Session: Class initialized using 'CodeIgniter\Session\Handlers\FileHandler' driver.
DEBUG - 2026-03-01 14:38:48 --> Session: Class initialized using 'CodeIgniter\Session\Handlers\FileHandler' driver.
DEBUG - 2026-03-01 14:38:49 --> Session: Class initialized using 'CodeIgniter\Session\Handlers\FileHandler' driver.
WARNING - 2026-03-01 14:38:49 --> [DEPRECATED] Optional parameter $familyMemberId declared before required parameter $distributorId is implicitly treated as a required parameter in APPPATH\Models\InventoryModel.php on line 139.
 1 SYSTEMPATH\Autoloader\Autoloader.php(315): include_once('C:\\Users\\Richard Miculob\\Documents\\ReliefTrack\\system\\Debug\\Exceptions.php')
 2 SYSTEMPATH\Autoloader\Autoloader.php(295): CodeIgniter\Autoloader\Autoloader->includeFile('C:\\Users\\Richard Miculob\\Documents\\ReliefTrack\\app\\Models\\InventoryModel.php')
 3 SYSTEMPATH\Autoloader\Autoloader.php(271): CodeIgniter\Autoloader\Autoloader->loadInNamespace('App\\Models\\InventoryModel')
 4 APPPATH\Controllers\Dashboard.php(22): CodeIgniter\Autoloader\Autoloader->loadClass('App\\Models\\InventoryModel')
 5 SYSTEMPATH\CodeIgniter.php(933): App\Controllers\Dashboard->index()
 6 SYSTEMPATH\CodeIgniter.php(507): CodeIgniter\CodeIgniter->runController(Object(App\Controllers\Dashboard))
 7 SYSTEMPATH\CodeIgniter.php(354): CodeIgniter\CodeIgniter->handleRequest(null, Object(Config\Cache), false)
 8 SYSTEMPATH\Boot.php(363): CodeIgniter\CodeIgniter->run()
 9 SYSTEMPATH\Boot.php(68): CodeIgniter\Boot::runCodeIgniter(Object(CodeIgniter\CodeIgniter))
10 FCPATH\index.php(59): CodeIgniter\Boot::bootWeb(Object(Config\Paths))
11 SYSTEMPATH\rewrite.php(44): require_once('C:\\Users\\Richard Miculob\\Documents\\ReliefTrack\\public\\index.php')
DEBUG - 2026-03-01 14:38:53 --> Session: Class initialized using 'CodeIgniter\Session\Handlers\FileHandler' driver.
WARNING - 2026-03-01 14:38:53 --> [DEPRECATED] Optional parameter $familyMemberId declared before required parameter $distributorId is implicitly treated as a required parameter in APPPATH\Models\InventoryModel.php on line 139.
 1 SYSTEMPATH\Autoloader\Autoloader.php(315): include_once('C:\\Users\\Richard Miculob\\Documents\\ReliefTrack\\system\\Debug\\Exceptions.php')
 2 SYSTEMPATH\Autoloader\Autoloader.php(295): CodeIgniter\Autoloader\Autoloader->includeFile('C:\\Users\\Richard Miculob\\Documents\\ReliefTrack\\app\\Models\\InventoryModel.php')
 3 SYSTEMPATH\Autoloader\Autoloader.php(271): CodeIgniter\Autoloader\Autoloader->loadInNamespace('App\\Models\\InventoryModel')
 4 APPPATH\Controllers\Inventory.php(13): CodeIgniter\Autoloader\Autoloader->loadClass('App\\Models\\InventoryModel')
 5 SYSTEMPATH\CodeIgniter.php(933): App\Controllers\Inventory->index()
 6 SYSTEMPATH\CodeIgniter.php(507): CodeIgniter\CodeIgniter->runController(Object(App\Controllers\Inventory))
 7 SYSTEMPATH\CodeIgniter.php(354): CodeIgniter\CodeIgniter->handleRequest(null, Object(Config\Cache), false)
 8 SYSTEMPATH\Boot.php(363): CodeIgniter\CodeIgniter->run()
 9 SYSTEMPATH\Boot.php(68): CodeIgniter\Boot::runCodeIgniter(Object(CodeIgniter\CodeIgniter))
10 FCPATH\index.php(59): CodeIgniter\Boot::bootWeb(Object(Config\Paths))
11 SYSTEMPATH\rewrite.php(44): require_once('C:\\Users\\Richard Miculob\\Documents\\ReliefTrack\\public\\index.php')
DEBUG - 2026-03-01 14:38:59 --> Session: Class initialized using 'CodeIgniter\Session\Handlers\FileHandler' driver.
DEBUG - 2026-03-01 14:39:06 --> Session: Class initialized using 'CodeIgniter\Session\Handlers\FileHandler' driver.
DEBUG - 2026-03-01 14:39:10 --> Session: Class initialized using 'CodeIgniter\Session\Handlers\FileHandler' driver.
DEBUG - 2026-03-01 14:39:10 --> Session: Class initialized using 'CodeIgniter\Session\Handlers\FileHandler' driver.
DEBUG - 2026-03-01 14:39:13 --> Session: Class initialized using 'CodeIgniter\Session\Handlers\FileHandler' driver.
WARNING - 2026-03-01 14:39:13 --> [DEPRECATED] Optional parameter $familyMemberId declared before required parameter $distributorId is implicitly treated as a required parameter in APPPATH\Models\InventoryModel.php on line 139.
 1 SYSTEMPATH\Autoloader\Autoloader.php(315): include_once('C:\\Users\\Richard Miculob\\Documents\\ReliefTrack\\system\\Debug\\Exceptions.php')
 2 SYSTEMPATH\Autoloader\Autoloader.php(295): CodeIgniter\Autoloader\Autoloader->includeFile('C:\\Users\\Richard Miculob\\Documents\\ReliefTrack\\app\\Models\\InventoryModel.php')
 3 SYSTEMPATH\Autoloader\Autoloader.php(271): CodeIgniter\Autoloader\Autoloader->loadInNamespace('App\\Models\\InventoryModel')
 4 APPPATH\Controllers\Distribution.php(30): CodeIgniter\Autoloader\Autoloader->loadClass('App\\Models\\InventoryModel')
 5 SYSTEMPATH\CodeIgniter.php(933): App\Controllers\Distribution->processScanView()
 6 SYSTEMPATH\CodeIgniter.php(507): CodeIgniter\CodeIgniter->runController(Object(App\Controllers\Distribution))
 7 SYSTEMPATH\CodeIgniter.php(354): CodeIgniter\CodeIgniter->handleRequest(null, Object(Config\Cache), false)
 8 SYSTEMPATH\Boot.php(363): CodeIgniter\CodeIgniter->run()
 9 SYSTEMPATH\Boot.php(68): CodeIgniter\Boot::runCodeIgniter(Object(CodeIgniter\CodeIgniter))
10 FCPATH\index.php(59): CodeIgniter\Boot::bootWeb(Object(Config\Paths))
11 SYSTEMPATH\rewrite.php(44): require_once('C:\\Users\\Richard Miculob\\Documents\\ReliefTrack\\public\\index.php')
DEBUG - 2026-03-01 14:39:23 --> Session: Class initialized using 'CodeIgniter\Session\Handlers\FileHandler' driver.
WARNING - 2026-03-01 14:39:23 --> [DEPRECATED] Optional parameter $familyMemberId declared before required parameter $distributorId is implicitly treated as a required parameter in APPPATH\Models\InventoryModel.php on line 139.
 1 SYSTEMPATH\Autoloader\Autoloader.php(315): include_once('C:\\Users\\Richard Miculob\\Documents\\ReliefTrack\\system\\Debug\\Exceptions.php')
 2 SYSTEMPATH\Autoloader\Autoloader.php(295): CodeIgniter\Autoloader\Autoloader->includeFile('C:\\Users\\Richard Miculob\\Documents\\ReliefTrack\\app\\Models\\InventoryModel.php')
 3 SYSTEMPATH\Autoloader\Autoloader.php(271): CodeIgniter\Autoloader\Autoloader->loadInNamespace('App\\Models\\InventoryModel')
 4 APPPATH\Controllers\Inventory.php(13): CodeIgniter\Autoloader\Autoloader->loadClass('App\\Models\\InventoryModel')
 5 SYSTEMPATH\CodeIgniter.php(933): App\Controllers\Inventory->index()
 6 SYSTEMPATH\CodeIgniter.php(507): CodeIgniter\CodeIgniter->runController(Object(App\Controllers\Inventory))
 7 SYSTEMPATH\CodeIgniter.php(354): CodeIgniter\CodeIgniter->handleRequest(null, Object(Config\Cache), false)
 8 SYSTEMPATH\Boot.php(363): CodeIgniter\CodeIgniter->run()
 9 SYSTEMPATH\Boot.php(68): CodeIgniter\Boot::runCodeIgniter(Object(CodeIgniter\CodeIgniter))
10 FCPATH\index.php(59): CodeIgniter\Boot::bootWeb(Object(Config\Paths))
11 SYSTEMPATH\rewrite.php(44): require_once('C:\\Users\\Richard Miculob\\Documents\\ReliefTrack\\public\\index.php')
DEBUG - 2026-03-01 14:39:50 --> Session: Class initialized using 'CodeIgniter\Session\Handlers\FileHandler' driver.
DEBUG - 2026-03-01 14:40:02 --> Session: Class initialized using 'CodeIgniter\Session\Handlers\FileHandler' driver.
DEBUG - 2026-03-01 14:40:04 --> Session: Class initialized using 'CodeIgniter\Session\Handlers\FileHandler' driver.
DEBUG - 2026-03-01 14:40:04 --> Session: Class initialized using 'CodeIgniter\Session\Handlers\FileHandler' driver.
DEBUG - 2026-03-01 14:40:10 --> Session: Class initialized using 'CodeIgniter\Session\Handlers\FileHandler' driver.
WARNING - 2026-03-01 14:40:10 --> [DEPRECATED] Optional parameter $familyMemberId declared before required parameter $distributorId is implicitly treated as a required parameter in APPPATH\Models\InventoryModel.php on line 139.
 1 SYSTEMPATH\Autoloader\Autoloader.php(315): include_once('C:\\Users\\Richard Miculob\\Documents\\ReliefTrack\\system\\Debug\\Exceptions.php')
 2 SYSTEMPATH\Autoloader\Autoloader.php(295): CodeIgniter\Autoloader\Autoloader->includeFile('C:\\Users\\Richard Miculob\\Documents\\ReliefTrack\\app\\Models\\InventoryModel.php')
 3 SYSTEMPATH\Autoloader\Autoloader.php(271): CodeIgniter\Autoloader\Autoloader->loadInNamespace('App\\Models\\InventoryModel')
 4 APPPATH\Controllers\Distribution.php(30): CodeIgniter\Autoloader\Autoloader->loadClass('App\\Models\\InventoryModel')
 5 SYSTEMPATH\CodeIgniter.php(933): App\Controllers\Distribution->processScanView()
 6 SYSTEMPATH\CodeIgniter.php(507): CodeIgniter\CodeIgniter->runController(Object(App\Controllers\Distribution))
 7 SYSTEMPATH\CodeIgniter.php(354): CodeIgniter\CodeIgniter->handleRequest(null, Object(Config\Cache), false)
 8 SYSTEMPATH\Boot.php(363): CodeIgniter\CodeIgniter->run()
 9 SYSTEMPATH\Boot.php(68): CodeIgniter\Boot::runCodeIgniter(Object(CodeIgniter\CodeIgniter))
10 FCPATH\index.php(59): CodeIgniter\Boot::bootWeb(Object(Config\Paths))
11 SYSTEMPATH\rewrite.php(44): require_once('C:\\Users\\Richard Miculob\\Documents\\ReliefTrack\\public\\index.php')
DEBUG - 2026-03-01 14:40:29 --> Session: Class initialized using 'CodeIgniter\Session\Handlers\FileHandler' driver.
DEBUG - 2026-03-01 14:40:30 --> Session: Class initialized using 'CodeIgniter\Session\Handlers\FileHandler' driver.
DEBUG - 2026-03-01 14:40:30 --> Session: Class initialized using 'CodeIgniter\Session\Handlers\FileHandler' driver.
DEBUG - 2026-03-01 14:44:16 --> Session: Class initialized using 'CodeIgniter\Session\Handlers\FileHandler' driver.
WARNING - 2026-03-01 14:44:16 --> [DEPRECATED] Optional parameter $familyMemberId declared before required parameter $distributorId is implicitly treated as a required parameter in APPPATH\Models\InventoryModel.php on line 139.
 1 SYSTEMPATH\Autoloader\Autoloader.php(315): include_once('C:\\Users\\Richard Miculob\\Documents\\ReliefTrack\\system\\Debug\\Exceptions.php')
 2 SYSTEMPATH\Autoloader\Autoloader.php(295): CodeIgniter\Autoloader\Autoloader->includeFile('C:\\Users\\Richard Miculob\\Documents\\ReliefTrack\\app\\Models\\InventoryModel.php')
 3 SYSTEMPATH\Autoloader\Autoloader.php(271): CodeIgniter\Autoloader\Autoloader->loadInNamespace('App\\Models\\InventoryModel')
 4 APPPATH\Controllers\Inventory.php(352): CodeIgniter\Autoloader\Autoloader->loadClass('App\\Models\\InventoryModel')
 5 SYSTEMPATH\CodeIgniter.php(933): App\Controllers\Inventory->batches('21')
 6 SYSTEMPATH\CodeIgniter.php(507): CodeIgniter\CodeIgniter->runController(Object(App\Controllers\Inventory))
 7 SYSTEMPATH\CodeIgniter.php(354): CodeIgniter\CodeIgniter->handleRequest(null, Object(Config\Cache), false)
 8 SYSTEMPATH\Boot.php(363): CodeIgniter\CodeIgniter->run()
 9 SYSTEMPATH\Boot.php(68): CodeIgniter\Boot::runCodeIgniter(Object(CodeIgniter\CodeIgniter))
10 FCPATH\index.php(59): CodeIgniter\Boot::bootWeb(Object(Config\Paths))
11 SYSTEMPATH\rewrite.php(44): require_once('C:\\Users\\Richard Miculob\\Documents\\ReliefTrack\\public\\index.php')
DEBUG - 2026-03-01 14:45:49 --> Session: Class initialized using 'CodeIgniter\Session\Handlers\FileHandler' driver.
WARNING - 2026-03-01 14:45:49 --> [DEPRECATED] Optional parameter $familyMemberId declared before required parameter $distributorId is implicitly treated as a required parameter in APPPATH\Models\InventoryModel.php on line 139.
 1 SYSTEMPATH\Autoloader\Autoloader.php(315): include_once('C:\\Users\\Richard Miculob\\Documents\\ReliefTrack\\system\\Debug\\Exceptions.php')
 2 SYSTEMPATH\Autoloader\Autoloader.php(295): CodeIgniter\Autoloader\Autoloader->includeFile('C:\\Users\\Richard Miculob\\Documents\\ReliefTrack\\app\\Models\\InventoryModel.php')
 3 SYSTEMPATH\Autoloader\Autoloader.php(271): CodeIgniter\Autoloader\Autoloader->loadInNamespace('App\\Models\\InventoryModel')
 4 APPPATH\Controllers\Inventory.php(13): CodeIgniter\Autoloader\Autoloader->loadClass('App\\Models\\InventoryModel')
 5 SYSTEMPATH\CodeIgniter.php(933): App\Controllers\Inventory->index()
 6 SYSTEMPATH\CodeIgniter.php(507): CodeIgniter\CodeIgniter->runController(Object(App\Controllers\Inventory))
 7 SYSTEMPATH\CodeIgniter.php(354): CodeIgniter\CodeIgniter->handleRequest(null, Object(Config\Cache), false)
 8 SYSTEMPATH\Boot.php(363): CodeIgniter\CodeIgniter->run()
 9 SYSTEMPATH\Boot.php(68): CodeIgniter\Boot::runCodeIgniter(Object(CodeIgniter\CodeIgniter))
10 FCPATH\index.php(59): CodeIgniter\Boot::bootWeb(Object(Config\Paths))
11 SYSTEMPATH\rewrite.php(44): require_once('C:\\Users\\Richard Miculob\\Documents\\ReliefTrack\\public\\index.php')
DEBUG - 2026-03-01 14:45:57 --> Session: Class initialized using 'CodeIgniter\Session\Handlers\FileHandler' driver.
WARNING - 2026-03-01 14:45:57 --> [DEPRECATED] Optional parameter $familyMemberId declared before required parameter $distributorId is implicitly treated as a required parameter in APPPATH\Models\InventoryModel.php on line 139.
 1 SYSTEMPATH\Autoloader\Autoloader.php(315): include_once('C:\\Users\\Richard Miculob\\Documents\\ReliefTrack\\system\\Debug\\Exceptions.php')
 2 SYSTEMPATH\Autoloader\Autoloader.php(295): CodeIgniter\Autoloader\Autoloader->includeFile('C:\\Users\\Richard Miculob\\Documents\\ReliefTrack\\app\\Models\\InventoryModel.php')
 3 SYSTEMPATH\Autoloader\Autoloader.php(271): CodeIgniter\Autoloader\Autoloader->loadInNamespace('App\\Models\\InventoryModel')
 4 APPPATH\Controllers\Inventory.php(352): CodeIgniter\Autoloader\Autoloader->loadClass('App\\Models\\InventoryModel')
 5 SYSTEMPATH\CodeIgniter.php(933): App\Controllers\Inventory->batches('21')
 6 SYSTEMPATH\CodeIgniter.php(507): CodeIgniter\CodeIgniter->runController(Object(App\Controllers\Inventory))
 7 SYSTEMPATH\CodeIgniter.php(354): CodeIgniter\CodeIgniter->handleRequest(null, Object(Config\Cache), false)
 8 SYSTEMPATH\Boot.php(363): CodeIgniter\CodeIgniter->run()
 9 SYSTEMPATH\Boot.php(68): CodeIgniter\Boot::runCodeIgniter(Object(CodeIgniter\CodeIgniter))
10 FCPATH\index.php(59): CodeIgniter\Boot::bootWeb(Object(Config\Paths))
11 SYSTEMPATH\rewrite.php(44): require_once('C:\\Users\\Richard Miculob\\Documents\\ReliefTrack\\public\\index.php')
DEBUG - 2026-03-01 14:46:01 --> Session: Class initialized using 'CodeIgniter\Session\Handlers\FileHandler' driver.
WARNING - 2026-03-01 14:46:01 --> [DEPRECATED] Optional parameter $familyMemberId declared before required parameter $distributorId is implicitly treated as a required parameter in APPPATH\Models\InventoryModel.php on line 139.
 1 SYSTEMPATH\Autoloader\Autoloader.php(315): include_once('C:\\Users\\Richard Miculob\\Documents\\ReliefTrack\\system\\Debug\\Exceptions.php')
 2 SYSTEMPATH\Autoloader\Autoloader.php(295): CodeIgniter\Autoloader\Autoloader->includeFile('C:\\Users\\Richard Miculob\\Documents\\ReliefTrack\\app\\Models\\InventoryModel.php')
 3 SYSTEMPATH\Autoloader\Autoloader.php(271): CodeIgniter\Autoloader\Autoloader->loadInNamespace('App\\Models\\InventoryModel')
 4 APPPATH\Controllers\Inventory.php(303): CodeIgniter\Autoloader\Autoloader->loadClass('App\\Models\\InventoryModel')
 5 SYSTEMPATH\CodeIgniter.php(933): App\Controllers\Inventory->viewBatch('23')
 6 SYSTEMPATH\CodeIgniter.php(507): CodeIgniter\CodeIgniter->runController(Object(App\Controllers\Inventory))
 7 SYSTEMPATH\CodeIgniter.php(354): CodeIgniter\CodeIgniter->handleRequest(null, Object(Config\Cache), false)
 8 SYSTEMPATH\Boot.php(363): CodeIgniter\CodeIgniter->run()
 9 SYSTEMPATH\Boot.php(68): CodeIgniter\Boot::runCodeIgniter(Object(CodeIgniter\CodeIgniter))
10 FCPATH\index.php(59): CodeIgniter\Boot::bootWeb(Object(Config\Paths))
11 SYSTEMPATH\rewrite.php(44): require_once('C:\\Users\\Richard Miculob\\Documents\\ReliefTrack\\public\\index.php')
DEBUG - 2026-03-01 14:48:03 --> Session: Class initialized using 'CodeIgniter\Session\Handlers\FileHandler' driver.
DEBUG - 2026-03-01 14:48:06 --> Session: Class initialized using 'CodeIgniter\Session\Handlers\FileHandler' driver.
DEBUG - 2026-03-01 14:48:06 --> Session: Class initialized using 'CodeIgniter\Session\Handlers\FileHandler' driver.
DEBUG - 2026-03-01 14:48:12 --> Session: Class initialized using 'CodeIgniter\Session\Handlers\FileHandler' driver.
DEBUG - 2026-03-01 14:48:12 --> Session: Class initialized using 'CodeIgniter\Session\Handlers\FileHandler' driver.
WARNING - 2026-03-01 14:48:12 --> [DEPRECATED] Optional parameter $familyMemberId declared before required parameter $distributorId is implicitly treated as a required parameter in APPPATH\Models\InventoryModel.php on line 139.
 1 SYSTEMPATH\Autoloader\Autoloader.php(315): include_once('C:\\Users\\Richard Miculob\\Documents\\ReliefTrack\\system\\Debug\\Exceptions.php')
 2 SYSTEMPATH\Autoloader\Autoloader.php(295): CodeIgniter\Autoloader\Autoloader->includeFile('C:\\Users\\Richard Miculob\\Documents\\ReliefTrack\\app\\Models\\InventoryModel.php')
 3 SYSTEMPATH\Autoloader\Autoloader.php(271): CodeIgniter\Autoloader\Autoloader->loadInNamespace('App\\Models\\InventoryModel')
 4 APPPATH\Controllers\Dashboard.php(22): CodeIgniter\Autoloader\Autoloader->loadClass('App\\Models\\InventoryModel')
 5 SYSTEMPATH\CodeIgniter.php(933): App\Controllers\Dashboard->index()
 6 SYSTEMPATH\CodeIgniter.php(507): CodeIgniter\CodeIgniter->runController(Object(App\Controllers\Dashboard))
 7 SYSTEMPATH\CodeIgniter.php(354): CodeIgniter\CodeIgniter->handleRequest(null, Object(Config\Cache), false)
 8 SYSTEMPATH\Boot.php(363): CodeIgniter\CodeIgniter->run()
 9 SYSTEMPATH\Boot.php(68): CodeIgniter\Boot::runCodeIgniter(Object(CodeIgniter\CodeIgniter))
10 FCPATH\index.php(59): CodeIgniter\Boot::bootWeb(Object(Config\Paths))
11 SYSTEMPATH\rewrite.php(44): require_once('C:\\Users\\Richard Miculob\\Documents\\ReliefTrack\\public\\index.php')
DEBUG - 2026-03-01 14:48:14 --> Session: Class initialized using 'CodeIgniter\Session\Handlers\FileHandler' driver.
WARNING - 2026-03-01 14:48:14 --> [DEPRECATED] Optional parameter $familyMemberId declared before required parameter $distributorId is implicitly treated as a required parameter in APPPATH\Models\InventoryModel.php on line 139.
 1 SYSTEMPATH\Autoloader\Autoloader.php(315): include_once('C:\\Users\\Richard Miculob\\Documents\\ReliefTrack\\system\\Debug\\Exceptions.php')
 2 SYSTEMPATH\Autoloader\Autoloader.php(295): CodeIgniter\Autoloader\Autoloader->includeFile('C:\\Users\\Richard Miculob\\Documents\\ReliefTrack\\app\\Models\\InventoryModel.php')
 3 SYSTEMPATH\Autoloader\Autoloader.php(271): CodeIgniter\Autoloader\Autoloader->loadInNamespace('App\\Models\\InventoryModel')
 4 APPPATH\Controllers\Inventory.php(13): CodeIgniter\Autoloader\Autoloader->loadClass('App\\Models\\InventoryModel')
 5 SYSTEMPATH\CodeIgniter.php(933): App\Controllers\Inventory->index()
 6 SYSTEMPATH\CodeIgniter.php(507): CodeIgniter\CodeIgniter->runController(Object(App\Controllers\Inventory))
 7 SYSTEMPATH\CodeIgniter.php(354): CodeIgniter\CodeIgniter->handleRequest(null, Object(Config\Cache), false)
 8 SYSTEMPATH\Boot.php(363): CodeIgniter\CodeIgniter->run()
 9 SYSTEMPATH\Boot.php(68): CodeIgniter\Boot::runCodeIgniter(Object(CodeIgniter\CodeIgniter))
10 FCPATH\index.php(59): CodeIgniter\Boot::bootWeb(Object(Config\Paths))
11 SYSTEMPATH\rewrite.php(44): require_once('C:\\Users\\Richard Miculob\\Documents\\ReliefTrack\\public\\index.php')
DEBUG - 2026-03-01 14:48:17 --> Session: Class initialized using 'CodeIgniter\Session\Handlers\FileHandler' driver.
WARNING - 2026-03-01 14:48:17 --> [DEPRECATED] Optional parameter $familyMemberId declared before required parameter $distributorId is implicitly treated as a required parameter in APPPATH\Models\InventoryModel.php on line 139.
 1 SYSTEMPATH\Autoloader\Autoloader.php(315): include_once('C:\\Users\\Richard Miculob\\Documents\\ReliefTrack\\system\\Debug\\Exceptions.php')
 2 SYSTEMPATH\Autoloader\Autoloader.php(295): CodeIgniter\Autoloader\Autoloader->includeFile('C:\\Users\\Richard Miculob\\Documents\\ReliefTrack\\app\\Models\\InventoryModel.php')
 3 SYSTEMPATH\Autoloader\Autoloader.php(271): CodeIgniter\Autoloader\Autoloader->loadInNamespace('App\\Models\\InventoryModel')
 4 APPPATH\Controllers\Inventory.php(13): CodeIgniter\Autoloader\Autoloader->loadClass('App\\Models\\InventoryModel')
 5 SYSTEMPATH\CodeIgniter.php(933): App\Controllers\Inventory->index()
 6 SYSTEMPATH\CodeIgniter.php(507): CodeIgniter\CodeIgniter->runController(Object(App\Controllers\Inventory))
 7 SYSTEMPATH\CodeIgniter.php(354): CodeIgniter\CodeIgniter->handleRequest(null, Object(Config\Cache), false)
 8 SYSTEMPATH\Boot.php(363): CodeIgniter\CodeIgniter->run()
 9 SYSTEMPATH\Boot.php(68): CodeIgniter\Boot::runCodeIgniter(Object(CodeIgniter\CodeIgniter))
10 FCPATH\index.php(59): CodeIgniter\Boot::bootWeb(Object(Config\Paths))
11 SYSTEMPATH\rewrite.php(44): require_once('C:\\Users\\Richard Miculob\\Documents\\ReliefTrack\\public\\index.php')
DEBUG - 2026-03-01 14:48:19 --> Session: Class initialized using 'CodeIgniter\Session\Handlers\FileHandler' driver.
DEBUG - 2026-03-01 14:53:47 --> Session: Class initialized using 'CodeIgniter\Session\Handlers\FileHandler' driver.
WARNING - 2026-03-01 14:53:47 --> [DEPRECATED] Optional parameter $familyMemberId declared before required parameter $distributorId is implicitly treated as a required parameter in APPPATH\Models\InventoryModel.php on line 139.
 1 SYSTEMPATH\Autoloader\Autoloader.php(315): include_once('C:\\Users\\Richard Miculob\\Documents\\ReliefTrack\\system\\Debug\\Exceptions.php')
 2 SYSTEMPATH\Autoloader\Autoloader.php(295): CodeIgniter\Autoloader\Autoloader->includeFile('C:\\Users\\Richard Miculob\\Documents\\ReliefTrack\\app\\Models\\InventoryModel.php')
 3 SYSTEMPATH\Autoloader\Autoloader.php(271): CodeIgniter\Autoloader\Autoloader->loadInNamespace('App\\Models\\InventoryModel')
 4 APPPATH\Controllers\Inventory.php(352): CodeIgniter\Autoloader\Autoloader->loadClass('App\\Models\\InventoryModel')
 5 SYSTEMPATH\CodeIgniter.php(933): App\Controllers\Inventory->batches('21')
 6 SYSTEMPATH\CodeIgniter.php(507): CodeIgniter\CodeIgniter->runController(Object(App\Controllers\Inventory))
 7 SYSTEMPATH\CodeIgniter.php(354): CodeIgniter\CodeIgniter->handleRequest(null, Object(Config\Cache), false)
 8 SYSTEMPATH\Boot.php(363): CodeIgniter\CodeIgniter->run()
 9 SYSTEMPATH\Boot.php(68): CodeIgniter\Boot::runCodeIgniter(Object(CodeIgniter\CodeIgniter))
10 FCPATH\index.php(59): CodeIgniter\Boot::bootWeb(Object(Config\Paths))
11 SYSTEMPATH\rewrite.php(44): require_once('C:\\Users\\Richard Miculob\\Documents\\ReliefTrack\\public\\index.php')
DEBUG - 2026-03-01 14:53:49 --> Session: Class initialized using 'CodeIgniter\Session\Handlers\FileHandler' driver.
WARNING - 2026-03-01 14:53:49 --> [DEPRECATED] Optional parameter $familyMemberId declared before required parameter $distributorId is implicitly treated as a required parameter in APPPATH\Models\InventoryModel.php on line 139.
 1 SYSTEMPATH\Autoloader\Autoloader.php(315): include_once('C:\\Users\\Richard Miculob\\Documents\\ReliefTrack\\system\\Debug\\Exceptions.php')
 2 SYSTEMPATH\Autoloader\Autoloader.php(295): CodeIgniter\Autoloader\Autoloader->includeFile('C:\\Users\\Richard Miculob\\Documents\\ReliefTrack\\app\\Models\\InventoryModel.php')
 3 SYSTEMPATH\Autoloader\Autoloader.php(271): CodeIgniter\Autoloader\Autoloader->loadInNamespace('App\\Models\\InventoryModel')
 4 APPPATH\Controllers\Inventory.php(13): CodeIgniter\Autoloader\Autoloader->loadClass('App\\Models\\InventoryModel')
 5 SYSTEMPATH\CodeIgniter.php(933): App\Controllers\Inventory->index()
 6 SYSTEMPATH\CodeIgniter.php(507): CodeIgniter\CodeIgniter->runController(Object(App\Controllers\Inventory))
 7 SYSTEMPATH\CodeIgniter.php(354): CodeIgniter\CodeIgniter->handleRequest(null, Object(Config\Cache), false)
 8 SYSTEMPATH\Boot.php(363): CodeIgniter\CodeIgniter->run()
 9 SYSTEMPATH\Boot.php(68): CodeIgniter\Boot::runCodeIgniter(Object(CodeIgniter\CodeIgniter))
10 FCPATH\index.php(59): CodeIgniter\Boot::bootWeb(Object(Config\Paths))
11 SYSTEMPATH\rewrite.php(44): require_once('C:\\Users\\Richard Miculob\\Documents\\ReliefTrack\\public\\index.php')
DEBUG - 2026-03-01 14:53:51 --> Session: Class initialized using 'CodeIgniter\Session\Handlers\FileHandler' driver.
DEBUG - 2026-03-01 15:15:43 --> Session: Class initialized using 'CodeIgniter\Session\Handlers\FileHandler' driver.
DEBUG - 2026-03-01 15:16:08 --> Session: Class initialized using 'CodeIgniter\Session\Handlers\FileHandler' driver.
DEBUG - 2026-03-01 15:17:37 --> Session: Class initialized using 'CodeIgniter\Session\Handlers\FileHandler' driver.
DEBUG - 2026-03-01 15:17:54 --> Session: Class initialized using 'CodeIgniter\Session\Handlers\FileHandler' driver.
DEBUG - 2026-03-01 15:18:27 --> Session: Class initialized using 'CodeIgniter\Session\Handlers\FileHandler' driver.
DEBUG - 2026-03-01 15:19:35 --> Session: Class initialized using 'CodeIgniter\Session\Handlers\FileHandler' driver.
DEBUG - 2026-03-01 15:19:59 --> Session: Class initialized using 'CodeIgniter\Session\Handlers\FileHandler' driver.
DEBUG - 2026-03-01 15:20:00 --> Session: Class initialized using 'CodeIgniter\Session\Handlers\FileHandler' driver.
WARNING - 2026-03-01 15:20:00 --> [DEPRECATED] Optional parameter $familyMemberId declared before required parameter $distributorId is implicitly treated as a required parameter in APPPATH\Models\InventoryModel.php on line 141.
 1 SYSTEMPATH\Autoloader\Autoloader.php(315): include_once('C:\\Users\\Richard Miculob\\Documents\\ReliefTrack\\system\\Debug\\Exceptions.php')
 2 SYSTEMPATH\Autoloader\Autoloader.php(295): CodeIgniter\Autoloader\Autoloader->includeFile('C:\\Users\\Richard Miculob\\Documents\\ReliefTrack\\app\\Models\\InventoryModel.php')
 3 SYSTEMPATH\Autoloader\Autoloader.php(271): CodeIgniter\Autoloader\Autoloader->loadInNamespace('App\\Models\\InventoryModel')
 4 APPPATH\Controllers\Inventory.php(13): CodeIgniter\Autoloader\Autoloader->loadClass('App\\Models\\InventoryModel')
 5 SYSTEMPATH\CodeIgniter.php(933): App\Controllers\Inventory->index()
 6 SYSTEMPATH\CodeIgniter.php(507): CodeIgniter\CodeIgniter->runController(Object(App\Controllers\Inventory))
 7 SYSTEMPATH\CodeIgniter.php(354): CodeIgniter\CodeIgniter->handleRequest(null, Object(Config\Cache), false)
 8 SYSTEMPATH\Boot.php(363): CodeIgniter\CodeIgniter->run()
 9 SYSTEMPATH\Boot.php(68): CodeIgniter\Boot::runCodeIgniter(Object(CodeIgniter\CodeIgniter))
10 FCPATH\index.php(59): CodeIgniter\Boot::bootWeb(Object(Config\Paths))
11 SYSTEMPATH\rewrite.php(44): require_once('C:\\Users\\Richard Miculob\\Documents\\ReliefTrack\\public\\index.php')
DEBUG - 2026-03-01 15:20:01 --> Session: Class initialized using 'CodeIgniter\Session\Handlers\FileHandler' driver.
WARNING - 2026-03-01 15:20:01 --> [DEPRECATED] Optional parameter $familyMemberId declared before required parameter $distributorId is implicitly treated as a required parameter in APPPATH\Models\InventoryModel.php on line 141.
 1 SYSTEMPATH\Autoloader\Autoloader.php(315): include_once('C:\\Users\\Richard Miculob\\Documents\\ReliefTrack\\system\\Debug\\Exceptions.php')
 2 SYSTEMPATH\Autoloader\Autoloader.php(295): CodeIgniter\Autoloader\Autoloader->includeFile('C:\\Users\\Richard Miculob\\Documents\\ReliefTrack\\app\\Models\\InventoryModel.php')
 3 SYSTEMPATH\Autoloader\Autoloader.php(271): CodeIgniter\Autoloader\Autoloader->loadInNamespace('App\\Models\\InventoryModel')
 4 APPPATH\Controllers\Inventory.php(13): CodeIgniter\Autoloader\Autoloader->loadClass('App\\Models\\InventoryModel')
 5 SYSTEMPATH\CodeIgniter.php(933): App\Controllers\Inventory->index()
 6 SYSTEMPATH\CodeIgniter.php(507): CodeIgniter\CodeIgniter->runController(Object(App\Controllers\Inventory))
 7 SYSTEMPATH\CodeIgniter.php(354): CodeIgniter\CodeIgniter->handleRequest(null, Object(Config\Cache), false)
 8 SYSTEMPATH\Boot.php(363): CodeIgniter\CodeIgniter->run()
 9 SYSTEMPATH\Boot.php(68): CodeIgniter\Boot::runCodeIgniter(Object(CodeIgniter\CodeIgniter))
10 FCPATH\index.php(59): CodeIgniter\Boot::bootWeb(Object(Config\Paths))
11 SYSTEMPATH\rewrite.php(44): require_once('C:\\Users\\Richard Miculob\\Documents\\ReliefTrack\\public\\index.php')
DEBUG - 2026-03-01 15:20:03 --> Session: Class initialized using 'CodeIgniter\Session\Handlers\FileHandler' driver.
DEBUG - 2026-03-01 15:20:49 --> Session: Class initialized using 'CodeIgniter\Session\Handlers\FileHandler' driver.
DEBUG - 2026-03-01 15:21:26 --> Session: Class initialized using 'CodeIgniter\Session\Handlers\FileHandler' driver.
DEBUG - 2026-03-01 15:21:45 --> Session: Class initialized using 'CodeIgniter\Session\Handlers\FileHandler' driver.
DEBUG - 2026-03-01 15:22:52 --> Session: Class initialized using 'CodeIgniter\Session\Handlers\FileHandler' driver.
DEBUG - 2026-03-01 15:23:39 --> Session: Class initialized using 'CodeIgniter\Session\Handlers\FileHandler' driver.
WARNING - 2026-03-01 15:23:39 --> [DEPRECATED] Optional parameter $familyMemberId declared before required parameter $distributorId is implicitly treated as a required parameter in APPPATH\Models\InventoryModel.php on line 141.
 1 SYSTEMPATH\Autoloader\Autoloader.php(315): include_once('C:\\Users\\Richard Miculob\\Documents\\ReliefTrack\\system\\Debug\\Exceptions.php')
 2 SYSTEMPATH\Autoloader\Autoloader.php(295): CodeIgniter\Autoloader\Autoloader->includeFile('C:\\Users\\Richard Miculob\\Documents\\ReliefTrack\\app\\Models\\InventoryModel.php')
 3 SYSTEMPATH\Autoloader\Autoloader.php(271): CodeIgniter\Autoloader\Autoloader->loadInNamespace('App\\Models\\InventoryModel')
 4 APPPATH\Controllers\Inventory.php(13): CodeIgniter\Autoloader\Autoloader->loadClass('App\\Models\\InventoryModel')
 5 SYSTEMPATH\CodeIgniter.php(933): App\Controllers\Inventory->index()
 6 SYSTEMPATH\CodeIgniter.php(507): CodeIgniter\CodeIgniter->runController(Object(App\Controllers\Inventory))
 7 SYSTEMPATH\CodeIgniter.php(354): CodeIgniter\CodeIgniter->handleRequest(null, Object(Config\Cache), false)
 8 SYSTEMPATH\Boot.php(363): CodeIgniter\CodeIgniter->run()
 9 SYSTEMPATH\Boot.php(68): CodeIgniter\Boot::runCodeIgniter(Object(CodeIgniter\CodeIgniter))
10 FCPATH\index.php(59): CodeIgniter\Boot::bootWeb(Object(Config\Paths))
11 SYSTEMPATH\rewrite.php(44): require_once('C:\\Users\\Richard Miculob\\Documents\\ReliefTrack\\public\\index.php')
DEBUG - 2026-03-01 15:23:41 --> Session: Class initialized using 'CodeIgniter\Session\Handlers\FileHandler' driver.
DEBUG - 2026-03-01 15:23:42 --> Session: Class initialized using 'CodeIgniter\Session\Handlers\FileHandler' driver.
DEBUG - 2026-03-01 15:23:42 --> Session: Class initialized using 'CodeIgniter\Session\Handlers\FileHandler' driver.
DEBUG - 2026-03-01 15:23:46 --> Session: Class initialized using 'CodeIgniter\Session\Handlers\FileHandler' driver.
WARNING - 2026-03-01 15:23:46 --> [DEPRECATED] Optional parameter $familyMemberId declared before required parameter $distributorId is implicitly treated as a required parameter in APPPATH\Models\InventoryModel.php on line 141.
 1 SYSTEMPATH\Autoloader\Autoloader.php(315): include_once('C:\\Users\\Richard Miculob\\Documents\\ReliefTrack\\system\\Debug\\Exceptions.php')
 2 SYSTEMPATH\Autoloader\Autoloader.php(295): CodeIgniter\Autoloader\Autoloader->includeFile('C:\\Users\\Richard Miculob\\Documents\\ReliefTrack\\app\\Models\\InventoryModel.php')
 3 SYSTEMPATH\Autoloader\Autoloader.php(271): CodeIgniter\Autoloader\Autoloader->loadInNamespace('App\\Models\\InventoryModel')
 4 APPPATH\Controllers\Inventory.php(402): CodeIgniter\Autoloader\Autoloader->loadClass('App\\Models\\InventoryModel')
 5 SYSTEMPATH\CodeIgniter.php(933): App\Controllers\Inventory->delete('21')
 6 SYSTEMPATH\CodeIgniter.php(507): CodeIgniter\CodeIgniter->runController(Object(App\Controllers\Inventory))
 7 SYSTEMPATH\CodeIgniter.php(354): CodeIgniter\CodeIgniter->handleRequest(null, Object(Config\Cache), false)
 8 SYSTEMPATH\Boot.php(363): CodeIgniter\CodeIgniter->run()
 9 SYSTEMPATH\Boot.php(68): CodeIgniter\Boot::runCodeIgniter(Object(CodeIgniter\CodeIgniter))
10 FCPATH\index.php(59): CodeIgniter\Boot::bootWeb(Object(Config\Paths))
11 SYSTEMPATH\rewrite.php(44): require_once('C:\\Users\\Richard Miculob\\Documents\\ReliefTrack\\public\\index.php')
DEBUG - 2026-03-01 15:23:46 --> Session: Class initialized using 'CodeIgniter\Session\Handlers\FileHandler' driver.
WARNING - 2026-03-01 15:23:46 --> [DEPRECATED] Optional parameter $familyMemberId declared before required parameter $distributorId is implicitly treated as a required parameter in APPPATH\Models\InventoryModel.php on line 141.
 1 SYSTEMPATH\Autoloader\Autoloader.php(315): include_once('C:\\Users\\Richard Miculob\\Documents\\ReliefTrack\\system\\Debug\\Exceptions.php')
 2 SYSTEMPATH\Autoloader\Autoloader.php(295): CodeIgniter\Autoloader\Autoloader->includeFile('C:\\Users\\Richard Miculob\\Documents\\ReliefTrack\\app\\Models\\InventoryModel.php')
 3 SYSTEMPATH\Autoloader\Autoloader.php(271): CodeIgniter\Autoloader\Autoloader->loadInNamespace('App\\Models\\InventoryModel')
 4 APPPATH\Controllers\Inventory.php(13): CodeIgniter\Autoloader\Autoloader->loadClass('App\\Models\\InventoryModel')
 5 SYSTEMPATH\CodeIgniter.php(933): App\Controllers\Inventory->index()
 6 SYSTEMPATH\CodeIgniter.php(507): CodeIgniter\CodeIgniter->runController(Object(App\Controllers\Inventory))
 7 SYSTEMPATH\CodeIgniter.php(354): CodeIgniter\CodeIgniter->handleRequest(null, Object(Config\Cache), false)
 8 SYSTEMPATH\Boot.php(363): CodeIgniter\CodeIgniter->run()
 9 SYSTEMPATH\Boot.php(68): CodeIgniter\Boot::runCodeIgniter(Object(CodeIgniter\CodeIgniter))
10 FCPATH\index.php(59): CodeIgniter\Boot::bootWeb(Object(Config\Paths))
11 SYSTEMPATH\rewrite.php(44): require_once('C:\\Users\\Richard Miculob\\Documents\\ReliefTrack\\public\\index.php')
DEBUG - 2026-03-01 15:23:49 --> Session: Class initialized using 'CodeIgniter\Session\Handlers\FileHandler' driver.
DEBUG - 2026-03-01 15:24:22 --> Session: Class initialized using 'CodeIgniter\Session\Handlers\FileHandler' driver.
WARNING - 2026-03-01 15:24:22 --> [DEPRECATED] Optional parameter $familyMemberId declared before required parameter $distributorId is implicitly treated as a required parameter in APPPATH\Models\InventoryModel.php on line 141.
 1 SYSTEMPATH\Autoloader\Autoloader.php(315): include_once('C:\\Users\\Richard Miculob\\Documents\\ReliefTrack\\system\\Debug\\Exceptions.php')
 2 SYSTEMPATH\Autoloader\Autoloader.php(295): CodeIgniter\Autoloader\Autoloader->includeFile('C:\\Users\\Richard Miculob\\Documents\\ReliefTrack\\app\\Models\\InventoryModel.php')
 3 SYSTEMPATH\Autoloader\Autoloader.php(271): CodeIgniter\Autoloader\Autoloader->loadInNamespace('App\\Models\\InventoryModel')
 4 APPPATH\Controllers\Inventory.php(247): CodeIgniter\Autoloader\Autoloader->loadClass('App\\Models\\InventoryModel')
 5 SYSTEMPATH\CodeIgniter.php(933): App\Controllers\Inventory->saveItemWithBatch()
 6 SYSTEMPATH\CodeIgniter.php(507): CodeIgniter\CodeIgniter->runController(Object(App\Controllers\Inventory))
 7 SYSTEMPATH\CodeIgniter.php(354): CodeIgniter\CodeIgniter->handleRequest(null, Object(Config\Cache), false)
 8 SYSTEMPATH\Boot.php(363): CodeIgniter\CodeIgniter->run()
 9 SYSTEMPATH\Boot.php(68): CodeIgniter\Boot::runCodeIgniter(Object(CodeIgniter\CodeIgniter))
10 FCPATH\index.php(59): CodeIgniter\Boot::bootWeb(Object(Config\Paths))
11 SYSTEMPATH\rewrite.php(44): require_once('C:\\Users\\Richard Miculob\\Documents\\ReliefTrack\\public\\index.php')
DEBUG - 2026-03-01 15:24:23 --> Session: Class initialized using 'CodeIgniter\Session\Handlers\FileHandler' driver.
WARNING - 2026-03-01 15:24:23 --> [DEPRECATED] Optional parameter $familyMemberId declared before required parameter $distributorId is implicitly treated as a required parameter in APPPATH\Models\InventoryModel.php on line 141.
 1 SYSTEMPATH\Autoloader\Autoloader.php(315): include_once('C:\\Users\\Richard Miculob\\Documents\\ReliefTrack\\system\\Debug\\Exceptions.php')
 2 SYSTEMPATH\Autoloader\Autoloader.php(295): CodeIgniter\Autoloader\Autoloader->includeFile('C:\\Users\\Richard Miculob\\Documents\\ReliefTrack\\app\\Models\\InventoryModel.php')
 3 SYSTEMPATH\Autoloader\Autoloader.php(271): CodeIgniter\Autoloader\Autoloader->loadInNamespace('App\\Models\\InventoryModel')
 4 APPPATH\Controllers\Inventory.php(352): CodeIgniter\Autoloader\Autoloader->loadClass('App\\Models\\InventoryModel')
 5 SYSTEMPATH\CodeIgniter.php(933): App\Controllers\Inventory->batches('24')
 6 SYSTEMPATH\CodeIgniter.php(507): CodeIgniter\CodeIgniter->runController(Object(App\Controllers\Inventory))
 7 SYSTEMPATH\CodeIgniter.php(354): CodeIgniter\CodeIgniter->handleRequest(null, Object(Config\Cache), false)
 8 SYSTEMPATH\Boot.php(363): CodeIgniter\CodeIgniter->run()
 9 SYSTEMPATH\Boot.php(68): CodeIgniter\Boot::runCodeIgniter(Object(CodeIgniter\CodeIgniter))
10 FCPATH\index.php(59): CodeIgniter\Boot::bootWeb(Object(Config\Paths))
11 SYSTEMPATH\rewrite.php(44): require_once('C:\\Users\\Richard Miculob\\Documents\\ReliefTrack\\public\\index.php')
DEBUG - 2026-03-01 15:24:23 --> Session: Class initialized using 'CodeIgniter\Session\Handlers\FileHandler' driver.
WARNING - 2026-03-01 15:24:23 --> [DEPRECATED] Optional parameter $familyMemberId declared before required parameter $distributorId is implicitly treated as a required parameter in APPPATH\Models\InventoryModel.php on line 141.
 1 SYSTEMPATH\Autoloader\Autoloader.php(315): include_once('C:\\Users\\Richard Miculob\\Documents\\ReliefTrack\\system\\Debug\\Exceptions.php')
 2 SYSTEMPATH\Autoloader\Autoloader.php(295): CodeIgniter\Autoloader\Autoloader->includeFile('C:\\Users\\Richard Miculob\\Documents\\ReliefTrack\\app\\Models\\InventoryModel.php')
 3 SYSTEMPATH\Autoloader\Autoloader.php(271): CodeIgniter\Autoloader\Autoloader->loadInNamespace('App\\Models\\InventoryModel')
 4 APPPATH\Controllers\Inventory.php(13): CodeIgniter\Autoloader\Autoloader->loadClass('App\\Models\\InventoryModel')
 5 SYSTEMPATH\CodeIgniter.php(933): App\Controllers\Inventory->index()
 6 SYSTEMPATH\CodeIgniter.php(507): CodeIgniter\CodeIgniter->runController(Object(App\Controllers\Inventory))
 7 SYSTEMPATH\CodeIgniter.php(354): CodeIgniter\CodeIgniter->handleRequest(null, Object(Config\Cache), false)
 8 SYSTEMPATH\Boot.php(363): CodeIgniter\CodeIgniter->run()
 9 SYSTEMPATH\Boot.php(68): CodeIgniter\Boot::runCodeIgniter(Object(CodeIgniter\CodeIgniter))
10 FCPATH\index.php(59): CodeIgniter\Boot::bootWeb(Object(Config\Paths))
11 SYSTEMPATH\rewrite.php(44): require_once('C:\\Users\\Richard Miculob\\Documents\\ReliefTrack\\public\\index.php')
DEBUG - 2026-03-01 15:24:26 --> Session: Class initialized using 'CodeIgniter\Session\Handlers\FileHandler' driver.
WARNING - 2026-03-01 15:24:26 --> [DEPRECATED] Optional parameter $familyMemberId declared before required parameter $distributorId is implicitly treated as a required parameter in APPPATH\Models\InventoryModel.php on line 141.
 1 SYSTEMPATH\Autoloader\Autoloader.php(315): include_once('C:\\Users\\Richard Miculob\\Documents\\ReliefTrack\\system\\Debug\\Exceptions.php')
 2 SYSTEMPATH\Autoloader\Autoloader.php(295): CodeIgniter\Autoloader\Autoloader->includeFile('C:\\Users\\Richard Miculob\\Documents\\ReliefTrack\\app\\Models\\InventoryModel.php')
 3 SYSTEMPATH\Autoloader\Autoloader.php(271): CodeIgniter\Autoloader\Autoloader->loadInNamespace('App\\Models\\InventoryModel')
 4 APPPATH\Controllers\Inventory.php(303): CodeIgniter\Autoloader\Autoloader->loadClass('App\\Models\\InventoryModel')
 5 SYSTEMPATH\CodeIgniter.php(933): App\Controllers\Inventory->viewBatch('24')
 6 SYSTEMPATH\CodeIgniter.php(507): CodeIgniter\CodeIgniter->runController(Object(App\Controllers\Inventory))
 7 SYSTEMPATH\CodeIgniter.php(354): CodeIgniter\CodeIgniter->handleRequest(null, Object(Config\Cache), false)
 8 SYSTEMPATH\Boot.php(363): CodeIgniter\CodeIgniter->run()
 9 SYSTEMPATH\Boot.php(68): CodeIgniter\Boot::runCodeIgniter(Object(CodeIgniter\CodeIgniter))
10 FCPATH\index.php(59): CodeIgniter\Boot::bootWeb(Object(Config\Paths))
11 SYSTEMPATH\rewrite.php(44): require_once('C:\\Users\\Richard Miculob\\Documents\\ReliefTrack\\public\\index.php')
DEBUG - 2026-03-01 15:25:01 --> Session: Class initialized using 'CodeIgniter\Session\Handlers\FileHandler' driver.
WARNING - 2026-03-01 15:25:01 --> [DEPRECATED] Optional parameter $familyMemberId declared before required parameter $distributorId is implicitly treated as a required parameter in APPPATH\Models\InventoryModel.php on line 141.
 1 SYSTEMPATH\Autoloader\Autoloader.php(315): include_once('C:\\Users\\Richard Miculob\\Documents\\ReliefTrack\\system\\Debug\\Exceptions.php')
 2 SYSTEMPATH\Autoloader\Autoloader.php(295): CodeIgniter\Autoloader\Autoloader->includeFile('C:\\Users\\Richard Miculob\\Documents\\ReliefTrack\\app\\Models\\InventoryModel.php')
 3 SYSTEMPATH\Autoloader\Autoloader.php(271): CodeIgniter\Autoloader\Autoloader->loadInNamespace('App\\Models\\InventoryModel')
 4 APPPATH\Controllers\Inventory.php(13): CodeIgniter\Autoloader\Autoloader->loadClass('App\\Models\\InventoryModel')
 5 SYSTEMPATH\CodeIgniter.php(933): App\Controllers\Inventory->index()
 6 SYSTEMPATH\CodeIgniter.php(507): CodeIgniter\CodeIgniter->runController(Object(App\Controllers\Inventory))
 7 SYSTEMPATH\CodeIgniter.php(354): CodeIgniter\CodeIgniter->handleRequest(null, Object(Config\Cache), false)
 8 SYSTEMPATH\Boot.php(363): CodeIgniter\CodeIgniter->run()
 9 SYSTEMPATH\Boot.php(68): CodeIgniter\Boot::runCodeIgniter(Object(CodeIgniter\CodeIgniter))
10 FCPATH\index.php(59): CodeIgniter\Boot::bootWeb(Object(Config\Paths))
11 SYSTEMPATH\rewrite.php(44): require_once('C:\\Users\\Richard Miculob\\Documents\\ReliefTrack\\public\\index.php')
DEBUG - 2026-03-01 15:25:02 --> Session: Class initialized using 'CodeIgniter\Session\Handlers\FileHandler' driver.
DEBUG - 2026-03-01 15:26:00 --> Session: Class initialized using 'CodeIgniter\Session\Handlers\FileHandler' driver.
WARNING - 2026-03-01 15:26:00 --> [DEPRECATED] Optional parameter $familyMemberId declared before required parameter $distributorId is implicitly treated as a required parameter in APPPATH\Models\InventoryModel.php on line 141.
 1 SYSTEMPATH\Autoloader\Autoloader.php(315): include_once('C:\\Users\\Richard Miculob\\Documents\\ReliefTrack\\system\\Debug\\Exceptions.php')
 2 SYSTEMPATH\Autoloader\Autoloader.php(295): CodeIgniter\Autoloader\Autoloader->includeFile('C:\\Users\\Richard Miculob\\Documents\\ReliefTrack\\app\\Models\\InventoryModel.php')
 3 SYSTEMPATH\Autoloader\Autoloader.php(271): CodeIgniter\Autoloader\Autoloader->loadInNamespace('App\\Models\\InventoryModel')
 4 APPPATH\Controllers\Inventory.php(13): CodeIgniter\Autoloader\Autoloader->loadClass('App\\Models\\InventoryModel')
 5 SYSTEMPATH\CodeIgniter.php(933): App\Controllers\Inventory->index()
 6 SYSTEMPATH\CodeIgniter.php(507): CodeIgniter\CodeIgniter->runController(Object(App\Controllers\Inventory))
 7 SYSTEMPATH\CodeIgniter.php(354): CodeIgniter\CodeIgniter->handleRequest(null, Object(Config\Cache), false)
 8 SYSTEMPATH\Boot.php(363): CodeIgniter\CodeIgniter->run()
 9 SYSTEMPATH\Boot.php(68): CodeIgniter\Boot::runCodeIgniter(Object(CodeIgniter\CodeIgniter))
10 FCPATH\index.php(59): CodeIgniter\Boot::bootWeb(Object(Config\Paths))
11 SYSTEMPATH\rewrite.php(44): require_once('C:\\Users\\Richard Miculob\\Documents\\ReliefTrack\\public\\index.php')
DEBUG - 2026-03-01 15:26:03 --> Session: Class initialized using 'CodeIgniter\Session\Handlers\FileHandler' driver.
WARNING - 2026-03-01 15:26:03 --> [DEPRECATED] Optional parameter $familyMemberId declared before required parameter $distributorId is implicitly treated as a required parameter in APPPATH\Models\InventoryModel.php on line 141.
 1 SYSTEMPATH\Autoloader\Autoloader.php(315): include_once('C:\\Users\\Richard Miculob\\Documents\\ReliefTrack\\system\\Debug\\Exceptions.php')
 2 SYSTEMPATH\Autoloader\Autoloader.php(295): CodeIgniter\Autoloader\Autoloader->includeFile('C:\\Users\\Richard Miculob\\Documents\\ReliefTrack\\app\\Models\\InventoryModel.php')
 3 SYSTEMPATH\Autoloader\Autoloader.php(271): CodeIgniter\Autoloader\Autoloader->loadInNamespace('App\\Models\\InventoryModel')
 4 APPPATH\Controllers\Inventory.php(402): CodeIgniter\Autoloader\Autoloader->loadClass('App\\Models\\InventoryModel')
 5 SYSTEMPATH\CodeIgniter.php(933): App\Controllers\Inventory->delete('22')
 6 SYSTEMPATH\CodeIgniter.php(507): CodeIgniter\CodeIgniter->runController(Object(App\Controllers\Inventory))
 7 SYSTEMPATH\CodeIgniter.php(354): CodeIgniter\CodeIgniter->handleRequest(null, Object(Config\Cache), false)
 8 SYSTEMPATH\Boot.php(363): CodeIgniter\CodeIgniter->run()
 9 SYSTEMPATH\Boot.php(68): CodeIgniter\Boot::runCodeIgniter(Object(CodeIgniter\CodeIgniter))
10 FCPATH\index.php(59): CodeIgniter\Boot::bootWeb(Object(Config\Paths))
11 SYSTEMPATH\rewrite.php(44): require_once('C:\\Users\\Richard Miculob\\Documents\\ReliefTrack\\public\\index.php')
DEBUG - 2026-03-01 15:26:04 --> Session: Class initialized using 'CodeIgniter\Session\Handlers\FileHandler' driver.
WARNING - 2026-03-01 15:26:04 --> [DEPRECATED] Optional parameter $familyMemberId declared before required parameter $distributorId is implicitly treated as a required parameter in APPPATH\Models\InventoryModel.php on line 141.
 1 SYSTEMPATH\Autoloader\Autoloader.php(315): include_once('C:\\Users\\Richard Miculob\\Documents\\ReliefTrack\\system\\Debug\\Exceptions.php')
 2 SYSTEMPATH\Autoloader\Autoloader.php(295): CodeIgniter\Autoloader\Autoloader->includeFile('C:\\Users\\Richard Miculob\\Documents\\ReliefTrack\\app\\Models\\InventoryModel.php')
 3 SYSTEMPATH\Autoloader\Autoloader.php(271): CodeIgniter\Autoloader\Autoloader->loadInNamespace('App\\Models\\InventoryModel')
 4 APPPATH\Controllers\Inventory.php(13): CodeIgniter\Autoloader\Autoloader->loadClass('App\\Models\\InventoryModel')
 5 SYSTEMPATH\CodeIgniter.php(933): App\Controllers\Inventory->index()
 6 SYSTEMPATH\CodeIgniter.php(507): CodeIgniter\CodeIgniter->runController(Object(App\Controllers\Inventory))
 7 SYSTEMPATH\CodeIgniter.php(354): CodeIgniter\CodeIgniter->handleRequest(null, Object(Config\Cache), false)
 8 SYSTEMPATH\Boot.php(363): CodeIgniter\CodeIgniter->run()
 9 SYSTEMPATH\Boot.php(68): CodeIgniter\Boot::runCodeIgniter(Object(CodeIgniter\CodeIgniter))
10 FCPATH\index.php(59): CodeIgniter\Boot::bootWeb(Object(Config\Paths))
11 SYSTEMPATH\rewrite.php(44): require_once('C:\\Users\\Richard Miculob\\Documents\\ReliefTrack\\public\\index.php')
DEBUG - 2026-03-01 15:26:05 --> Session: Class initialized using 'CodeIgniter\Session\Handlers\FileHandler' driver.
DEBUG - 2026-03-01 15:26:46 --> Session: Class initialized using 'CodeIgniter\Session\Handlers\FileHandler' driver.
WARNING - 2026-03-01 15:26:46 --> [DEPRECATED] Optional parameter $familyMemberId declared before required parameter $distributorId is implicitly treated as a required parameter in APPPATH\Models\InventoryModel.php on line 141.
 1 SYSTEMPATH\Autoloader\Autoloader.php(315): include_once('C:\\Users\\Richard Miculob\\Documents\\ReliefTrack\\system\\Debug\\Exceptions.php')
 2 SYSTEMPATH\Autoloader\Autoloader.php(295): CodeIgniter\Autoloader\Autoloader->includeFile('C:\\Users\\Richard Miculob\\Documents\\ReliefTrack\\app\\Models\\InventoryModel.php')
 3 SYSTEMPATH\Autoloader\Autoloader.php(271): CodeIgniter\Autoloader\Autoloader->loadInNamespace('App\\Models\\InventoryModel')
 4 APPPATH\Controllers\Inventory.php(247): CodeIgniter\Autoloader\Autoloader->loadClass('App\\Models\\InventoryModel')
 5 SYSTEMPATH\CodeIgniter.php(933): App\Controllers\Inventory->saveItemWithBatch()
 6 SYSTEMPATH\CodeIgniter.php(507): CodeIgniter\CodeIgniter->runController(Object(App\Controllers\Inventory))
 7 SYSTEMPATH\CodeIgniter.php(354): CodeIgniter\CodeIgniter->handleRequest(null, Object(Config\Cache), false)
 8 SYSTEMPATH\Boot.php(363): CodeIgniter\CodeIgniter->run()
 9 SYSTEMPATH\Boot.php(68): CodeIgniter\Boot::runCodeIgniter(Object(CodeIgniter\CodeIgniter))
10 FCPATH\index.php(59): CodeIgniter\Boot::bootWeb(Object(Config\Paths))
11 SYSTEMPATH\rewrite.php(44): require_once('C:\\Users\\Richard Miculob\\Documents\\ReliefTrack\\public\\index.php')
DEBUG - 2026-03-01 15:26:46 --> Session: Class initialized using 'CodeIgniter\Session\Handlers\FileHandler' driver.
WARNING - 2026-03-01 15:26:46 --> [DEPRECATED] Optional parameter $familyMemberId declared before required parameter $distributorId is implicitly treated as a required parameter in APPPATH\Models\InventoryModel.php on line 141.
 1 SYSTEMPATH\Autoloader\Autoloader.php(315): include_once('C:\\Users\\Richard Miculob\\Documents\\ReliefTrack\\system\\Debug\\Exceptions.php')
 2 SYSTEMPATH\Autoloader\Autoloader.php(295): CodeIgniter\Autoloader\Autoloader->includeFile('C:\\Users\\Richard Miculob\\Documents\\ReliefTrack\\app\\Models\\InventoryModel.php')
 3 SYSTEMPATH\Autoloader\Autoloader.php(271): CodeIgniter\Autoloader\Autoloader->loadInNamespace('App\\Models\\InventoryModel')
 4 APPPATH\Controllers\Inventory.php(352): CodeIgniter\Autoloader\Autoloader->loadClass('App\\Models\\InventoryModel')
 5 SYSTEMPATH\CodeIgniter.php(933): App\Controllers\Inventory->batches('25')
 6 SYSTEMPATH\CodeIgniter.php(507): CodeIgniter\CodeIgniter->runController(Object(App\Controllers\Inventory))
 7 SYSTEMPATH\CodeIgniter.php(354): CodeIgniter\CodeIgniter->handleRequest(null, Object(Config\Cache), false)
 8 SYSTEMPATH\Boot.php(363): CodeIgniter\CodeIgniter->run()
 9 SYSTEMPATH\Boot.php(68): CodeIgniter\Boot::runCodeIgniter(Object(CodeIgniter\CodeIgniter))
10 FCPATH\index.php(59): CodeIgniter\Boot::bootWeb(Object(Config\Paths))
11 SYSTEMPATH\rewrite.php(44): require_once('C:\\Users\\Richard Miculob\\Documents\\ReliefTrack\\public\\index.php')
DEBUG - 2026-03-01 15:26:46 --> Session: Class initialized using 'CodeIgniter\Session\Handlers\FileHandler' driver.
WARNING - 2026-03-01 15:26:46 --> [DEPRECATED] Optional parameter $familyMemberId declared before required parameter $distributorId is implicitly treated as a required parameter in APPPATH\Models\InventoryModel.php on line 141.
 1 SYSTEMPATH\Autoloader\Autoloader.php(315): include_once('C:\\Users\\Richard Miculob\\Documents\\ReliefTrack\\system\\Debug\\Exceptions.php')
 2 SYSTEMPATH\Autoloader\Autoloader.php(295): CodeIgniter\Autoloader\Autoloader->includeFile('C:\\Users\\Richard Miculob\\Documents\\ReliefTrack\\app\\Models\\InventoryModel.php')
 3 SYSTEMPATH\Autoloader\Autoloader.php(271): CodeIgniter\Autoloader\Autoloader->loadInNamespace('App\\Models\\InventoryModel')
 4 APPPATH\Controllers\Inventory.php(13): CodeIgniter\Autoloader\Autoloader->loadClass('App\\Models\\InventoryModel')
 5 SYSTEMPATH\CodeIgniter.php(933): App\Controllers\Inventory->index()
 6 SYSTEMPATH\CodeIgniter.php(507): CodeIgniter\CodeIgniter->runController(Object(App\Controllers\Inventory))
 7 SYSTEMPATH\CodeIgniter.php(354): CodeIgniter\CodeIgniter->handleRequest(null, Object(Config\Cache), false)
 8 SYSTEMPATH\Boot.php(363): CodeIgniter\CodeIgniter->run()
 9 SYSTEMPATH\Boot.php(68): CodeIgniter\Boot::runCodeIgniter(Object(CodeIgniter\CodeIgniter))
10 FCPATH\index.php(59): CodeIgniter\Boot::bootWeb(Object(Config\Paths))
11 SYSTEMPATH\rewrite.php(44): require_once('C:\\Users\\Richard Miculob\\Documents\\ReliefTrack\\public\\index.php')
DEBUG - 2026-03-01 15:27:56 --> Session: Class initialized using 'CodeIgniter\Session\Handlers\FileHandler' driver.
WARNING - 2026-03-01 15:27:56 --> [DEPRECATED] Optional parameter $familyMemberId declared before required parameter $distributorId is implicitly treated as a required parameter in APPPATH\Models\InventoryModel.php on line 141.
 1 SYSTEMPATH\Autoloader\Autoloader.php(315): include_once('C:\\Users\\Richard Miculob\\Documents\\ReliefTrack\\system\\Debug\\Exceptions.php')
 2 SYSTEMPATH\Autoloader\Autoloader.php(295): CodeIgniter\Autoloader\Autoloader->includeFile('C:\\Users\\Richard Miculob\\Documents\\ReliefTrack\\app\\Models\\InventoryModel.php')
 3 SYSTEMPATH\Autoloader\Autoloader.php(271): CodeIgniter\Autoloader\Autoloader->loadInNamespace('App\\Models\\InventoryModel')
 4 APPPATH\Controllers\Inventory.php(402): CodeIgniter\Autoloader\Autoloader->loadClass('App\\Models\\InventoryModel')
 5 SYSTEMPATH\CodeIgniter.php(933): App\Controllers\Inventory->delete('23')
 6 SYSTEMPATH\CodeIgniter.php(507): CodeIgniter\CodeIgniter->runController(Object(App\Controllers\Inventory))
 7 SYSTEMPATH\CodeIgniter.php(354): CodeIgniter\CodeIgniter->handleRequest(null, Object(Config\Cache), false)
 8 SYSTEMPATH\Boot.php(363): CodeIgniter\CodeIgniter->run()
 9 SYSTEMPATH\Boot.php(68): CodeIgniter\Boot::runCodeIgniter(Object(CodeIgniter\CodeIgniter))
10 FCPATH\index.php(59): CodeIgniter\Boot::bootWeb(Object(Config\Paths))
11 SYSTEMPATH\rewrite.php(44): require_once('C:\\Users\\Richard Miculob\\Documents\\ReliefTrack\\public\\index.php')
DEBUG - 2026-03-01 15:27:57 --> Session: Class initialized using 'CodeIgniter\Session\Handlers\FileHandler' driver.
WARNING - 2026-03-01 15:27:57 --> [DEPRECATED] Optional parameter $familyMemberId declared before required parameter $distributorId is implicitly treated as a required parameter in APPPATH\Models\InventoryModel.php on line 141.
 1 SYSTEMPATH\Autoloader\Autoloader.php(315): include_once('C:\\Users\\Richard Miculob\\Documents\\ReliefTrack\\system\\Debug\\Exceptions.php')
 2 SYSTEMPATH\Autoloader\Autoloader.php(295): CodeIgniter\Autoloader\Autoloader->includeFile('C:\\Users\\Richard Miculob\\Documents\\ReliefTrack\\app\\Models\\InventoryModel.php')
 3 SYSTEMPATH\Autoloader\Autoloader.php(271): CodeIgniter\Autoloader\Autoloader->loadInNamespace('App\\Models\\InventoryModel')
 4 APPPATH\Controllers\Inventory.php(13): CodeIgniter\Autoloader\Autoloader->loadClass('App\\Models\\InventoryModel')
 5 SYSTEMPATH\CodeIgniter.php(933): App\Controllers\Inventory->index()
 6 SYSTEMPATH\CodeIgniter.php(507): CodeIgniter\CodeIgniter->runController(Object(App\Controllers\Inventory))
 7 SYSTEMPATH\CodeIgniter.php(354): CodeIgniter\CodeIgniter->handleRequest(null, Object(Config\Cache), false)
 8 SYSTEMPATH\Boot.php(363): CodeIgniter\CodeIgniter->run()
 9 SYSTEMPATH\Boot.php(68): CodeIgniter\Boot::runCodeIgniter(Object(CodeIgniter\CodeIgniter))
10 FCPATH\index.php(59): CodeIgniter\Boot::bootWeb(Object(Config\Paths))
11 SYSTEMPATH\rewrite.php(44): require_once('C:\\Users\\Richard Miculob\\Documents\\ReliefTrack\\public\\index.php')
DEBUG - 2026-03-01 15:27:58 --> Session: Class initialized using 'CodeIgniter\Session\Handlers\FileHandler' driver.
DEBUG - 2026-03-01 15:28:29 --> Session: Class initialized using 'CodeIgniter\Session\Handlers\FileHandler' driver.
WARNING - 2026-03-01 15:28:29 --> [DEPRECATED] Optional parameter $familyMemberId declared before required parameter $distributorId is implicitly treated as a required parameter in APPPATH\Models\InventoryModel.php on line 141.
 1 SYSTEMPATH\Autoloader\Autoloader.php(315): include_once('C:\\Users\\Richard Miculob\\Documents\\ReliefTrack\\system\\Debug\\Exceptions.php')
 2 SYSTEMPATH\Autoloader\Autoloader.php(295): CodeIgniter\Autoloader\Autoloader->includeFile('C:\\Users\\Richard Miculob\\Documents\\ReliefTrack\\app\\Models\\InventoryModel.php')
 3 SYSTEMPATH\Autoloader\Autoloader.php(271): CodeIgniter\Autoloader\Autoloader->loadInNamespace('App\\Models\\InventoryModel')
 4 APPPATH\Controllers\Inventory.php(247): CodeIgniter\Autoloader\Autoloader->loadClass('App\\Models\\InventoryModel')
 5 SYSTEMPATH\CodeIgniter.php(933): App\Controllers\Inventory->saveItemWithBatch()
 6 SYSTEMPATH\CodeIgniter.php(507): CodeIgniter\CodeIgniter->runController(Object(App\Controllers\Inventory))
 7 SYSTEMPATH\CodeIgniter.php(354): CodeIgniter\CodeIgniter->handleRequest(null, Object(Config\Cache), false)
 8 SYSTEMPATH\Boot.php(363): CodeIgniter\CodeIgniter->run()
 9 SYSTEMPATH\Boot.php(68): CodeIgniter\Boot::runCodeIgniter(Object(CodeIgniter\CodeIgniter))
10 FCPATH\index.php(59): CodeIgniter\Boot::bootWeb(Object(Config\Paths))
11 SYSTEMPATH\rewrite.php(44): require_once('C:\\Users\\Richard Miculob\\Documents\\ReliefTrack\\public\\index.php')
DEBUG - 2026-03-01 15:28:29 --> Session: Class initialized using 'CodeIgniter\Session\Handlers\FileHandler' driver.
WARNING - 2026-03-01 15:28:29 --> [DEPRECATED] Optional parameter $familyMemberId declared before required parameter $distributorId is implicitly treated as a required parameter in APPPATH\Models\InventoryModel.php on line 141.
 1 SYSTEMPATH\Autoloader\Autoloader.php(315): include_once('C:\\Users\\Richard Miculob\\Documents\\ReliefTrack\\system\\Debug\\Exceptions.php')
 2 SYSTEMPATH\Autoloader\Autoloader.php(295): CodeIgniter\Autoloader\Autoloader->includeFile('C:\\Users\\Richard Miculob\\Documents\\ReliefTrack\\app\\Models\\InventoryModel.php')
 3 SYSTEMPATH\Autoloader\Autoloader.php(271): CodeIgniter\Autoloader\Autoloader->loadInNamespace('App\\Models\\InventoryModel')
 4 APPPATH\Controllers\Inventory.php(352): CodeIgniter\Autoloader\Autoloader->loadClass('App\\Models\\InventoryModel')
 5 SYSTEMPATH\CodeIgniter.php(933): App\Controllers\Inventory->batches('26')
 6 SYSTEMPATH\CodeIgniter.php(507): CodeIgniter\CodeIgniter->runController(Object(App\Controllers\Inventory))
 7 SYSTEMPATH\CodeIgniter.php(354): CodeIgniter\CodeIgniter->handleRequest(null, Object(Config\Cache), false)
 8 SYSTEMPATH\Boot.php(363): CodeIgniter\CodeIgniter->run()
 9 SYSTEMPATH\Boot.php(68): CodeIgniter\Boot::runCodeIgniter(Object(CodeIgniter\CodeIgniter))
10 FCPATH\index.php(59): CodeIgniter\Boot::bootWeb(Object(Config\Paths))
11 SYSTEMPATH\rewrite.php(44): require_once('C:\\Users\\Richard Miculob\\Documents\\ReliefTrack\\public\\index.php')
DEBUG - 2026-03-01 15:28:29 --> Session: Class initialized using 'CodeIgniter\Session\Handlers\FileHandler' driver.
WARNING - 2026-03-01 15:28:29 --> [DEPRECATED] Optional parameter $familyMemberId declared before required parameter $distributorId is implicitly treated as a required parameter in APPPATH\Models\InventoryModel.php on line 141.
 1 SYSTEMPATH\Autoloader\Autoloader.php(315): include_once('C:\\Users\\Richard Miculob\\Documents\\ReliefTrack\\system\\Debug\\Exceptions.php')
 2 SYSTEMPATH\Autoloader\Autoloader.php(295): CodeIgniter\Autoloader\Autoloader->includeFile('C:\\Users\\Richard Miculob\\Documents\\ReliefTrack\\app\\Models\\InventoryModel.php')
 3 SYSTEMPATH\Autoloader\Autoloader.php(271): CodeIgniter\Autoloader\Autoloader->loadInNamespace('App\\Models\\InventoryModel')
 4 APPPATH\Controllers\Inventory.php(13): CodeIgniter\Autoloader\Autoloader->loadClass('App\\Models\\InventoryModel')
 5 SYSTEMPATH\CodeIgniter.php(933): App\Controllers\Inventory->index()
 6 SYSTEMPATH\CodeIgniter.php(507): CodeIgniter\CodeIgniter->runController(Object(App\Controllers\Inventory))
 7 SYSTEMPATH\CodeIgniter.php(354): CodeIgniter\CodeIgniter->handleRequest(null, Object(Config\Cache), false)
 8 SYSTEMPATH\Boot.php(363): CodeIgniter\CodeIgniter->run()
 9 SYSTEMPATH\Boot.php(68): CodeIgniter\Boot::runCodeIgniter(Object(CodeIgniter\CodeIgniter))
10 FCPATH\index.php(59): CodeIgniter\Boot::bootWeb(Object(Config\Paths))
11 SYSTEMPATH\rewrite.php(44): require_once('C:\\Users\\Richard Miculob\\Documents\\ReliefTrack\\public\\index.php')
DEBUG - 2026-03-01 15:30:36 --> Session: Class initialized using 'CodeIgniter\Session\Handlers\FileHandler' driver.
WARNING - 2026-03-01 15:30:36 --> [DEPRECATED] Optional parameter $familyMemberId declared before required parameter $distributorId is implicitly treated as a required parameter in APPPATH\Models\InventoryModel.php on line 141.
 1 SYSTEMPATH\Autoloader\Autoloader.php(315): include_once('C:\\Users\\Richard Miculob\\Documents\\ReliefTrack\\system\\Debug\\Exceptions.php')
 2 SYSTEMPATH\Autoloader\Autoloader.php(295): CodeIgniter\Autoloader\Autoloader->includeFile('C:\\Users\\Richard Miculob\\Documents\\ReliefTrack\\app\\Models\\InventoryModel.php')
 3 SYSTEMPATH\Autoloader\Autoloader.php(271): CodeIgniter\Autoloader\Autoloader->loadInNamespace('App\\Models\\InventoryModel')
 4 APPPATH\Controllers\Inventory.php(404): CodeIgniter\Autoloader\Autoloader->loadClass('App\\Models\\InventoryModel')
 5 SYSTEMPATH\CodeIgniter.php(933): App\Controllers\Inventory->delete('24')
 6 SYSTEMPATH\CodeIgniter.php(507): CodeIgniter\CodeIgniter->runController(Object(App\Controllers\Inventory))
 7 SYSTEMPATH\CodeIgniter.php(354): CodeIgniter\CodeIgniter->handleRequest(null, Object(Config\Cache), false)
 8 SYSTEMPATH\Boot.php(363): CodeIgniter\CodeIgniter->run()
 9 SYSTEMPATH\Boot.php(68): CodeIgniter\Boot::runCodeIgniter(Object(CodeIgniter\CodeIgniter))
10 FCPATH\index.php(59): CodeIgniter\Boot::bootWeb(Object(Config\Paths))
11 SYSTEMPATH\rewrite.php(44): require_once('C:\\Users\\Richard Miculob\\Documents\\ReliefTrack\\public\\index.php')
DEBUG - 2026-03-01 15:30:36 --> Session: Class initialized using 'CodeIgniter\Session\Handlers\FileHandler' driver.
WARNING - 2026-03-01 15:30:36 --> [DEPRECATED] Optional parameter $familyMemberId declared before required parameter $distributorId is implicitly treated as a required parameter in APPPATH\Models\InventoryModel.php on line 141.
 1 SYSTEMPATH\Autoloader\Autoloader.php(315): include_once('C:\\Users\\Richard Miculob\\Documents\\ReliefTrack\\system\\Debug\\Exceptions.php')
 2 SYSTEMPATH\Autoloader\Autoloader.php(295): CodeIgniter\Autoloader\Autoloader->includeFile('C:\\Users\\Richard Miculob\\Documents\\ReliefTrack\\app\\Models\\InventoryModel.php')
 3 SYSTEMPATH\Autoloader\Autoloader.php(271): CodeIgniter\Autoloader\Autoloader->loadInNamespace('App\\Models\\InventoryModel')
 4 APPPATH\Controllers\Inventory.php(13): CodeIgniter\Autoloader\Autoloader->loadClass('App\\Models\\InventoryModel')
 5 SYSTEMPATH\CodeIgniter.php(933): App\Controllers\Inventory->index()
 6 SYSTEMPATH\CodeIgniter.php(507): CodeIgniter\CodeIgniter->runController(Object(App\Controllers\Inventory))
 7 SYSTEMPATH\CodeIgniter.php(354): CodeIgniter\CodeIgniter->handleRequest(null, Object(Config\Cache), false)
 8 SYSTEMPATH\Boot.php(363): CodeIgniter\CodeIgniter->run()
 9 SYSTEMPATH\Boot.php(68): CodeIgniter\Boot::runCodeIgniter(Object(CodeIgniter\CodeIgniter))
10 FCPATH\index.php(59): CodeIgniter\Boot::bootWeb(Object(Config\Paths))
11 SYSTEMPATH\rewrite.php(44): require_once('C:\\Users\\Richard Miculob\\Documents\\ReliefTrack\\public\\index.php')
DEBUG - 2026-03-01 15:30:39 --> Session: Class initialized using 'CodeIgniter\Session\Handlers\FileHandler' driver.
DEBUG - 2026-03-01 15:31:01 --> Session: Class initialized using 'CodeIgniter\Session\Handlers\FileHandler' driver.
WARNING - 2026-03-01 15:31:01 --> [DEPRECATED] Optional parameter $familyMemberId declared before required parameter $distributorId is implicitly treated as a required parameter in APPPATH\Models\InventoryModel.php on line 141.
 1 SYSTEMPATH\Autoloader\Autoloader.php(315): include_once('C:\\Users\\Richard Miculob\\Documents\\ReliefTrack\\system\\Debug\\Exceptions.php')
 2 SYSTEMPATH\Autoloader\Autoloader.php(295): CodeIgniter\Autoloader\Autoloader->includeFile('C:\\Users\\Richard Miculob\\Documents\\ReliefTrack\\app\\Models\\InventoryModel.php')
 3 SYSTEMPATH\Autoloader\Autoloader.php(271): CodeIgniter\Autoloader\Autoloader->loadInNamespace('App\\Models\\InventoryModel')
 4 APPPATH\Controllers\Inventory.php(247): CodeIgniter\Autoloader\Autoloader->loadClass('App\\Models\\InventoryModel')
 5 SYSTEMPATH\CodeIgniter.php(933): App\Controllers\Inventory->saveItemWithBatch()
 6 SYSTEMPATH\CodeIgniter.php(507): CodeIgniter\CodeIgniter->runController(Object(App\Controllers\Inventory))
 7 SYSTEMPATH\CodeIgniter.php(354): CodeIgniter\CodeIgniter->handleRequest(null, Object(Config\Cache), false)
 8 SYSTEMPATH\Boot.php(363): CodeIgniter\CodeIgniter->run()
 9 SYSTEMPATH\Boot.php(68): CodeIgniter\Boot::runCodeIgniter(Object(CodeIgniter\CodeIgniter))
10 FCPATH\index.php(59): CodeIgniter\Boot::bootWeb(Object(Config\Paths))
11 SYSTEMPATH\rewrite.php(44): require_once('C:\\Users\\Richard Miculob\\Documents\\ReliefTrack\\public\\index.php')
DEBUG - 2026-03-01 15:31:01 --> Session: Class initialized using 'CodeIgniter\Session\Handlers\FileHandler' driver.
WARNING - 2026-03-01 15:31:01 --> [DEPRECATED] Optional parameter $familyMemberId declared before required parameter $distributorId is implicitly treated as a required parameter in APPPATH\Models\InventoryModel.php on line 141.
 1 SYSTEMPATH\Autoloader\Autoloader.php(315): include_once('C:\\Users\\Richard Miculob\\Documents\\ReliefTrack\\system\\Debug\\Exceptions.php')
 2 SYSTEMPATH\Autoloader\Autoloader.php(295): CodeIgniter\Autoloader\Autoloader->includeFile('C:\\Users\\Richard Miculob\\Documents\\ReliefTrack\\app\\Models\\InventoryModel.php')
 3 SYSTEMPATH\Autoloader\Autoloader.php(271): CodeIgniter\Autoloader\Autoloader->loadInNamespace('App\\Models\\InventoryModel')
 4 APPPATH\Controllers\Inventory.php(354): CodeIgniter\Autoloader\Autoloader->loadClass('App\\Models\\InventoryModel')
 5 SYSTEMPATH\CodeIgniter.php(933): App\Controllers\Inventory->batches('27')
 6 SYSTEMPATH\CodeIgniter.php(507): CodeIgniter\CodeIgniter->runController(Object(App\Controllers\Inventory))
 7 SYSTEMPATH\CodeIgniter.php(354): CodeIgniter\CodeIgniter->handleRequest(null, Object(Config\Cache), false)
 8 SYSTEMPATH\Boot.php(363): CodeIgniter\CodeIgniter->run()
 9 SYSTEMPATH\Boot.php(68): CodeIgniter\Boot::runCodeIgniter(Object(CodeIgniter\CodeIgniter))
10 FCPATH\index.php(59): CodeIgniter\Boot::bootWeb(Object(Config\Paths))
11 SYSTEMPATH\rewrite.php(44): require_once('C:\\Users\\Richard Miculob\\Documents\\ReliefTrack\\public\\index.php')
DEBUG - 2026-03-01 15:31:02 --> Session: Class initialized using 'CodeIgniter\Session\Handlers\FileHandler' driver.
WARNING - 2026-03-01 15:31:02 --> [DEPRECATED] Optional parameter $familyMemberId declared before required parameter $distributorId is implicitly treated as a required parameter in APPPATH\Models\InventoryModel.php on line 141.
 1 SYSTEMPATH\Autoloader\Autoloader.php(315): include_once('C:\\Users\\Richard Miculob\\Documents\\ReliefTrack\\system\\Debug\\Exceptions.php')
 2 SYSTEMPATH\Autoloader\Autoloader.php(295): CodeIgniter\Autoloader\Autoloader->includeFile('C:\\Users\\Richard Miculob\\Documents\\ReliefTrack\\app\\Models\\InventoryModel.php')
 3 SYSTEMPATH\Autoloader\Autoloader.php(271): CodeIgniter\Autoloader\Autoloader->loadInNamespace('App\\Models\\InventoryModel')
 4 APPPATH\Controllers\Inventory.php(13): CodeIgniter\Autoloader\Autoloader->loadClass('App\\Models\\InventoryModel')
 5 SYSTEMPATH\CodeIgniter.php(933): App\Controllers\Inventory->index()
 6 SYSTEMPATH\CodeIgniter.php(507): CodeIgniter\CodeIgniter->runController(Object(App\Controllers\Inventory))
 7 SYSTEMPATH\CodeIgniter.php(354): CodeIgniter\CodeIgniter->handleRequest(null, Object(Config\Cache), false)
 8 SYSTEMPATH\Boot.php(363): CodeIgniter\CodeIgniter->run()
 9 SYSTEMPATH\Boot.php(68): CodeIgniter\Boot::runCodeIgniter(Object(CodeIgniter\CodeIgniter))
10 FCPATH\index.php(59): CodeIgniter\Boot::bootWeb(Object(Config\Paths))
11 SYSTEMPATH\rewrite.php(44): require_once('C:\\Users\\Richard Miculob\\Documents\\ReliefTrack\\public\\index.php')
DEBUG - 2026-03-01 15:31:18 --> Session: Class initialized using 'CodeIgniter\Session\Handlers\FileHandler' driver.
WARNING - 2026-03-01 15:31:18 --> [DEPRECATED] Optional parameter $familyMemberId declared before required parameter $distributorId is implicitly treated as a required parameter in APPPATH\Models\InventoryModel.php on line 141.
 1 SYSTEMPATH\Autoloader\Autoloader.php(315): include_once('C:\\Users\\Richard Miculob\\Documents\\ReliefTrack\\system\\Debug\\Exceptions.php')
 2 SYSTEMPATH\Autoloader\Autoloader.php(295): CodeIgniter\Autoloader\Autoloader->includeFile('C:\\Users\\Richard Miculob\\Documents\\ReliefTrack\\app\\Models\\InventoryModel.php')
 3 SYSTEMPATH\Autoloader\Autoloader.php(271): CodeIgniter\Autoloader\Autoloader->loadInNamespace('App\\Models\\InventoryModel')
 4 APPPATH\Controllers\Inventory.php(305): CodeIgniter\Autoloader\Autoloader->loadClass('App\\Models\\InventoryModel')
 5 SYSTEMPATH\CodeIgniter.php(933): App\Controllers\Inventory->viewBatch('27')
 6 SYSTEMPATH\CodeIgniter.php(507): CodeIgniter\CodeIgniter->runController(Object(App\Controllers\Inventory))
 7 SYSTEMPATH\CodeIgniter.php(354): CodeIgniter\CodeIgniter->handleRequest(null, Object(Config\Cache), false)
 8 SYSTEMPATH\Boot.php(363): CodeIgniter\CodeIgniter->run()
 9 SYSTEMPATH\Boot.php(68): CodeIgniter\Boot::runCodeIgniter(Object(CodeIgniter\CodeIgniter))
10 FCPATH\index.php(59): CodeIgniter\Boot::bootWeb(Object(Config\Paths))
11 SYSTEMPATH\rewrite.php(44): require_once('C:\\Users\\Richard Miculob\\Documents\\ReliefTrack\\public\\index.php')
DEBUG - 2026-03-01 15:33:11 --> Session: Class initialized using 'CodeIgniter\Session\Handlers\FileHandler' driver.
DEBUG - 2026-03-01 15:33:19 --> Session: Class initialized using 'CodeIgniter\Session\Handlers\FileHandler' driver.
WARNING - 2026-03-01 15:33:19 --> [DEPRECATED] Optional parameter $familyMemberId declared before required parameter $distributorId is implicitly treated as a required parameter in APPPATH\Models\InventoryModel.php on line 141.
 1 SYSTEMPATH\Autoloader\Autoloader.php(315): include_once('C:\\Users\\Richard Miculob\\Documents\\ReliefTrack\\system\\Debug\\Exceptions.php')
 2 SYSTEMPATH\Autoloader\Autoloader.php(295): CodeIgniter\Autoloader\Autoloader->includeFile('C:\\Users\\Richard Miculob\\Documents\\ReliefTrack\\app\\Models\\InventoryModel.php')
 3 SYSTEMPATH\Autoloader\Autoloader.php(271): CodeIgniter\Autoloader\Autoloader->loadInNamespace('App\\Models\\InventoryModel')
 4 APPPATH\Controllers\Inventory.php(13): CodeIgniter\Autoloader\Autoloader->loadClass('App\\Models\\InventoryModel')
 5 SYSTEMPATH\CodeIgniter.php(933): App\Controllers\Inventory->index()
 6 SYSTEMPATH\CodeIgniter.php(507): CodeIgniter\CodeIgniter->runController(Object(App\Controllers\Inventory))
 7 SYSTEMPATH\CodeIgniter.php(354): CodeIgniter\CodeIgniter->handleRequest(null, Object(Config\Cache), false)
 8 SYSTEMPATH\Boot.php(363): CodeIgniter\CodeIgniter->run()
 9 SYSTEMPATH\Boot.php(68): CodeIgniter\Boot::runCodeIgniter(Object(CodeIgniter\CodeIgniter))
10 FCPATH\index.php(59): CodeIgniter\Boot::bootWeb(Object(Config\Paths))
11 SYSTEMPATH\rewrite.php(44): require_once('C:\\Users\\Richard Miculob\\Documents\\ReliefTrack\\public\\index.php')
DEBUG - 2026-03-01 15:33:37 --> Session: Class initialized using 'CodeIgniter\Session\Handlers\FileHandler' driver.
WARNING - 2026-03-01 15:33:37 --> [DEPRECATED] Optional parameter $familyMemberId declared before required parameter $distributorId is implicitly treated as a required parameter in APPPATH\Models\InventoryModel.php on line 141.
 1 SYSTEMPATH\Autoloader\Autoloader.php(315): include_once('C:\\Users\\Richard Miculob\\Documents\\ReliefTrack\\system\\Debug\\Exceptions.php')
 2 SYSTEMPATH\Autoloader\Autoloader.php(295): CodeIgniter\Autoloader\Autoloader->includeFile('C:\\Users\\Richard Miculob\\Documents\\ReliefTrack\\app\\Models\\InventoryModel.php')
 3 SYSTEMPATH\Autoloader\Autoloader.php(271): CodeIgniter\Autoloader\Autoloader->loadInNamespace('App\\Models\\InventoryModel')
 4 APPPATH\Controllers\Inventory.php(305): CodeIgniter\Autoloader\Autoloader->loadClass('App\\Models\\InventoryModel')
 5 SYSTEMPATH\CodeIgniter.php(933): App\Controllers\Inventory->viewBatch('27')
 6 SYSTEMPATH\CodeIgniter.php(507): CodeIgniter\CodeIgniter->runController(Object(App\Controllers\Inventory))
 7 SYSTEMPATH\CodeIgniter.php(354): CodeIgniter\CodeIgniter->handleRequest(null, Object(Config\Cache), false)
 8 SYSTEMPATH\Boot.php(363): CodeIgniter\CodeIgniter->run()
 9 SYSTEMPATH\Boot.php(68): CodeIgniter\Boot::runCodeIgniter(Object(CodeIgniter\CodeIgniter))
10 FCPATH\index.php(59): CodeIgniter\Boot::bootWeb(Object(Config\Paths))
11 SYSTEMPATH\rewrite.php(44): require_once('C:\\Users\\Richard Miculob\\Documents\\ReliefTrack\\public\\index.php')
DEBUG - 2026-03-01 15:34:20 --> Session: Class initialized using 'CodeIgniter\Session\Handlers\FileHandler' driver.
WARNING - 2026-03-01 15:34:20 --> [DEPRECATED] Optional parameter $familyMemberId declared before required parameter $distributorId is implicitly treated as a required parameter in APPPATH\Models\InventoryModel.php on line 141.
 1 SYSTEMPATH\Autoloader\Autoloader.php(315): include_once('C:\\Users\\Richard Miculob\\Documents\\ReliefTrack\\system\\Debug\\Exceptions.php')
 2 SYSTEMPATH\Autoloader\Autoloader.php(295): CodeIgniter\Autoloader\Autoloader->includeFile('C:\\Users\\Richard Miculob\\Documents\\ReliefTrack\\app\\Models\\InventoryModel.php')
 3 SYSTEMPATH\Autoloader\Autoloader.php(271): CodeIgniter\Autoloader\Autoloader->loadInNamespace('App\\Models\\InventoryModel')
 4 APPPATH\Controllers\Inventory.php(13): CodeIgniter\Autoloader\Autoloader->loadClass('App\\Models\\InventoryModel')
 5 SYSTEMPATH\CodeIgniter.php(933): App\Controllers\Inventory->index()
 6 SYSTEMPATH\CodeIgniter.php(507): CodeIgniter\CodeIgniter->runController(Object(App\Controllers\Inventory))
 7 SYSTEMPATH\CodeIgniter.php(354): CodeIgniter\CodeIgniter->handleRequest(null, Object(Config\Cache), false)
 8 SYSTEMPATH\Boot.php(363): CodeIgniter\CodeIgniter->run()
 9 SYSTEMPATH\Boot.php(68): CodeIgniter\Boot::runCodeIgniter(Object(CodeIgniter\CodeIgniter))
10 FCPATH\index.php(59): CodeIgniter\Boot::bootWeb(Object(Config\Paths))
11 SYSTEMPATH\rewrite.php(44): require_once('C:\\Users\\Richard Miculob\\Documents\\ReliefTrack\\public\\index.php')
DEBUG - 2026-03-01 15:34:21 --> Session: Class initialized using 'CodeIgniter\Session\Handlers\FileHandler' driver.
DEBUG - 2026-03-01 15:40:39 --> Session: Class initialized using 'CodeIgniter\Session\Handlers\FileHandler' driver.
DEBUG - 2026-03-01 15:40:44 --> Session: Class initialized using 'CodeIgniter\Session\Handlers\FileHandler' driver.
DEBUG - 2026-03-01 15:40:45 --> Session: Class initialized using 'CodeIgniter\Session\Handlers\FileHandler' driver.
WARNING - 2026-03-01 15:40:45 --> [DEPRECATED] Optional parameter $familyMemberId declared before required parameter $distributorId is implicitly treated as a required parameter in APPPATH\Models\InventoryModel.php on line 141.
 1 SYSTEMPATH\Autoloader\Autoloader.php(315): include_once('C:\\Users\\Richard Miculob\\Documents\\ReliefTrack\\system\\Debug\\Exceptions.php')
 2 SYSTEMPATH\Autoloader\Autoloader.php(295): CodeIgniter\Autoloader\Autoloader->includeFile('C:\\Users\\Richard Miculob\\Documents\\ReliefTrack\\app\\Models\\InventoryModel.php')
 3 SYSTEMPATH\Autoloader\Autoloader.php(271): CodeIgniter\Autoloader\Autoloader->loadInNamespace('App\\Models\\InventoryModel')
 4 APPPATH\Controllers\Dashboard.php(22): CodeIgniter\Autoloader\Autoloader->loadClass('App\\Models\\InventoryModel')
 5 SYSTEMPATH\CodeIgniter.php(933): App\Controllers\Dashboard->index()
 6 SYSTEMPATH\CodeIgniter.php(507): CodeIgniter\CodeIgniter->runController(Object(App\Controllers\Dashboard))
 7 SYSTEMPATH\CodeIgniter.php(354): CodeIgniter\CodeIgniter->handleRequest(null, Object(Config\Cache), false)
 8 SYSTEMPATH\Boot.php(363): CodeIgniter\CodeIgniter->run()
 9 SYSTEMPATH\Boot.php(68): CodeIgniter\Boot::runCodeIgniter(Object(CodeIgniter\CodeIgniter))
10 FCPATH\index.php(59): CodeIgniter\Boot::bootWeb(Object(Config\Paths))
11 SYSTEMPATH\rewrite.php(44): require_once('C:\\Users\\Richard Miculob\\Documents\\ReliefTrack\\public\\index.php')
DEBUG - 2026-03-01 15:40:46 --> Session: Class initialized using 'CodeIgniter\Session\Handlers\FileHandler' driver.
WARNING - 2026-03-01 15:40:47 --> [DEPRECATED] Optional parameter $familyMemberId declared before required parameter $distributorId is implicitly treated as a required parameter in APPPATH\Models\InventoryModel.php on line 141.
 1 SYSTEMPATH\Autoloader\Autoloader.php(315): include_once('C:\\Users\\Richard Miculob\\Documents\\ReliefTrack\\system\\Debug\\Exceptions.php')
 2 SYSTEMPATH\Autoloader\Autoloader.php(295): CodeIgniter\Autoloader\Autoloader->includeFile('C:\\Users\\Richard Miculob\\Documents\\ReliefTrack\\app\\Models\\InventoryModel.php')
 3 SYSTEMPATH\Autoloader\Autoloader.php(271): CodeIgniter\Autoloader\Autoloader->loadInNamespace('App\\Models\\InventoryModel')
 4 APPPATH\Controllers\Inventory.php(13): CodeIgniter\Autoloader\Autoloader->loadClass('App\\Models\\InventoryModel')
 5 SYSTEMPATH\CodeIgniter.php(933): App\Controllers\Inventory->index()
 6 SYSTEMPATH\CodeIgniter.php(507): CodeIgniter\CodeIgniter->runController(Object(App\Controllers\Inventory))
 7 SYSTEMPATH\CodeIgniter.php(354): CodeIgniter\CodeIgniter->handleRequest(null, Object(Config\Cache), false)
 8 SYSTEMPATH\Boot.php(363): CodeIgniter\CodeIgniter->run()
 9 SYSTEMPATH\Boot.php(68): CodeIgniter\Boot::runCodeIgniter(Object(CodeIgniter\CodeIgniter))
10 FCPATH\index.php(59): CodeIgniter\Boot::bootWeb(Object(Config\Paths))
11 SYSTEMPATH\rewrite.php(44): require_once('C:\\Users\\Richard Miculob\\Documents\\ReliefTrack\\public\\index.php')
DEBUG - 2026-03-01 15:40:49 --> Session: Class initialized using 'CodeIgniter\Session\Handlers\FileHandler' driver.
DEBUG - 2026-03-01 15:44:55 --> Session: Class initialized using 'CodeIgniter\Session\Handlers\FileHandler' driver.
DEBUG - 2026-03-01 15:47:13 --> Session: Class initialized using 'CodeIgniter\Session\Handlers\FileHandler' driver.
DEBUG - 2026-03-01 15:47:17 --> Session: Class initialized using 'CodeIgniter\Session\Handlers\FileHandler' driver.
DEBUG - 2026-03-01 15:47:27 --> Session: Class initialized using 'CodeIgniter\Session\Handlers\FileHandler' driver.
DEBUG - 2026-03-01 15:47:40 --> Session: Class initialized using 'CodeIgniter\Session\Handlers\FileHandler' driver.
DEBUG - 2026-03-01 15:48:05 --> Session: Class initialized using 'CodeIgniter\Session\Handlers\FileHandler' driver.
DEBUG - 2026-03-01 15:48:13 --> Session: Class initialized using 'CodeIgniter\Session\Handlers\FileHandler' driver.
WARNING - 2026-03-01 15:48:14 --> [DEPRECATED] Optional parameter $familyMemberId declared before required parameter $distributorId is implicitly treated as a required parameter in APPPATH\Models\InventoryModel.php on line 142.
 1 SYSTEMPATH\Autoloader\Autoloader.php(315): include_once('C:\\Users\\Richard Miculob\\Documents\\ReliefTrack\\system\\Debug\\Exceptions.php')
 2 SYSTEMPATH\Autoloader\Autoloader.php(295): CodeIgniter\Autoloader\Autoloader->includeFile('C:\\Users\\Richard Miculob\\Documents\\ReliefTrack\\app\\Models\\InventoryModel.php')
 3 SYSTEMPATH\Autoloader\Autoloader.php(271): CodeIgniter\Autoloader\Autoloader->loadInNamespace('App\\Models\\InventoryModel')
 4 APPPATH\Controllers\Inventory.php(13): CodeIgniter\Autoloader\Autoloader->loadClass('App\\Models\\InventoryModel')
 5 SYSTEMPATH\CodeIgniter.php(933): App\Controllers\Inventory->index()
 6 SYSTEMPATH\CodeIgniter.php(507): CodeIgniter\CodeIgniter->runController(Object(App\Controllers\Inventory))
 7 SYSTEMPATH\CodeIgniter.php(354): CodeIgniter\CodeIgniter->handleRequest(null, Object(Config\Cache), false)
 8 SYSTEMPATH\Boot.php(363): CodeIgniter\CodeIgniter->run()
 9 SYSTEMPATH\Boot.php(68): CodeIgniter\Boot::runCodeIgniter(Object(CodeIgniter\CodeIgniter))
10 FCPATH\index.php(59): CodeIgniter\Boot::bootWeb(Object(Config\Paths))
11 SYSTEMPATH\rewrite.php(44): require_once('C:\\Users\\Richard Miculob\\Documents\\ReliefTrack\\public\\index.php')
DEBUG - 2026-03-01 15:48:16 --> Session: Class initialized using 'CodeIgniter\Session\Handlers\FileHandler' driver.
WARNING - 2026-03-01 15:48:16 --> [DEPRECATED] Optional parameter $familyMemberId declared before required parameter $distributorId is implicitly treated as a required parameter in APPPATH\Models\InventoryModel.php on line 142.
 1 SYSTEMPATH\Autoloader\Autoloader.php(315): include_once('C:\\Users\\Richard Miculob\\Documents\\ReliefTrack\\system\\Debug\\Exceptions.php')
 2 SYSTEMPATH\Autoloader\Autoloader.php(295): CodeIgniter\Autoloader\Autoloader->includeFile('C:\\Users\\Richard Miculob\\Documents\\ReliefTrack\\app\\Models\\InventoryModel.php')
 3 SYSTEMPATH\Autoloader\Autoloader.php(271): CodeIgniter\Autoloader\Autoloader->loadInNamespace('App\\Models\\InventoryModel')
 4 APPPATH\Controllers\Inventory.php(404): CodeIgniter\Autoloader\Autoloader->loadClass('App\\Models\\InventoryModel')
 5 SYSTEMPATH\CodeIgniter.php(933): App\Controllers\Inventory->delete('25')
 6 SYSTEMPATH\CodeIgniter.php(507): CodeIgniter\CodeIgniter->runController(Object(App\Controllers\Inventory))
 7 SYSTEMPATH\CodeIgniter.php(354): CodeIgniter\CodeIgniter->handleRequest(null, Object(Config\Cache), false)
 8 SYSTEMPATH\Boot.php(363): CodeIgniter\CodeIgniter->run()
 9 SYSTEMPATH\Boot.php(68): CodeIgniter\Boot::runCodeIgniter(Object(CodeIgniter\CodeIgniter))
10 FCPATH\index.php(59): CodeIgniter\Boot::bootWeb(Object(Config\Paths))
11 SYSTEMPATH\rewrite.php(44): require_once('C:\\Users\\Richard Miculob\\Documents\\ReliefTrack\\public\\index.php')
DEBUG - 2026-03-01 15:48:16 --> Session: Class initialized using 'CodeIgniter\Session\Handlers\FileHandler' driver.
WARNING - 2026-03-01 15:48:16 --> [DEPRECATED] Optional parameter $familyMemberId declared before required parameter $distributorId is implicitly treated as a required parameter in APPPATH\Models\InventoryModel.php on line 142.
 1 SYSTEMPATH\Autoloader\Autoloader.php(315): include_once('C:\\Users\\Richard Miculob\\Documents\\ReliefTrack\\system\\Debug\\Exceptions.php')
 2 SYSTEMPATH\Autoloader\Autoloader.php(295): CodeIgniter\Autoloader\Autoloader->includeFile('C:\\Users\\Richard Miculob\\Documents\\ReliefTrack\\app\\Models\\InventoryModel.php')
 3 SYSTEMPATH\Autoloader\Autoloader.php(271): CodeIgniter\Autoloader\Autoloader->loadInNamespace('App\\Models\\InventoryModel')
 4 APPPATH\Controllers\Inventory.php(13): CodeIgniter\Autoloader\Autoloader->loadClass('App\\Models\\InventoryModel')
 5 SYSTEMPATH\CodeIgniter.php(933): App\Controllers\Inventory->index()
 6 SYSTEMPATH\CodeIgniter.php(507): CodeIgniter\CodeIgniter->runController(Object(App\Controllers\Inventory))
 7 SYSTEMPATH\CodeIgniter.php(354): CodeIgniter\CodeIgniter->handleRequest(null, Object(Config\Cache), false)
 8 SYSTEMPATH\Boot.php(363): CodeIgniter\CodeIgniter->run()
 9 SYSTEMPATH\Boot.php(68): CodeIgniter\Boot::runCodeIgniter(Object(CodeIgniter\CodeIgniter))
10 FCPATH\index.php(59): CodeIgniter\Boot::bootWeb(Object(Config\Paths))
11 SYSTEMPATH\rewrite.php(44): require_once('C:\\Users\\Richard Miculob\\Documents\\ReliefTrack\\public\\index.php')
DEBUG - 2026-03-01 15:48:16 --> Session: Class initialized using 'CodeIgniter\Session\Handlers\FileHandler' driver.
WARNING - 2026-03-01 15:48:16 --> [DEPRECATED] Optional parameter $familyMemberId declared before required parameter $distributorId is implicitly treated as a required parameter in APPPATH\Models\InventoryModel.php on line 142.
 1 SYSTEMPATH\Autoloader\Autoloader.php(315): include_once('C:\\Users\\Richard Miculob\\Documents\\ReliefTrack\\system\\Debug\\Exceptions.php')
 2 SYSTEMPATH\Autoloader\Autoloader.php(295): CodeIgniter\Autoloader\Autoloader->includeFile('C:\\Users\\Richard Miculob\\Documents\\ReliefTrack\\app\\Models\\InventoryModel.php')
 3 SYSTEMPATH\Autoloader\Autoloader.php(271): CodeIgniter\Autoloader\Autoloader->loadInNamespace('App\\Models\\InventoryModel')
 4 APPPATH\Controllers\Inventory.php(404): CodeIgniter\Autoloader\Autoloader->loadClass('App\\Models\\InventoryModel')
 5 SYSTEMPATH\CodeIgniter.php(933): App\Controllers\Inventory->delete('25')
 6 SYSTEMPATH\CodeIgniter.php(507): CodeIgniter\CodeIgniter->runController(Object(App\Controllers\Inventory))
 7 SYSTEMPATH\CodeIgniter.php(354): CodeIgniter\CodeIgniter->handleRequest(null, Object(Config\Cache), false)
 8 SYSTEMPATH\Boot.php(363): CodeIgniter\CodeIgniter->run()
 9 SYSTEMPATH\Boot.php(68): CodeIgniter\Boot::runCodeIgniter(Object(CodeIgniter\CodeIgniter))
10 FCPATH\index.php(59): CodeIgniter\Boot::bootWeb(Object(Config\Paths))
11 SYSTEMPATH\rewrite.php(44): require_once('C:\\Users\\Richard Miculob\\Documents\\ReliefTrack\\public\\index.php')
DEBUG - 2026-03-01 15:48:17 --> Session: Class initialized using 'CodeIgniter\Session\Handlers\FileHandler' driver.
WARNING - 2026-03-01 15:48:17 --> [DEPRECATED] Optional parameter $familyMemberId declared before required parameter $distributorId is implicitly treated as a required parameter in APPPATH\Models\InventoryModel.php on line 142.
 1 SYSTEMPATH\Autoloader\Autoloader.php(315): include_once('C:\\Users\\Richard Miculob\\Documents\\ReliefTrack\\system\\Debug\\Exceptions.php')
 2 SYSTEMPATH\Autoloader\Autoloader.php(295): CodeIgniter\Autoloader\Autoloader->includeFile('C:\\Users\\Richard Miculob\\Documents\\ReliefTrack\\app\\Models\\InventoryModel.php')
 3 SYSTEMPATH\Autoloader\Autoloader.php(271): CodeIgniter\Autoloader\Autoloader->loadInNamespace('App\\Models\\InventoryModel')
 4 APPPATH\Controllers\Inventory.php(13): CodeIgniter\Autoloader\Autoloader->loadClass('App\\Models\\InventoryModel')
 5 SYSTEMPATH\CodeIgniter.php(933): App\Controllers\Inventory->index()
 6 SYSTEMPATH\CodeIgniter.php(507): CodeIgniter\CodeIgniter->runController(Object(App\Controllers\Inventory))
 7 SYSTEMPATH\CodeIgniter.php(354): CodeIgniter\CodeIgniter->handleRequest(null, Object(Config\Cache), false)
 8 SYSTEMPATH\Boot.php(363): CodeIgniter\CodeIgniter->run()
 9 SYSTEMPATH\Boot.php(68): CodeIgniter\Boot::runCodeIgniter(Object(CodeIgniter\CodeIgniter))
10 FCPATH\index.php(59): CodeIgniter\Boot::bootWeb(Object(Config\Paths))
11 SYSTEMPATH\rewrite.php(44): require_once('C:\\Users\\Richard Miculob\\Documents\\ReliefTrack\\public\\index.php')
DEBUG - 2026-03-01 15:48:18 --> Session: Class initialized using 'CodeIgniter\Session\Handlers\FileHandler' driver.
DEBUG - 2026-03-01 15:48:44 --> Session: Class initialized using 'CodeIgniter\Session\Handlers\FileHandler' driver.
WARNING - 2026-03-01 15:48:44 --> [DEPRECATED] Optional parameter $familyMemberId declared before required parameter $distributorId is implicitly treated as a required parameter in APPPATH\Models\InventoryModel.php on line 142.
 1 SYSTEMPATH\Autoloader\Autoloader.php(315): include_once('C:\\Users\\Richard Miculob\\Documents\\ReliefTrack\\system\\Debug\\Exceptions.php')
 2 SYSTEMPATH\Autoloader\Autoloader.php(295): CodeIgniter\Autoloader\Autoloader->includeFile('C:\\Users\\Richard Miculob\\Documents\\ReliefTrack\\app\\Models\\InventoryModel.php')
 3 SYSTEMPATH\Autoloader\Autoloader.php(271): CodeIgniter\Autoloader\Autoloader->loadInNamespace('App\\Models\\InventoryModel')
 4 APPPATH\Controllers\Inventory.php(247): CodeIgniter\Autoloader\Autoloader->loadClass('App\\Models\\InventoryModel')
 5 SYSTEMPATH\CodeIgniter.php(933): App\Controllers\Inventory->saveItemWithBatch()
 6 SYSTEMPATH\CodeIgniter.php(507): CodeIgniter\CodeIgniter->runController(Object(App\Controllers\Inventory))
 7 SYSTEMPATH\CodeIgniter.php(354): CodeIgniter\CodeIgniter->handleRequest(null, Object(Config\Cache), false)
 8 SYSTEMPATH\Boot.php(363): CodeIgniter\CodeIgniter->run()
 9 SYSTEMPATH\Boot.php(68): CodeIgniter\Boot::runCodeIgniter(Object(CodeIgniter\CodeIgniter))
10 FCPATH\index.php(59): CodeIgniter\Boot::bootWeb(Object(Config\Paths))
11 SYSTEMPATH\rewrite.php(44): require_once('C:\\Users\\Richard Miculob\\Documents\\ReliefTrack\\public\\index.php')
ERROR - 2026-03-01 15:48:45 --> mysqli_sql_exception: Unknown column 'units_per_storage' in 'field list' in C:\Users\Richard Miculob\Documents\ReliefTrack\system\Database\MySQLi\Connection.php:327
Stack trace:
#0 C:\Users\Richard Miculob\Documents\ReliefTrack\system\Database\MySQLi\Connection.php(327): mysqli->query('INSERT INTO `in...', 0)
#1 C:\Users\Richard Miculob\Documents\ReliefTrack\system\Database\BaseConnection.php(729): CodeIgniter\Database\MySQLi\Connection->execute('INSERT INTO `in...')
#2 C:\Users\Richard Miculob\Documents\ReliefTrack\system\Database\BaseConnection.php(646): CodeIgniter\Database\BaseConnection->simpleQuery('INSERT INTO `in...')
#3 C:\Users\Richard Miculob\Documents\ReliefTrack\system\Database\BaseBuilder.php(2345): CodeIgniter\Database\BaseConnection->query('INSERT INTO `in...', Array, false)
#4 C:\Users\Richard Miculob\Documents\ReliefTrack\system\Model.php(394): CodeIgniter\Database\BaseBuilder->insert()
#5 C:\Users\Richard Miculob\Documents\ReliefTrack\system\BaseModel.php(838): CodeIgniter\Model->doInsert(Array)
#6 C:\Users\Richard Miculob\Documents\ReliefTrack\system\Model.php(797): CodeIgniter\BaseModel->insert(Array, true)
#7 C:\Users\Richard Miculob\Documents\ReliefTrack\app\Models\InventoryModel.php(84): CodeIgniter\Model->insert(Array)
#8 C:\Users\Richard Miculob\Documents\ReliefTrack\app\Controllers\Inventory.php(287): App\Models\InventoryModel->addWithBatch(Array, Array)
#9 C:\Users\Richard Miculob\Documents\ReliefTrack\system\CodeIgniter.php(933): App\Controllers\Inventory->saveItemWithBatch()
#10 C:\Users\Richard Miculob\Documents\ReliefTrack\system\CodeIgniter.php(507): CodeIgniter\CodeIgniter->runController(Object(App\Controllers\Inventory))
#11 C:\Users\Richard Miculob\Documents\ReliefTrack\system\CodeIgniter.php(354): CodeIgniter\CodeIgniter->handleRequest(NULL, Object(Config\Cache), false)
#12 C:\Users\Richard Miculob\Documents\ReliefTrack\system\Boot.php(363): CodeIgniter\CodeIgniter->run()
#13 C:\Users\Richard Miculob\Documents\ReliefTrack\system\Boot.php(68): CodeIgniter\Boot::runCodeIgniter(Object(CodeIgniter\CodeIgniter))
#14 C:\Users\Richard Miculob\Documents\ReliefTrack\public\index.php(59): CodeIgniter\Boot::bootWeb(Object(Config\Paths))
#15 C:\Users\Richard Miculob\Documents\ReliefTrack\system\rewrite.php(44): require_once('C:\\Users\\Richar...')
#16 {main}
DEBUG - 2026-03-01 15:48:45 --> Session: Class initialized using 'CodeIgniter\Session\Handlers\FileHandler' driver.
WARNING - 2026-03-01 15:48:45 --> [DEPRECATED] Optional parameter $familyMemberId declared before required parameter $distributorId is implicitly treated as a required parameter in APPPATH\Models\InventoryModel.php on line 142.
 1 SYSTEMPATH\Autoloader\Autoloader.php(315): include_once('C:\\Users\\Richard Miculob\\Documents\\ReliefTrack\\system\\Debug\\Exceptions.php')
 2 SYSTEMPATH\Autoloader\Autoloader.php(295): CodeIgniter\Autoloader\Autoloader->includeFile('C:\\Users\\Richard Miculob\\Documents\\ReliefTrack\\app\\Models\\InventoryModel.php')
 3 SYSTEMPATH\Autoloader\Autoloader.php(271): CodeIgniter\Autoloader\Autoloader->loadInNamespace('App\\Models\\InventoryModel')
 4 APPPATH\Controllers\Inventory.php(354): CodeIgniter\Autoloader\Autoloader->loadClass('App\\Models\\InventoryModel')
 5 SYSTEMPATH\CodeIgniter.php(933): App\Controllers\Inventory->batches('0')
 6 SYSTEMPATH\CodeIgniter.php(507): CodeIgniter\CodeIgniter->runController(Object(App\Controllers\Inventory))
 7 SYSTEMPATH\CodeIgniter.php(354): CodeIgniter\CodeIgniter->handleRequest(null, Object(Config\Cache), false)
 8 SYSTEMPATH\Boot.php(363): CodeIgniter\CodeIgniter->run()
 9 SYSTEMPATH\Boot.php(68): CodeIgniter\Boot::runCodeIgniter(Object(CodeIgniter\CodeIgniter))
10 FCPATH\index.php(59): CodeIgniter\Boot::bootWeb(Object(Config\Paths))
11 SYSTEMPATH\rewrite.php(44): require_once('C:\\Users\\Richard Miculob\\Documents\\ReliefTrack\\public\\index.php')
DEBUG - 2026-03-01 15:48:45 --> Session: Class initialized using 'CodeIgniter\Session\Handlers\FileHandler' driver.
WARNING - 2026-03-01 15:48:45 --> [DEPRECATED] Optional parameter $familyMemberId declared before required parameter $distributorId is implicitly treated as a required parameter in APPPATH\Models\InventoryModel.php on line 142.
 1 SYSTEMPATH\Autoloader\Autoloader.php(315): include_once('C:\\Users\\Richard Miculob\\Documents\\ReliefTrack\\system\\Debug\\Exceptions.php')
 2 SYSTEMPATH\Autoloader\Autoloader.php(295): CodeIgniter\Autoloader\Autoloader->includeFile('C:\\Users\\Richard Miculob\\Documents\\ReliefTrack\\app\\Models\\InventoryModel.php')
 3 SYSTEMPATH\Autoloader\Autoloader.php(271): CodeIgniter\Autoloader\Autoloader->loadInNamespace('App\\Models\\InventoryModel')
 4 APPPATH\Controllers\Inventory.php(13): CodeIgniter\Autoloader\Autoloader->loadClass('App\\Models\\InventoryModel')
 5 SYSTEMPATH\CodeIgniter.php(933): App\Controllers\Inventory->index()
 6 SYSTEMPATH\CodeIgniter.php(507): CodeIgniter\CodeIgniter->runController(Object(App\Controllers\Inventory))
 7 SYSTEMPATH\CodeIgniter.php(354): CodeIgniter\CodeIgniter->handleRequest(null, Object(Config\Cache), false)
 8 SYSTEMPATH\Boot.php(363): CodeIgniter\CodeIgniter->run()
 9 SYSTEMPATH\Boot.php(68): CodeIgniter\Boot::runCodeIgniter(Object(CodeIgniter\CodeIgniter))
10 FCPATH\index.php(59): CodeIgniter\Boot::bootWeb(Object(Config\Paths))
11 SYSTEMPATH\rewrite.php(44): require_once('C:\\Users\\Richard Miculob\\Documents\\ReliefTrack\\public\\index.php')
DEBUG - 2026-03-01 15:48:59 --> Session: Class initialized using 'CodeIgniter\Session\Handlers\FileHandler' driver.
DEBUG - 2026-03-01 15:49:41 --> Session: Class initialized using 'CodeIgniter\Session\Handlers\FileHandler' driver.
WARNING - 2026-03-01 15:49:41 --> [DEPRECATED] Optional parameter $familyMemberId declared before required parameter $distributorId is implicitly treated as a required parameter in APPPATH\Models\InventoryModel.php on line 142.
 1 SYSTEMPATH\Autoloader\Autoloader.php(315): include_once('C:\\Users\\Richard Miculob\\Documents\\ReliefTrack\\system\\Debug\\Exceptions.php')
 2 SYSTEMPATH\Autoloader\Autoloader.php(295): CodeIgniter\Autoloader\Autoloader->includeFile('C:\\Users\\Richard Miculob\\Documents\\ReliefTrack\\app\\Models\\InventoryModel.php')
 3 SYSTEMPATH\Autoloader\Autoloader.php(271): CodeIgniter\Autoloader\Autoloader->loadInNamespace('App\\Models\\InventoryModel')
 4 APPPATH\Controllers\Inventory.php(247): CodeIgniter\Autoloader\Autoloader->loadClass('App\\Models\\InventoryModel')
 5 SYSTEMPATH\CodeIgniter.php(933): App\Controllers\Inventory->saveItemWithBatch()
 6 SYSTEMPATH\CodeIgniter.php(507): CodeIgniter\CodeIgniter->runController(Object(App\Controllers\Inventory))
 7 SYSTEMPATH\CodeIgniter.php(354): CodeIgniter\CodeIgniter->handleRequest(null, Object(Config\Cache), false)
 8 SYSTEMPATH\Boot.php(363): CodeIgniter\CodeIgniter->run()
 9 SYSTEMPATH\Boot.php(68): CodeIgniter\Boot::runCodeIgniter(Object(CodeIgniter\CodeIgniter))
10 FCPATH\index.php(59): CodeIgniter\Boot::bootWeb(Object(Config\Paths))
11 SYSTEMPATH\rewrite.php(44): require_once('C:\\Users\\Richard Miculob\\Documents\\ReliefTrack\\public\\index.php')
ERROR - 2026-03-01 15:49:41 --> mysqli_sql_exception: Unknown column 'units_per_storage' in 'field list' in C:\Users\Richard Miculob\Documents\ReliefTrack\system\Database\MySQLi\Connection.php:327
Stack trace:
#0 C:\Users\Richard Miculob\Documents\ReliefTrack\system\Database\MySQLi\Connection.php(327): mysqli->query('INSERT INTO `in...', 0)
#1 C:\Users\Richard Miculob\Documents\ReliefTrack\system\Database\BaseConnection.php(729): CodeIgniter\Database\MySQLi\Connection->execute('INSERT INTO `in...')
#2 C:\Users\Richard Miculob\Documents\ReliefTrack\system\Database\BaseConnection.php(646): CodeIgniter\Database\BaseConnection->simpleQuery('INSERT INTO `in...')
#3 C:\Users\Richard Miculob\Documents\ReliefTrack\system\Database\BaseBuilder.php(2345): CodeIgniter\Database\BaseConnection->query('INSERT INTO `in...', Array, false)
#4 C:\Users\Richard Miculob\Documents\ReliefTrack\system\Model.php(394): CodeIgniter\Database\BaseBuilder->insert()
#5 C:\Users\Richard Miculob\Documents\ReliefTrack\system\BaseModel.php(838): CodeIgniter\Model->doInsert(Array)
#6 C:\Users\Richard Miculob\Documents\ReliefTrack\system\Model.php(797): CodeIgniter\BaseModel->insert(Array, true)
#7 C:\Users\Richard Miculob\Documents\ReliefTrack\app\Models\InventoryModel.php(84): CodeIgniter\Model->insert(Array)
#8 C:\Users\Richard Miculob\Documents\ReliefTrack\app\Controllers\Inventory.php(287): App\Models\InventoryModel->addWithBatch(Array, Array)
#9 C:\Users\Richard Miculob\Documents\ReliefTrack\system\CodeIgniter.php(933): App\Controllers\Inventory->saveItemWithBatch()
#10 C:\Users\Richard Miculob\Documents\ReliefTrack\system\CodeIgniter.php(507): CodeIgniter\CodeIgniter->runController(Object(App\Controllers\Inventory))
#11 C:\Users\Richard Miculob\Documents\ReliefTrack\system\CodeIgniter.php(354): CodeIgniter\CodeIgniter->handleRequest(NULL, Object(Config\Cache), false)
#12 C:\Users\Richard Miculob\Documents\ReliefTrack\system\Boot.php(363): CodeIgniter\CodeIgniter->run()
#13 C:\Users\Richard Miculob\Documents\ReliefTrack\system\Boot.php(68): CodeIgniter\Boot::runCodeIgniter(Object(CodeIgniter\CodeIgniter))
#14 C:\Users\Richard Miculob\Documents\ReliefTrack\public\index.php(59): CodeIgniter\Boot::bootWeb(Object(Config\Paths))
#15 C:\Users\Richard Miculob\Documents\ReliefTrack\system\rewrite.php(44): require_once('C:\\Users\\Richar...')
#16 {main}
DEBUG - 2026-03-01 15:49:42 --> Session: Class initialized using 'CodeIgniter\Session\Handlers\FileHandler' driver.
WARNING - 2026-03-01 15:49:42 --> [DEPRECATED] Optional parameter $familyMemberId declared before required parameter $distributorId is implicitly treated as a required parameter in APPPATH\Models\InventoryModel.php on line 142.
 1 SYSTEMPATH\Autoloader\Autoloader.php(315): include_once('C:\\Users\\Richard Miculob\\Documents\\ReliefTrack\\system\\Debug\\Exceptions.php')
 2 SYSTEMPATH\Autoloader\Autoloader.php(295): CodeIgniter\Autoloader\Autoloader->includeFile('C:\\Users\\Richard Miculob\\Documents\\ReliefTrack\\app\\Models\\InventoryModel.php')
 3 SYSTEMPATH\Autoloader\Autoloader.php(271): CodeIgniter\Autoloader\Autoloader->loadInNamespace('App\\Models\\InventoryModel')
 4 APPPATH\Controllers\Inventory.php(354): CodeIgniter\Autoloader\Autoloader->loadClass('App\\Models\\InventoryModel')
 5 SYSTEMPATH\CodeIgniter.php(933): App\Controllers\Inventory->batches('0')
 6 SYSTEMPATH\CodeIgniter.php(507): CodeIgniter\CodeIgniter->runController(Object(App\Controllers\Inventory))
 7 SYSTEMPATH\CodeIgniter.php(354): CodeIgniter\CodeIgniter->handleRequest(null, Object(Config\Cache), false)
 8 SYSTEMPATH\Boot.php(363): CodeIgniter\CodeIgniter->run()
 9 SYSTEMPATH\Boot.php(68): CodeIgniter\Boot::runCodeIgniter(Object(CodeIgniter\CodeIgniter))
10 FCPATH\index.php(59): CodeIgniter\Boot::bootWeb(Object(Config\Paths))
11 SYSTEMPATH\rewrite.php(44): require_once('C:\\Users\\Richard Miculob\\Documents\\ReliefTrack\\public\\index.php')
DEBUG - 2026-03-01 15:49:42 --> Session: Class initialized using 'CodeIgniter\Session\Handlers\FileHandler' driver.
WARNING - 2026-03-01 15:49:42 --> [DEPRECATED] Optional parameter $familyMemberId declared before required parameter $distributorId is implicitly treated as a required parameter in APPPATH\Models\InventoryModel.php on line 142.
 1 SYSTEMPATH\Autoloader\Autoloader.php(315): include_once('C:\\Users\\Richard Miculob\\Documents\\ReliefTrack\\system\\Debug\\Exceptions.php')
 2 SYSTEMPATH\Autoloader\Autoloader.php(295): CodeIgniter\Autoloader\Autoloader->includeFile('C:\\Users\\Richard Miculob\\Documents\\ReliefTrack\\app\\Models\\InventoryModel.php')
 3 SYSTEMPATH\Autoloader\Autoloader.php(271): CodeIgniter\Autoloader\Autoloader->loadInNamespace('App\\Models\\InventoryModel')
 4 APPPATH\Controllers\Inventory.php(13): CodeIgniter\Autoloader\Autoloader->loadClass('App\\Models\\InventoryModel')
 5 SYSTEMPATH\CodeIgniter.php(933): App\Controllers\Inventory->index()
 6 SYSTEMPATH\CodeIgniter.php(507): CodeIgniter\CodeIgniter->runController(Object(App\Controllers\Inventory))
 7 SYSTEMPATH\CodeIgniter.php(354): CodeIgniter\CodeIgniter->handleRequest(null, Object(Config\Cache), false)
 8 SYSTEMPATH\Boot.php(363): CodeIgniter\CodeIgniter->run()
 9 SYSTEMPATH\Boot.php(68): CodeIgniter\Boot::runCodeIgniter(Object(CodeIgniter\CodeIgniter))
10 FCPATH\index.php(59): CodeIgniter\Boot::bootWeb(Object(Config\Paths))
11 SYSTEMPATH\rewrite.php(44): require_once('C:\\Users\\Richard Miculob\\Documents\\ReliefTrack\\public\\index.php')
DEBUG - 2026-03-01 15:50:11 --> Session: Class initialized using 'CodeIgniter\Session\Handlers\FileHandler' driver.
DEBUG - 2026-03-01 15:50:49 --> Session: Class initialized using 'CodeIgniter\Session\Handlers\FileHandler' driver.
WARNING - 2026-03-01 15:50:49 --> [DEPRECATED] Optional parameter $familyMemberId declared before required parameter $distributorId is implicitly treated as a required parameter in APPPATH\Models\InventoryModel.php on line 142.
 1 SYSTEMPATH\Autoloader\Autoloader.php(315): include_once('C:\\Users\\Richard Miculob\\Documents\\ReliefTrack\\system\\Debug\\Exceptions.php')
 2 SYSTEMPATH\Autoloader\Autoloader.php(295): CodeIgniter\Autoloader\Autoloader->includeFile('C:\\Users\\Richard Miculob\\Documents\\ReliefTrack\\app\\Models\\InventoryModel.php')
 3 SYSTEMPATH\Autoloader\Autoloader.php(271): CodeIgniter\Autoloader\Autoloader->loadInNamespace('App\\Models\\InventoryModel')
 4 APPPATH\Controllers\Inventory.php(247): CodeIgniter\Autoloader\Autoloader->loadClass('App\\Models\\InventoryModel')
 5 SYSTEMPATH\CodeIgniter.php(933): App\Controllers\Inventory->saveItemWithBatch()
 6 SYSTEMPATH\CodeIgniter.php(507): CodeIgniter\CodeIgniter->runController(Object(App\Controllers\Inventory))
 7 SYSTEMPATH\CodeIgniter.php(354): CodeIgniter\CodeIgniter->handleRequest(null, Object(Config\Cache), false)
 8 SYSTEMPATH\Boot.php(363): CodeIgniter\CodeIgniter->run()
 9 SYSTEMPATH\Boot.php(68): CodeIgniter\Boot::runCodeIgniter(Object(CodeIgniter\CodeIgniter))
10 FCPATH\index.php(59): CodeIgniter\Boot::bootWeb(Object(Config\Paths))
11 SYSTEMPATH\rewrite.php(44): require_once('C:\\Users\\Richard Miculob\\Documents\\ReliefTrack\\public\\index.php')
DEBUG - 2026-03-01 15:50:50 --> Session: Class initialized using 'CodeIgniter\Session\Handlers\FileHandler' driver.
WARNING - 2026-03-01 15:50:50 --> [DEPRECATED] Optional parameter $familyMemberId declared before required parameter $distributorId is implicitly treated as a required parameter in APPPATH\Models\InventoryModel.php on line 142.
 1 SYSTEMPATH\Autoloader\Autoloader.php(315): include_once('C:\\Users\\Richard Miculob\\Documents\\ReliefTrack\\system\\Debug\\Exceptions.php')
 2 SYSTEMPATH\Autoloader\Autoloader.php(295): CodeIgniter\Autoloader\Autoloader->includeFile('C:\\Users\\Richard Miculob\\Documents\\ReliefTrack\\app\\Models\\InventoryModel.php')
 3 SYSTEMPATH\Autoloader\Autoloader.php(271): CodeIgniter\Autoloader\Autoloader->loadInNamespace('App\\Models\\InventoryModel')
 4 APPPATH\Controllers\Inventory.php(354): CodeIgniter\Autoloader\Autoloader->loadClass('App\\Models\\InventoryModel')
 5 SYSTEMPATH\CodeIgniter.php(933): App\Controllers\Inventory->batches('28')
 6 SYSTEMPATH\CodeIgniter.php(507): CodeIgniter\CodeIgniter->runController(Object(App\Controllers\Inventory))
 7 SYSTEMPATH\CodeIgniter.php(354): CodeIgniter\CodeIgniter->handleRequest(null, Object(Config\Cache), false)
 8 SYSTEMPATH\Boot.php(363): CodeIgniter\CodeIgniter->run()
 9 SYSTEMPATH\Boot.php(68): CodeIgniter\Boot::runCodeIgniter(Object(CodeIgniter\CodeIgniter))
10 FCPATH\index.php(59): CodeIgniter\Boot::bootWeb(Object(Config\Paths))
11 SYSTEMPATH\rewrite.php(44): require_once('C:\\Users\\Richard Miculob\\Documents\\ReliefTrack\\public\\index.php')
DEBUG - 2026-03-01 15:50:53 --> Session: Class initialized using 'CodeIgniter\Session\Handlers\FileHandler' driver.
WARNING - 2026-03-01 15:50:53 --> [DEPRECATED] Optional parameter $familyMemberId declared before required parameter $distributorId is implicitly treated as a required parameter in APPPATH\Models\InventoryModel.php on line 142.
 1 SYSTEMPATH\Autoloader\Autoloader.php(315): include_once('C:\\Users\\Richard Miculob\\Documents\\ReliefTrack\\system\\Debug\\Exceptions.php')
 2 SYSTEMPATH\Autoloader\Autoloader.php(295): CodeIgniter\Autoloader\Autoloader->includeFile('C:\\Users\\Richard Miculob\\Documents\\ReliefTrack\\app\\Models\\InventoryModel.php')
 3 SYSTEMPATH\Autoloader\Autoloader.php(271): CodeIgniter\Autoloader\Autoloader->loadInNamespace('App\\Models\\InventoryModel')
 4 APPPATH\Controllers\Inventory.php(13): CodeIgniter\Autoloader\Autoloader->loadClass('App\\Models\\InventoryModel')
 5 SYSTEMPATH\CodeIgniter.php(933): App\Controllers\Inventory->index()
 6 SYSTEMPATH\CodeIgniter.php(507): CodeIgniter\CodeIgniter->runController(Object(App\Controllers\Inventory))
 7 SYSTEMPATH\CodeIgniter.php(354): CodeIgniter\CodeIgniter->handleRequest(null, Object(Config\Cache), false)
 8 SYSTEMPATH\Boot.php(363): CodeIgniter\CodeIgniter->run()
 9 SYSTEMPATH\Boot.php(68): CodeIgniter\Boot::runCodeIgniter(Object(CodeIgniter\CodeIgniter))
10 FCPATH\index.php(59): CodeIgniter\Boot::bootWeb(Object(Config\Paths))
11 SYSTEMPATH\rewrite.php(44): require_once('C:\\Users\\Richard Miculob\\Documents\\ReliefTrack\\public\\index.php')
DEBUG - 2026-03-01 15:50:59 --> Session: Class initialized using 'CodeIgniter\Session\Handlers\FileHandler' driver.
WARNING - 2026-03-01 15:50:59 --> [DEPRECATED] Optional parameter $familyMemberId declared before required parameter $distributorId is implicitly treated as a required parameter in APPPATH\Models\InventoryModel.php on line 142.
 1 SYSTEMPATH\Autoloader\Autoloader.php(315): include_once('C:\\Users\\Richard Miculob\\Documents\\ReliefTrack\\system\\Debug\\Exceptions.php')
 2 SYSTEMPATH\Autoloader\Autoloader.php(295): CodeIgniter\Autoloader\Autoloader->includeFile('C:\\Users\\Richard Miculob\\Documents\\ReliefTrack\\app\\Models\\InventoryModel.php')
 3 SYSTEMPATH\Autoloader\Autoloader.php(271): CodeIgniter\Autoloader\Autoloader->loadInNamespace('App\\Models\\InventoryModel')
 4 APPPATH\Controllers\Inventory.php(354): CodeIgniter\Autoloader\Autoloader->loadClass('App\\Models\\InventoryModel')
 5 SYSTEMPATH\CodeIgniter.php(933): App\Controllers\Inventory->batches('28')
 6 SYSTEMPATH\CodeIgniter.php(507): CodeIgniter\CodeIgniter->runController(Object(App\Controllers\Inventory))
 7 SYSTEMPATH\CodeIgniter.php(354): CodeIgniter\CodeIgniter->handleRequest(null, Object(Config\Cache), false)
 8 SYSTEMPATH\Boot.php(363): CodeIgniter\CodeIgniter->run()
 9 SYSTEMPATH\Boot.php(68): CodeIgniter\Boot::runCodeIgniter(Object(CodeIgniter\CodeIgniter))
10 FCPATH\index.php(59): CodeIgniter\Boot::bootWeb(Object(Config\Paths))
11 SYSTEMPATH\rewrite.php(44): require_once('C:\\Users\\Richard Miculob\\Documents\\ReliefTrack\\public\\index.php')
DEBUG - 2026-03-01 15:51:01 --> Session: Class initialized using 'CodeIgniter\Session\Handlers\FileHandler' driver.
WARNING - 2026-03-01 15:51:01 --> [DEPRECATED] Optional parameter $familyMemberId declared before required parameter $distributorId is implicitly treated as a required parameter in APPPATH\Models\InventoryModel.php on line 142.
 1 SYSTEMPATH\Autoloader\Autoloader.php(315): include_once('C:\\Users\\Richard Miculob\\Documents\\ReliefTrack\\system\\Debug\\Exceptions.php')
 2 SYSTEMPATH\Autoloader\Autoloader.php(295): CodeIgniter\Autoloader\Autoloader->includeFile('C:\\Users\\Richard Miculob\\Documents\\ReliefTrack\\app\\Models\\InventoryModel.php')
 3 SYSTEMPATH\Autoloader\Autoloader.php(271): CodeIgniter\Autoloader\Autoloader->loadInNamespace('App\\Models\\InventoryModel')
 4 APPPATH\Controllers\Inventory.php(305): CodeIgniter\Autoloader\Autoloader->loadClass('App\\Models\\InventoryModel')
 5 SYSTEMPATH\CodeIgniter.php(933): App\Controllers\Inventory->viewBatch('28')
 6 SYSTEMPATH\CodeIgniter.php(507): CodeIgniter\CodeIgniter->runController(Object(App\Controllers\Inventory))
 7 SYSTEMPATH\CodeIgniter.php(354): CodeIgniter\CodeIgniter->handleRequest(null, Object(Config\Cache), false)
 8 SYSTEMPATH\Boot.php(363): CodeIgniter\CodeIgniter->run()
 9 SYSTEMPATH\Boot.php(68): CodeIgniter\Boot::runCodeIgniter(Object(CodeIgniter\CodeIgniter))
10 FCPATH\index.php(59): CodeIgniter\Boot::bootWeb(Object(Config\Paths))
11 SYSTEMPATH\rewrite.php(44): require_once('C:\\Users\\Richard Miculob\\Documents\\ReliefTrack\\public\\index.php')
DEBUG - 2026-03-01 15:51:59 --> Session: Class initialized using 'CodeIgniter\Session\Handlers\FileHandler' driver.
WARNING - 2026-03-01 15:51:59 --> [DEPRECATED] Optional parameter $familyMemberId declared before required parameter $distributorId is implicitly treated as a required parameter in APPPATH\Models\InventoryModel.php on line 142.
 1 SYSTEMPATH\Autoloader\Autoloader.php(315): include_once('C:\\Users\\Richard Miculob\\Documents\\ReliefTrack\\system\\Debug\\Exceptions.php')
 2 SYSTEMPATH\Autoloader\Autoloader.php(295): CodeIgniter\Autoloader\Autoloader->includeFile('C:\\Users\\Richard Miculob\\Documents\\ReliefTrack\\app\\Models\\InventoryModel.php')
 3 SYSTEMPATH\Autoloader\Autoloader.php(271): CodeIgniter\Autoloader\Autoloader->loadInNamespace('App\\Models\\InventoryModel')
 4 APPPATH\Controllers\Inventory.php(354): CodeIgniter\Autoloader\Autoloader->loadClass('App\\Models\\InventoryModel')
 5 SYSTEMPATH\CodeIgniter.php(933): App\Controllers\Inventory->batches('28')
 6 SYSTEMPATH\CodeIgniter.php(507): CodeIgniter\CodeIgniter->runController(Object(App\Controllers\Inventory))
 7 SYSTEMPATH\CodeIgniter.php(354): CodeIgniter\CodeIgniter->handleRequest(null, Object(Config\Cache), false)
 8 SYSTEMPATH\Boot.php(363): CodeIgniter\CodeIgniter->run()
 9 SYSTEMPATH\Boot.php(68): CodeIgniter\Boot::runCodeIgniter(Object(CodeIgniter\CodeIgniter))
10 FCPATH\index.php(59): CodeIgniter\Boot::bootWeb(Object(Config\Paths))
11 SYSTEMPATH\rewrite.php(44): require_once('C:\\Users\\Richard Miculob\\Documents\\ReliefTrack\\public\\index.php')
DEBUG - 2026-03-01 15:52:02 --> Session: Class initialized using 'CodeIgniter\Session\Handlers\FileHandler' driver.
WARNING - 2026-03-01 15:52:02 --> [DEPRECATED] Optional parameter $familyMemberId declared before required parameter $distributorId is implicitly treated as a required parameter in APPPATH\Models\InventoryModel.php on line 142.
 1 SYSTEMPATH\Autoloader\Autoloader.php(315): include_once('C:\\Users\\Richard Miculob\\Documents\\ReliefTrack\\system\\Debug\\Exceptions.php')
 2 SYSTEMPATH\Autoloader\Autoloader.php(295): CodeIgniter\Autoloader\Autoloader->includeFile('C:\\Users\\Richard Miculob\\Documents\\ReliefTrack\\app\\Models\\InventoryModel.php')
 3 SYSTEMPATH\Autoloader\Autoloader.php(271): CodeIgniter\Autoloader\Autoloader->loadInNamespace('App\\Models\\InventoryModel')
 4 APPPATH\Controllers\Inventory.php(13): CodeIgniter\Autoloader\Autoloader->loadClass('App\\Models\\InventoryModel')
 5 SYSTEMPATH\CodeIgniter.php(933): App\Controllers\Inventory->index()
 6 SYSTEMPATH\CodeIgniter.php(507): CodeIgniter\CodeIgniter->runController(Object(App\Controllers\Inventory))
 7 SYSTEMPATH\CodeIgniter.php(354): CodeIgniter\CodeIgniter->handleRequest(null, Object(Config\Cache), false)
 8 SYSTEMPATH\Boot.php(363): CodeIgniter\CodeIgniter->run()
 9 SYSTEMPATH\Boot.php(68): CodeIgniter\Boot::runCodeIgniter(Object(CodeIgniter\CodeIgniter))
10 FCPATH\index.php(59): CodeIgniter\Boot::bootWeb(Object(Config\Paths))
11 SYSTEMPATH\rewrite.php(44): require_once('C:\\Users\\Richard Miculob\\Documents\\ReliefTrack\\public\\index.php')
DEBUG - 2026-03-01 15:52:18 --> Session: Class initialized using 'CodeIgniter\Session\Handlers\FileHandler' driver.
WARNING - 2026-03-01 15:52:18 --> [DEPRECATED] Optional parameter $familyMemberId declared before required parameter $distributorId is implicitly treated as a required parameter in APPPATH\Models\InventoryModel.php on line 142.
 1 SYSTEMPATH\Autoloader\Autoloader.php(315): include_once('C:\\Users\\Richard Miculob\\Documents\\ReliefTrack\\system\\Debug\\Exceptions.php')
 2 SYSTEMPATH\Autoloader\Autoloader.php(295): CodeIgniter\Autoloader\Autoloader->includeFile('C:\\Users\\Richard Miculob\\Documents\\ReliefTrack\\app\\Models\\InventoryModel.php')
 3 SYSTEMPATH\Autoloader\Autoloader.php(271): CodeIgniter\Autoloader\Autoloader->loadInNamespace('App\\Models\\InventoryModel')
 4 APPPATH\Controllers\Inventory.php(13): CodeIgniter\Autoloader\Autoloader->loadClass('App\\Models\\InventoryModel')
 5 SYSTEMPATH\CodeIgniter.php(933): App\Controllers\Inventory->index()
 6 SYSTEMPATH\CodeIgniter.php(507): CodeIgniter\CodeIgniter->runController(Object(App\Controllers\Inventory))
 7 SYSTEMPATH\CodeIgniter.php(354): CodeIgniter\CodeIgniter->handleRequest(null, Object(Config\Cache), false)
 8 SYSTEMPATH\Boot.php(363): CodeIgniter\CodeIgniter->run()
 9 SYSTEMPATH\Boot.php(68): CodeIgniter\Boot::runCodeIgniter(Object(CodeIgniter\CodeIgniter))
10 FCPATH\index.php(59): CodeIgniter\Boot::bootWeb(Object(Config\Paths))
11 SYSTEMPATH\rewrite.php(44): require_once('C:\\Users\\Richard Miculob\\Documents\\ReliefTrack\\public\\index.php')
DEBUG - 2026-03-01 15:52:18 --> Session: Class initialized using 'CodeIgniter\Session\Handlers\FileHandler' driver.
WARNING - 2026-03-01 15:52:18 --> [DEPRECATED] Optional parameter $familyMemberId declared before required parameter $distributorId is implicitly treated as a required parameter in APPPATH\Models\InventoryModel.php on line 142.
 1 SYSTEMPATH\Autoloader\Autoloader.php(315): include_once('C:\\Users\\Richard Miculob\\Documents\\ReliefTrack\\system\\Debug\\Exceptions.php')
 2 SYSTEMPATH\Autoloader\Autoloader.php(295): CodeIgniter\Autoloader\Autoloader->includeFile('C:\\Users\\Richard Miculob\\Documents\\ReliefTrack\\app\\Models\\InventoryModel.php')
 3 SYSTEMPATH\Autoloader\Autoloader.php(271): CodeIgniter\Autoloader\Autoloader->loadInNamespace('App\\Models\\InventoryModel')
 4 APPPATH\Controllers\Inventory.php(13): CodeIgniter\Autoloader\Autoloader->loadClass('App\\Models\\InventoryModel')
 5 SYSTEMPATH\CodeIgniter.php(933): App\Controllers\Inventory->index()
 6 SYSTEMPATH\CodeIgniter.php(507): CodeIgniter\CodeIgniter->runController(Object(App\Controllers\Inventory))
 7 SYSTEMPATH\CodeIgniter.php(354): CodeIgniter\CodeIgniter->handleRequest(null, Object(Config\Cache), false)
 8 SYSTEMPATH\Boot.php(363): CodeIgniter\CodeIgniter->run()
 9 SYSTEMPATH\Boot.php(68): CodeIgniter\Boot::runCodeIgniter(Object(CodeIgniter\CodeIgniter))
10 FCPATH\index.php(59): CodeIgniter\Boot::bootWeb(Object(Config\Paths))
11 SYSTEMPATH\rewrite.php(44): require_once('C:\\Users\\Richard Miculob\\Documents\\ReliefTrack\\public\\index.php')
DEBUG - 2026-03-01 15:52:19 --> Session: Class initialized using 'CodeIgniter\Session\Handlers\FileHandler' driver.
WARNING - 2026-03-01 15:52:19 --> [DEPRECATED] Optional parameter $familyMemberId declared before required parameter $distributorId is implicitly treated as a required parameter in APPPATH\Models\InventoryModel.php on line 142.
 1 SYSTEMPATH\Autoloader\Autoloader.php(315): include_once('C:\\Users\\Richard Miculob\\Documents\\ReliefTrack\\system\\Debug\\Exceptions.php')
 2 SYSTEMPATH\Autoloader\Autoloader.php(295): CodeIgniter\Autoloader\Autoloader->includeFile('C:\\Users\\Richard Miculob\\Documents\\ReliefTrack\\app\\Models\\InventoryModel.php')
 3 SYSTEMPATH\Autoloader\Autoloader.php(271): CodeIgniter\Autoloader\Autoloader->loadInNamespace('App\\Models\\InventoryModel')
 4 APPPATH\Controllers\Inventory.php(13): CodeIgniter\Autoloader\Autoloader->loadClass('App\\Models\\InventoryModel')
 5 SYSTEMPATH\CodeIgniter.php(933): App\Controllers\Inventory->index()
 6 SYSTEMPATH\CodeIgniter.php(507): CodeIgniter\CodeIgniter->runController(Object(App\Controllers\Inventory))
 7 SYSTEMPATH\CodeIgniter.php(354): CodeIgniter\CodeIgniter->handleRequest(null, Object(Config\Cache), false)
 8 SYSTEMPATH\Boot.php(363): CodeIgniter\CodeIgniter->run()
 9 SYSTEMPATH\Boot.php(68): CodeIgniter\Boot::runCodeIgniter(Object(CodeIgniter\CodeIgniter))
10 FCPATH\index.php(59): CodeIgniter\Boot::bootWeb(Object(Config\Paths))
11 SYSTEMPATH\rewrite.php(44): require_once('C:\\Users\\Richard Miculob\\Documents\\ReliefTrack\\public\\index.php')
DEBUG - 2026-03-01 15:52:47 --> Session: Class initialized using 'CodeIgniter\Session\Handlers\FileHandler' driver.
WARNING - 2026-03-01 15:52:47 --> [DEPRECATED] Optional parameter $familyMemberId declared before required parameter $distributorId is implicitly treated as a required parameter in APPPATH\Models\InventoryModel.php on line 142.
 1 SYSTEMPATH\Autoloader\Autoloader.php(315): include_once('C:\\Users\\Richard Miculob\\Documents\\ReliefTrack\\system\\Debug\\Exceptions.php')
 2 SYSTEMPATH\Autoloader\Autoloader.php(295): CodeIgniter\Autoloader\Autoloader->includeFile('C:\\Users\\Richard Miculob\\Documents\\ReliefTrack\\app\\Models\\InventoryModel.php')
 3 SYSTEMPATH\Autoloader\Autoloader.php(271): CodeIgniter\Autoloader\Autoloader->loadInNamespace('App\\Models\\InventoryModel')
 4 APPPATH\Controllers\Inventory.php(305): CodeIgniter\Autoloader\Autoloader->loadClass('App\\Models\\InventoryModel')
 5 SYSTEMPATH\CodeIgniter.php(933): App\Controllers\Inventory->viewBatch('28')
 6 SYSTEMPATH\CodeIgniter.php(507): CodeIgniter\CodeIgniter->runController(Object(App\Controllers\Inventory))
 7 SYSTEMPATH\CodeIgniter.php(354): CodeIgniter\CodeIgniter->handleRequest(null, Object(Config\Cache), false)
 8 SYSTEMPATH\Boot.php(363): CodeIgniter\CodeIgniter->run()
 9 SYSTEMPATH\Boot.php(68): CodeIgniter\Boot::runCodeIgniter(Object(CodeIgniter\CodeIgniter))
10 FCPATH\index.php(59): CodeIgniter\Boot::bootWeb(Object(Config\Paths))
11 SYSTEMPATH\rewrite.php(44): require_once('C:\\Users\\Richard Miculob\\Documents\\ReliefTrack\\public\\index.php')
DEBUG - 2026-03-01 15:53:10 --> Session: Class initialized using 'CodeIgniter\Session\Handlers\FileHandler' driver.
WARNING - 2026-03-01 15:53:10 --> [DEPRECATED] Optional parameter $familyMemberId declared before required parameter $distributorId is implicitly treated as a required parameter in APPPATH\Models\InventoryModel.php on line 142.
 1 SYSTEMPATH\Autoloader\Autoloader.php(315): include_once('C:\\Users\\Richard Miculob\\Documents\\ReliefTrack\\system\\Debug\\Exceptions.php')
 2 SYSTEMPATH\Autoloader\Autoloader.php(295): CodeIgniter\Autoloader\Autoloader->includeFile('C:\\Users\\Richard Miculob\\Documents\\ReliefTrack\\app\\Models\\InventoryModel.php')
 3 SYSTEMPATH\Autoloader\Autoloader.php(271): CodeIgniter\Autoloader\Autoloader->loadInNamespace('App\\Models\\InventoryModel')
 4 APPPATH\Controllers\Inventory.php(354): CodeIgniter\Autoloader\Autoloader->loadClass('App\\Models\\InventoryModel')
 5 SYSTEMPATH\CodeIgniter.php(933): App\Controllers\Inventory->batches('28')
 6 SYSTEMPATH\CodeIgniter.php(507): CodeIgniter\CodeIgniter->runController(Object(App\Controllers\Inventory))
 7 SYSTEMPATH\CodeIgniter.php(354): CodeIgniter\CodeIgniter->handleRequest(null, Object(Config\Cache), false)
 8 SYSTEMPATH\Boot.php(363): CodeIgniter\CodeIgniter->run()
 9 SYSTEMPATH\Boot.php(68): CodeIgniter\Boot::runCodeIgniter(Object(CodeIgniter\CodeIgniter))
10 FCPATH\index.php(59): CodeIgniter\Boot::bootWeb(Object(Config\Paths))
11 SYSTEMPATH\rewrite.php(44): require_once('C:\\Users\\Richard Miculob\\Documents\\ReliefTrack\\public\\index.php')
DEBUG - 2026-03-01 15:53:12 --> Session: Class initialized using 'CodeIgniter\Session\Handlers\FileHandler' driver.
WARNING - 2026-03-01 15:53:12 --> [DEPRECATED] Optional parameter $familyMemberId declared before required parameter $distributorId is implicitly treated as a required parameter in APPPATH\Models\InventoryModel.php on line 142.
 1 SYSTEMPATH\Autoloader\Autoloader.php(315): include_once('C:\\Users\\Richard Miculob\\Documents\\ReliefTrack\\system\\Debug\\Exceptions.php')
 2 SYSTEMPATH\Autoloader\Autoloader.php(295): CodeIgniter\Autoloader\Autoloader->includeFile('C:\\Users\\Richard Miculob\\Documents\\ReliefTrack\\app\\Models\\InventoryModel.php')
 3 SYSTEMPATH\Autoloader\Autoloader.php(271): CodeIgniter\Autoloader\Autoloader->loadInNamespace('App\\Models\\InventoryModel')
 4 APPPATH\Controllers\Inventory.php(13): CodeIgniter\Autoloader\Autoloader->loadClass('App\\Models\\InventoryModel')
 5 SYSTEMPATH\CodeIgniter.php(933): App\Controllers\Inventory->index()
 6 SYSTEMPATH\CodeIgniter.php(507): CodeIgniter\CodeIgniter->runController(Object(App\Controllers\Inventory))
 7 SYSTEMPATH\CodeIgniter.php(354): CodeIgniter\CodeIgniter->handleRequest(null, Object(Config\Cache), false)
 8 SYSTEMPATH\Boot.php(363): CodeIgniter\CodeIgniter->run()
 9 SYSTEMPATH\Boot.php(68): CodeIgniter\Boot::runCodeIgniter(Object(CodeIgniter\CodeIgniter))
10 FCPATH\index.php(59): CodeIgniter\Boot::bootWeb(Object(Config\Paths))
11 SYSTEMPATH\rewrite.php(44): require_once('C:\\Users\\Richard Miculob\\Documents\\ReliefTrack\\public\\index.php')
DEBUG - 2026-03-01 15:54:48 --> Session: Class initialized using 'CodeIgniter\Session\Handlers\FileHandler' driver.
DEBUG - 2026-03-01 15:56:01 --> Session: Class initialized using 'CodeIgniter\Session\Handlers\FileHandler' driver.
WARNING - 2026-03-01 15:56:01 --> [DEPRECATED] Optional parameter $familyMemberId declared before required parameter $distributorId is implicitly treated as a required parameter in APPPATH\Models\InventoryModel.php on line 142.
 1 SYSTEMPATH\Autoloader\Autoloader.php(315): include_once('C:\\Users\\Richard Miculob\\Documents\\ReliefTrack\\system\\Debug\\Exceptions.php')
 2 SYSTEMPATH\Autoloader\Autoloader.php(295): CodeIgniter\Autoloader\Autoloader->includeFile('C:\\Users\\Richard Miculob\\Documents\\ReliefTrack\\app\\Models\\InventoryModel.php')
 3 SYSTEMPATH\Autoloader\Autoloader.php(271): CodeIgniter\Autoloader\Autoloader->loadInNamespace('App\\Models\\InventoryModel')
 4 APPPATH\Controllers\Inventory.php(13): CodeIgniter\Autoloader\Autoloader->loadClass('App\\Models\\InventoryModel')
 5 SYSTEMPATH\CodeIgniter.php(933): App\Controllers\Inventory->index()
 6 SYSTEMPATH\CodeIgniter.php(507): CodeIgniter\CodeIgniter->runController(Object(App\Controllers\Inventory))
 7 SYSTEMPATH\CodeIgniter.php(354): CodeIgniter\CodeIgniter->handleRequest(null, Object(Config\Cache), false)
 8 SYSTEMPATH\Boot.php(363): CodeIgniter\CodeIgniter->run()
 9 SYSTEMPATH\Boot.php(68): CodeIgniter\Boot::runCodeIgniter(Object(CodeIgniter\CodeIgniter))
10 FCPATH\index.php(59): CodeIgniter\Boot::bootWeb(Object(Config\Paths))
11 SYSTEMPATH\rewrite.php(44): require_once('C:\\Users\\Richard Miculob\\Documents\\ReliefTrack\\public\\index.php')
DEBUG - 2026-03-01 15:56:04 --> Session: Class initialized using 'CodeIgniter\Session\Handlers\FileHandler' driver.
WARNING - 2026-03-01 15:56:04 --> [DEPRECATED] Optional parameter $familyMemberId declared before required parameter $distributorId is implicitly treated as a required parameter in APPPATH\Models\InventoryModel.php on line 142.
 1 SYSTEMPATH\Autoloader\Autoloader.php(315): include_once('C:\\Users\\Richard Miculob\\Documents\\ReliefTrack\\system\\Debug\\Exceptions.php')
 2 SYSTEMPATH\Autoloader\Autoloader.php(295): CodeIgniter\Autoloader\Autoloader->includeFile('C:\\Users\\Richard Miculob\\Documents\\ReliefTrack\\app\\Models\\InventoryModel.php')
 3 SYSTEMPATH\Autoloader\Autoloader.php(271): CodeIgniter\Autoloader\Autoloader->loadInNamespace('App\\Models\\InventoryModel')
 4 APPPATH\Controllers\Inventory.php(305): CodeIgniter\Autoloader\Autoloader->loadClass('App\\Models\\InventoryModel')
 5 SYSTEMPATH\CodeIgniter.php(933): App\Controllers\Inventory->viewBatch('28')
 6 SYSTEMPATH\CodeIgniter.php(507): CodeIgniter\CodeIgniter->runController(Object(App\Controllers\Inventory))
 7 SYSTEMPATH\CodeIgniter.php(354): CodeIgniter\CodeIgniter->handleRequest(null, Object(Config\Cache), false)
 8 SYSTEMPATH\Boot.php(363): CodeIgniter\CodeIgniter->run()
 9 SYSTEMPATH\Boot.php(68): CodeIgniter\Boot::runCodeIgniter(Object(CodeIgniter\CodeIgniter))
10 FCPATH\index.php(59): CodeIgniter\Boot::bootWeb(Object(Config\Paths))
11 SYSTEMPATH\rewrite.php(44): require_once('C:\\Users\\Richard Miculob\\Documents\\ReliefTrack\\public\\index.php')
DEBUG - 2026-03-01 15:57:04 --> Session: Class initialized using 'CodeIgniter\Session\Handlers\FileHandler' driver.
WARNING - 2026-03-01 15:57:04 --> [DEPRECATED] Optional parameter $familyMemberId declared before required parameter $distributorId is implicitly treated as a required parameter in APPPATH\Models\InventoryModel.php on line 142.
 1 SYSTEMPATH\Autoloader\Autoloader.php(315): include_once('C:\\Users\\Richard Miculob\\Documents\\ReliefTrack\\system\\Debug\\Exceptions.php')
 2 SYSTEMPATH\Autoloader\Autoloader.php(295): CodeIgniter\Autoloader\Autoloader->includeFile('C:\\Users\\Richard Miculob\\Documents\\ReliefTrack\\app\\Models\\InventoryModel.php')
 3 SYSTEMPATH\Autoloader\Autoloader.php(271): CodeIgniter\Autoloader\Autoloader->loadInNamespace('App\\Models\\InventoryModel')
 4 APPPATH\Controllers\Inventory.php(13): CodeIgniter\Autoloader\Autoloader->loadClass('App\\Models\\InventoryModel')
 5 SYSTEMPATH\CodeIgniter.php(933): App\Controllers\Inventory->index()
 6 SYSTEMPATH\CodeIgniter.php(507): CodeIgniter\CodeIgniter->runController(Object(App\Controllers\Inventory))
 7 SYSTEMPATH\CodeIgniter.php(354): CodeIgniter\CodeIgniter->handleRequest(null, Object(Config\Cache), false)
 8 SYSTEMPATH\Boot.php(363): CodeIgniter\CodeIgniter->run()
 9 SYSTEMPATH\Boot.php(68): CodeIgniter\Boot::runCodeIgniter(Object(CodeIgniter\CodeIgniter))
10 FCPATH\index.php(59): CodeIgniter\Boot::bootWeb(Object(Config\Paths))
11 SYSTEMPATH\rewrite.php(44): require_once('C:\\Users\\Richard Miculob\\Documents\\ReliefTrack\\public\\index.php')
DEBUG - 2026-03-01 15:57:06 --> Session: Class initialized using 'CodeIgniter\Session\Handlers\FileHandler' driver.
DEBUG - 2026-03-01 16:00:01 --> Session: Class initialized using 'CodeIgniter\Session\Handlers\FileHandler' driver.
DEBUG - 2026-03-01 16:00:03 --> Session: Class initialized using 'CodeIgniter\Session\Handlers\FileHandler' driver.
WARNING - 2026-03-01 16:00:03 --> [DEPRECATED] Optional parameter $familyMemberId declared before required parameter $distributorId is implicitly treated as a required parameter in APPPATH\Models\InventoryModel.php on line 142.
 1 SYSTEMPATH\Autoloader\Autoloader.php(315): include_once('C:\\Users\\Richard Miculob\\Documents\\ReliefTrack\\system\\Debug\\Exceptions.php')
 2 SYSTEMPATH\Autoloader\Autoloader.php(295): CodeIgniter\Autoloader\Autoloader->includeFile('C:\\Users\\Richard Miculob\\Documents\\ReliefTrack\\app\\Models\\InventoryModel.php')
 3 SYSTEMPATH\Autoloader\Autoloader.php(271): CodeIgniter\Autoloader\Autoloader->loadInNamespace('App\\Models\\InventoryModel')
 4 APPPATH\Controllers\Inventory.php(13): CodeIgniter\Autoloader\Autoloader->loadClass('App\\Models\\InventoryModel')
 5 SYSTEMPATH\CodeIgniter.php(933): App\Controllers\Inventory->index()
 6 SYSTEMPATH\CodeIgniter.php(507): CodeIgniter\CodeIgniter->runController(Object(App\Controllers\Inventory))
 7 SYSTEMPATH\CodeIgniter.php(354): CodeIgniter\CodeIgniter->handleRequest(null, Object(Config\Cache), false)
 8 SYSTEMPATH\Boot.php(363): CodeIgniter\CodeIgniter->run()
 9 SYSTEMPATH\Boot.php(68): CodeIgniter\Boot::runCodeIgniter(Object(CodeIgniter\CodeIgniter))
10 FCPATH\index.php(59): CodeIgniter\Boot::bootWeb(Object(Config\Paths))
11 SYSTEMPATH\rewrite.php(44): require_once('C:\\Users\\Richard Miculob\\Documents\\ReliefTrack\\public\\index.php')
DEBUG - 2026-03-01 16:00:07 --> Session: Class initialized using 'CodeIgniter\Session\Handlers\FileHandler' driver.
WARNING - 2026-03-01 16:00:07 --> [DEPRECATED] Optional parameter $familyMemberId declared before required parameter $distributorId is implicitly treated as a required parameter in APPPATH\Models\InventoryModel.php on line 142.
 1 SYSTEMPATH\Autoloader\Autoloader.php(315): include_once('C:\\Users\\Richard Miculob\\Documents\\ReliefTrack\\system\\Debug\\Exceptions.php')
 2 SYSTEMPATH\Autoloader\Autoloader.php(295): CodeIgniter\Autoloader\Autoloader->includeFile('C:\\Users\\Richard Miculob\\Documents\\ReliefTrack\\app\\Models\\InventoryModel.php')
 3 SYSTEMPATH\Autoloader\Autoloader.php(271): CodeIgniter\Autoloader\Autoloader->loadInNamespace('App\\Models\\InventoryModel')
 4 APPPATH\Controllers\Inventory.php(354): CodeIgniter\Autoloader\Autoloader->loadClass('App\\Models\\InventoryModel')
 5 SYSTEMPATH\CodeIgniter.php(933): App\Controllers\Inventory->batches('28')
 6 SYSTEMPATH\CodeIgniter.php(507): CodeIgniter\CodeIgniter->runController(Object(App\Controllers\Inventory))
 7 SYSTEMPATH\CodeIgniter.php(354): CodeIgniter\CodeIgniter->handleRequest(null, Object(Config\Cache), false)
 8 SYSTEMPATH\Boot.php(363): CodeIgniter\CodeIgniter->run()
 9 SYSTEMPATH\Boot.php(68): CodeIgniter\Boot::runCodeIgniter(Object(CodeIgniter\CodeIgniter))
10 FCPATH\index.php(59): CodeIgniter\Boot::bootWeb(Object(Config\Paths))
11 SYSTEMPATH\rewrite.php(44): require_once('C:\\Users\\Richard Miculob\\Documents\\ReliefTrack\\public\\index.php')
DEBUG - 2026-03-01 16:00:08 --> Session: Class initialized using 'CodeIgniter\Session\Handlers\FileHandler' driver.
WARNING - 2026-03-01 16:00:08 --> [DEPRECATED] Optional parameter $familyMemberId declared before required parameter $distributorId is implicitly treated as a required parameter in APPPATH\Models\InventoryModel.php on line 142.
 1 SYSTEMPATH\Autoloader\Autoloader.php(315): include_once('C:\\Users\\Richard Miculob\\Documents\\ReliefTrack\\system\\Debug\\Exceptions.php')
 2 SYSTEMPATH\Autoloader\Autoloader.php(295): CodeIgniter\Autoloader\Autoloader->includeFile('C:\\Users\\Richard Miculob\\Documents\\ReliefTrack\\app\\Models\\InventoryModel.php')
 3 SYSTEMPATH\Autoloader\Autoloader.php(271): CodeIgniter\Autoloader\Autoloader->loadInNamespace('App\\Models\\InventoryModel')
 4 APPPATH\Controllers\Inventory.php(305): CodeIgniter\Autoloader\Autoloader->loadClass('App\\Models\\InventoryModel')
 5 SYSTEMPATH\CodeIgniter.php(933): App\Controllers\Inventory->viewBatch('28')
 6 SYSTEMPATH\CodeIgniter.php(507): CodeIgniter\CodeIgniter->runController(Object(App\Controllers\Inventory))
 7 SYSTEMPATH\CodeIgniter.php(354): CodeIgniter\CodeIgniter->handleRequest(null, Object(Config\Cache), false)
 8 SYSTEMPATH\Boot.php(363): CodeIgniter\CodeIgniter->run()
 9 SYSTEMPATH\Boot.php(68): CodeIgniter\Boot::runCodeIgniter(Object(CodeIgniter\CodeIgniter))
10 FCPATH\index.php(59): CodeIgniter\Boot::bootWeb(Object(Config\Paths))
11 SYSTEMPATH\rewrite.php(44): require_once('C:\\Users\\Richard Miculob\\Documents\\ReliefTrack\\public\\index.php')
DEBUG - 2026-03-01 16:00:28 --> Session: Class initialized using 'CodeIgniter\Session\Handlers\FileHandler' driver.
WARNING - 2026-03-01 16:00:28 --> [DEPRECATED] Optional parameter $familyMemberId declared before required parameter $distributorId is implicitly treated as a required parameter in APPPATH\Models\InventoryModel.php on line 142.
 1 SYSTEMPATH\Autoloader\Autoloader.php(315): include_once('C:\\Users\\Richard Miculob\\Documents\\ReliefTrack\\system\\Debug\\Exceptions.php')
 2 SYSTEMPATH\Autoloader\Autoloader.php(295): CodeIgniter\Autoloader\Autoloader->includeFile('C:\\Users\\Richard Miculob\\Documents\\ReliefTrack\\app\\Models\\InventoryModel.php')
 3 SYSTEMPATH\Autoloader\Autoloader.php(271): CodeIgniter\Autoloader\Autoloader->loadInNamespace('App\\Models\\InventoryModel')
 4 APPPATH\Controllers\Inventory.php(13): CodeIgniter\Autoloader\Autoloader->loadClass('App\\Models\\InventoryModel')
 5 SYSTEMPATH\CodeIgniter.php(933): App\Controllers\Inventory->index()
 6 SYSTEMPATH\CodeIgniter.php(507): CodeIgniter\CodeIgniter->runController(Object(App\Controllers\Inventory))
 7 SYSTEMPATH\CodeIgniter.php(354): CodeIgniter\CodeIgniter->handleRequest(null, Object(Config\Cache), false)
 8 SYSTEMPATH\Boot.php(363): CodeIgniter\CodeIgniter->run()
 9 SYSTEMPATH\Boot.php(68): CodeIgniter\Boot::runCodeIgniter(Object(CodeIgniter\CodeIgniter))
10 FCPATH\index.php(59): CodeIgniter\Boot::bootWeb(Object(Config\Paths))
11 SYSTEMPATH\rewrite.php(44): require_once('C:\\Users\\Richard Miculob\\Documents\\ReliefTrack\\public\\index.php')
DEBUG - 2026-03-01 16:00:31 --> Session: Class initialized using 'CodeIgniter\Session\Handlers\FileHandler' driver.
WARNING - 2026-03-01 16:00:31 --> [DEPRECATED] Optional parameter $familyMemberId declared before required parameter $distributorId is implicitly treated as a required parameter in APPPATH\Models\InventoryModel.php on line 142.
 1 SYSTEMPATH\Autoloader\Autoloader.php(315): include_once('C:\\Users\\Richard Miculob\\Documents\\ReliefTrack\\system\\Debug\\Exceptions.php')
 2 SYSTEMPATH\Autoloader\Autoloader.php(295): CodeIgniter\Autoloader\Autoloader->includeFile('C:\\Users\\Richard Miculob\\Documents\\ReliefTrack\\app\\Models\\InventoryModel.php')
 3 SYSTEMPATH\Autoloader\Autoloader.php(271): CodeIgniter\Autoloader\Autoloader->loadInNamespace('App\\Models\\InventoryModel')
 4 APPPATH\Controllers\Inventory.php(404): CodeIgniter\Autoloader\Autoloader->loadClass('App\\Models\\InventoryModel')
 5 SYSTEMPATH\CodeIgniter.php(933): App\Controllers\Inventory->delete('28')
 6 SYSTEMPATH\CodeIgniter.php(507): CodeIgniter\CodeIgniter->runController(Object(App\Controllers\Inventory))
 7 SYSTEMPATH\CodeIgniter.php(354): CodeIgniter\CodeIgniter->handleRequest(null, Object(Config\Cache), false)
 8 SYSTEMPATH\Boot.php(363): CodeIgniter\CodeIgniter->run()
 9 SYSTEMPATH\Boot.php(68): CodeIgniter\Boot::runCodeIgniter(Object(CodeIgniter\CodeIgniter))
10 FCPATH\index.php(59): CodeIgniter\Boot::bootWeb(Object(Config\Paths))
11 SYSTEMPATH\rewrite.php(44): require_once('C:\\Users\\Richard Miculob\\Documents\\ReliefTrack\\public\\index.php')
DEBUG - 2026-03-01 16:00:31 --> Session: Class initialized using 'CodeIgniter\Session\Handlers\FileHandler' driver.
WARNING - 2026-03-01 16:00:31 --> [DEPRECATED] Optional parameter $familyMemberId declared before required parameter $distributorId is implicitly treated as a required parameter in APPPATH\Models\InventoryModel.php on line 142.
 1 SYSTEMPATH\Autoloader\Autoloader.php(315): include_once('C:\\Users\\Richard Miculob\\Documents\\ReliefTrack\\system\\Debug\\Exceptions.php')
 2 SYSTEMPATH\Autoloader\Autoloader.php(295): CodeIgniter\Autoloader\Autoloader->includeFile('C:\\Users\\Richard Miculob\\Documents\\ReliefTrack\\app\\Models\\InventoryModel.php')
 3 SYSTEMPATH\Autoloader\Autoloader.php(271): CodeIgniter\Autoloader\Autoloader->loadInNamespace('App\\Models\\InventoryModel')
 4 APPPATH\Controllers\Inventory.php(13): CodeIgniter\Autoloader\Autoloader->loadClass('App\\Models\\InventoryModel')
 5 SYSTEMPATH\CodeIgniter.php(933): App\Controllers\Inventory->index()
 6 SYSTEMPATH\CodeIgniter.php(507): CodeIgniter\CodeIgniter->runController(Object(App\Controllers\Inventory))
 7 SYSTEMPATH\CodeIgniter.php(354): CodeIgniter\CodeIgniter->handleRequest(null, Object(Config\Cache), false)
 8 SYSTEMPATH\Boot.php(363): CodeIgniter\CodeIgniter->run()
 9 SYSTEMPATH\Boot.php(68): CodeIgniter\Boot::runCodeIgniter(Object(CodeIgniter\CodeIgniter))
10 FCPATH\index.php(59): CodeIgniter\Boot::bootWeb(Object(Config\Paths))
11 SYSTEMPATH\rewrite.php(44): require_once('C:\\Users\\Richard Miculob\\Documents\\ReliefTrack\\public\\index.php')
DEBUG - 2026-03-01 16:00:32 --> Session: Class initialized using 'CodeIgniter\Session\Handlers\FileHandler' driver.
DEBUG - 2026-03-01 16:02:16 --> Session: Class initialized using 'CodeIgniter\Session\Handlers\FileHandler' driver.
WARNING - 2026-03-01 16:02:16 --> [DEPRECATED] Optional parameter $familyMemberId declared before required parameter $distributorId is implicitly treated as a required parameter in APPPATH\Models\InventoryModel.php on line 142.
 1 SYSTEMPATH\Autoloader\Autoloader.php(315): include_once('C:\\Users\\Richard Miculob\\Documents\\ReliefTrack\\system\\Debug\\Exceptions.php')
 2 SYSTEMPATH\Autoloader\Autoloader.php(295): CodeIgniter\Autoloader\Autoloader->includeFile('C:\\Users\\Richard Miculob\\Documents\\ReliefTrack\\app\\Models\\InventoryModel.php')
 3 SYSTEMPATH\Autoloader\Autoloader.php(271): CodeIgniter\Autoloader\Autoloader->loadInNamespace('App\\Models\\InventoryModel')
 4 APPPATH\Controllers\Inventory.php(13): CodeIgniter\Autoloader\Autoloader->loadClass('App\\Models\\InventoryModel')
 5 SYSTEMPATH\CodeIgniter.php(933): App\Controllers\Inventory->index()
 6 SYSTEMPATH\CodeIgniter.php(507): CodeIgniter\CodeIgniter->runController(Object(App\Controllers\Inventory))
 7 SYSTEMPATH\CodeIgniter.php(354): CodeIgniter\CodeIgniter->handleRequest(null, Object(Config\Cache), false)
 8 SYSTEMPATH\Boot.php(363): CodeIgniter\CodeIgniter->run()
 9 SYSTEMPATH\Boot.php(68): CodeIgniter\Boot::runCodeIgniter(Object(CodeIgniter\CodeIgniter))
10 FCPATH\index.php(59): CodeIgniter\Boot::bootWeb(Object(Config\Paths))
11 SYSTEMPATH\rewrite.php(44): require_once('C:\\Users\\Richard Miculob\\Documents\\ReliefTrack\\public\\index.php')
DEBUG - 2026-03-01 16:02:17 --> Session: Class initialized using 'CodeIgniter\Session\Handlers\FileHandler' driver.
DEBUG - 2026-03-01 17:38:05 --> Session: Class initialized using 'CodeIgniter\Session\Handlers\FileHandler' driver.
DEBUG - 2026-03-01 17:38:06 --> Session: Class initialized using 'CodeIgniter\Session\Handlers\FileHandler' driver.
WARNING - 2026-03-01 17:38:06 --> [DEPRECATED] Optional parameter $familyMemberId declared before required parameter $distributorId is implicitly treated as a required parameter in APPPATH\Models\InventoryModel.php on line 142.
 1 SYSTEMPATH\Autoloader\Autoloader.php(315): include_once('C:\\Users\\Richard Miculob\\Documents\\ReliefTrack\\system\\Debug\\Exceptions.php')
 2 SYSTEMPATH\Autoloader\Autoloader.php(295): CodeIgniter\Autoloader\Autoloader->includeFile('C:\\Users\\Richard Miculob\\Documents\\ReliefTrack\\app\\Models\\InventoryModel.php')
 3 SYSTEMPATH\Autoloader\Autoloader.php(271): CodeIgniter\Autoloader\Autoloader->loadInNamespace('App\\Models\\InventoryModel')
 4 APPPATH\Controllers\Dashboard.php(22): CodeIgniter\Autoloader\Autoloader->loadClass('App\\Models\\InventoryModel')
 5 SYSTEMPATH\CodeIgniter.php(933): App\Controllers\Dashboard->index()
 6 SYSTEMPATH\CodeIgniter.php(507): CodeIgniter\CodeIgniter->runController(Object(App\Controllers\Dashboard))
 7 SYSTEMPATH\CodeIgniter.php(354): CodeIgniter\CodeIgniter->handleRequest(null, Object(Config\Cache), false)
 8 SYSTEMPATH\Boot.php(363): CodeIgniter\CodeIgniter->run()
 9 SYSTEMPATH\Boot.php(68): CodeIgniter\Boot::runCodeIgniter(Object(CodeIgniter\CodeIgniter))
10 FCPATH\index.php(59): CodeIgniter\Boot::bootWeb(Object(Config\Paths))
11 SYSTEMPATH\rewrite.php(44): require_once('C:\\Users\\Richard Miculob\\Documents\\ReliefTrack\\public\\index.php')
DEBUG - 2026-03-01 17:38:08 --> Session: Class initialized using 'CodeIgniter\Session\Handlers\FileHandler' driver.
DEBUG - 2026-03-01 17:38:09 --> Session: Class initialized using 'CodeIgniter\Session\Handlers\FileHandler' driver.
DEBUG - 2026-03-01 17:38:11 --> Session: Class initialized using 'CodeIgniter\Session\Handlers\FileHandler' driver.
WARNING - 2026-03-01 17:38:11 --> [DEPRECATED] Optional parameter $familyMemberId declared before required parameter $distributorId is implicitly treated as a required parameter in APPPATH\Models\InventoryModel.php on line 142.
 1 SYSTEMPATH\Autoloader\Autoloader.php(315): include_once('C:\\Users\\Richard Miculob\\Documents\\ReliefTrack\\system\\Debug\\Exceptions.php')
 2 SYSTEMPATH\Autoloader\Autoloader.php(295): CodeIgniter\Autoloader\Autoloader->includeFile('C:\\Users\\Richard Miculob\\Documents\\ReliefTrack\\app\\Models\\InventoryModel.php')
 3 SYSTEMPATH\Autoloader\Autoloader.php(271): CodeIgniter\Autoloader\Autoloader->loadInNamespace('App\\Models\\InventoryModel')
 4 APPPATH\Controllers\Inventory.php(13): CodeIgniter\Autoloader\Autoloader->loadClass('App\\Models\\InventoryModel')
 5 SYSTEMPATH\CodeIgniter.php(933): App\Controllers\Inventory->index()
 6 SYSTEMPATH\CodeIgniter.php(507): CodeIgniter\CodeIgniter->runController(Object(App\Controllers\Inventory))
 7 SYSTEMPATH\CodeIgniter.php(354): CodeIgniter\CodeIgniter->handleRequest(null, Object(Config\Cache), false)
 8 SYSTEMPATH\Boot.php(363): CodeIgniter\CodeIgniter->run()
 9 SYSTEMPATH\Boot.php(68): CodeIgniter\Boot::runCodeIgniter(Object(CodeIgniter\CodeIgniter))
10 FCPATH\index.php(59): CodeIgniter\Boot::bootWeb(Object(Config\Paths))
11 SYSTEMPATH\rewrite.php(44): require_once('C:\\Users\\Richard Miculob\\Documents\\ReliefTrack\\public\\index.php')
DEBUG - 2026-03-01 17:38:29 --> Session: Class initialized using 'CodeIgniter\Session\Handlers\FileHandler' driver.
DEBUG - 2026-03-01 17:38:31 --> Session: Class initialized using 'CodeIgniter\Session\Handlers\FileHandler' driver.
DEBUG - 2026-03-01 17:38:31 --> Session: Class initialized using 'CodeIgniter\Session\Handlers\FileHandler' driver.
WARNING - 2026-03-01 17:38:31 --> [DEPRECATED] Optional parameter $familyMemberId declared before required parameter $distributorId is implicitly treated as a required parameter in APPPATH\Models\InventoryModel.php on line 142.
 1 SYSTEMPATH\Autoloader\Autoloader.php(315): include_once('C:\\Users\\Richard Miculob\\Documents\\ReliefTrack\\system\\Debug\\Exceptions.php')
 2 SYSTEMPATH\Autoloader\Autoloader.php(295): CodeIgniter\Autoloader\Autoloader->includeFile('C:\\Users\\Richard Miculob\\Documents\\ReliefTrack\\app\\Models\\InventoryModel.php')
 3 SYSTEMPATH\Autoloader\Autoloader.php(271): CodeIgniter\Autoloader\Autoloader->loadInNamespace('App\\Models\\InventoryModel')
 4 APPPATH\Controllers\Inventory.php(13): CodeIgniter\Autoloader\Autoloader->loadClass('App\\Models\\InventoryModel')
 5 SYSTEMPATH\CodeIgniter.php(933): App\Controllers\Inventory->index()
 6 SYSTEMPATH\CodeIgniter.php(507): CodeIgniter\CodeIgniter->runController(Object(App\Controllers\Inventory))
 7 SYSTEMPATH\CodeIgniter.php(354): CodeIgniter\CodeIgniter->handleRequest(null, Object(Config\Cache), false)
 8 SYSTEMPATH\Boot.php(363): CodeIgniter\CodeIgniter->run()
 9 SYSTEMPATH\Boot.php(68): CodeIgniter\Boot::runCodeIgniter(Object(CodeIgniter\CodeIgniter))
10 FCPATH\index.php(59): CodeIgniter\Boot::bootWeb(Object(Config\Paths))
11 SYSTEMPATH\rewrite.php(44): require_once('C:\\Users\\Richard Miculob\\Documents\\ReliefTrack\\public\\index.php')
DEBUG - 2026-03-01 17:38:33 --> Session: Class initialized using 'CodeIgniter\Session\Handlers\FileHandler' driver.
DEBUG - 2026-03-01 17:39:11 --> Session: Class initialized using 'CodeIgniter\Session\Handlers\FileHandler' driver.
WARNING - 2026-03-01 17:39:11 --> [DEPRECATED] Optional parameter $familyMemberId declared before required parameter $distributorId is implicitly treated as a required parameter in APPPATH\Models\InventoryModel.php on line 147.
 1 SYSTEMPATH\Autoloader\Autoloader.php(315): include_once('C:\\Users\\Richard Miculob\\Documents\\ReliefTrack\\system\\Debug\\Exceptions.php')
 2 SYSTEMPATH\Autoloader\Autoloader.php(295): CodeIgniter\Autoloader\Autoloader->includeFile('C:\\Users\\Richard Miculob\\Documents\\ReliefTrack\\app\\Models\\InventoryModel.php')
 3 SYSTEMPATH\Autoloader\Autoloader.php(271): CodeIgniter\Autoloader\Autoloader->loadInNamespace('App\\Models\\InventoryModel')
 4 APPPATH\Controllers\Dashboard.php(22): CodeIgniter\Autoloader\Autoloader->loadClass('App\\Models\\InventoryModel')
 5 SYSTEMPATH\CodeIgniter.php(933): App\Controllers\Dashboard->index()
 6 SYSTEMPATH\CodeIgniter.php(507): CodeIgniter\CodeIgniter->runController(Object(App\Controllers\Dashboard))
 7 SYSTEMPATH\CodeIgniter.php(354): CodeIgniter\CodeIgniter->handleRequest(null, Object(Config\Cache), false)
 8 SYSTEMPATH\Boot.php(363): CodeIgniter\CodeIgniter->run()
 9 SYSTEMPATH\Boot.php(68): CodeIgniter\Boot::runCodeIgniter(Object(CodeIgniter\CodeIgniter))
10 FCPATH\index.php(59): CodeIgniter\Boot::bootWeb(Object(Config\Paths))
11 SYSTEMPATH\rewrite.php(44): require_once('C:\\Users\\Richard Miculob\\Documents\\ReliefTrack\\public\\index.php')
DEBUG - 2026-03-01 17:39:12 --> Session: Class initialized using 'CodeIgniter\Session\Handlers\FileHandler' driver.
DEBUG - 2026-03-01 17:39:13 --> Session: Class initialized using 'CodeIgniter\Session\Handlers\FileHandler' driver.
DEBUG - 2026-03-01 17:39:14 --> Session: Class initialized using 'CodeIgniter\Session\Handlers\FileHandler' driver.
DEBUG - 2026-03-01 17:42:07 --> Session: Class initialized using 'CodeIgniter\Session\Handlers\FileHandler' driver.
WARNING - 2026-03-01 17:42:07 --> [DEPRECATED] Optional parameter $familyMemberId declared before required parameter $distributorId is implicitly treated as a required parameter in APPPATH\Models\InventoryModel.php on line 147.
 1 SYSTEMPATH\Autoloader\Autoloader.php(315): include_once('C:\\Users\\Richard Miculob\\Documents\\ReliefTrack\\system\\Debug\\Exceptions.php')
 2 SYSTEMPATH\Autoloader\Autoloader.php(295): CodeIgniter\Autoloader\Autoloader->includeFile('C:\\Users\\Richard Miculob\\Documents\\ReliefTrack\\app\\Models\\InventoryModel.php')
 3 SYSTEMPATH\Autoloader\Autoloader.php(271): CodeIgniter\Autoloader\Autoloader->loadInNamespace('App\\Models\\InventoryModel')
 4 APPPATH\Controllers\Inventory.php(13): CodeIgniter\Autoloader\Autoloader->loadClass('App\\Models\\InventoryModel')
 5 SYSTEMPATH\CodeIgniter.php(933): App\Controllers\Inventory->index()
 6 SYSTEMPATH\CodeIgniter.php(507): CodeIgniter\CodeIgniter->runController(Object(App\Controllers\Inventory))
 7 SYSTEMPATH\CodeIgniter.php(354): CodeIgniter\CodeIgniter->handleRequest(null, Object(Config\Cache), false)
 8 SYSTEMPATH\Boot.php(363): CodeIgniter\CodeIgniter->run()
 9 SYSTEMPATH\Boot.php(68): CodeIgniter\Boot::runCodeIgniter(Object(CodeIgniter\CodeIgniter))
10 FCPATH\index.php(59): CodeIgniter\Boot::bootWeb(Object(Config\Paths))
11 SYSTEMPATH\rewrite.php(44): require_once('C:\\Users\\Richard Miculob\\Documents\\ReliefTrack\\public\\index.php')
DEBUG - 2026-03-01 17:42:09 --> Session: Class initialized using 'CodeIgniter\Session\Handlers\FileHandler' driver.
DEBUG - 2026-03-01 17:42:36 --> Session: Class initialized using 'CodeIgniter\Session\Handlers\FileHandler' driver.
WARNING - 2026-03-01 17:42:36 --> [DEPRECATED] Optional parameter $familyMemberId declared before required parameter $distributorId is implicitly treated as a required parameter in APPPATH\Models\InventoryModel.php on line 147.
 1 SYSTEMPATH\Autoloader\Autoloader.php(315): include_once('C:\\Users\\Richard Miculob\\Documents\\ReliefTrack\\system\\Debug\\Exceptions.php')
 2 SYSTEMPATH\Autoloader\Autoloader.php(295): CodeIgniter\Autoloader\Autoloader->includeFile('C:\\Users\\Richard Miculob\\Documents\\ReliefTrack\\app\\Models\\InventoryModel.php')
 3 SYSTEMPATH\Autoloader\Autoloader.php(271): CodeIgniter\Autoloader\Autoloader->loadInNamespace('App\\Models\\InventoryModel')
 4 APPPATH\Controllers\Inventory.php(247): CodeIgniter\Autoloader\Autoloader->loadClass('App\\Models\\InventoryModel')
 5 SYSTEMPATH\CodeIgniter.php(933): App\Controllers\Inventory->saveItemWithBatch()
 6 SYSTEMPATH\CodeIgniter.php(507): CodeIgniter\CodeIgniter->runController(Object(App\Controllers\Inventory))
 7 SYSTEMPATH\CodeIgniter.php(354): CodeIgniter\CodeIgniter->handleRequest(null, Object(Config\Cache), false)
 8 SYSTEMPATH\Boot.php(363): CodeIgniter\CodeIgniter->run()
 9 SYSTEMPATH\Boot.php(68): CodeIgniter\Boot::runCodeIgniter(Object(CodeIgniter\CodeIgniter))
10 FCPATH\index.php(59): CodeIgniter\Boot::bootWeb(Object(Config\Paths))
11 SYSTEMPATH\rewrite.php(44): require_once('C:\\Users\\Richard Miculob\\Documents\\ReliefTrack\\public\\index.php')
DEBUG - 2026-03-01 17:42:36 --> Session: Class initialized using 'CodeIgniter\Session\Handlers\FileHandler' driver.
WARNING - 2026-03-01 17:42:36 --> [DEPRECATED] Optional parameter $familyMemberId declared before required parameter $distributorId is implicitly treated as a required parameter in APPPATH\Models\InventoryModel.php on line 147.
 1 SYSTEMPATH\Autoloader\Autoloader.php(315): include_once('C:\\Users\\Richard Miculob\\Documents\\ReliefTrack\\system\\Debug\\Exceptions.php')
 2 SYSTEMPATH\Autoloader\Autoloader.php(295): CodeIgniter\Autoloader\Autoloader->includeFile('C:\\Users\\Richard Miculob\\Documents\\ReliefTrack\\app\\Models\\InventoryModel.php')
 3 SYSTEMPATH\Autoloader\Autoloader.php(271): CodeIgniter\Autoloader\Autoloader->loadInNamespace('App\\Models\\InventoryModel')
 4 APPPATH\Controllers\Inventory.php(354): CodeIgniter\Autoloader\Autoloader->loadClass('App\\Models\\InventoryModel')
 5 SYSTEMPATH\CodeIgniter.php(933): App\Controllers\Inventory->batches('29')
 6 SYSTEMPATH\CodeIgniter.php(507): CodeIgniter\CodeIgniter->runController(Object(App\Controllers\Inventory))
 7 SYSTEMPATH\CodeIgniter.php(354): CodeIgniter\CodeIgniter->handleRequest(null, Object(Config\Cache), false)
 8 SYSTEMPATH\Boot.php(363): CodeIgniter\CodeIgniter->run()
 9 SYSTEMPATH\Boot.php(68): CodeIgniter\Boot::runCodeIgniter(Object(CodeIgniter\CodeIgniter))
10 FCPATH\index.php(59): CodeIgniter\Boot::bootWeb(Object(Config\Paths))
11 SYSTEMPATH\rewrite.php(44): require_once('C:\\Users\\Richard Miculob\\Documents\\ReliefTrack\\public\\index.php')
DEBUG - 2026-03-01 17:42:38 --> Session: Class initialized using 'CodeIgniter\Session\Handlers\FileHandler' driver.
WARNING - 2026-03-01 17:42:38 --> [DEPRECATED] Optional parameter $familyMemberId declared before required parameter $distributorId is implicitly treated as a required parameter in APPPATH\Models\InventoryModel.php on line 147.
 1 SYSTEMPATH\Autoloader\Autoloader.php(315): include_once('C:\\Users\\Richard Miculob\\Documents\\ReliefTrack\\system\\Debug\\Exceptions.php')
 2 SYSTEMPATH\Autoloader\Autoloader.php(295): CodeIgniter\Autoloader\Autoloader->includeFile('C:\\Users\\Richard Miculob\\Documents\\ReliefTrack\\app\\Models\\InventoryModel.php')
 3 SYSTEMPATH\Autoloader\Autoloader.php(271): CodeIgniter\Autoloader\Autoloader->loadInNamespace('App\\Models\\InventoryModel')
 4 APPPATH\Controllers\Inventory.php(13): CodeIgniter\Autoloader\Autoloader->loadClass('App\\Models\\InventoryModel')
 5 SYSTEMPATH\CodeIgniter.php(933): App\Controllers\Inventory->index()
 6 SYSTEMPATH\CodeIgniter.php(507): CodeIgniter\CodeIgniter->runController(Object(App\Controllers\Inventory))
 7 SYSTEMPATH\CodeIgniter.php(354): CodeIgniter\CodeIgniter->handleRequest(null, Object(Config\Cache), false)
 8 SYSTEMPATH\Boot.php(363): CodeIgniter\CodeIgniter->run()
 9 SYSTEMPATH\Boot.php(68): CodeIgniter\Boot::runCodeIgniter(Object(CodeIgniter\CodeIgniter))
10 FCPATH\index.php(59): CodeIgniter\Boot::bootWeb(Object(Config\Paths))
11 SYSTEMPATH\rewrite.php(44): require_once('C:\\Users\\Richard Miculob\\Documents\\ReliefTrack\\public\\index.php')
DEBUG - 2026-03-01 17:42:48 --> Session: Class initialized using 'CodeIgniter\Session\Handlers\FileHandler' driver.
WARNING - 2026-03-01 17:42:48 --> [DEPRECATED] Optional parameter $familyMemberId declared before required parameter $distributorId is implicitly treated as a required parameter in APPPATH\Models\InventoryModel.php on line 147.
 1 SYSTEMPATH\Autoloader\Autoloader.php(315): include_once('C:\\Users\\Richard Miculob\\Documents\\ReliefTrack\\system\\Debug\\Exceptions.php')
 2 SYSTEMPATH\Autoloader\Autoloader.php(295): CodeIgniter\Autoloader\Autoloader->includeFile('C:\\Users\\Richard Miculob\\Documents\\ReliefTrack\\app\\Models\\InventoryModel.php')
 3 SYSTEMPATH\Autoloader\Autoloader.php(271): CodeIgniter\Autoloader\Autoloader->loadInNamespace('App\\Models\\InventoryModel')
 4 APPPATH\Controllers\Inventory.php(305): CodeIgniter\Autoloader\Autoloader->loadClass('App\\Models\\InventoryModel')
 5 SYSTEMPATH\CodeIgniter.php(933): App\Controllers\Inventory->viewBatch('29')
 6 SYSTEMPATH\CodeIgniter.php(507): CodeIgniter\CodeIgniter->runController(Object(App\Controllers\Inventory))
 7 SYSTEMPATH\CodeIgniter.php(354): CodeIgniter\CodeIgniter->handleRequest(null, Object(Config\Cache), false)
 8 SYSTEMPATH\Boot.php(363): CodeIgniter\CodeIgniter->run()
 9 SYSTEMPATH\Boot.php(68): CodeIgniter\Boot::runCodeIgniter(Object(CodeIgniter\CodeIgniter))
10 FCPATH\index.php(59): CodeIgniter\Boot::bootWeb(Object(Config\Paths))
11 SYSTEMPATH\rewrite.php(44): require_once('C:\\Users\\Richard Miculob\\Documents\\ReliefTrack\\public\\index.php')
DEBUG - 2026-03-01 17:45:52 --> Session: Class initialized using 'CodeIgniter\Session\Handlers\FileHandler' driver.
WARNING - 2026-03-01 17:45:52 --> [DEPRECATED] Optional parameter $familyMemberId declared before required parameter $distributorId is implicitly treated as a required parameter in APPPATH\Models\InventoryModel.php on line 147.
 1 SYSTEMPATH\Autoloader\Autoloader.php(315): include_once('C:\\Users\\Richard Miculob\\Documents\\ReliefTrack\\system\\Debug\\Exceptions.php')
 2 SYSTEMPATH\Autoloader\Autoloader.php(295): CodeIgniter\Autoloader\Autoloader->includeFile('C:\\Users\\Richard Miculob\\Documents\\ReliefTrack\\app\\Models\\InventoryModel.php')
 3 SYSTEMPATH\Autoloader\Autoloader.php(271): CodeIgniter\Autoloader\Autoloader->loadInNamespace('App\\Models\\InventoryModel')
 4 APPPATH\Controllers\Inventory.php(354): CodeIgniter\Autoloader\Autoloader->loadClass('App\\Models\\InventoryModel')
 5 SYSTEMPATH\CodeIgniter.php(933): App\Controllers\Inventory->batches('29')
 6 SYSTEMPATH\CodeIgniter.php(507): CodeIgniter\CodeIgniter->runController(Object(App\Controllers\Inventory))
 7 SYSTEMPATH\CodeIgniter.php(354): CodeIgniter\CodeIgniter->handleRequest(null, Object(Config\Cache), false)
 8 SYSTEMPATH\Boot.php(363): CodeIgniter\CodeIgniter->run()
 9 SYSTEMPATH\Boot.php(68): CodeIgniter\Boot::runCodeIgniter(Object(CodeIgniter\CodeIgniter))
10 FCPATH\index.php(59): CodeIgniter\Boot::bootWeb(Object(Config\Paths))
11 SYSTEMPATH\rewrite.php(44): require_once('C:\\Users\\Richard Miculob\\Documents\\ReliefTrack\\public\\index.php')
DEBUG - 2026-03-01 17:45:53 --> Session: Class initialized using 'CodeIgniter\Session\Handlers\FileHandler' driver.
WARNING - 2026-03-01 17:45:53 --> [DEPRECATED] Optional parameter $familyMemberId declared before required parameter $distributorId is implicitly treated as a required parameter in APPPATH\Models\InventoryModel.php on line 147.
 1 SYSTEMPATH\Autoloader\Autoloader.php(315): include_once('C:\\Users\\Richard Miculob\\Documents\\ReliefTrack\\system\\Debug\\Exceptions.php')
 2 SYSTEMPATH\Autoloader\Autoloader.php(295): CodeIgniter\Autoloader\Autoloader->includeFile('C:\\Users\\Richard Miculob\\Documents\\ReliefTrack\\app\\Models\\InventoryModel.php')
 3 SYSTEMPATH\Autoloader\Autoloader.php(271): CodeIgniter\Autoloader\Autoloader->loadInNamespace('App\\Models\\InventoryModel')
 4 APPPATH\Controllers\Inventory.php(181): CodeIgniter\Autoloader\Autoloader->loadClass('App\\Models\\InventoryModel')
 5 SYSTEMPATH\CodeIgniter.php(933): App\Controllers\Inventory->update_stock('29')
 6 SYSTEMPATH\CodeIgniter.php(507): CodeIgniter\CodeIgniter->runController(Object(App\Controllers\Inventory))
 7 SYSTEMPATH\CodeIgniter.php(354): CodeIgniter\CodeIgniter->handleRequest(null, Object(Config\Cache), false)
 8 SYSTEMPATH\Boot.php(363): CodeIgniter\CodeIgniter->run()
 9 SYSTEMPATH\Boot.php(68): CodeIgniter\Boot::runCodeIgniter(Object(CodeIgniter\CodeIgniter))
10 FCPATH\index.php(59): CodeIgniter\Boot::bootWeb(Object(Config\Paths))
11 SYSTEMPATH\rewrite.php(44): require_once('C:\\Users\\Richard Miculob\\Documents\\ReliefTrack\\public\\index.php')
DEBUG - 2026-03-01 17:45:55 --> Session: Class initialized using 'CodeIgniter\Session\Handlers\FileHandler' driver.
WARNING - 2026-03-01 17:45:55 --> [DEPRECATED] Optional parameter $familyMemberId declared before required parameter $distributorId is implicitly treated as a required parameter in APPPATH\Models\InventoryModel.php on line 147.
 1 SYSTEMPATH\Autoloader\Autoloader.php(315): include_once('C:\\Users\\Richard Miculob\\Documents\\ReliefTrack\\system\\Debug\\Exceptions.php')
 2 SYSTEMPATH\Autoloader\Autoloader.php(295): CodeIgniter\Autoloader\Autoloader->includeFile('C:\\Users\\Richard Miculob\\Documents\\ReliefTrack\\app\\Models\\InventoryModel.php')
 3 SYSTEMPATH\Autoloader\Autoloader.php(271): CodeIgniter\Autoloader\Autoloader->loadInNamespace('App\\Models\\InventoryModel')
 4 APPPATH\Controllers\Inventory.php(13): CodeIgniter\Autoloader\Autoloader->loadClass('App\\Models\\InventoryModel')
 5 SYSTEMPATH\CodeIgniter.php(933): App\Controllers\Inventory->index()
 6 SYSTEMPATH\CodeIgniter.php(507): CodeIgniter\CodeIgniter->runController(Object(App\Controllers\Inventory))
 7 SYSTEMPATH\CodeIgniter.php(354): CodeIgniter\CodeIgniter->handleRequest(null, Object(Config\Cache), false)
 8 SYSTEMPATH\Boot.php(363): CodeIgniter\CodeIgniter->run()
 9 SYSTEMPATH\Boot.php(68): CodeIgniter\Boot::runCodeIgniter(Object(CodeIgniter\CodeIgniter))
10 FCPATH\index.php(59): CodeIgniter\Boot::bootWeb(Object(Config\Paths))
11 SYSTEMPATH\rewrite.php(44): require_once('C:\\Users\\Richard Miculob\\Documents\\ReliefTrack\\public\\index.php')
DEBUG - 2026-03-01 17:45:57 --> Session: Class initialized using 'CodeIgniter\Session\Handlers\FileHandler' driver.
DEBUG - 2026-03-01 17:46:09 --> Session: Class initialized using 'CodeIgniter\Session\Handlers\FileHandler' driver.
WARNING - 2026-03-01 17:46:09 --> [DEPRECATED] Optional parameter $familyMemberId declared before required parameter $distributorId is implicitly treated as a required parameter in APPPATH\Models\InventoryModel.php on line 147.
 1 SYSTEMPATH\Autoloader\Autoloader.php(315): include_once('C:\\Users\\Richard Miculob\\Documents\\ReliefTrack\\system\\Debug\\Exceptions.php')
 2 SYSTEMPATH\Autoloader\Autoloader.php(295): CodeIgniter\Autoloader\Autoloader->includeFile('C:\\Users\\Richard Miculob\\Documents\\ReliefTrack\\app\\Models\\InventoryModel.php')
 3 SYSTEMPATH\Autoloader\Autoloader.php(271): CodeIgniter\Autoloader\Autoloader->loadInNamespace('App\\Models\\InventoryModel')
 4 APPPATH\Controllers\Inventory.php(13): CodeIgniter\Autoloader\Autoloader->loadClass('App\\Models\\InventoryModel')
 5 SYSTEMPATH\CodeIgniter.php(933): App\Controllers\Inventory->index()
 6 SYSTEMPATH\CodeIgniter.php(507): CodeIgniter\CodeIgniter->runController(Object(App\Controllers\Inventory))
 7 SYSTEMPATH\CodeIgniter.php(354): CodeIgniter\CodeIgniter->handleRequest(null, Object(Config\Cache), false)
 8 SYSTEMPATH\Boot.php(363): CodeIgniter\CodeIgniter->run()
 9 SYSTEMPATH\Boot.php(68): CodeIgniter\Boot::runCodeIgniter(Object(CodeIgniter\CodeIgniter))
10 FCPATH\index.php(59): CodeIgniter\Boot::bootWeb(Object(Config\Paths))
11 SYSTEMPATH\rewrite.php(44): require_once('C:\\Users\\Richard Miculob\\Documents\\ReliefTrack\\public\\index.php')
DEBUG - 2026-03-01 17:46:10 --> Session: Class initialized using 'CodeIgniter\Session\Handlers\FileHandler' driver.
WARNING - 2026-03-01 17:46:10 --> [DEPRECATED] Optional parameter $familyMemberId declared before required parameter $distributorId is implicitly treated as a required parameter in APPPATH\Models\InventoryModel.php on line 147.
 1 SYSTEMPATH\Autoloader\Autoloader.php(315): include_once('C:\\Users\\Richard Miculob\\Documents\\ReliefTrack\\system\\Debug\\Exceptions.php')
 2 SYSTEMPATH\Autoloader\Autoloader.php(295): CodeIgniter\Autoloader\Autoloader->includeFile('C:\\Users\\Richard Miculob\\Documents\\ReliefTrack\\app\\Models\\InventoryModel.php')
 3 SYSTEMPATH\Autoloader\Autoloader.php(271): CodeIgniter\Autoloader\Autoloader->loadInNamespace('App\\Models\\InventoryModel')
 4 APPPATH\Controllers\Inventory.php(13): CodeIgniter\Autoloader\Autoloader->loadClass('App\\Models\\InventoryModel')
 5 SYSTEMPATH\CodeIgniter.php(933): App\Controllers\Inventory->index()
 6 SYSTEMPATH\CodeIgniter.php(507): CodeIgniter\CodeIgniter->runController(Object(App\Controllers\Inventory))
 7 SYSTEMPATH\CodeIgniter.php(354): CodeIgniter\CodeIgniter->handleRequest(null, Object(Config\Cache), false)
 8 SYSTEMPATH\Boot.php(363): CodeIgniter\CodeIgniter->run()
 9 SYSTEMPATH\Boot.php(68): CodeIgniter\Boot::runCodeIgniter(Object(CodeIgniter\CodeIgniter))
10 FCPATH\index.php(59): CodeIgniter\Boot::bootWeb(Object(Config\Paths))
11 SYSTEMPATH\rewrite.php(44): require_once('C:\\Users\\Richard Miculob\\Documents\\ReliefTrack\\public\\index.php')
DEBUG - 2026-03-01 17:46:13 --> Session: Class initialized using 'CodeIgniter\Session\Handlers\FileHandler' driver.
WARNING - 2026-03-01 17:46:13 --> [DEPRECATED] Optional parameter $familyMemberId declared before required parameter $distributorId is implicitly treated as a required parameter in APPPATH\Models\InventoryModel.php on line 147.
 1 SYSTEMPATH\Autoloader\Autoloader.php(315): include_once('C:\\Users\\Richard Miculob\\Documents\\ReliefTrack\\system\\Debug\\Exceptions.php')
 2 SYSTEMPATH\Autoloader\Autoloader.php(295): CodeIgniter\Autoloader\Autoloader->includeFile('C:\\Users\\Richard Miculob\\Documents\\ReliefTrack\\app\\Models\\InventoryModel.php')
 3 SYSTEMPATH\Autoloader\Autoloader.php(271): CodeIgniter\Autoloader\Autoloader->loadInNamespace('App\\Models\\InventoryModel')
 4 APPPATH\Controllers\Inventory.php(305): CodeIgniter\Autoloader\Autoloader->loadClass('App\\Models\\InventoryModel')
 5 SYSTEMPATH\CodeIgniter.php(933): App\Controllers\Inventory->viewBatch('29')
 6 SYSTEMPATH\CodeIgniter.php(507): CodeIgniter\CodeIgniter->runController(Object(App\Controllers\Inventory))
 7 SYSTEMPATH\CodeIgniter.php(354): CodeIgniter\CodeIgniter->handleRequest(null, Object(Config\Cache), false)
 8 SYSTEMPATH\Boot.php(363): CodeIgniter\CodeIgniter->run()
 9 SYSTEMPATH\Boot.php(68): CodeIgniter\Boot::runCodeIgniter(Object(CodeIgniter\CodeIgniter))
10 FCPATH\index.php(59): CodeIgniter\Boot::bootWeb(Object(Config\Paths))
11 SYSTEMPATH\rewrite.php(44): require_once('C:\\Users\\Richard Miculob\\Documents\\ReliefTrack\\public\\index.php')
DEBUG - 2026-03-01 17:46:57 --> Session: Class initialized using 'CodeIgniter\Session\Handlers\FileHandler' driver.
DEBUG - 2026-03-01 17:48:07 --> Session: Class initialized using 'CodeIgniter\Session\Handlers\FileHandler' driver.
DEBUG - 2026-03-01 17:48:12 --> Session: Class initialized using 'CodeIgniter\Session\Handlers\FileHandler' driver.
DEBUG - 2026-03-01 17:48:13 --> Session: Class initialized using 'CodeIgniter\Session\Handlers\FileHandler' driver.
WARNING - 2026-03-01 17:48:13 --> [DEPRECATED] Optional parameter $familyMemberId declared before required parameter $distributorId is implicitly treated as a required parameter in APPPATH\Models\InventoryModel.php on line 147.
 1 SYSTEMPATH\Autoloader\Autoloader.php(315): include_once('C:\\Users\\Richard Miculob\\Documents\\ReliefTrack\\system\\Debug\\Exceptions.php')
 2 SYSTEMPATH\Autoloader\Autoloader.php(295): CodeIgniter\Autoloader\Autoloader->includeFile('C:\\Users\\Richard Miculob\\Documents\\ReliefTrack\\app\\Models\\InventoryModel.php')
 3 SYSTEMPATH\Autoloader\Autoloader.php(271): CodeIgniter\Autoloader\Autoloader->loadInNamespace('App\\Models\\InventoryModel')
 4 APPPATH\Controllers\Dashboard.php(22): CodeIgniter\Autoloader\Autoloader->loadClass('App\\Models\\InventoryModel')
 5 SYSTEMPATH\CodeIgniter.php(933): App\Controllers\Dashboard->index()
 6 SYSTEMPATH\CodeIgniter.php(507): CodeIgniter\CodeIgniter->runController(Object(App\Controllers\Dashboard))
 7 SYSTEMPATH\CodeIgniter.php(354): CodeIgniter\CodeIgniter->handleRequest(null, Object(Config\Cache), false)
 8 SYSTEMPATH\Boot.php(363): CodeIgniter\CodeIgniter->run()
 9 SYSTEMPATH\Boot.php(68): CodeIgniter\Boot::runCodeIgniter(Object(CodeIgniter\CodeIgniter))
10 FCPATH\index.php(59): CodeIgniter\Boot::bootWeb(Object(Config\Paths))
11 SYSTEMPATH\rewrite.php(44): require_once('C:\\Users\\Richard Miculob\\Documents\\ReliefTrack\\public\\index.php')
DEBUG - 2026-03-01 17:48:18 --> Session: Class initialized using 'CodeIgniter\Session\Handlers\FileHandler' driver.
DEBUG - 2026-03-01 17:48:18 --> Session: Class initialized using 'CodeIgniter\Session\Handlers\FileHandler' driver.
DEBUG - 2026-03-01 17:48:19 --> Session: Class initialized using 'CodeIgniter\Session\Handlers\FileHandler' driver.
DEBUG - 2026-03-01 17:48:26 --> Session: Class initialized using 'CodeIgniter\Session\Handlers\FileHandler' driver.
DEBUG - 2026-03-01 17:48:26 --> Session: Class initialized using 'CodeIgniter\Session\Handlers\FileHandler' driver.
DEBUG - 2026-03-01 17:48:27 --> Session: Class initialized using 'CodeIgniter\Session\Handlers\FileHandler' driver.
DEBUG - 2026-03-01 17:48:27 --> Session: Class initialized using 'CodeIgniter\Session\Handlers\FileHandler' driver.
DEBUG - 2026-03-01 17:48:28 --> Session: Class initialized using 'CodeIgniter\Session\Handlers\FileHandler' driver.
DEBUG - 2026-03-01 17:48:35 --> Session: Class initialized using 'CodeIgniter\Session\Handlers\FileHandler' driver.
DEBUG - 2026-03-01 17:48:44 --> Session: Class initialized using 'CodeIgniter\Session\Handlers\FileHandler' driver.
WARNING - 2026-03-01 17:48:44 --> [DEPRECATED] Optional parameter $familyMemberId declared before required parameter $distributorId is implicitly treated as a required parameter in APPPATH\Models\InventoryModel.php on line 147.
 1 SYSTEMPATH\Autoloader\Autoloader.php(315): include_once('C:\\Users\\Richard Miculob\\Documents\\ReliefTrack\\system\\Debug\\Exceptions.php')
 2 SYSTEMPATH\Autoloader\Autoloader.php(295): CodeIgniter\Autoloader\Autoloader->includeFile('C:\\Users\\Richard Miculob\\Documents\\ReliefTrack\\app\\Models\\InventoryModel.php')
 3 SYSTEMPATH\Autoloader\Autoloader.php(271): CodeIgniter\Autoloader\Autoloader->loadInNamespace('App\\Models\\InventoryModel')
 4 APPPATH\Controllers\Distribution.php(30): CodeIgniter\Autoloader\Autoloader->loadClass('App\\Models\\InventoryModel')
 5 SYSTEMPATH\CodeIgniter.php(933): App\Controllers\Distribution->processScanView()
 6 SYSTEMPATH\CodeIgniter.php(507): CodeIgniter\CodeIgniter->runController(Object(App\Controllers\Distribution))
 7 SYSTEMPATH\CodeIgniter.php(354): CodeIgniter\CodeIgniter->handleRequest(null, Object(Config\Cache), false)
 8 SYSTEMPATH\Boot.php(363): CodeIgniter\CodeIgniter->run()
 9 SYSTEMPATH\Boot.php(68): CodeIgniter\Boot::runCodeIgniter(Object(CodeIgniter\CodeIgniter))
10 FCPATH\index.php(59): CodeIgniter\Boot::bootWeb(Object(Config\Paths))
11 SYSTEMPATH\rewrite.php(44): require_once('C:\\Users\\Richard Miculob\\Documents\\ReliefTrack\\public\\index.php')
DEBUG - 2026-03-01 17:48:46 --> Session: Class initialized using 'CodeIgniter\Session\Handlers\FileHandler' driver.
DEBUG - 2026-03-01 17:48:47 --> Session: Class initialized using 'CodeIgniter\Session\Handlers\FileHandler' driver.
DEBUG - 2026-03-01 17:48:47 --> Session: Class initialized using 'CodeIgniter\Session\Handlers\FileHandler' driver.
DEBUG - 2026-03-01 17:48:48 --> Session: Class initialized using 'CodeIgniter\Session\Handlers\FileHandler' driver.
WARNING - 2026-03-01 17:48:48 --> [DEPRECATED] Optional parameter $familyMemberId declared before required parameter $distributorId is implicitly treated as a required parameter in APPPATH\Models\InventoryModel.php on line 147.
 1 SYSTEMPATH\Autoloader\Autoloader.php(315): include_once('C:\\Users\\Richard Miculob\\Documents\\ReliefTrack\\system\\Debug\\Exceptions.php')
 2 SYSTEMPATH\Autoloader\Autoloader.php(295): CodeIgniter\Autoloader\Autoloader->includeFile('C:\\Users\\Richard Miculob\\Documents\\ReliefTrack\\app\\Models\\InventoryModel.php')
 3 SYSTEMPATH\Autoloader\Autoloader.php(271): CodeIgniter\Autoloader\Autoloader->loadInNamespace('App\\Models\\InventoryModel')
 4 APPPATH\Controllers\Distribution.php(30): CodeIgniter\Autoloader\Autoloader->loadClass('App\\Models\\InventoryModel')
 5 SYSTEMPATH\CodeIgniter.php(933): App\Controllers\Distribution->processScanView()
 6 SYSTEMPATH\CodeIgniter.php(507): CodeIgniter\CodeIgniter->runController(Object(App\Controllers\Distribution))
 7 SYSTEMPATH\CodeIgniter.php(354): CodeIgniter\CodeIgniter->handleRequest(null, Object(Config\Cache), false)
 8 SYSTEMPATH\Boot.php(363): CodeIgniter\CodeIgniter->run()
 9 SYSTEMPATH\Boot.php(68): CodeIgniter\Boot::runCodeIgniter(Object(CodeIgniter\CodeIgniter))
10 FCPATH\index.php(59): CodeIgniter\Boot::bootWeb(Object(Config\Paths))
11 SYSTEMPATH\rewrite.php(44): require_once('C:\\Users\\Richard Miculob\\Documents\\ReliefTrack\\public\\index.php')
DEBUG - 2026-03-01 17:48:51 --> Session: Class initialized using 'CodeIgniter\Session\Handlers\FileHandler' driver.
DEBUG - 2026-03-01 17:48:53 --> Session: Class initialized using 'CodeIgniter\Session\Handlers\FileHandler' driver.
DEBUG - 2026-03-01 17:48:53 --> Session: Class initialized using 'CodeIgniter\Session\Handlers\FileHandler' driver.
DEBUG - 2026-03-01 17:48:55 --> Session: Class initialized using 'CodeIgniter\Session\Handlers\FileHandler' driver.
WARNING - 2026-03-01 17:48:55 --> [DEPRECATED] Optional parameter $familyMemberId declared before required parameter $distributorId is implicitly treated as a required parameter in APPPATH\Models\InventoryModel.php on line 147.
 1 SYSTEMPATH\Autoloader\Autoloader.php(315): include_once('C:\\Users\\Richard Miculob\\Documents\\ReliefTrack\\system\\Debug\\Exceptions.php')
 2 SYSTEMPATH\Autoloader\Autoloader.php(295): CodeIgniter\Autoloader\Autoloader->includeFile('C:\\Users\\Richard Miculob\\Documents\\ReliefTrack\\app\\Models\\InventoryModel.php')
 3 SYSTEMPATH\Autoloader\Autoloader.php(271): CodeIgniter\Autoloader\Autoloader->loadInNamespace('App\\Models\\InventoryModel')
 4 APPPATH\Controllers\Distribution.php(30): CodeIgniter\Autoloader\Autoloader->loadClass('App\\Models\\InventoryModel')
 5 SYSTEMPATH\CodeIgniter.php(933): App\Controllers\Distribution->processScanView()
 6 SYSTEMPATH\CodeIgniter.php(507): CodeIgniter\CodeIgniter->runController(Object(App\Controllers\Distribution))
 7 SYSTEMPATH\CodeIgniter.php(354): CodeIgniter\CodeIgniter->handleRequest(null, Object(Config\Cache), false)
 8 SYSTEMPATH\Boot.php(363): CodeIgniter\CodeIgniter->run()
 9 SYSTEMPATH\Boot.php(68): CodeIgniter\Boot::runCodeIgniter(Object(CodeIgniter\CodeIgniter))
10 FCPATH\index.php(59): CodeIgniter\Boot::bootWeb(Object(Config\Paths))
11 SYSTEMPATH\rewrite.php(44): require_once('C:\\Users\\Richard Miculob\\Documents\\ReliefTrack\\public\\index.php')
DEBUG - 2026-03-01 17:50:34 --> Session: Class initialized using 'CodeIgniter\Session\Handlers\FileHandler' driver.
DEBUG - 2026-03-01 17:50:35 --> Session: Class initialized using 'CodeIgniter\Session\Handlers\FileHandler' driver.
WARNING - 2026-03-01 17:50:35 --> [DEPRECATED] Optional parameter $familyMemberId declared before required parameter $distributorId is implicitly treated as a required parameter in APPPATH\Models\InventoryModel.php on line 147.
 1 SYSTEMPATH\Autoloader\Autoloader.php(315): include_once('C:\\Users\\Richard Miculob\\Documents\\ReliefTrack\\system\\Debug\\Exceptions.php')
 2 SYSTEMPATH\Autoloader\Autoloader.php(295): CodeIgniter\Autoloader\Autoloader->includeFile('C:\\Users\\Richard Miculob\\Documents\\ReliefTrack\\app\\Models\\InventoryModel.php')
 3 SYSTEMPATH\Autoloader\Autoloader.php(271): CodeIgniter\Autoloader\Autoloader->loadInNamespace('App\\Models\\InventoryModel')
 4 APPPATH\Controllers\Inventory.php(13): CodeIgniter\Autoloader\Autoloader->loadClass('App\\Models\\InventoryModel')
 5 SYSTEMPATH\CodeIgniter.php(933): App\Controllers\Inventory->index()
 6 SYSTEMPATH\CodeIgniter.php(507): CodeIgniter\CodeIgniter->runController(Object(App\Controllers\Inventory))
 7 SYSTEMPATH\CodeIgniter.php(354): CodeIgniter\CodeIgniter->handleRequest(null, Object(Config\Cache), false)
 8 SYSTEMPATH\Boot.php(363): CodeIgniter\CodeIgniter->run()
 9 SYSTEMPATH\Boot.php(68): CodeIgniter\Boot::runCodeIgniter(Object(CodeIgniter\CodeIgniter))
10 FCPATH\index.php(59): CodeIgniter\Boot::bootWeb(Object(Config\Paths))
11 SYSTEMPATH\rewrite.php(44): require_once('C:\\Users\\Richard Miculob\\Documents\\ReliefTrack\\public\\index.php')
DEBUG - 2026-03-01 17:50:39 --> Session: Class initialized using 'CodeIgniter\Session\Handlers\FileHandler' driver.
WARNING - 2026-03-01 17:50:39 --> [DEPRECATED] Optional parameter $familyMemberId declared before required parameter $distributorId is implicitly treated as a required parameter in APPPATH\Models\InventoryModel.php on line 147.
 1 SYSTEMPATH\Autoloader\Autoloader.php(315): include_once('C:\\Users\\Richard Miculob\\Documents\\ReliefTrack\\system\\Debug\\Exceptions.php')
 2 SYSTEMPATH\Autoloader\Autoloader.php(295): CodeIgniter\Autoloader\Autoloader->includeFile('C:\\Users\\Richard Miculob\\Documents\\ReliefTrack\\app\\Models\\InventoryModel.php')
 3 SYSTEMPATH\Autoloader\Autoloader.php(271): CodeIgniter\Autoloader\Autoloader->loadInNamespace('App\\Models\\InventoryModel')
 4 APPPATH\Controllers\Inventory.php(354): CodeIgniter\Autoloader\Autoloader->loadClass('App\\Models\\InventoryModel')
 5 SYSTEMPATH\CodeIgniter.php(933): App\Controllers\Inventory->batches('29')
 6 SYSTEMPATH\CodeIgniter.php(507): CodeIgniter\CodeIgniter->runController(Object(App\Controllers\Inventory))
 7 SYSTEMPATH\CodeIgniter.php(354): CodeIgniter\CodeIgniter->handleRequest(null, Object(Config\Cache), false)
 8 SYSTEMPATH\Boot.php(363): CodeIgniter\CodeIgniter->run()
 9 SYSTEMPATH\Boot.php(68): CodeIgniter\Boot::runCodeIgniter(Object(CodeIgniter\CodeIgniter))
10 FCPATH\index.php(59): CodeIgniter\Boot::bootWeb(Object(Config\Paths))
11 SYSTEMPATH\rewrite.php(44): require_once('C:\\Users\\Richard Miculob\\Documents\\ReliefTrack\\public\\index.php')
DEBUG - 2026-03-01 17:50:41 --> Session: Class initialized using 'CodeIgniter\Session\Handlers\FileHandler' driver.
WARNING - 2026-03-01 17:50:41 --> [DEPRECATED] Optional parameter $familyMemberId declared before required parameter $distributorId is implicitly treated as a required parameter in APPPATH\Models\InventoryModel.php on line 147.
 1 SYSTEMPATH\Autoloader\Autoloader.php(315): include_once('C:\\Users\\Richard Miculob\\Documents\\ReliefTrack\\system\\Debug\\Exceptions.php')
 2 SYSTEMPATH\Autoloader\Autoloader.php(295): CodeIgniter\Autoloader\Autoloader->includeFile('C:\\Users\\Richard Miculob\\Documents\\ReliefTrack\\app\\Models\\InventoryModel.php')
 3 SYSTEMPATH\Autoloader\Autoloader.php(271): CodeIgniter\Autoloader\Autoloader->loadInNamespace('App\\Models\\InventoryModel')
 4 APPPATH\Controllers\Inventory.php(305): CodeIgniter\Autoloader\Autoloader->loadClass('App\\Models\\InventoryModel')
 5 SYSTEMPATH\CodeIgniter.php(933): App\Controllers\Inventory->viewBatch('29')
 6 SYSTEMPATH\CodeIgniter.php(507): CodeIgniter\CodeIgniter->runController(Object(App\Controllers\Inventory))
 7 SYSTEMPATH\CodeIgniter.php(354): CodeIgniter\CodeIgniter->handleRequest(null, Object(Config\Cache), false)
 8 SYSTEMPATH\Boot.php(363): CodeIgniter\CodeIgniter->run()
 9 SYSTEMPATH\Boot.php(68): CodeIgniter\Boot::runCodeIgniter(Object(CodeIgniter\CodeIgniter))
10 FCPATH\index.php(59): CodeIgniter\Boot::bootWeb(Object(Config\Paths))
11 SYSTEMPATH\rewrite.php(44): require_once('C:\\Users\\Richard Miculob\\Documents\\ReliefTrack\\public\\index.php')
DEBUG - 2026-03-01 17:50:46 --> Session: Class initialized using 'CodeIgniter\Session\Handlers\FileHandler' driver.
WARNING - 2026-03-01 17:50:46 --> [DEPRECATED] Optional parameter $familyMemberId declared before required parameter $distributorId is implicitly treated as a required parameter in APPPATH\Models\InventoryModel.php on line 147.
 1 SYSTEMPATH\Autoloader\Autoloader.php(315): include_once('C:\\Users\\Richard Miculob\\Documents\\ReliefTrack\\system\\Debug\\Exceptions.php')
 2 SYSTEMPATH\Autoloader\Autoloader.php(295): CodeIgniter\Autoloader\Autoloader->includeFile('C:\\Users\\Richard Miculob\\Documents\\ReliefTrack\\app\\Models\\InventoryModel.php')
 3 SYSTEMPATH\Autoloader\Autoloader.php(271): CodeIgniter\Autoloader\Autoloader->loadInNamespace('App\\Models\\InventoryModel')
 4 APPPATH\Controllers\Inventory.php(13): CodeIgniter\Autoloader\Autoloader->loadClass('App\\Models\\InventoryModel')
 5 SYSTEMPATH\CodeIgniter.php(933): App\Controllers\Inventory->index()
 6 SYSTEMPATH\CodeIgniter.php(507): CodeIgniter\CodeIgniter->runController(Object(App\Controllers\Inventory))
 7 SYSTEMPATH\CodeIgniter.php(354): CodeIgniter\CodeIgniter->handleRequest(null, Object(Config\Cache), false)
 8 SYSTEMPATH\Boot.php(363): CodeIgniter\CodeIgniter->run()
 9 SYSTEMPATH\Boot.php(68): CodeIgniter\Boot::runCodeIgniter(Object(CodeIgniter\CodeIgniter))
10 FCPATH\index.php(59): CodeIgniter\Boot::bootWeb(Object(Config\Paths))
11 SYSTEMPATH\rewrite.php(44): require_once('C:\\Users\\Richard Miculob\\Documents\\ReliefTrack\\public\\index.php')
DEBUG - 2026-03-01 17:50:55 --> Session: Class initialized using 'CodeIgniter\Session\Handlers\FileHandler' driver.
DEBUG - 2026-03-01 17:50:58 --> Session: Class initialized using 'CodeIgniter\Session\Handlers\FileHandler' driver.
WARNING - 2026-03-01 17:50:58 --> [DEPRECATED] Optional parameter $familyMemberId declared before required parameter $distributorId is implicitly treated as a required parameter in APPPATH\Models\InventoryModel.php on line 147.
 1 SYSTEMPATH\Autoloader\Autoloader.php(315): include_once('C:\\Users\\Richard Miculob\\Documents\\ReliefTrack\\system\\Debug\\Exceptions.php')
 2 SYSTEMPATH\Autoloader\Autoloader.php(295): CodeIgniter\Autoloader\Autoloader->includeFile('C:\\Users\\Richard Miculob\\Documents\\ReliefTrack\\app\\Models\\InventoryModel.php')
 3 SYSTEMPATH\Autoloader\Autoloader.php(271): CodeIgniter\Autoloader\Autoloader->loadInNamespace('App\\Models\\InventoryModel')
 4 APPPATH\Controllers\Inventory.php(13): CodeIgniter\Autoloader\Autoloader->loadClass('App\\Models\\InventoryModel')
 5 SYSTEMPATH\CodeIgniter.php(933): App\Controllers\Inventory->index()
 6 SYSTEMPATH\CodeIgniter.php(507): CodeIgniter\CodeIgniter->runController(Object(App\Controllers\Inventory))
 7 SYSTEMPATH\CodeIgniter.php(354): CodeIgniter\CodeIgniter->handleRequest(null, Object(Config\Cache), false)
 8 SYSTEMPATH\Boot.php(363): CodeIgniter\CodeIgniter->run()
 9 SYSTEMPATH\Boot.php(68): CodeIgniter\Boot::runCodeIgniter(Object(CodeIgniter\CodeIgniter))
10 FCPATH\index.php(59): CodeIgniter\Boot::bootWeb(Object(Config\Paths))
11 SYSTEMPATH\rewrite.php(44): require_once('C:\\Users\\Richard Miculob\\Documents\\ReliefTrack\\public\\index.php')
DEBUG - 2026-03-01 17:51:02 --> Session: Class initialized using 'CodeIgniter\Session\Handlers\FileHandler' driver.
WARNING - 2026-03-01 17:51:02 --> [DEPRECATED] Optional parameter $familyMemberId declared before required parameter $distributorId is implicitly treated as a required parameter in APPPATH\Models\InventoryModel.php on line 147.
 1 SYSTEMPATH\Autoloader\Autoloader.php(315): include_once('C:\\Users\\Richard Miculob\\Documents\\ReliefTrack\\system\\Debug\\Exceptions.php')
 2 SYSTEMPATH\Autoloader\Autoloader.php(295): CodeIgniter\Autoloader\Autoloader->includeFile('C:\\Users\\Richard Miculob\\Documents\\ReliefTrack\\app\\Models\\InventoryModel.php')
 3 SYSTEMPATH\Autoloader\Autoloader.php(271): CodeIgniter\Autoloader\Autoloader->loadInNamespace('App\\Models\\InventoryModel')
 4 APPPATH\Controllers\Inventory.php(305): CodeIgniter\Autoloader\Autoloader->loadClass('App\\Models\\InventoryModel')
 5 SYSTEMPATH\CodeIgniter.php(933): App\Controllers\Inventory->viewBatch('29')
 6 SYSTEMPATH\CodeIgniter.php(507): CodeIgniter\CodeIgniter->runController(Object(App\Controllers\Inventory))
 7 SYSTEMPATH\CodeIgniter.php(354): CodeIgniter\CodeIgniter->handleRequest(null, Object(Config\Cache), false)
 8 SYSTEMPATH\Boot.php(363): CodeIgniter\CodeIgniter->run()
 9 SYSTEMPATH\Boot.php(68): CodeIgniter\Boot::runCodeIgniter(Object(CodeIgniter\CodeIgniter))
10 FCPATH\index.php(59): CodeIgniter\Boot::bootWeb(Object(Config\Paths))
11 SYSTEMPATH\rewrite.php(44): require_once('C:\\Users\\Richard Miculob\\Documents\\ReliefTrack\\public\\index.php')
DEBUG - 2026-03-01 17:51:08 --> Session: Class initialized using 'CodeIgniter\Session\Handlers\FileHandler' driver.
DEBUG - 2026-03-01 17:51:10 --> Session: Class initialized using 'CodeIgniter\Session\Handlers\FileHandler' driver.
WARNING - 2026-03-01 17:51:10 --> [DEPRECATED] Optional parameter $familyMemberId declared before required parameter $distributorId is implicitly treated as a required parameter in APPPATH\Models\InventoryModel.php on line 147.
 1 SYSTEMPATH\Autoloader\Autoloader.php(315): include_once('C:\\Users\\Richard Miculob\\Documents\\ReliefTrack\\system\\Debug\\Exceptions.php')
 2 SYSTEMPATH\Autoloader\Autoloader.php(295): CodeIgniter\Autoloader\Autoloader->includeFile('C:\\Users\\Richard Miculob\\Documents\\ReliefTrack\\app\\Models\\InventoryModel.php')
 3 SYSTEMPATH\Autoloader\Autoloader.php(271): CodeIgniter\Autoloader\Autoloader->loadInNamespace('App\\Models\\InventoryModel')
 4 APPPATH\Controllers\Inventory.php(13): CodeIgniter\Autoloader\Autoloader->loadClass('App\\Models\\InventoryModel')
 5 SYSTEMPATH\CodeIgniter.php(933): App\Controllers\Inventory->index()
 6 SYSTEMPATH\CodeIgniter.php(507): CodeIgniter\CodeIgniter->runController(Object(App\Controllers\Inventory))
 7 SYSTEMPATH\CodeIgniter.php(354): CodeIgniter\CodeIgniter->handleRequest(null, Object(Config\Cache), false)
 8 SYSTEMPATH\Boot.php(363): CodeIgniter\CodeIgniter->run()
 9 SYSTEMPATH\Boot.php(68): CodeIgniter\Boot::runCodeIgniter(Object(CodeIgniter\CodeIgniter))
10 FCPATH\index.php(59): CodeIgniter\Boot::bootWeb(Object(Config\Paths))
11 SYSTEMPATH\rewrite.php(44): require_once('C:\\Users\\Richard Miculob\\Documents\\ReliefTrack\\public\\index.php')
DEBUG - 2026-03-01 17:51:10 --> Session: Class initialized using 'CodeIgniter\Session\Handlers\FileHandler' driver.
WARNING - 2026-03-01 17:51:10 --> [DEPRECATED] Optional parameter $familyMemberId declared before required parameter $distributorId is implicitly treated as a required parameter in APPPATH\Models\InventoryModel.php on line 147.
 1 SYSTEMPATH\Autoloader\Autoloader.php(315): include_once('C:\\Users\\Richard Miculob\\Documents\\ReliefTrack\\system\\Debug\\Exceptions.php')
 2 SYSTEMPATH\Autoloader\Autoloader.php(295): CodeIgniter\Autoloader\Autoloader->includeFile('C:\\Users\\Richard Miculob\\Documents\\ReliefTrack\\app\\Models\\InventoryModel.php')
 3 SYSTEMPATH\Autoloader\Autoloader.php(271): CodeIgniter\Autoloader\Autoloader->loadInNamespace('App\\Models\\InventoryModel')
 4 APPPATH\Controllers\Inventory.php(305): CodeIgniter\Autoloader\Autoloader->loadClass('App\\Models\\InventoryModel')
 5 SYSTEMPATH\CodeIgniter.php(933): App\Controllers\Inventory->viewBatch('29')
 6 SYSTEMPATH\CodeIgniter.php(507): CodeIgniter\CodeIgniter->runController(Object(App\Controllers\Inventory))
 7 SYSTEMPATH\CodeIgniter.php(354): CodeIgniter\CodeIgniter->handleRequest(null, Object(Config\Cache), false)
 8 SYSTEMPATH\Boot.php(363): CodeIgniter\CodeIgniter->run()
 9 SYSTEMPATH\Boot.php(68): CodeIgniter\Boot::runCodeIgniter(Object(CodeIgniter\CodeIgniter))
10 FCPATH\index.php(59): CodeIgniter\Boot::bootWeb(Object(Config\Paths))
11 SYSTEMPATH\rewrite.php(44): require_once('C:\\Users\\Richard Miculob\\Documents\\ReliefTrack\\public\\index.php')
DEBUG - 2026-03-01 17:54:16 --> Session: Class initialized using 'CodeIgniter\Session\Handlers\FileHandler' driver.
WARNING - 2026-03-01 17:54:16 --> [DEPRECATED] Optional parameter $familyMemberId declared before required parameter $distributorId is implicitly treated as a required parameter in APPPATH\Models\InventoryModel.php on line 147.
 1 SYSTEMPATH\Autoloader\Autoloader.php(315): include_once('C:\\Users\\Richard Miculob\\Documents\\ReliefTrack\\system\\Debug\\Exceptions.php')
 2 SYSTEMPATH\Autoloader\Autoloader.php(295): CodeIgniter\Autoloader\Autoloader->includeFile('C:\\Users\\Richard Miculob\\Documents\\ReliefTrack\\app\\Models\\InventoryModel.php')
 3 SYSTEMPATH\Autoloader\Autoloader.php(271): CodeIgniter\Autoloader\Autoloader->loadInNamespace('App\\Models\\InventoryModel')
 4 APPPATH\Controllers\Inventory.php(13): CodeIgniter\Autoloader\Autoloader->loadClass('App\\Models\\InventoryModel')
 5 SYSTEMPATH\CodeIgniter.php(933): App\Controllers\Inventory->index()
 6 SYSTEMPATH\CodeIgniter.php(507): CodeIgniter\CodeIgniter->runController(Object(App\Controllers\Inventory))
 7 SYSTEMPATH\CodeIgniter.php(354): CodeIgniter\CodeIgniter->handleRequest(null, Object(Config\Cache), false)
 8 SYSTEMPATH\Boot.php(363): CodeIgniter\CodeIgniter->run()
 9 SYSTEMPATH\Boot.php(68): CodeIgniter\Boot::runCodeIgniter(Object(CodeIgniter\CodeIgniter))
10 FCPATH\index.php(59): CodeIgniter\Boot::bootWeb(Object(Config\Paths))
11 SYSTEMPATH\rewrite.php(44): require_once('C:\\Users\\Richard Miculob\\Documents\\ReliefTrack\\public\\index.php')
DEBUG - 2026-03-01 17:54:18 --> Session: Class initialized using 'CodeIgniter\Session\Handlers\FileHandler' driver.
WARNING - 2026-03-01 17:54:18 --> [DEPRECATED] Optional parameter $familyMemberId declared before required parameter $distributorId is implicitly treated as a required parameter in APPPATH\Models\InventoryModel.php on line 147.
 1 SYSTEMPATH\Autoloader\Autoloader.php(315): include_once('C:\\Users\\Richard Miculob\\Documents\\ReliefTrack\\system\\Debug\\Exceptions.php')
 2 SYSTEMPATH\Autoloader\Autoloader.php(295): CodeIgniter\Autoloader\Autoloader->includeFile('C:\\Users\\Richard Miculob\\Documents\\ReliefTrack\\app\\Models\\InventoryModel.php')
 3 SYSTEMPATH\Autoloader\Autoloader.php(271): CodeIgniter\Autoloader\Autoloader->loadInNamespace('App\\Models\\InventoryModel')
 4 APPPATH\Controllers\Inventory.php(411): CodeIgniter\Autoloader\Autoloader->loadClass('App\\Models\\InventoryModel')
 5 SYSTEMPATH\CodeIgniter.php(933): App\Controllers\Inventory->delete('29')
 6 SYSTEMPATH\CodeIgniter.php(507): CodeIgniter\CodeIgniter->runController(Object(App\Controllers\Inventory))
 7 SYSTEMPATH\CodeIgniter.php(354): CodeIgniter\CodeIgniter->handleRequest(null, Object(Config\Cache), false)
 8 SYSTEMPATH\Boot.php(363): CodeIgniter\CodeIgniter->run()
 9 SYSTEMPATH\Boot.php(68): CodeIgniter\Boot::runCodeIgniter(Object(CodeIgniter\CodeIgniter))
10 FCPATH\index.php(59): CodeIgniter\Boot::bootWeb(Object(Config\Paths))
11 SYSTEMPATH\rewrite.php(44): require_once('C:\\Users\\Richard Miculob\\Documents\\ReliefTrack\\public\\index.php')
DEBUG - 2026-03-01 17:54:19 --> Session: Class initialized using 'CodeIgniter\Session\Handlers\FileHandler' driver.
WARNING - 2026-03-01 17:54:19 --> [DEPRECATED] Optional parameter $familyMemberId declared before required parameter $distributorId is implicitly treated as a required parameter in APPPATH\Models\InventoryModel.php on line 147.
 1 SYSTEMPATH\Autoloader\Autoloader.php(315): include_once('C:\\Users\\Richard Miculob\\Documents\\ReliefTrack\\system\\Debug\\Exceptions.php')
 2 SYSTEMPATH\Autoloader\Autoloader.php(295): CodeIgniter\Autoloader\Autoloader->includeFile('C:\\Users\\Richard Miculob\\Documents\\ReliefTrack\\app\\Models\\InventoryModel.php')
 3 SYSTEMPATH\Autoloader\Autoloader.php(271): CodeIgniter\Autoloader\Autoloader->loadInNamespace('App\\Models\\InventoryModel')
 4 APPPATH\Controllers\Inventory.php(13): CodeIgniter\Autoloader\Autoloader->loadClass('App\\Models\\InventoryModel')
 5 SYSTEMPATH\CodeIgniter.php(933): App\Controllers\Inventory->index()
 6 SYSTEMPATH\CodeIgniter.php(507): CodeIgniter\CodeIgniter->runController(Object(App\Controllers\Inventory))
 7 SYSTEMPATH\CodeIgniter.php(354): CodeIgniter\CodeIgniter->handleRequest(null, Object(Config\Cache), false)
 8 SYSTEMPATH\Boot.php(363): CodeIgniter\CodeIgniter->run()
 9 SYSTEMPATH\Boot.php(68): CodeIgniter\Boot::runCodeIgniter(Object(CodeIgniter\CodeIgniter))
10 FCPATH\index.php(59): CodeIgniter\Boot::bootWeb(Object(Config\Paths))
11 SYSTEMPATH\rewrite.php(44): require_once('C:\\Users\\Richard Miculob\\Documents\\ReliefTrack\\public\\index.php')
DEBUG - 2026-03-01 17:54:20 --> Session: Class initialized using 'CodeIgniter\Session\Handlers\FileHandler' driver.
DEBUG - 2026-03-01 18:11:34 --> Session: Class initialized using 'CodeIgniter\Session\Handlers\FileHandler' driver.
WARNING - 2026-03-01 18:11:34 --> [DEPRECATED] Optional parameter $familyMemberId declared before required parameter $distributorId is implicitly treated as a required parameter in APPPATH\Models\InventoryModel.php on line 147.
 1 SYSTEMPATH\Autoloader\Autoloader.php(315): include_once('C:\\Users\\Richard Miculob\\Documents\\ReliefTrack\\system\\Debug\\Exceptions.php')
 2 SYSTEMPATH\Autoloader\Autoloader.php(295): CodeIgniter\Autoloader\Autoloader->includeFile('C:\\Users\\Richard Miculob\\Documents\\ReliefTrack\\app\\Models\\InventoryModel.php')
 3 SYSTEMPATH\Autoloader\Autoloader.php(271): CodeIgniter\Autoloader\Autoloader->loadInNamespace('App\\Models\\InventoryModel')
 4 APPPATH\Controllers\Inventory.php(13): CodeIgniter\Autoloader\Autoloader->loadClass('App\\Models\\InventoryModel')
 5 SYSTEMPATH\CodeIgniter.php(933): App\Controllers\Inventory->index()
 6 SYSTEMPATH\CodeIgniter.php(507): CodeIgniter\CodeIgniter->runController(Object(App\Controllers\Inventory))
 7 SYSTEMPATH\CodeIgniter.php(354): CodeIgniter\CodeIgniter->handleRequest(null, Object(Config\Cache), false)
 8 SYSTEMPATH\Boot.php(363): CodeIgniter\CodeIgniter->run()
 9 SYSTEMPATH\Boot.php(68): CodeIgniter\Boot::runCodeIgniter(Object(CodeIgniter\CodeIgniter))
10 FCPATH\index.php(59): CodeIgniter\Boot::bootWeb(Object(Config\Paths))
11 SYSTEMPATH\rewrite.php(44): require_once('C:\\Users\\Richard Miculob\\Documents\\ReliefTrack\\public\\index.php')
DEBUG - 2026-03-01 18:11:39 --> Session: Class initialized using 'CodeIgniter\Session\Handlers\FileHandler' driver.
DEBUG - 2026-03-01 18:12:12 --> Session: Class initialized using 'CodeIgniter\Session\Handlers\FileHandler' driver.
WARNING - 2026-03-01 18:12:12 --> [DEPRECATED] Optional parameter $familyMemberId declared before required parameter $distributorId is implicitly treated as a required parameter in APPPATH\Models\InventoryModel.php on line 147.
 1 SYSTEMPATH\Autoloader\Autoloader.php(315): include_once('C:\\Users\\Richard Miculob\\Documents\\ReliefTrack\\system\\Debug\\Exceptions.php')
 2 SYSTEMPATH\Autoloader\Autoloader.php(295): CodeIgniter\Autoloader\Autoloader->includeFile('C:\\Users\\Richard Miculob\\Documents\\ReliefTrack\\app\\Models\\InventoryModel.php')
 3 SYSTEMPATH\Autoloader\Autoloader.php(271): CodeIgniter\Autoloader\Autoloader->loadInNamespace('App\\Models\\InventoryModel')
 4 APPPATH\Controllers\Inventory.php(247): CodeIgniter\Autoloader\Autoloader->loadClass('App\\Models\\InventoryModel')
 5 SYSTEMPATH\CodeIgniter.php(933): App\Controllers\Inventory->saveItemWithBatch()
 6 SYSTEMPATH\CodeIgniter.php(507): CodeIgniter\CodeIgniter->runController(Object(App\Controllers\Inventory))
 7 SYSTEMPATH\CodeIgniter.php(354): CodeIgniter\CodeIgniter->handleRequest(null, Object(Config\Cache), false)
 8 SYSTEMPATH\Boot.php(363): CodeIgniter\CodeIgniter->run()
 9 SYSTEMPATH\Boot.php(68): CodeIgniter\Boot::runCodeIgniter(Object(CodeIgniter\CodeIgniter))
10 FCPATH\index.php(59): CodeIgniter\Boot::bootWeb(Object(Config\Paths))
11 SYSTEMPATH\rewrite.php(44): require_once('C:\\Users\\Richard Miculob\\Documents\\ReliefTrack\\public\\index.php')
DEBUG - 2026-03-01 18:12:13 --> Session: Class initialized using 'CodeIgniter\Session\Handlers\FileHandler' driver.
WARNING - 2026-03-01 18:12:13 --> [DEPRECATED] Optional parameter $familyMemberId declared before required parameter $distributorId is implicitly treated as a required parameter in APPPATH\Models\InventoryModel.php on line 147.
 1 SYSTEMPATH\Autoloader\Autoloader.php(315): include_once('C:\\Users\\Richard Miculob\\Documents\\ReliefTrack\\system\\Debug\\Exceptions.php')
 2 SYSTEMPATH\Autoloader\Autoloader.php(295): CodeIgniter\Autoloader\Autoloader->includeFile('C:\\Users\\Richard Miculob\\Documents\\ReliefTrack\\app\\Models\\InventoryModel.php')
 3 SYSTEMPATH\Autoloader\Autoloader.php(271): CodeIgniter\Autoloader\Autoloader->loadInNamespace('App\\Models\\InventoryModel')
 4 APPPATH\Controllers\Inventory.php(361): CodeIgniter\Autoloader\Autoloader->loadClass('App\\Models\\InventoryModel')
 5 SYSTEMPATH\CodeIgniter.php(933): App\Controllers\Inventory->batches('30')
 6 SYSTEMPATH\CodeIgniter.php(507): CodeIgniter\CodeIgniter->runController(Object(App\Controllers\Inventory))
 7 SYSTEMPATH\CodeIgniter.php(354): CodeIgniter\CodeIgniter->handleRequest(null, Object(Config\Cache), false)
 8 SYSTEMPATH\Boot.php(363): CodeIgniter\CodeIgniter->run()
 9 SYSTEMPATH\Boot.php(68): CodeIgniter\Boot::runCodeIgniter(Object(CodeIgniter\CodeIgniter))
10 FCPATH\index.php(59): CodeIgniter\Boot::bootWeb(Object(Config\Paths))
11 SYSTEMPATH\rewrite.php(44): require_once('C:\\Users\\Richard Miculob\\Documents\\ReliefTrack\\public\\index.php')
DEBUG - 2026-03-01 18:12:18 --> Session: Class initialized using 'CodeIgniter\Session\Handlers\FileHandler' driver.
WARNING - 2026-03-01 18:12:18 --> [DEPRECATED] Optional parameter $familyMemberId declared before required parameter $distributorId is implicitly treated as a required parameter in APPPATH\Models\InventoryModel.php on line 147.
 1 SYSTEMPATH\Autoloader\Autoloader.php(315): include_once('C:\\Users\\Richard Miculob\\Documents\\ReliefTrack\\system\\Debug\\Exceptions.php')
 2 SYSTEMPATH\Autoloader\Autoloader.php(295): CodeIgniter\Autoloader\Autoloader->includeFile('C:\\Users\\Richard Miculob\\Documents\\ReliefTrack\\app\\Models\\InventoryModel.php')
 3 SYSTEMPATH\Autoloader\Autoloader.php(271): CodeIgniter\Autoloader\Autoloader->loadInNamespace('App\\Models\\InventoryModel')
 4 APPPATH\Controllers\Inventory.php(312): CodeIgniter\Autoloader\Autoloader->loadClass('App\\Models\\InventoryModel')
 5 SYSTEMPATH\CodeIgniter.php(933): App\Controllers\Inventory->viewBatch('30')
 6 SYSTEMPATH\CodeIgniter.php(507): CodeIgniter\CodeIgniter->runController(Object(App\Controllers\Inventory))
 7 SYSTEMPATH\CodeIgniter.php(354): CodeIgniter\CodeIgniter->handleRequest(null, Object(Config\Cache), false)
 8 SYSTEMPATH\Boot.php(363): CodeIgniter\CodeIgniter->run()
 9 SYSTEMPATH\Boot.php(68): CodeIgniter\Boot::runCodeIgniter(Object(CodeIgniter\CodeIgniter))
10 FCPATH\index.php(59): CodeIgniter\Boot::bootWeb(Object(Config\Paths))
11 SYSTEMPATH\rewrite.php(44): require_once('C:\\Users\\Richard Miculob\\Documents\\ReliefTrack\\public\\index.php')
DEBUG - 2026-03-01 18:12:27 --> Session: Class initialized using 'CodeIgniter\Session\Handlers\FileHandler' driver.
DEBUG - 2026-03-01 18:12:36 --> Session: Class initialized using 'CodeIgniter\Session\Handlers\FileHandler' driver.
WARNING - 2026-03-01 18:12:36 --> [DEPRECATED] Optional parameter $familyMemberId declared before required parameter $distributorId is implicitly treated as a required parameter in APPPATH\Models\InventoryModel.php on line 147.
 1 SYSTEMPATH\Autoloader\Autoloader.php(315): include_once('C:\\Users\\Richard Miculob\\Documents\\ReliefTrack\\system\\Debug\\Exceptions.php')
 2 SYSTEMPATH\Autoloader\Autoloader.php(295): CodeIgniter\Autoloader\Autoloader->includeFile('C:\\Users\\Richard Miculob\\Documents\\ReliefTrack\\app\\Models\\InventoryModel.php')
 3 SYSTEMPATH\Autoloader\Autoloader.php(271): CodeIgniter\Autoloader\Autoloader->loadInNamespace('App\\Models\\InventoryModel')
 4 APPPATH\Controllers\Inventory.php(13): CodeIgniter\Autoloader\Autoloader->loadClass('App\\Models\\InventoryModel')
 5 SYSTEMPATH\CodeIgniter.php(933): App\Controllers\Inventory->index()
 6 SYSTEMPATH\CodeIgniter.php(507): CodeIgniter\CodeIgniter->runController(Object(App\Controllers\Inventory))
 7 SYSTEMPATH\CodeIgniter.php(354): CodeIgniter\CodeIgniter->handleRequest(null, Object(Config\Cache), false)
 8 SYSTEMPATH\Boot.php(363): CodeIgniter\CodeIgniter->run()
 9 SYSTEMPATH\Boot.php(68): CodeIgniter\Boot::runCodeIgniter(Object(CodeIgniter\CodeIgniter))
10 FCPATH\index.php(59): CodeIgniter\Boot::bootWeb(Object(Config\Paths))
11 SYSTEMPATH\rewrite.php(44): require_once('C:\\Users\\Richard Miculob\\Documents\\ReliefTrack\\public\\index.php')
DEBUG - 2026-03-01 18:12:38 --> Session: Class initialized using 'CodeIgniter\Session\Handlers\FileHandler' driver.
DEBUG - 2026-03-01 18:12:40 --> Session: Class initialized using 'CodeIgniter\Session\Handlers\FileHandler' driver.
DEBUG - 2026-03-01 18:12:40 --> Session: Class initialized using 'CodeIgniter\Session\Handlers\FileHandler' driver.
DEBUG - 2026-03-01 18:12:42 --> Session: Class initialized using 'CodeIgniter\Session\Handlers\FileHandler' driver.
WARNING - 2026-03-01 18:12:42 --> [DEPRECATED] Optional parameter $familyMemberId declared before required parameter $distributorId is implicitly treated as a required parameter in APPPATH\Models\InventoryModel.php on line 147.
 1 SYSTEMPATH\Autoloader\Autoloader.php(315): include_once('C:\\Users\\Richard Miculob\\Documents\\ReliefTrack\\system\\Debug\\Exceptions.php')
 2 SYSTEMPATH\Autoloader\Autoloader.php(295): CodeIgniter\Autoloader\Autoloader->includeFile('C:\\Users\\Richard Miculob\\Documents\\ReliefTrack\\app\\Models\\InventoryModel.php')
 3 SYSTEMPATH\Autoloader\Autoloader.php(271): CodeIgniter\Autoloader\Autoloader->loadInNamespace('App\\Models\\InventoryModel')
 4 APPPATH\Controllers\Distribution.php(30): CodeIgniter\Autoloader\Autoloader->loadClass('App\\Models\\InventoryModel')
 5 SYSTEMPATH\CodeIgniter.php(933): App\Controllers\Distribution->processScanView()
 6 SYSTEMPATH\CodeIgniter.php(507): CodeIgniter\CodeIgniter->runController(Object(App\Controllers\Distribution))
 7 SYSTEMPATH\CodeIgniter.php(354): CodeIgniter\CodeIgniter->handleRequest(null, Object(Config\Cache), false)
 8 SYSTEMPATH\Boot.php(363): CodeIgniter\CodeIgniter->run()
 9 SYSTEMPATH\Boot.php(68): CodeIgniter\Boot::runCodeIgniter(Object(CodeIgniter\CodeIgniter))
10 FCPATH\index.php(59): CodeIgniter\Boot::bootWeb(Object(Config\Paths))
11 SYSTEMPATH\rewrite.php(44): require_once('C:\\Users\\Richard Miculob\\Documents\\ReliefTrack\\public\\index.php')
ERROR - 2026-03-01 18:12:42 --> mysqli_sql_exception: Unknown column 'family_member_id' in 'field list' in C:\Users\Richard Miculob\Documents\ReliefTrack\system\Database\MySQLi\Connection.php:327
Stack trace:
#0 C:\Users\Richard Miculob\Documents\ReliefTrack\system\Database\MySQLi\Connection.php(327): mysqli->query('INSERT INTO `di...', 0)
#1 C:\Users\Richard Miculob\Documents\ReliefTrack\system\Database\BaseConnection.php(729): CodeIgniter\Database\MySQLi\Connection->execute('INSERT INTO `di...')
#2 C:\Users\Richard Miculob\Documents\ReliefTrack\system\Database\BaseConnection.php(646): CodeIgniter\Database\BaseConnection->simpleQuery('INSERT INTO `di...')
#3 C:\Users\Richard Miculob\Documents\ReliefTrack\system\Database\BaseBuilder.php(2345): CodeIgniter\Database\BaseConnection->query('INSERT INTO `di...', Array, false)
#4 C:\Users\Richard Miculob\Documents\ReliefTrack\system\Model.php(394): CodeIgniter\Database\BaseBuilder->insert()
#5 C:\Users\Richard Miculob\Documents\ReliefTrack\system\BaseModel.php(838): CodeIgniter\Model->doInsert(Array)
#6 C:\Users\Richard Miculob\Documents\ReliefTrack\system\Model.php(797): CodeIgniter\BaseModel->insert(Array, false)
#7 C:\Users\Richard Miculob\Documents\ReliefTrack\system\BaseModel.php(751): CodeIgniter\Model->insert(Array, false)
#8 C:\Users\Richard Miculob\Documents\ReliefTrack\app\Controllers\Distribution.php(188): CodeIgniter\BaseModel->save(Array)
#9 C:\Users\Richard Miculob\Documents\ReliefTrack\system\CodeIgniter.php(933): App\Controllers\Distribution->processScanView()
#10 C:\Users\Richard Miculob\Documents\ReliefTrack\system\CodeIgniter.php(507): CodeIgniter\CodeIgniter->runController(Object(App\Controllers\Distribution))
#11 C:\Users\Richard Miculob\Documents\ReliefTrack\system\CodeIgniter.php(354): CodeIgniter\CodeIgniter->handleRequest(NULL, Object(Config\Cache), false)
#12 C:\Users\Richard Miculob\Documents\ReliefTrack\system\Boot.php(363): CodeIgniter\CodeIgniter->run()
#13 C:\Users\Richard Miculob\Documents\ReliefTrack\system\Boot.php(68): CodeIgniter\Boot::runCodeIgniter(Object(CodeIgniter\CodeIgniter))
#14 C:\Users\Richard Miculob\Documents\ReliefTrack\public\index.php(59): CodeIgniter\Boot::bootWeb(Object(Config\Paths))
#15 C:\Users\Richard Miculob\Documents\ReliefTrack\system\rewrite.php(44): require_once('C:\\Users\\Richar...')
#16 {main}
DEBUG - 2026-03-01 18:12:50 --> Session: Class initialized using 'CodeIgniter\Session\Handlers\FileHandler' driver.
DEBUG - 2026-03-01 18:12:54 --> Session: Class initialized using 'CodeIgniter\Session\Handlers\FileHandler' driver.
DEBUG - 2026-03-01 18:12:54 --> Session: Class initialized using 'CodeIgniter\Session\Handlers\FileHandler' driver.
DEBUG - 2026-03-01 18:12:56 --> Session: Class initialized using 'CodeIgniter\Session\Handlers\FileHandler' driver.
WARNING - 2026-03-01 18:12:56 --> [DEPRECATED] Optional parameter $familyMemberId declared before required parameter $distributorId is implicitly treated as a required parameter in APPPATH\Models\InventoryModel.php on line 147.
 1 SYSTEMPATH\Autoloader\Autoloader.php(315): include_once('C:\\Users\\Richard Miculob\\Documents\\ReliefTrack\\system\\Debug\\Exceptions.php')
 2 SYSTEMPATH\Autoloader\Autoloader.php(295): CodeIgniter\Autoloader\Autoloader->includeFile('C:\\Users\\Richard Miculob\\Documents\\ReliefTrack\\app\\Models\\InventoryModel.php')
 3 SYSTEMPATH\Autoloader\Autoloader.php(271): CodeIgniter\Autoloader\Autoloader->loadInNamespace('App\\Models\\InventoryModel')
 4 APPPATH\Controllers\Distribution.php(30): CodeIgniter\Autoloader\Autoloader->loadClass('App\\Models\\InventoryModel')
 5 SYSTEMPATH\CodeIgniter.php(933): App\Controllers\Distribution->processScanView()
 6 SYSTEMPATH\CodeIgniter.php(507): CodeIgniter\CodeIgniter->runController(Object(App\Controllers\Distribution))
 7 SYSTEMPATH\CodeIgniter.php(354): CodeIgniter\CodeIgniter->handleRequest(null, Object(Config\Cache), false)
 8 SYSTEMPATH\Boot.php(363): CodeIgniter\CodeIgniter->run()
 9 SYSTEMPATH\Boot.php(68): CodeIgniter\Boot::runCodeIgniter(Object(CodeIgniter\CodeIgniter))
10 FCPATH\index.php(59): CodeIgniter\Boot::bootWeb(Object(Config\Paths))
11 SYSTEMPATH\rewrite.php(44): require_once('C:\\Users\\Richard Miculob\\Documents\\ReliefTrack\\public\\index.php')
DEBUG - 2026-03-01 18:13:01 --> Session: Class initialized using 'CodeIgniter\Session\Handlers\FileHandler' driver.
DEBUG - 2026-03-01 18:13:02 --> Session: Class initialized using 'CodeIgniter\Session\Handlers\FileHandler' driver.
DEBUG - 2026-03-01 18:13:02 --> Session: Class initialized using 'CodeIgniter\Session\Handlers\FileHandler' driver.
DEBUG - 2026-03-01 18:13:06 --> Session: Class initialized using 'CodeIgniter\Session\Handlers\FileHandler' driver.
WARNING - 2026-03-01 18:13:06 --> [DEPRECATED] Optional parameter $familyMemberId declared before required parameter $distributorId is implicitly treated as a required parameter in APPPATH\Models\InventoryModel.php on line 147.
 1 SYSTEMPATH\Autoloader\Autoloader.php(315): include_once('C:\\Users\\Richard Miculob\\Documents\\ReliefTrack\\system\\Debug\\Exceptions.php')
 2 SYSTEMPATH\Autoloader\Autoloader.php(295): CodeIgniter\Autoloader\Autoloader->includeFile('C:\\Users\\Richard Miculob\\Documents\\ReliefTrack\\app\\Models\\InventoryModel.php')
 3 SYSTEMPATH\Autoloader\Autoloader.php(271): CodeIgniter\Autoloader\Autoloader->loadInNamespace('App\\Models\\InventoryModel')
 4 APPPATH\Controllers\Distribution.php(30): CodeIgniter\Autoloader\Autoloader->loadClass('App\\Models\\InventoryModel')
 5 SYSTEMPATH\CodeIgniter.php(933): App\Controllers\Distribution->processScanView()
 6 SYSTEMPATH\CodeIgniter.php(507): CodeIgniter\CodeIgniter->runController(Object(App\Controllers\Distribution))
 7 SYSTEMPATH\CodeIgniter.php(354): CodeIgniter\CodeIgniter->handleRequest(null, Object(Config\Cache), false)
 8 SYSTEMPATH\Boot.php(363): CodeIgniter\CodeIgniter->run()
 9 SYSTEMPATH\Boot.php(68): CodeIgniter\Boot::runCodeIgniter(Object(CodeIgniter\CodeIgniter))
10 FCPATH\index.php(59): CodeIgniter\Boot::bootWeb(Object(Config\Paths))
11 SYSTEMPATH\rewrite.php(44): require_once('C:\\Users\\Richard Miculob\\Documents\\ReliefTrack\\public\\index.php')
ERROR - 2026-03-01 18:13:06 --> mysqli_sql_exception: Unknown column 'family_member_id' in 'field list' in C:\Users\Richard Miculob\Documents\ReliefTrack\system\Database\MySQLi\Connection.php:327
Stack trace:
#0 C:\Users\Richard Miculob\Documents\ReliefTrack\system\Database\MySQLi\Connection.php(327): mysqli->query('INSERT INTO `di...', 0)
#1 C:\Users\Richard Miculob\Documents\ReliefTrack\system\Database\BaseConnection.php(729): CodeIgniter\Database\MySQLi\Connection->execute('INSERT INTO `di...')
#2 C:\Users\Richard Miculob\Documents\ReliefTrack\system\Database\BaseConnection.php(646): CodeIgniter\Database\BaseConnection->simpleQuery('INSERT INTO `di...')
#3 C:\Users\Richard Miculob\Documents\ReliefTrack\system\Database\BaseBuilder.php(2345): CodeIgniter\Database\BaseConnection->query('INSERT INTO `di...', Array, false)
#4 C:\Users\Richard Miculob\Documents\ReliefTrack\system\Model.php(394): CodeIgniter\Database\BaseBuilder->insert()
#5 C:\Users\Richard Miculob\Documents\ReliefTrack\system\BaseModel.php(838): CodeIgniter\Model->doInsert(Array)
#6 C:\Users\Richard Miculob\Documents\ReliefTrack\system\Model.php(797): CodeIgniter\BaseModel->insert(Array, false)
#7 C:\Users\Richard Miculob\Documents\ReliefTrack\system\BaseModel.php(751): CodeIgniter\Model->insert(Array, false)
#8 C:\Users\Richard Miculob\Documents\ReliefTrack\app\Controllers\Distribution.php(188): CodeIgniter\BaseModel->save(Array)
#9 C:\Users\Richard Miculob\Documents\ReliefTrack\system\CodeIgniter.php(933): App\Controllers\Distribution->processScanView()
#10 C:\Users\Richard Miculob\Documents\ReliefTrack\system\CodeIgniter.php(507): CodeIgniter\CodeIgniter->runController(Object(App\Controllers\Distribution))
#11 C:\Users\Richard Miculob\Documents\ReliefTrack\system\CodeIgniter.php(354): CodeIgniter\CodeIgniter->handleRequest(NULL, Object(Config\Cache), false)
#12 C:\Users\Richard Miculob\Documents\ReliefTrack\system\Boot.php(363): CodeIgniter\CodeIgniter->run()
#13 C:\Users\Richard Miculob\Documents\ReliefTrack\system\Boot.php(68): CodeIgniter\Boot::runCodeIgniter(Object(CodeIgniter\CodeIgniter))
#14 C:\Users\Richard Miculob\Documents\ReliefTrack\public\index.php(59): CodeIgniter\Boot::bootWeb(Object(Config\Paths))
#15 C:\Users\Richard Miculob\Documents\ReliefTrack\system\rewrite.php(44): require_once('C:\\Users\\Richar...')
#16 {main}
DEBUG - 2026-03-01 18:15:10 --> Session: Class initialized using 'CodeIgniter\Session\Handlers\FileHandler' driver.
DEBUG - 2026-03-01 18:15:11 --> Session: Class initialized using 'CodeIgniter\Session\Handlers\FileHandler' driver.
DEBUG - 2026-03-01 18:15:11 --> Session: Class initialized using 'CodeIgniter\Session\Handlers\FileHandler' driver.
DEBUG - 2026-03-01 18:15:16 --> Session: Class initialized using 'CodeIgniter\Session\Handlers\FileHandler' driver.
WARNING - 2026-03-01 18:15:16 --> [DEPRECATED] Optional parameter $familyMemberId declared before required parameter $distributorId is implicitly treated as a required parameter in APPPATH\Models\InventoryModel.php on line 147.
 1 SYSTEMPATH\Autoloader\Autoloader.php(315): include_once('C:\\Users\\Richard Miculob\\Documents\\ReliefTrack\\system\\Debug\\Exceptions.php')
 2 SYSTEMPATH\Autoloader\Autoloader.php(295): CodeIgniter\Autoloader\Autoloader->includeFile('C:\\Users\\Richard Miculob\\Documents\\ReliefTrack\\app\\Models\\InventoryModel.php')
 3 SYSTEMPATH\Autoloader\Autoloader.php(271): CodeIgniter\Autoloader\Autoloader->loadInNamespace('App\\Models\\InventoryModel')
 4 APPPATH\Controllers\Distribution.php(30): CodeIgniter\Autoloader\Autoloader->loadClass('App\\Models\\InventoryModel')
 5 SYSTEMPATH\CodeIgniter.php(933): App\Controllers\Distribution->processScanView()
 6 SYSTEMPATH\CodeIgniter.php(507): CodeIgniter\CodeIgniter->runController(Object(App\Controllers\Distribution))
 7 SYSTEMPATH\CodeIgniter.php(354): CodeIgniter\CodeIgniter->handleRequest(null, Object(Config\Cache), false)
 8 SYSTEMPATH\Boot.php(363): CodeIgniter\CodeIgniter->run()
 9 SYSTEMPATH\Boot.php(68): CodeIgniter\Boot::runCodeIgniter(Object(CodeIgniter\CodeIgniter))
10 FCPATH\index.php(59): CodeIgniter\Boot::bootWeb(Object(Config\Paths))
11 SYSTEMPATH\rewrite.php(44): require_once('C:\\Users\\Richard Miculob\\Documents\\ReliefTrack\\public\\index.php')
ERROR - 2026-03-01 18:15:16 --> mysqli_sql_exception: Unknown column 'family_member_id' in 'field list' in C:\Users\Richard Miculob\Documents\ReliefTrack\system\Database\MySQLi\Connection.php:327
Stack trace:
#0 C:\Users\Richard Miculob\Documents\ReliefTrack\system\Database\MySQLi\Connection.php(327): mysqli->query('INSERT INTO `di...', 0)
#1 C:\Users\Richard Miculob\Documents\ReliefTrack\system\Database\BaseConnection.php(729): CodeIgniter\Database\MySQLi\Connection->execute('INSERT INTO `di...')
#2 C:\Users\Richard Miculob\Documents\ReliefTrack\system\Database\BaseConnection.php(646): CodeIgniter\Database\BaseConnection->simpleQuery('INSERT INTO `di...')
#3 C:\Users\Richard Miculob\Documents\ReliefTrack\system\Database\BaseBuilder.php(2345): CodeIgniter\Database\BaseConnection->query('INSERT INTO `di...', Array, false)
#4 C:\Users\Richard Miculob\Documents\ReliefTrack\system\Model.php(394): CodeIgniter\Database\BaseBuilder->insert()
#5 C:\Users\Richard Miculob\Documents\ReliefTrack\system\BaseModel.php(838): CodeIgniter\Model->doInsert(Array)
#6 C:\Users\Richard Miculob\Documents\ReliefTrack\system\Model.php(797): CodeIgniter\BaseModel->insert(Array, false)
#7 C:\Users\Richard Miculob\Documents\ReliefTrack\system\BaseModel.php(751): CodeIgniter\Model->insert(Array, false)
#8 C:\Users\Richard Miculob\Documents\ReliefTrack\app\Controllers\Distribution.php(188): CodeIgniter\BaseModel->save(Array)
#9 C:\Users\Richard Miculob\Documents\ReliefTrack\system\CodeIgniter.php(933): App\Controllers\Distribution->processScanView()
#10 C:\Users\Richard Miculob\Documents\ReliefTrack\system\CodeIgniter.php(507): CodeIgniter\CodeIgniter->runController(Object(App\Controllers\Distribution))
#11 C:\Users\Richard Miculob\Documents\ReliefTrack\system\CodeIgniter.php(354): CodeIgniter\CodeIgniter->handleRequest(NULL, Object(Config\Cache), false)
#12 C:\Users\Richard Miculob\Documents\ReliefTrack\system\Boot.php(363): CodeIgniter\CodeIgniter->run()
#13 C:\Users\Richard Miculob\Documents\ReliefTrack\system\Boot.php(68): CodeIgniter\Boot::runCodeIgniter(Object(CodeIgniter\CodeIgniter))
#14 C:\Users\Richard Miculob\Documents\ReliefTrack\public\index.php(59): CodeIgniter\Boot::bootWeb(Object(Config\Paths))
#15 C:\Users\Richard Miculob\Documents\ReliefTrack\system\rewrite.php(44): require_once('C:\\Users\\Richar...')
#16 {main}
DEBUG - 2026-03-01 18:16:56 --> Session: Class initialized using 'CodeIgniter\Session\Handlers\FileHandler' driver.
WARNING - 2026-03-01 18:16:56 --> [DEPRECATED] Optional parameter $familyMemberId declared before required parameter $distributorId is implicitly treated as a required parameter in APPPATH\Models\InventoryModel.php on line 147.
 1 SYSTEMPATH\Autoloader\Autoloader.php(315): include_once('C:\\Users\\Richard Miculob\\Documents\\ReliefTrack\\system\\Debug\\Exceptions.php')
 2 SYSTEMPATH\Autoloader\Autoloader.php(295): CodeIgniter\Autoloader\Autoloader->includeFile('C:\\Users\\Richard Miculob\\Documents\\ReliefTrack\\app\\Models\\InventoryModel.php')
 3 SYSTEMPATH\Autoloader\Autoloader.php(271): CodeIgniter\Autoloader\Autoloader->loadInNamespace('App\\Models\\InventoryModel')
 4 APPPATH\Controllers\Distribution.php(30): CodeIgniter\Autoloader\Autoloader->loadClass('App\\Models\\InventoryModel')
 5 SYSTEMPATH\CodeIgniter.php(933): App\Controllers\Distribution->processScanView()
 6 SYSTEMPATH\CodeIgniter.php(507): CodeIgniter\CodeIgniter->runController(Object(App\Controllers\Distribution))
 7 SYSTEMPATH\CodeIgniter.php(354): CodeIgniter\CodeIgniter->handleRequest(null, Object(Config\Cache), false)
 8 SYSTEMPATH\Boot.php(363): CodeIgniter\CodeIgniter->run()
 9 SYSTEMPATH\Boot.php(68): CodeIgniter\Boot::runCodeIgniter(Object(CodeIgniter\CodeIgniter))
10 FCPATH\index.php(59): CodeIgniter\Boot::bootWeb(Object(Config\Paths))
11 SYSTEMPATH\rewrite.php(44): require_once('C:\\Users\\Richard Miculob\\Documents\\ReliefTrack\\public\\index.php')
DEBUG - 2026-03-01 18:16:57 --> Session: Class initialized using 'CodeIgniter\Session\Handlers\FileHandler' driver.
DEBUG - 2026-03-01 18:16:57 --> Session: Class initialized using 'CodeIgniter\Session\Handlers\FileHandler' driver.
DEBUG - 2026-03-01 18:16:58 --> Session: Class initialized using 'CodeIgniter\Session\Handlers\FileHandler' driver.
DEBUG - 2026-03-01 18:16:58 --> Session: Class initialized using 'CodeIgniter\Session\Handlers\FileHandler' driver.
DEBUG - 2026-03-01 18:17:05 --> Session: Class initialized using 'CodeIgniter\Session\Handlers\FileHandler' driver.
WARNING - 2026-03-01 18:17:05 --> [DEPRECATED] Optional parameter $familyMemberId declared before required parameter $distributorId is implicitly treated as a required parameter in APPPATH\Models\InventoryModel.php on line 147.
 1 SYSTEMPATH\Autoloader\Autoloader.php(315): include_once('C:\\Users\\Richard Miculob\\Documents\\ReliefTrack\\system\\Debug\\Exceptions.php')
 2 SYSTEMPATH\Autoloader\Autoloader.php(295): CodeIgniter\Autoloader\Autoloader->includeFile('C:\\Users\\Richard Miculob\\Documents\\ReliefTrack\\app\\Models\\InventoryModel.php')
 3 SYSTEMPATH\Autoloader\Autoloader.php(271): CodeIgniter\Autoloader\Autoloader->loadInNamespace('App\\Models\\InventoryModel')
 4 APPPATH\Controllers\Inventory.php(13): CodeIgniter\Autoloader\Autoloader->loadClass('App\\Models\\InventoryModel')
 5 SYSTEMPATH\CodeIgniter.php(933): App\Controllers\Inventory->index()
 6 SYSTEMPATH\CodeIgniter.php(507): CodeIgniter\CodeIgniter->runController(Object(App\Controllers\Inventory))
 7 SYSTEMPATH\CodeIgniter.php(354): CodeIgniter\CodeIgniter->handleRequest(null, Object(Config\Cache), false)
 8 SYSTEMPATH\Boot.php(363): CodeIgniter\CodeIgniter->run()
 9 SYSTEMPATH\Boot.php(68): CodeIgniter\Boot::runCodeIgniter(Object(CodeIgniter\CodeIgniter))
10 FCPATH\index.php(59): CodeIgniter\Boot::bootWeb(Object(Config\Paths))
11 SYSTEMPATH\rewrite.php(44): require_once('C:\\Users\\Richard Miculob\\Documents\\ReliefTrack\\public\\index.php')
DEBUG - 2026-03-01 18:17:37 --> Session: Class initialized using 'CodeIgniter\Session\Handlers\FileHandler' driver.
DEBUG - 2026-03-01 18:17:39 --> Session: Class initialized using 'CodeIgniter\Session\Handlers\FileHandler' driver.
DEBUG - 2026-03-01 18:18:04 --> Session: Class initialized using 'CodeIgniter\Session\Handlers\FileHandler' driver.
DEBUG - 2026-03-01 18:18:05 --> Session: Class initialized using 'CodeIgniter\Session\Handlers\FileHandler' driver.
DEBUG - 2026-03-01 18:19:10 --> Session: Class initialized using 'CodeIgniter\Session\Handlers\FileHandler' driver.
DEBUG - 2026-03-01 18:19:11 --> Session: Class initialized using 'CodeIgniter\Session\Handlers\FileHandler' driver.
DEBUG - 2026-03-01 18:19:22 --> Session: Class initialized using 'CodeIgniter\Session\Handlers\FileHandler' driver.
WARNING - 2026-03-01 18:19:22 --> [DEPRECATED] Optional parameter $familyMemberId declared before required parameter $distributorId is implicitly treated as a required parameter in APPPATH\Models\InventoryModel.php on line 147.
 1 SYSTEMPATH\Autoloader\Autoloader.php(315): include_once('C:\\Users\\Richard Miculob\\Documents\\ReliefTrack\\system\\Debug\\Exceptions.php')
 2 SYSTEMPATH\Autoloader\Autoloader.php(295): CodeIgniter\Autoloader\Autoloader->includeFile('C:\\Users\\Richard Miculob\\Documents\\ReliefTrack\\app\\Models\\InventoryModel.php')
 3 SYSTEMPATH\Autoloader\Autoloader.php(271): CodeIgniter\Autoloader\Autoloader->loadInNamespace('App\\Models\\InventoryModel')
 4 APPPATH\Controllers\Distribution.php(30): CodeIgniter\Autoloader\Autoloader->loadClass('App\\Models\\InventoryModel')
 5 SYSTEMPATH\CodeIgniter.php(933): App\Controllers\Distribution->processScanView()
 6 SYSTEMPATH\CodeIgniter.php(507): CodeIgniter\CodeIgniter->runController(Object(App\Controllers\Distribution))
 7 SYSTEMPATH\CodeIgniter.php(354): CodeIgniter\CodeIgniter->handleRequest(null, Object(Config\Cache), false)
 8 SYSTEMPATH\Boot.php(363): CodeIgniter\CodeIgniter->run()
 9 SYSTEMPATH\Boot.php(68): CodeIgniter\Boot::runCodeIgniter(Object(CodeIgniter\CodeIgniter))
10 FCPATH\index.php(59): CodeIgniter\Boot::bootWeb(Object(Config\Paths))
11 SYSTEMPATH\rewrite.php(44): require_once('C:\\Users\\Richard Miculob\\Documents\\ReliefTrack\\public\\index.php')
DEBUG - 2026-03-01 18:19:28 --> Session: Class initialized using 'CodeIgniter\Session\Handlers\FileHandler' driver.
WARNING - 2026-03-01 18:19:28 --> [DEPRECATED] Optional parameter $familyMemberId declared before required parameter $distributorId is implicitly treated as a required parameter in APPPATH\Models\InventoryModel.php on line 147.
 1 SYSTEMPATH\Autoloader\Autoloader.php(315): include_once('C:\\Users\\Richard Miculob\\Documents\\ReliefTrack\\system\\Debug\\Exceptions.php')
 2 SYSTEMPATH\Autoloader\Autoloader.php(295): CodeIgniter\Autoloader\Autoloader->includeFile('C:\\Users\\Richard Miculob\\Documents\\ReliefTrack\\app\\Models\\InventoryModel.php')
 3 SYSTEMPATH\Autoloader\Autoloader.php(271): CodeIgniter\Autoloader\Autoloader->loadInNamespace('App\\Models\\InventoryModel')
 4 APPPATH\Controllers\Distribution.php(30): CodeIgniter\Autoloader\Autoloader->loadClass('App\\Models\\InventoryModel')
 5 SYSTEMPATH\CodeIgniter.php(933): App\Controllers\Distribution->processScanView()
 6 SYSTEMPATH\CodeIgniter.php(507): CodeIgniter\CodeIgniter->runController(Object(App\Controllers\Distribution))
 7 SYSTEMPATH\CodeIgniter.php(354): CodeIgniter\CodeIgniter->handleRequest(null, Object(Config\Cache), false)
 8 SYSTEMPATH\Boot.php(363): CodeIgniter\CodeIgniter->run()
 9 SYSTEMPATH\Boot.php(68): CodeIgniter\Boot::runCodeIgniter(Object(CodeIgniter\CodeIgniter))
10 FCPATH\index.php(59): CodeIgniter\Boot::bootWeb(Object(Config\Paths))
11 SYSTEMPATH\rewrite.php(44): require_once('C:\\Users\\Richard Miculob\\Documents\\ReliefTrack\\public\\index.php')
DEBUG - 2026-03-01 18:19:35 --> Session: Class initialized using 'CodeIgniter\Session\Handlers\FileHandler' driver.
WARNING - 2026-03-01 18:19:35 --> [DEPRECATED] Optional parameter $familyMemberId declared before required parameter $distributorId is implicitly treated as a required parameter in APPPATH\Models\InventoryModel.php on line 147.
 1 SYSTEMPATH\Autoloader\Autoloader.php(315): include_once('C:\\Users\\Richard Miculob\\Documents\\ReliefTrack\\system\\Debug\\Exceptions.php')
 2 SYSTEMPATH\Autoloader\Autoloader.php(295): CodeIgniter\Autoloader\Autoloader->includeFile('C:\\Users\\Richard Miculob\\Documents\\ReliefTrack\\app\\Models\\InventoryModel.php')
 3 SYSTEMPATH\Autoloader\Autoloader.php(271): CodeIgniter\Autoloader\Autoloader->loadInNamespace('App\\Models\\InventoryModel')
 4 APPPATH\Controllers\Inventory.php(13): CodeIgniter\Autoloader\Autoloader->loadClass('App\\Models\\InventoryModel')
 5 SYSTEMPATH\CodeIgniter.php(933): App\Controllers\Inventory->index()
 6 SYSTEMPATH\CodeIgniter.php(507): CodeIgniter\CodeIgniter->runController(Object(App\Controllers\Inventory))
 7 SYSTEMPATH\CodeIgniter.php(354): CodeIgniter\CodeIgniter->handleRequest(null, Object(Config\Cache), false)
 8 SYSTEMPATH\Boot.php(363): CodeIgniter\CodeIgniter->run()
 9 SYSTEMPATH\Boot.php(68): CodeIgniter\Boot::runCodeIgniter(Object(CodeIgniter\CodeIgniter))
10 FCPATH\index.php(59): CodeIgniter\Boot::bootWeb(Object(Config\Paths))
11 SYSTEMPATH\rewrite.php(44): require_once('C:\\Users\\Richard Miculob\\Documents\\ReliefTrack\\public\\index.php')
DEBUG - 2026-03-01 18:19:38 --> Session: Class initialized using 'CodeIgniter\Session\Handlers\FileHandler' driver.
WARNING - 2026-03-01 18:19:38 --> [DEPRECATED] Optional parameter $familyMemberId declared before required parameter $distributorId is implicitly treated as a required parameter in APPPATH\Models\InventoryModel.php on line 147.
 1 SYSTEMPATH\Autoloader\Autoloader.php(315): include_once('C:\\Users\\Richard Miculob\\Documents\\ReliefTrack\\system\\Debug\\Exceptions.php')
 2 SYSTEMPATH\Autoloader\Autoloader.php(295): CodeIgniter\Autoloader\Autoloader->includeFile('C:\\Users\\Richard Miculob\\Documents\\ReliefTrack\\app\\Models\\InventoryModel.php')
 3 SYSTEMPATH\Autoloader\Autoloader.php(271): CodeIgniter\Autoloader\Autoloader->loadInNamespace('App\\Models\\InventoryModel')
 4 APPPATH\Controllers\Inventory.php(312): CodeIgniter\Autoloader\Autoloader->loadClass('App\\Models\\InventoryModel')
 5 SYSTEMPATH\CodeIgniter.php(933): App\Controllers\Inventory->viewBatch('30')
 6 SYSTEMPATH\CodeIgniter.php(507): CodeIgniter\CodeIgniter->runController(Object(App\Controllers\Inventory))
 7 SYSTEMPATH\CodeIgniter.php(354): CodeIgniter\CodeIgniter->handleRequest(null, Object(Config\Cache), false)
 8 SYSTEMPATH\Boot.php(363): CodeIgniter\CodeIgniter->run()
 9 SYSTEMPATH\Boot.php(68): CodeIgniter\Boot::runCodeIgniter(Object(CodeIgniter\CodeIgniter))
10 FCPATH\index.php(59): CodeIgniter\Boot::bootWeb(Object(Config\Paths))
11 SYSTEMPATH\rewrite.php(44): require_once('C:\\Users\\Richard Miculob\\Documents\\ReliefTrack\\public\\index.php')
DEBUG - 2026-03-01 18:19:56 --> Session: Class initialized using 'CodeIgniter\Session\Handlers\FileHandler' driver.
DEBUG - 2026-03-01 18:19:56 --> Session: Class initialized using 'CodeIgniter\Session\Handlers\FileHandler' driver.
DEBUG - 2026-03-01 18:19:56 --> Session: Class initialized using 'CodeIgniter\Session\Handlers\FileHandler' driver.
DEBUG - 2026-03-01 18:19:59 --> Session: Class initialized using 'CodeIgniter\Session\Handlers\FileHandler' driver.
WARNING - 2026-03-01 18:19:59 --> [DEPRECATED] Optional parameter $familyMemberId declared before required parameter $distributorId is implicitly treated as a required parameter in APPPATH\Models\InventoryModel.php on line 147.
 1 SYSTEMPATH\Autoloader\Autoloader.php(315): include_once('C:\\Users\\Richard Miculob\\Documents\\ReliefTrack\\system\\Debug\\Exceptions.php')
 2 SYSTEMPATH\Autoloader\Autoloader.php(295): CodeIgniter\Autoloader\Autoloader->includeFile('C:\\Users\\Richard Miculob\\Documents\\ReliefTrack\\app\\Models\\InventoryModel.php')
 3 SYSTEMPATH\Autoloader\Autoloader.php(271): CodeIgniter\Autoloader\Autoloader->loadInNamespace('App\\Models\\InventoryModel')
 4 APPPATH\Controllers\Distribution.php(30): CodeIgniter\Autoloader\Autoloader->loadClass('App\\Models\\InventoryModel')
 5 SYSTEMPATH\CodeIgniter.php(933): App\Controllers\Distribution->processScanView()
 6 SYSTEMPATH\CodeIgniter.php(507): CodeIgniter\CodeIgniter->runController(Object(App\Controllers\Distribution))
 7 SYSTEMPATH\CodeIgniter.php(354): CodeIgniter\CodeIgniter->handleRequest(null, Object(Config\Cache), false)
 8 SYSTEMPATH\Boot.php(363): CodeIgniter\CodeIgniter->run()
 9 SYSTEMPATH\Boot.php(68): CodeIgniter\Boot::runCodeIgniter(Object(CodeIgniter\CodeIgniter))
10 FCPATH\index.php(59): CodeIgniter\Boot::bootWeb(Object(Config\Paths))
11 SYSTEMPATH\rewrite.php(44): require_once('C:\\Users\\Richard Miculob\\Documents\\ReliefTrack\\public\\index.php')
DEBUG - 2026-03-01 18:20:52 --> Session: Class initialized using 'CodeIgniter\Session\Handlers\FileHandler' driver.
DEBUG - 2026-03-01 18:20:52 --> Session: Class initialized using 'CodeIgniter\Session\Handlers\FileHandler' driver.
DEBUG - 2026-03-01 18:20:52 --> Session: Class initialized using 'CodeIgniter\Session\Handlers\FileHandler' driver.
DEBUG - 2026-03-01 18:21:00 --> Session: Class initialized using 'CodeIgniter\Session\Handlers\FileHandler' driver.
WARNING - 2026-03-01 18:21:00 --> [DEPRECATED] Optional parameter $familyMemberId declared before required parameter $distributorId is implicitly treated as a required parameter in APPPATH\Models\InventoryModel.php on line 147.
 1 SYSTEMPATH\Autoloader\Autoloader.php(315): include_once('C:\\Users\\Richard Miculob\\Documents\\ReliefTrack\\system\\Debug\\Exceptions.php')
 2 SYSTEMPATH\Autoloader\Autoloader.php(295): CodeIgniter\Autoloader\Autoloader->includeFile('C:\\Users\\Richard Miculob\\Documents\\ReliefTrack\\app\\Models\\InventoryModel.php')
 3 SYSTEMPATH\Autoloader\Autoloader.php(271): CodeIgniter\Autoloader\Autoloader->loadInNamespace('App\\Models\\InventoryModel')
 4 APPPATH\Controllers\Distribution.php(30): CodeIgniter\Autoloader\Autoloader->loadClass('App\\Models\\InventoryModel')
 5 SYSTEMPATH\CodeIgniter.php(933): App\Controllers\Distribution->processScanView()
 6 SYSTEMPATH\CodeIgniter.php(507): CodeIgniter\CodeIgniter->runController(Object(App\Controllers\Distribution))
 7 SYSTEMPATH\CodeIgniter.php(354): CodeIgniter\CodeIgniter->handleRequest(null, Object(Config\Cache), false)
 8 SYSTEMPATH\Boot.php(363): CodeIgniter\CodeIgniter->run()
 9 SYSTEMPATH\Boot.php(68): CodeIgniter\Boot::runCodeIgniter(Object(CodeIgniter\CodeIgniter))
10 FCPATH\index.php(59): CodeIgniter\Boot::bootWeb(Object(Config\Paths))
11 SYSTEMPATH\rewrite.php(44): require_once('C:\\Users\\Richard Miculob\\Documents\\ReliefTrack\\public\\index.php')
DEBUG - 2026-03-01 18:21:40 --> Session: Class initialized using 'CodeIgniter\Session\Handlers\FileHandler' driver.
WARNING - 2026-03-01 18:21:40 --> [DEPRECATED] Optional parameter $familyMemberId declared before required parameter $distributorId is implicitly treated as a required parameter in APPPATH\Models\InventoryModel.php on line 147.
 1 SYSTEMPATH\Autoloader\Autoloader.php(315): include_once('C:\\Users\\Richard Miculob\\Documents\\ReliefTrack\\system\\Debug\\Exceptions.php')
 2 SYSTEMPATH\Autoloader\Autoloader.php(295): CodeIgniter\Autoloader\Autoloader->includeFile('C:\\Users\\Richard Miculob\\Documents\\ReliefTrack\\app\\Models\\InventoryModel.php')
 3 SYSTEMPATH\Autoloader\Autoloader.php(271): CodeIgniter\Autoloader\Autoloader->loadInNamespace('App\\Models\\InventoryModel')
 4 APPPATH\Controllers\Inventory.php(13): CodeIgniter\Autoloader\Autoloader->loadClass('App\\Models\\InventoryModel')
 5 SYSTEMPATH\CodeIgniter.php(933): App\Controllers\Inventory->index()
 6 SYSTEMPATH\CodeIgniter.php(507): CodeIgniter\CodeIgniter->runController(Object(App\Controllers\Inventory))
 7 SYSTEMPATH\CodeIgniter.php(354): CodeIgniter\CodeIgniter->handleRequest(null, Object(Config\Cache), false)
 8 SYSTEMPATH\Boot.php(363): CodeIgniter\CodeIgniter->run()
 9 SYSTEMPATH\Boot.php(68): CodeIgniter\Boot::runCodeIgniter(Object(CodeIgniter\CodeIgniter))
10 FCPATH\index.php(59): CodeIgniter\Boot::bootWeb(Object(Config\Paths))
11 SYSTEMPATH\rewrite.php(44): require_once('C:\\Users\\Richard Miculob\\Documents\\ReliefTrack\\public\\index.php')
DEBUG - 2026-03-01 18:21:46 --> Session: Class initialized using 'CodeIgniter\Session\Handlers\FileHandler' driver.
WARNING - 2026-03-01 18:21:46 --> [DEPRECATED] Optional parameter $familyMemberId declared before required parameter $distributorId is implicitly treated as a required parameter in APPPATH\Models\InventoryModel.php on line 147.
 1 SYSTEMPATH\Autoloader\Autoloader.php(315): include_once('C:\\Users\\Richard Miculob\\Documents\\ReliefTrack\\system\\Debug\\Exceptions.php')
 2 SYSTEMPATH\Autoloader\Autoloader.php(295): CodeIgniter\Autoloader\Autoloader->includeFile('C:\\Users\\Richard Miculob\\Documents\\ReliefTrack\\app\\Models\\InventoryModel.php')
 3 SYSTEMPATH\Autoloader\Autoloader.php(271): CodeIgniter\Autoloader\Autoloader->loadInNamespace('App\\Models\\InventoryModel')
 4 APPPATH\Controllers\Inventory.php(312): CodeIgniter\Autoloader\Autoloader->loadClass('App\\Models\\InventoryModel')
 5 SYSTEMPATH\CodeIgniter.php(933): App\Controllers\Inventory->viewBatch('30')
 6 SYSTEMPATH\CodeIgniter.php(507): CodeIgniter\CodeIgniter->runController(Object(App\Controllers\Inventory))
 7 SYSTEMPATH\CodeIgniter.php(354): CodeIgniter\CodeIgniter->handleRequest(null, Object(Config\Cache), false)
 8 SYSTEMPATH\Boot.php(363): CodeIgniter\CodeIgniter->run()
 9 SYSTEMPATH\Boot.php(68): CodeIgniter\Boot::runCodeIgniter(Object(CodeIgniter\CodeIgniter))
10 FCPATH\index.php(59): CodeIgniter\Boot::bootWeb(Object(Config\Paths))
11 SYSTEMPATH\rewrite.php(44): require_once('C:\\Users\\Richard Miculob\\Documents\\ReliefTrack\\public\\index.php')
DEBUG - 2026-03-01 18:21:48 --> Session: Class initialized using 'CodeIgniter\Session\Handlers\FileHandler' driver.
WARNING - 2026-03-01 18:21:48 --> [DEPRECATED] Optional parameter $familyMemberId declared before required parameter $distributorId is implicitly treated as a required parameter in APPPATH\Models\InventoryModel.php on line 147.
 1 SYSTEMPATH\Autoloader\Autoloader.php(315): include_once('C:\\Users\\Richard Miculob\\Documents\\ReliefTrack\\system\\Debug\\Exceptions.php')
 2 SYSTEMPATH\Autoloader\Autoloader.php(295): CodeIgniter\Autoloader\Autoloader->includeFile('C:\\Users\\Richard Miculob\\Documents\\ReliefTrack\\app\\Models\\InventoryModel.php')
 3 SYSTEMPATH\Autoloader\Autoloader.php(271): CodeIgniter\Autoloader\Autoloader->loadInNamespace('App\\Models\\InventoryModel')
 4 APPPATH\Controllers\Inventory.php(13): CodeIgniter\Autoloader\Autoloader->loadClass('App\\Models\\InventoryModel')
 5 SYSTEMPATH\CodeIgniter.php(933): App\Controllers\Inventory->index()
 6 SYSTEMPATH\CodeIgniter.php(507): CodeIgniter\CodeIgniter->runController(Object(App\Controllers\Inventory))
 7 SYSTEMPATH\CodeIgniter.php(354): CodeIgniter\CodeIgniter->handleRequest(null, Object(Config\Cache), false)
 8 SYSTEMPATH\Boot.php(363): CodeIgniter\CodeIgniter->run()
 9 SYSTEMPATH\Boot.php(68): CodeIgniter\Boot::runCodeIgniter(Object(CodeIgniter\CodeIgniter))
10 FCPATH\index.php(59): CodeIgniter\Boot::bootWeb(Object(Config\Paths))
11 SYSTEMPATH\rewrite.php(44): require_once('C:\\Users\\Richard Miculob\\Documents\\ReliefTrack\\public\\index.php')
DEBUG - 2026-03-01 18:21:54 --> Session: Class initialized using 'CodeIgniter\Session\Handlers\FileHandler' driver.
DEBUG - 2026-03-01 18:21:58 --> Session: Class initialized using 'CodeIgniter\Session\Handlers\FileHandler' driver.
DEBUG - 2026-03-01 18:22:00 --> Session: Class initialized using 'CodeIgniter\Session\Handlers\FileHandler' driver.
DEBUG - 2026-03-01 18:22:59 --> Session: Class initialized using 'CodeIgniter\Session\Handlers\FileHandler' driver.
WARNING - 2026-03-01 18:22:59 --> [DEPRECATED] Optional parameter $familyMemberId declared before required parameter $distributorId is implicitly treated as a required parameter in APPPATH\Models\InventoryModel.php on line 147.
 1 SYSTEMPATH\Autoloader\Autoloader.php(315): include_once('C:\\Users\\Richard Miculob\\Documents\\ReliefTrack\\system\\Debug\\Exceptions.php')
 2 SYSTEMPATH\Autoloader\Autoloader.php(295): CodeIgniter\Autoloader\Autoloader->includeFile('C:\\Users\\Richard Miculob\\Documents\\ReliefTrack\\app\\Models\\InventoryModel.php')
 3 SYSTEMPATH\Autoloader\Autoloader.php(271): CodeIgniter\Autoloader\Autoloader->loadInNamespace('App\\Models\\InventoryModel')
 4 APPPATH\Controllers\Inventory.php(13): CodeIgniter\Autoloader\Autoloader->loadClass('App\\Models\\InventoryModel')
 5 SYSTEMPATH\CodeIgniter.php(933): App\Controllers\Inventory->index()
 6 SYSTEMPATH\CodeIgniter.php(507): CodeIgniter\CodeIgniter->runController(Object(App\Controllers\Inventory))
 7 SYSTEMPATH\CodeIgniter.php(354): CodeIgniter\CodeIgniter->handleRequest(null, Object(Config\Cache), false)
 8 SYSTEMPATH\Boot.php(363): CodeIgniter\CodeIgniter->run()
 9 SYSTEMPATH\Boot.php(68): CodeIgniter\Boot::runCodeIgniter(Object(CodeIgniter\CodeIgniter))
10 FCPATH\index.php(59): CodeIgniter\Boot::bootWeb(Object(Config\Paths))
11 SYSTEMPATH\rewrite.php(44): require_once('C:\\Users\\Richard Miculob\\Documents\\ReliefTrack\\public\\index.php')
DEBUG - 2026-03-01 18:23:00 --> Session: Class initialized using 'CodeIgniter\Session\Handlers\FileHandler' driver.
DEBUG - 2026-03-01 18:23:41 --> Session: Class initialized using 'CodeIgniter\Session\Handlers\FileHandler' driver.
WARNING - 2026-03-01 18:23:41 --> [DEPRECATED] Optional parameter $familyMemberId declared before required parameter $distributorId is implicitly treated as a required parameter in APPPATH\Models\InventoryModel.php on line 147.
 1 SYSTEMPATH\Autoloader\Autoloader.php(315): include_once('C:\\Users\\Richard Miculob\\Documents\\ReliefTrack\\system\\Debug\\Exceptions.php')
 2 SYSTEMPATH\Autoloader\Autoloader.php(295): CodeIgniter\Autoloader\Autoloader->includeFile('C:\\Users\\Richard Miculob\\Documents\\ReliefTrack\\app\\Models\\InventoryModel.php')
 3 SYSTEMPATH\Autoloader\Autoloader.php(271): CodeIgniter\Autoloader\Autoloader->loadInNamespace('App\\Models\\InventoryModel')
 4 APPPATH\Controllers\Inventory.php(247): CodeIgniter\Autoloader\Autoloader->loadClass('App\\Models\\InventoryModel')
 5 SYSTEMPATH\CodeIgniter.php(933): App\Controllers\Inventory->saveItemWithBatch()
 6 SYSTEMPATH\CodeIgniter.php(507): CodeIgniter\CodeIgniter->runController(Object(App\Controllers\Inventory))
 7 SYSTEMPATH\CodeIgniter.php(354): CodeIgniter\CodeIgniter->handleRequest(null, Object(Config\Cache), false)
 8 SYSTEMPATH\Boot.php(363): CodeIgniter\CodeIgniter->run()
 9 SYSTEMPATH\Boot.php(68): CodeIgniter\Boot::runCodeIgniter(Object(CodeIgniter\CodeIgniter))
10 FCPATH\index.php(59): CodeIgniter\Boot::bootWeb(Object(Config\Paths))
11 SYSTEMPATH\rewrite.php(44): require_once('C:\\Users\\Richard Miculob\\Documents\\ReliefTrack\\public\\index.php')
ERROR - 2026-03-01 18:23:41 --> mysqli_sql_exception: Duplicate entry 'BATCH-202603-001' for key 'batch_number' in C:\Users\Richard Miculob\Documents\ReliefTrack\system\Database\MySQLi\Connection.php:327
Stack trace:
#0 C:\Users\Richard Miculob\Documents\ReliefTrack\system\Database\MySQLi\Connection.php(327): mysqli->query('INSERT INTO `in...', 0)
#1 C:\Users\Richard Miculob\Documents\ReliefTrack\system\Database\BaseConnection.php(729): CodeIgniter\Database\MySQLi\Connection->execute('INSERT INTO `in...')
#2 C:\Users\Richard Miculob\Documents\ReliefTrack\system\Database\BaseConnection.php(646): CodeIgniter\Database\BaseConnection->simpleQuery('INSERT INTO `in...')
#3 C:\Users\Richard Miculob\Documents\ReliefTrack\system\Database\BaseBuilder.php(2345): CodeIgniter\Database\BaseConnection->query('INSERT INTO `in...', Array, false)
#4 C:\Users\Richard Miculob\Documents\ReliefTrack\system\Model.php(394): CodeIgniter\Database\BaseBuilder->insert()
#5 C:\Users\Richard Miculob\Documents\ReliefTrack\system\BaseModel.php(838): CodeIgniter\Model->doInsert(Array)
#6 C:\Users\Richard Miculob\Documents\ReliefTrack\system\Model.php(797): CodeIgniter\BaseModel->insert(Array, true)
#7 C:\Users\Richard Miculob\Documents\ReliefTrack\app\Models\InventoryModel.php(90): CodeIgniter\Model->insert(Array)
#8 C:\Users\Richard Miculob\Documents\ReliefTrack\app\Controllers\Inventory.php(294): App\Models\InventoryModel->addWithBatch(Array, Array)
#9 C:\Users\Richard Miculob\Documents\ReliefTrack\system\CodeIgniter.php(933): App\Controllers\Inventory->saveItemWithBatch()
#10 C:\Users\Richard Miculob\Documents\ReliefTrack\system\CodeIgniter.php(507): CodeIgniter\CodeIgniter->runController(Object(App\Controllers\Inventory))
#11 C:\Users\Richard Miculob\Documents\ReliefTrack\system\CodeIgniter.php(354): CodeIgniter\CodeIgniter->handleRequest(NULL, Object(Config\Cache), false)
#12 C:\Users\Richard Miculob\Documents\ReliefTrack\system\Boot.php(363): CodeIgniter\CodeIgniter->run()
#13 C:\Users\Richard Miculob\Documents\ReliefTrack\system\Boot.php(68): CodeIgniter\Boot::runCodeIgniter(Object(CodeIgniter\CodeIgniter))
#14 C:\Users\Richard Miculob\Documents\ReliefTrack\public\index.php(59): CodeIgniter\Boot::bootWeb(Object(Config\Paths))
#15 C:\Users\Richard Miculob\Documents\ReliefTrack\system\rewrite.php(44): require_once('C:\\Users\\Richar...')
#16 {main}
DEBUG - 2026-03-01 18:23:41 --> Session: Class initialized using 'CodeIgniter\Session\Handlers\FileHandler' driver.
WARNING - 2026-03-01 18:23:41 --> [DEPRECATED] Optional parameter $familyMemberId declared before required parameter $distributorId is implicitly treated as a required parameter in APPPATH\Models\InventoryModel.php on line 147.
 1 SYSTEMPATH\Autoloader\Autoloader.php(315): include_once('C:\\Users\\Richard Miculob\\Documents\\ReliefTrack\\system\\Debug\\Exceptions.php')
 2 SYSTEMPATH\Autoloader\Autoloader.php(295): CodeIgniter\Autoloader\Autoloader->includeFile('C:\\Users\\Richard Miculob\\Documents\\ReliefTrack\\app\\Models\\InventoryModel.php')
 3 SYSTEMPATH\Autoloader\Autoloader.php(271): CodeIgniter\Autoloader\Autoloader->loadInNamespace('App\\Models\\InventoryModel')
 4 APPPATH\Controllers\Inventory.php(361): CodeIgniter\Autoloader\Autoloader->loadClass('App\\Models\\InventoryModel')
 5 SYSTEMPATH\CodeIgniter.php(933): App\Controllers\Inventory->batches('0')
 6 SYSTEMPATH\CodeIgniter.php(507): CodeIgniter\CodeIgniter->runController(Object(App\Controllers\Inventory))
 7 SYSTEMPATH\CodeIgniter.php(354): CodeIgniter\CodeIgniter->handleRequest(null, Object(Config\Cache), false)
 8 SYSTEMPATH\Boot.php(363): CodeIgniter\CodeIgniter->run()
 9 SYSTEMPATH\Boot.php(68): CodeIgniter\Boot::runCodeIgniter(Object(CodeIgniter\CodeIgniter))
10 FCPATH\index.php(59): CodeIgniter\Boot::bootWeb(Object(Config\Paths))
11 SYSTEMPATH\rewrite.php(44): require_once('C:\\Users\\Richard Miculob\\Documents\\ReliefTrack\\public\\index.php')
DEBUG - 2026-03-01 18:23:41 --> Session: Class initialized using 'CodeIgniter\Session\Handlers\FileHandler' driver.
WARNING - 2026-03-01 18:23:41 --> [DEPRECATED] Optional parameter $familyMemberId declared before required parameter $distributorId is implicitly treated as a required parameter in APPPATH\Models\InventoryModel.php on line 147.
 1 SYSTEMPATH\Autoloader\Autoloader.php(315): include_once('C:\\Users\\Richard Miculob\\Documents\\ReliefTrack\\system\\Debug\\Exceptions.php')
 2 SYSTEMPATH\Autoloader\Autoloader.php(295): CodeIgniter\Autoloader\Autoloader->includeFile('C:\\Users\\Richard Miculob\\Documents\\ReliefTrack\\app\\Models\\InventoryModel.php')
 3 SYSTEMPATH\Autoloader\Autoloader.php(271): CodeIgniter\Autoloader\Autoloader->loadInNamespace('App\\Models\\InventoryModel')
 4 APPPATH\Controllers\Inventory.php(13): CodeIgniter\Autoloader\Autoloader->loadClass('App\\Models\\InventoryModel')
 5 SYSTEMPATH\CodeIgniter.php(933): App\Controllers\Inventory->index()
 6 SYSTEMPATH\CodeIgniter.php(507): CodeIgniter\CodeIgniter->runController(Object(App\Controllers\Inventory))
 7 SYSTEMPATH\CodeIgniter.php(354): CodeIgniter\CodeIgniter->handleRequest(null, Object(Config\Cache), false)
 8 SYSTEMPATH\Boot.php(363): CodeIgniter\CodeIgniter->run()
 9 SYSTEMPATH\Boot.php(68): CodeIgniter\Boot::runCodeIgniter(Object(CodeIgniter\CodeIgniter))
10 FCPATH\index.php(59): CodeIgniter\Boot::bootWeb(Object(Config\Paths))
11 SYSTEMPATH\rewrite.php(44): require_once('C:\\Users\\Richard Miculob\\Documents\\ReliefTrack\\public\\index.php')
DEBUG - 2026-03-01 18:23:44 --> Session: Class initialized using 'CodeIgniter\Session\Handlers\FileHandler' driver.
WARNING - 2026-03-01 18:23:44 --> [DEPRECATED] Optional parameter $familyMemberId declared before required parameter $distributorId is implicitly treated as a required parameter in APPPATH\Models\InventoryModel.php on line 147.
 1 SYSTEMPATH\Autoloader\Autoloader.php(315): include_once('C:\\Users\\Richard Miculob\\Documents\\ReliefTrack\\system\\Debug\\Exceptions.php')
 2 SYSTEMPATH\Autoloader\Autoloader.php(295): CodeIgniter\Autoloader\Autoloader->includeFile('C:\\Users\\Richard Miculob\\Documents\\ReliefTrack\\app\\Models\\InventoryModel.php')
 3 SYSTEMPATH\Autoloader\Autoloader.php(271): CodeIgniter\Autoloader\Autoloader->loadInNamespace('App\\Models\\InventoryModel')
 4 APPPATH\Controllers\Inventory.php(13): CodeIgniter\Autoloader\Autoloader->loadClass('App\\Models\\InventoryModel')
 5 SYSTEMPATH\CodeIgniter.php(933): App\Controllers\Inventory->index()
 6 SYSTEMPATH\CodeIgniter.php(507): CodeIgniter\CodeIgniter->runController(Object(App\Controllers\Inventory))
 7 SYSTEMPATH\CodeIgniter.php(354): CodeIgniter\CodeIgniter->handleRequest(null, Object(Config\Cache), false)
 8 SYSTEMPATH\Boot.php(363): CodeIgniter\CodeIgniter->run()
 9 SYSTEMPATH\Boot.php(68): CodeIgniter\Boot::runCodeIgniter(Object(CodeIgniter\CodeIgniter))
10 FCPATH\index.php(59): CodeIgniter\Boot::bootWeb(Object(Config\Paths))
11 SYSTEMPATH\rewrite.php(44): require_once('C:\\Users\\Richard Miculob\\Documents\\ReliefTrack\\public\\index.php')
DEBUG - 2026-03-01 18:23:51 --> Session: Class initialized using 'CodeIgniter\Session\Handlers\FileHandler' driver.
DEBUG - 2026-03-01 18:24:29 --> Session: Class initialized using 'CodeIgniter\Session\Handlers\FileHandler' driver.
WARNING - 2026-03-01 18:24:29 --> [DEPRECATED] Optional parameter $familyMemberId declared before required parameter $distributorId is implicitly treated as a required parameter in APPPATH\Models\InventoryModel.php on line 147.
 1 SYSTEMPATH\Autoloader\Autoloader.php(315): include_once('C:\\Users\\Richard Miculob\\Documents\\ReliefTrack\\system\\Debug\\Exceptions.php')
 2 SYSTEMPATH\Autoloader\Autoloader.php(295): CodeIgniter\Autoloader\Autoloader->includeFile('C:\\Users\\Richard Miculob\\Documents\\ReliefTrack\\app\\Models\\InventoryModel.php')
 3 SYSTEMPATH\Autoloader\Autoloader.php(271): CodeIgniter\Autoloader\Autoloader->loadInNamespace('App\\Models\\InventoryModel')
 4 APPPATH\Controllers\Inventory.php(247): CodeIgniter\Autoloader\Autoloader->loadClass('App\\Models\\InventoryModel')
 5 SYSTEMPATH\CodeIgniter.php(933): App\Controllers\Inventory->saveItemWithBatch()
 6 SYSTEMPATH\CodeIgniter.php(507): CodeIgniter\CodeIgniter->runController(Object(App\Controllers\Inventory))
 7 SYSTEMPATH\CodeIgniter.php(354): CodeIgniter\CodeIgniter->handleRequest(null, Object(Config\Cache), false)
 8 SYSTEMPATH\Boot.php(363): CodeIgniter\CodeIgniter->run()
 9 SYSTEMPATH\Boot.php(68): CodeIgniter\Boot::runCodeIgniter(Object(CodeIgniter\CodeIgniter))
10 FCPATH\index.php(59): CodeIgniter\Boot::bootWeb(Object(Config\Paths))
11 SYSTEMPATH\rewrite.php(44): require_once('C:\\Users\\Richard Miculob\\Documents\\ReliefTrack\\public\\index.php')
ERROR - 2026-03-01 18:24:29 --> mysqli_sql_exception: Duplicate entry 'BATCH-202603-001' for key 'batch_number' in C:\Users\Richard Miculob\Documents\ReliefTrack\system\Database\MySQLi\Connection.php:327
Stack trace:
#0 C:\Users\Richard Miculob\Documents\ReliefTrack\system\Database\MySQLi\Connection.php(327): mysqli->query('INSERT INTO `in...', 0)
#1 C:\Users\Richard Miculob\Documents\ReliefTrack\system\Database\BaseConnection.php(729): CodeIgniter\Database\MySQLi\Connection->execute('INSERT INTO `in...')
#2 C:\Users\Richard Miculob\Documents\ReliefTrack\system\Database\BaseConnection.php(646): CodeIgniter\Database\BaseConnection->simpleQuery('INSERT INTO `in...')
#3 C:\Users\Richard Miculob\Documents\ReliefTrack\system\Database\BaseBuilder.php(2345): CodeIgniter\Database\BaseConnection->query('INSERT INTO `in...', Array, false)
#4 C:\Users\Richard Miculob\Documents\ReliefTrack\system\Model.php(394): CodeIgniter\Database\BaseBuilder->insert()
#5 C:\Users\Richard Miculob\Documents\ReliefTrack\system\BaseModel.php(838): CodeIgniter\Model->doInsert(Array)
#6 C:\Users\Richard Miculob\Documents\ReliefTrack\system\Model.php(797): CodeIgniter\BaseModel->insert(Array, true)
#7 C:\Users\Richard Miculob\Documents\ReliefTrack\app\Models\InventoryModel.php(90): CodeIgniter\Model->insert(Array)
#8 C:\Users\Richard Miculob\Documents\ReliefTrack\app\Controllers\Inventory.php(294): App\Models\InventoryModel->addWithBatch(Array, Array)
#9 C:\Users\Richard Miculob\Documents\ReliefTrack\system\CodeIgniter.php(933): App\Controllers\Inventory->saveItemWithBatch()
#10 C:\Users\Richard Miculob\Documents\ReliefTrack\system\CodeIgniter.php(507): CodeIgniter\CodeIgniter->runController(Object(App\Controllers\Inventory))
#11 C:\Users\Richard Miculob\Documents\ReliefTrack\system\CodeIgniter.php(354): CodeIgniter\CodeIgniter->handleRequest(NULL, Object(Config\Cache), false)
#12 C:\Users\Richard Miculob\Documents\ReliefTrack\system\Boot.php(363): CodeIgniter\CodeIgniter->run()
#13 C:\Users\Richard Miculob\Documents\ReliefTrack\system\Boot.php(68): CodeIgniter\Boot::runCodeIgniter(Object(CodeIgniter\CodeIgniter))
#14 C:\Users\Richard Miculob\Documents\ReliefTrack\public\index.php(59): CodeIgniter\Boot::bootWeb(Object(Config\Paths))
#15 C:\Users\Richard Miculob\Documents\ReliefTrack\system\rewrite.php(44): require_once('C:\\Users\\Richar...')
#16 {main}
DEBUG - 2026-03-01 18:24:30 --> Session: Class initialized using 'CodeIgniter\Session\Handlers\FileHandler' driver.
WARNING - 2026-03-01 18:24:30 --> [DEPRECATED] Optional parameter $familyMemberId declared before required parameter $distributorId is implicitly treated as a required parameter in APPPATH\Models\InventoryModel.php on line 147.
 1 SYSTEMPATH\Autoloader\Autoloader.php(315): include_once('C:\\Users\\Richard Miculob\\Documents\\ReliefTrack\\system\\Debug\\Exceptions.php')
 2 SYSTEMPATH\Autoloader\Autoloader.php(295): CodeIgniter\Autoloader\Autoloader->includeFile('C:\\Users\\Richard Miculob\\Documents\\ReliefTrack\\app\\Models\\InventoryModel.php')
 3 SYSTEMPATH\Autoloader\Autoloader.php(271): CodeIgniter\Autoloader\Autoloader->loadInNamespace('App\\Models\\InventoryModel')
 4 APPPATH\Controllers\Inventory.php(361): CodeIgniter\Autoloader\Autoloader->loadClass('App\\Models\\InventoryModel')
 5 SYSTEMPATH\CodeIgniter.php(933): App\Controllers\Inventory->batches('0')
 6 SYSTEMPATH\CodeIgniter.php(507): CodeIgniter\CodeIgniter->runController(Object(App\Controllers\Inventory))
 7 SYSTEMPATH\CodeIgniter.php(354): CodeIgniter\CodeIgniter->handleRequest(null, Object(Config\Cache), false)
 8 SYSTEMPATH\Boot.php(363): CodeIgniter\CodeIgniter->run()
 9 SYSTEMPATH\Boot.php(68): CodeIgniter\Boot::runCodeIgniter(Object(CodeIgniter\CodeIgniter))
10 FCPATH\index.php(59): CodeIgniter\Boot::bootWeb(Object(Config\Paths))
11 SYSTEMPATH\rewrite.php(44): require_once('C:\\Users\\Richard Miculob\\Documents\\ReliefTrack\\public\\index.php')
DEBUG - 2026-03-01 18:24:30 --> Session: Class initialized using 'CodeIgniter\Session\Handlers\FileHandler' driver.
WARNING - 2026-03-01 18:24:30 --> [DEPRECATED] Optional parameter $familyMemberId declared before required parameter $distributorId is implicitly treated as a required parameter in APPPATH\Models\InventoryModel.php on line 147.
 1 SYSTEMPATH\Autoloader\Autoloader.php(315): include_once('C:\\Users\\Richard Miculob\\Documents\\ReliefTrack\\system\\Debug\\Exceptions.php')
 2 SYSTEMPATH\Autoloader\Autoloader.php(295): CodeIgniter\Autoloader\Autoloader->includeFile('C:\\Users\\Richard Miculob\\Documents\\ReliefTrack\\app\\Models\\InventoryModel.php')
 3 SYSTEMPATH\Autoloader\Autoloader.php(271): CodeIgniter\Autoloader\Autoloader->loadInNamespace('App\\Models\\InventoryModel')
 4 APPPATH\Controllers\Inventory.php(13): CodeIgniter\Autoloader\Autoloader->loadClass('App\\Models\\InventoryModel')
 5 SYSTEMPATH\CodeIgniter.php(933): App\Controllers\Inventory->index()
 6 SYSTEMPATH\CodeIgniter.php(507): CodeIgniter\CodeIgniter->runController(Object(App\Controllers\Inventory))
 7 SYSTEMPATH\CodeIgniter.php(354): CodeIgniter\CodeIgniter->handleRequest(null, Object(Config\Cache), false)
 8 SYSTEMPATH\Boot.php(363): CodeIgniter\CodeIgniter->run()
 9 SYSTEMPATH\Boot.php(68): CodeIgniter\Boot::runCodeIgniter(Object(CodeIgniter\CodeIgniter))
10 FCPATH\index.php(59): CodeIgniter\Boot::bootWeb(Object(Config\Paths))
11 SYSTEMPATH\rewrite.php(44): require_once('C:\\Users\\Richard Miculob\\Documents\\ReliefTrack\\public\\index.php')
DEBUG - 2026-03-01 18:25:46 --> Session: Class initialized using 'CodeIgniter\Session\Handlers\FileHandler' driver.
DEBUG - 2026-03-01 18:26:17 --> Session: Class initialized using 'CodeIgniter\Session\Handlers\FileHandler' driver.
WARNING - 2026-03-01 18:26:17 --> [DEPRECATED] Optional parameter $familyMemberId declared before required parameter $distributorId is implicitly treated as a required parameter in APPPATH\Models\InventoryModel.php on line 147.
 1 SYSTEMPATH\Autoloader\Autoloader.php(315): include_once('C:\\Users\\Richard Miculob\\Documents\\ReliefTrack\\system\\Debug\\Exceptions.php')
 2 SYSTEMPATH\Autoloader\Autoloader.php(295): CodeIgniter\Autoloader\Autoloader->includeFile('C:\\Users\\Richard Miculob\\Documents\\ReliefTrack\\app\\Models\\InventoryModel.php')
 3 SYSTEMPATH\Autoloader\Autoloader.php(271): CodeIgniter\Autoloader\Autoloader->loadInNamespace('App\\Models\\InventoryModel')
 4 APPPATH\Controllers\Inventory.php(247): CodeIgniter\Autoloader\Autoloader->loadClass('App\\Models\\InventoryModel')
 5 SYSTEMPATH\CodeIgniter.php(933): App\Controllers\Inventory->saveItemWithBatch()
 6 SYSTEMPATH\CodeIgniter.php(507): CodeIgniter\CodeIgniter->runController(Object(App\Controllers\Inventory))
 7 SYSTEMPATH\CodeIgniter.php(354): CodeIgniter\CodeIgniter->handleRequest(null, Object(Config\Cache), false)
 8 SYSTEMPATH\Boot.php(363): CodeIgniter\CodeIgniter->run()
 9 SYSTEMPATH\Boot.php(68): CodeIgniter\Boot::runCodeIgniter(Object(CodeIgniter\CodeIgniter))
10 FCPATH\index.php(59): CodeIgniter\Boot::bootWeb(Object(Config\Paths))
11 SYSTEMPATH\rewrite.php(44): require_once('C:\\Users\\Richard Miculob\\Documents\\ReliefTrack\\public\\index.php')
ERROR - 2026-03-01 18:26:17 --> mysqli_sql_exception: Duplicate entry 'BATCH-202603-001' for key 'batch_number' in C:\Users\Richard Miculob\Documents\ReliefTrack\system\Database\MySQLi\Connection.php:327
Stack trace:
#0 C:\Users\Richard Miculob\Documents\ReliefTrack\system\Database\MySQLi\Connection.php(327): mysqli->query('INSERT INTO `in...', 0)
#1 C:\Users\Richard Miculob\Documents\ReliefTrack\system\Database\BaseConnection.php(729): CodeIgniter\Database\MySQLi\Connection->execute('INSERT INTO `in...')
#2 C:\Users\Richard Miculob\Documents\ReliefTrack\system\Database\BaseConnection.php(646): CodeIgniter\Database\BaseConnection->simpleQuery('INSERT INTO `in...')
#3 C:\Users\Richard Miculob\Documents\ReliefTrack\system\Database\BaseBuilder.php(2345): CodeIgniter\Database\BaseConnection->query('INSERT INTO `in...', Array, false)
#4 C:\Users\Richard Miculob\Documents\ReliefTrack\system\Model.php(394): CodeIgniter\Database\BaseBuilder->insert()
#5 C:\Users\Richard Miculob\Documents\ReliefTrack\system\BaseModel.php(838): CodeIgniter\Model->doInsert(Array)
#6 C:\Users\Richard Miculob\Documents\ReliefTrack\system\Model.php(797): CodeIgniter\BaseModel->insert(Array, true)
#7 C:\Users\Richard Miculob\Documents\ReliefTrack\app\Models\InventoryModel.php(90): CodeIgniter\Model->insert(Array)
#8 C:\Users\Richard Miculob\Documents\ReliefTrack\app\Controllers\Inventory.php(287): App\Models\InventoryModel->addWithBatch(Array, Array)
#9 C:\Users\Richard Miculob\Documents\ReliefTrack\system\CodeIgniter.php(933): App\Controllers\Inventory->saveItemWithBatch()
#10 C:\Users\Richard Miculob\Documents\ReliefTrack\system\CodeIgniter.php(507): CodeIgniter\CodeIgniter->runController(Object(App\Controllers\Inventory))
#11 C:\Users\Richard Miculob\Documents\ReliefTrack\system\CodeIgniter.php(354): CodeIgniter\CodeIgniter->handleRequest(NULL, Object(Config\Cache), false)
#12 C:\Users\Richard Miculob\Documents\ReliefTrack\system\Boot.php(363): CodeIgniter\CodeIgniter->run()
#13 C:\Users\Richard Miculob\Documents\ReliefTrack\system\Boot.php(68): CodeIgniter\Boot::runCodeIgniter(Object(CodeIgniter\CodeIgniter))
#14 C:\Users\Richard Miculob\Documents\ReliefTrack\public\index.php(59): CodeIgniter\Boot::bootWeb(Object(Config\Paths))
#15 C:\Users\Richard Miculob\Documents\ReliefTrack\system\rewrite.php(44): require_once('C:\\Users\\Richar...')
#16 {main}
DEBUG - 2026-03-01 18:26:18 --> Session: Class initialized using 'CodeIgniter\Session\Handlers\FileHandler' driver.
WARNING - 2026-03-01 18:26:18 --> [DEPRECATED] Optional parameter $familyMemberId declared before required parameter $distributorId is implicitly treated as a required parameter in APPPATH\Models\InventoryModel.php on line 147.
 1 SYSTEMPATH\Autoloader\Autoloader.php(315): include_once('C:\\Users\\Richard Miculob\\Documents\\ReliefTrack\\system\\Debug\\Exceptions.php')
 2 SYSTEMPATH\Autoloader\Autoloader.php(295): CodeIgniter\Autoloader\Autoloader->includeFile('C:\\Users\\Richard Miculob\\Documents\\ReliefTrack\\app\\Models\\InventoryModel.php')
 3 SYSTEMPATH\Autoloader\Autoloader.php(271): CodeIgniter\Autoloader\Autoloader->loadInNamespace('App\\Models\\InventoryModel')
 4 APPPATH\Controllers\Inventory.php(354): CodeIgniter\Autoloader\Autoloader->loadClass('App\\Models\\InventoryModel')
 5 SYSTEMPATH\CodeIgniter.php(933): App\Controllers\Inventory->batches('0')
 6 SYSTEMPATH\CodeIgniter.php(507): CodeIgniter\CodeIgniter->runController(Object(App\Controllers\Inventory))
 7 SYSTEMPATH\CodeIgniter.php(354): CodeIgniter\CodeIgniter->handleRequest(null, Object(Config\Cache), false)
 8 SYSTEMPATH\Boot.php(363): CodeIgniter\CodeIgniter->run()
 9 SYSTEMPATH\Boot.php(68): CodeIgniter\Boot::runCodeIgniter(Object(CodeIgniter\CodeIgniter))
10 FCPATH\index.php(59): CodeIgniter\Boot::bootWeb(Object(Config\Paths))
11 SYSTEMPATH\rewrite.php(44): require_once('C:\\Users\\Richard Miculob\\Documents\\ReliefTrack\\public\\index.php')
DEBUG - 2026-03-01 18:26:18 --> Session: Class initialized using 'CodeIgniter\Session\Handlers\FileHandler' driver.
WARNING - 2026-03-01 18:26:18 --> [DEPRECATED] Optional parameter $familyMemberId declared before required parameter $distributorId is implicitly treated as a required parameter in APPPATH\Models\InventoryModel.php on line 147.
 1 SYSTEMPATH\Autoloader\Autoloader.php(315): include_once('C:\\Users\\Richard Miculob\\Documents\\ReliefTrack\\system\\Debug\\Exceptions.php')
 2 SYSTEMPATH\Autoloader\Autoloader.php(295): CodeIgniter\Autoloader\Autoloader->includeFile('C:\\Users\\Richard Miculob\\Documents\\ReliefTrack\\app\\Models\\InventoryModel.php')
 3 SYSTEMPATH\Autoloader\Autoloader.php(271): CodeIgniter\Autoloader\Autoloader->loadInNamespace('App\\Models\\InventoryModel')
 4 APPPATH\Controllers\Inventory.php(13): CodeIgniter\Autoloader\Autoloader->loadClass('App\\Models\\InventoryModel')
 5 SYSTEMPATH\CodeIgniter.php(933): App\Controllers\Inventory->index()
 6 SYSTEMPATH\CodeIgniter.php(507): CodeIgniter\CodeIgniter->runController(Object(App\Controllers\Inventory))
 7 SYSTEMPATH\CodeIgniter.php(354): CodeIgniter\CodeIgniter->handleRequest(null, Object(Config\Cache), false)
 8 SYSTEMPATH\Boot.php(363): CodeIgniter\CodeIgniter->run()
 9 SYSTEMPATH\Boot.php(68): CodeIgniter\Boot::runCodeIgniter(Object(CodeIgniter\CodeIgniter))
10 FCPATH\index.php(59): CodeIgniter\Boot::bootWeb(Object(Config\Paths))
11 SYSTEMPATH\rewrite.php(44): require_once('C:\\Users\\Richard Miculob\\Documents\\ReliefTrack\\public\\index.php')
DEBUG - 2026-03-01 18:28:57 --> Session: Class initialized using 'CodeIgniter\Session\Handlers\FileHandler' driver.
DEBUG - 2026-03-01 18:29:28 --> Session: Class initialized using 'CodeIgniter\Session\Handlers\FileHandler' driver.
DEBUG - 2026-03-01 18:29:28 --> Session: Class initialized using 'CodeIgniter\Session\Handlers\FileHandler' driver.
DEBUG - 2026-03-01 18:29:31 --> Session: Class initialized using 'CodeIgniter\Session\Handlers\FileHandler' driver.
DEBUG - 2026-03-01 18:29:40 --> Session: Class initialized using 'CodeIgniter\Session\Handlers\FileHandler' driver.
DEBUG - 2026-03-01 18:29:50 --> Session: Class initialized using 'CodeIgniter\Session\Handlers\FileHandler' driver.
DEBUG - 2026-03-01 18:29:53 --> Session: Class initialized using 'CodeIgniter\Session\Handlers\FileHandler' driver.
DEBUG - 2026-03-01 18:30:13 --> Session: Class initialized using 'CodeIgniter\Session\Handlers\FileHandler' driver.
DEBUG - 2026-03-01 18:30:14 --> Session: Class initialized using 'CodeIgniter\Session\Handlers\FileHandler' driver.
DEBUG - 2026-03-01 18:30:14 --> Session: Class initialized using 'CodeIgniter\Session\Handlers\FileHandler' driver.
DEBUG - 2026-03-01 18:30:16 --> Session: Class initialized using 'CodeIgniter\Session\Handlers\FileHandler' driver.
DEBUG - 2026-03-01 18:30:22 --> Session: Class initialized using 'CodeIgniter\Session\Handlers\FileHandler' driver.
DEBUG - 2026-03-01 18:30:23 --> Session: Class initialized using 'CodeIgniter\Session\Handlers\FileHandler' driver.
DEBUG - 2026-03-01 18:30:23 --> Session: Class initialized using 'CodeIgniter\Session\Handlers\FileHandler' driver.
DEBUG - 2026-03-01 18:30:28 --> Session: Class initialized using 'CodeIgniter\Session\Handlers\FileHandler' driver.
DEBUG - 2026-03-01 18:30:30 --> Session: Class initialized using 'CodeIgniter\Session\Handlers\FileHandler' driver.
DEBUG - 2026-03-01 18:30:30 --> Session: Class initialized using 'CodeIgniter\Session\Handlers\FileHandler' driver.
DEBUG - 2026-03-01 18:30:35 --> Session: Class initialized using 'CodeIgniter\Session\Handlers\FileHandler' driver.
DEBUG - 2026-03-01 18:30:37 --> Session: Class initialized using 'CodeIgniter\Session\Handlers\FileHandler' driver.
DEBUG - 2026-03-01 18:30:42 --> Session: Class initialized using 'CodeIgniter\Session\Handlers\FileHandler' driver.
DEBUG - 2026-03-01 18:30:43 --> Session: Class initialized using 'CodeIgniter\Session\Handlers\FileHandler' driver.
DEBUG - 2026-03-01 18:30:43 --> Session: Class initialized using 'CodeIgniter\Session\Handlers\FileHandler' driver.
DEBUG - 2026-03-01 18:30:48 --> Session: Class initialized using 'CodeIgniter\Session\Handlers\FileHandler' driver.
DEBUG - 2026-03-01 18:30:52 --> Session: Class initialized using 'CodeIgniter\Session\Handlers\FileHandler' driver.
DEBUG - 2026-03-01 18:30:55 --> Session: Class initialized using 'CodeIgniter\Session\Handlers\FileHandler' driver.
DEBUG - 2026-03-01 18:30:56 --> Session: Class initialized using 'CodeIgniter\Session\Handlers\FileHandler' driver.
DEBUG - 2026-03-01 18:30:57 --> Session: Class initialized using 'CodeIgniter\Session\Handlers\FileHandler' driver.
DEBUG - 2026-03-01 18:31:00 --> Session: Class initialized using 'CodeIgniter\Session\Handlers\FileHandler' driver.
DEBUG - 2026-03-01 18:37:01 --> Session: Class initialized using 'CodeIgniter\Session\Handlers\FileHandler' driver.
DEBUG - 2026-03-01 18:37:04 --> Session: Class initialized using 'CodeIgniter\Session\Handlers\FileHandler' driver.
DEBUG - 2026-03-01 18:37:04 --> Session: Class initialized using 'CodeIgniter\Session\Handlers\FileHandler' driver.
DEBUG - 2026-03-01 18:37:06 --> Session: Class initialized using 'CodeIgniter\Session\Handlers\FileHandler' driver.
DEBUG - 2026-03-01 18:37:35 --> Session: Class initialized using 'CodeIgniter\Session\Handlers\FileHandler' driver.
DEBUG - 2026-03-01 18:37:35 --> Session: Class initialized using 'CodeIgniter\Session\Handlers\FileHandler' driver.
DEBUG - 2026-03-01 18:37:38 --> Session: Class initialized using 'CodeIgniter\Session\Handlers\FileHandler' driver.
DEBUG - 2026-03-01 18:37:42 --> Session: Class initialized using 'CodeIgniter\Session\Handlers\FileHandler' driver.
DEBUG - 2026-03-01 18:37:46 --> Session: Class initialized using 'CodeIgniter\Session\Handlers\FileHandler' driver.
DEBUG - 2026-03-01 18:37:50 --> Session: Class initialized using 'CodeIgniter\Session\Handlers\FileHandler' driver.
DEBUG - 2026-03-01 18:37:50 --> Session: Class initialized using 'CodeIgniter\Session\Handlers\FileHandler' driver.
DEBUG - 2026-03-01 18:37:51 --> Session: Class initialized using 'CodeIgniter\Session\Handlers\FileHandler' driver.
DEBUG - 2026-03-01 18:38:18 --> Session: Class initialized using 'CodeIgniter\Session\Handlers\FileHandler' driver.
DEBUG - 2026-03-01 18:38:18 --> Session: Class initialized using 'CodeIgniter\Session\Handlers\FileHandler' driver.
DEBUG - 2026-03-01 18:38:24 --> Session: Class initialized using 'CodeIgniter\Session\Handlers\FileHandler' driver.
DEBUG - 2026-03-01 18:38:33 --> Session: Class initialized using 'CodeIgniter\Session\Handlers\FileHandler' driver.
DEBUG - 2026-03-01 18:38:37 --> Session: Class initialized using 'CodeIgniter\Session\Handlers\FileHandler' driver.
DEBUG - 2026-03-01 18:38:37 --> Session: Class initialized using 'CodeIgniter\Session\Handlers\FileHandler' driver.
DEBUG - 2026-03-01 18:38:42 --> Session: Class initialized using 'CodeIgniter\Session\Handlers\FileHandler' driver.
DEBUG - 2026-03-01 18:38:46 --> Session: Class initialized using 'CodeIgniter\Session\Handlers\FileHandler' driver.
DEBUG - 2026-03-01 18:38:48 --> Session: Class initialized using 'CodeIgniter\Session\Handlers\FileHandler' driver.
DEBUG - 2026-03-01 18:38:52 --> Session: Class initialized using 'CodeIgniter\Session\Handlers\FileHandler' driver.
DEBUG - 2026-03-01 18:38:52 --> Session: Class initialized using 'CodeIgniter\Session\Handlers\FileHandler' driver.
DEBUG - 2026-03-01 18:38:54 --> Session: Class initialized using 'CodeIgniter\Session\Handlers\FileHandler' driver.
DEBUG - 2026-03-01 18:38:56 --> Session: Class initialized using 'CodeIgniter\Session\Handlers\FileHandler' driver.
DEBUG - 2026-03-01 18:38:59 --> Session: Class initialized using 'CodeIgniter\Session\Handlers\FileHandler' driver.
DEBUG - 2026-03-01 18:38:59 --> Session: Class initialized using 'CodeIgniter\Session\Handlers\FileHandler' driver.
DEBUG - 2026-03-01 18:39:00 --> Session: Class initialized using 'CodeIgniter\Session\Handlers\FileHandler' driver.
DEBUG - 2026-03-01 18:39:04 --> Session: Class initialized using 'CodeIgniter\Session\Handlers\FileHandler' driver.
DEBUG - 2026-03-01 18:39:31 --> Session: Class initialized using 'CodeIgniter\Session\Handlers\FileHandler' driver.
DEBUG - 2026-03-01 18:40:09 --> Session: Class initialized using 'CodeIgniter\Session\Handlers\FileHandler' driver.
DEBUG - 2026-03-01 19:12:10 --> Session: Class initialized using 'CodeIgniter\Session\Handlers\FileHandler' driver.
DEBUG - 2026-03-01 19:12:11 --> Session: Class initialized using 'CodeIgniter\Session\Handlers\FileHandler' driver.
DEBUG - 2026-03-01 19:12:23 --> Session: Class initialized using 'CodeIgniter\Session\Handlers\FileHandler' driver.
DEBUG - 2026-03-01 19:12:23 --> Session: Class initialized using 'CodeIgniter\Session\Handlers\FileHandler' driver.
DEBUG - 2026-03-01 19:12:27 --> Session: Class initialized using 'CodeIgniter\Session\Handlers\FileHandler' driver.
DEBUG - 2026-03-01 19:18:55 --> Session: Class initialized using 'CodeIgniter\Session\Handlers\FileHandler' driver.
DEBUG - 2026-03-01 19:19:07 --> Session: Class initialized using 'CodeIgniter\Session\Handlers\FileHandler' driver.
DEBUG - 2026-03-01 19:20:42 --> Session: Class initialized using 'CodeIgniter\Session\Handlers\FileHandler' driver.
DEBUG - 2026-03-01 19:23:39 --> Session: Class initialized using 'CodeIgniter\Session\Handlers\FileHandler' driver.
ERROR - 2026-03-01 19:23:39 --> mysqli_sql_exception: Unknown column 'bd.quantity_distributed' in 'field list' in C:\Users\Richard Miculob\Documents\ReliefTrack\system\Database\MySQLi\Connection.php:327
Stack trace:
#0 C:\Users\Richard Miculob\Documents\ReliefTrack\system\Database\MySQLi\Connection.php(327): mysqli->query('SELECT `i`.`ite...', 0)
#1 C:\Users\Richard Miculob\Documents\ReliefTrack\system\Database\BaseConnection.php(729): CodeIgniter\Database\MySQLi\Connection->execute('SELECT `i`.`ite...')
#2 C:\Users\Richard Miculob\Documents\ReliefTrack\system\Database\BaseConnection.php(646): CodeIgniter\Database\BaseConnection->simpleQuery('SELECT `i`.`ite...')
#3 C:\Users\Richard Miculob\Documents\ReliefTrack\system\Database\BaseBuilder.php(1649): CodeIgniter\Database\BaseConnection->query('SELECT `i`.`ite...', Array, false)
#4 C:\Users\Richard Miculob\Documents\ReliefTrack\system\Model.php(213): CodeIgniter\Database\BaseBuilder->get()
#5 C:\Users\Richard Miculob\Documents\ReliefTrack\system\BaseModel.php(611): CodeIgniter\Model->doFind(false, NULL)
#6 C:\Users\Richard Miculob\Documents\ReliefTrack\app\Views\dashboard\index.php(213): CodeIgniter\BaseModel->find()
#7 C:\Users\Richard Miculob\Documents\ReliefTrack\system\View\View.php(226): include('C:\\Users\\Richar...')
#8 C:\Users\Richard Miculob\Documents\ReliefTrack\system\View\View.php(229): CodeIgniter\View\View->CodeIgniter\View\{closure}()
#9 C:\Users\Richard Miculob\Documents\ReliefTrack\system\Common.php(1167): CodeIgniter\View\View->render('dashboard/index', Array, true)
#10 C:\Users\Richard Miculob\Documents\ReliefTrack\app\Controllers\Dashboard.php(50): view('dashboard/index', Array)
#11 C:\Users\Richard Miculob\Documents\ReliefTrack\system\CodeIgniter.php(933): App\Controllers\Dashboard->index()
#12 C:\Users\Richard Miculob\Documents\ReliefTrack\system\CodeIgniter.php(507): CodeIgniter\CodeIgniter->runController(Object(App\Controllers\Dashboard))
#13 C:\Users\Richard Miculob\Documents\ReliefTrack\system\CodeIgniter.php(354): CodeIgniter\CodeIgniter->handleRequest(NULL, Object(Config\Cache), false)
#14 C:\Users\Richard Miculob\Documents\ReliefTrack\system\Boot.php(363): CodeIgniter\CodeIgniter->run()
#15 C:\Users\Richard Miculob\Documents\ReliefTrack\system\Boot.php(68): CodeIgniter\Boot::runCodeIgniter(Object(CodeIgniter\CodeIgniter))
#16 C:\Users\Richard Miculob\Documents\ReliefTrack\public\index.php(59): CodeIgniter\Boot::bootWeb(Object(Config\Paths))
#17 C:\Users\Richard Miculob\Documents\ReliefTrack\system\rewrite.php(44): require_once('C:\\Users\\Richar...')
#18 {main}
CRITICAL - 2026-03-01 19:23:39 --> CodeIgniter\Database\Exceptions\DatabaseException: Unknown column 'bd.quantity_distributed' in 'field list'
[Method: GET, Route: dashboard]
in SYSTEMPATH\Database\BaseConnection.php on line 684.
 1 SYSTEMPATH\Database\BaseBuilder.php(1649): CodeIgniter\Database\BaseConnection->query('SELECT `i`.`item_name`, `bd`.`quantity_distributed`, `i`.`unit_type`
FROM `batch_distributions`
JOIN `inventory_batches` `ib` ON `ib`.`id` = `bd`.`batch_id`
JOIN `inventory` `i` ON `i`.`id` = `ib`.`inventory_id`
WHERE `bd`.`resident_id` = :bd.resident_id:
AND DATE(bd.distribution_date) = :DATE(bd.distribution_date):
 LIMIT 2', [...], false)
 2 SYSTEMPATH\Model.php(213): CodeIgniter\Database\BaseBuilder->get()
 3 SYSTEMPATH\BaseModel.php(611): CodeIgniter\Model->doFind(false, null)
 4 APPPATH\Views\dashboard\index.php(213): CodeIgniter\BaseModel->find()
 5 SYSTEMPATH\View\View.php(226): include('C:\\Users\\Richard Miculob\\Documents\\ReliefTrack\\app\\Views\\dashboard\\index.php')
 6 SYSTEMPATH\View\View.php(229): CodeIgniter\View\View->CodeIgniter\View\{closure}()
 7 SYSTEMPATH\Common.php(1167): CodeIgniter\View\View->render('dashboard/index', [], true)
 8 APPPATH\Controllers\Dashboard.php(50): view('dashboard/index', [...])
 9 SYSTEMPATH\CodeIgniter.php(933): App\Controllers\Dashboard->index()
10 SYSTEMPATH\CodeIgniter.php(507): CodeIgniter\CodeIgniter->runController(Object(App\Controllers\Dashboard))
11 SYSTEMPATH\CodeIgniter.php(354): CodeIgniter\CodeIgniter->handleRequest(null, Object(Config\Cache), false)
12 SYSTEMPATH\Boot.php(363): CodeIgniter\CodeIgniter->run()
13 SYSTEMPATH\Boot.php(68): CodeIgniter\Boot::runCodeIgniter(Object(CodeIgniter\CodeIgniter))
14 FCPATH\index.php(59): CodeIgniter\Boot::bootWeb(Object(Config\Paths))
15 SYSTEMPATH\rewrite.php(44): require_once('C:\\Users\\Richard Miculob\\Documents\\ReliefTrack\\public\\index.php')
CRITICAL - 2026-03-01 19:23:39 --> [Caused by] CodeIgniter\Database\Exceptions\DatabaseException: Unknown column 'bd.quantity_distributed' in 'field list'
in SYSTEMPATH\Database\MySQLi\Connection.php on line 332.
 1 SYSTEMPATH\Database\BaseConnection.php(729): CodeIgniter\Database\MySQLi\Connection->execute('SELECT `i`.`item_name`, `bd`.`quantity_distributed`, `i`.`unit_type`
FROM `batch_distributions`
JOIN `inventory_batches` `ib` ON `ib`.`id` = `bd`.`batch_id`
JOIN `inventory` `i` ON `i`.`id` = `ib`.`inventory_id`
WHERE `bd`.`resident_id` = \'16\'
AND DATE(bd.distribution_date) = \'2026-03-01\'
 LIMIT 2')
 2 SYSTEMPATH\Database\BaseConnection.php(646): CodeIgniter\Database\BaseConnection->simpleQuery('SELECT `i`.`item_name`, `bd`.`quantity_distributed`, `i`.`unit_type`
FROM `batch_distributions`
JOIN `inventory_batches` `ib` ON `ib`.`id` = `bd`.`batch_id`
JOIN `inventory` `i` ON `i`.`id` = `ib`.`inventory_id`
WHERE `bd`.`resident_id` = \'16\'
AND DATE(bd.distribution_date) = \'2026-03-01\'
 LIMIT 2')
 3 SYSTEMPATH\Database\BaseBuilder.php(1649): CodeIgniter\Database\BaseConnection->query('SELECT `i`.`item_name`, `bd`.`quantity_distributed`, `i`.`unit_type`
FROM `batch_distributions`
JOIN `inventory_batches` `ib` ON `ib`.`id` = `bd`.`batch_id`
JOIN `inventory` `i` ON `i`.`id` = `ib`.`inventory_id`
WHERE `bd`.`resident_id` = :bd.resident_id:
AND DATE(bd.distribution_date) = :DATE(bd.distribution_date):
 LIMIT 2', [...], false)
 4 SYSTEMPATH\Model.php(213): CodeIgniter\Database\BaseBuilder->get()
 5 SYSTEMPATH\BaseModel.php(611): CodeIgniter\Model->doFind(false, null)
 6 APPPATH\Views\dashboard\index.php(213): CodeIgniter\BaseModel->find()
 7 SYSTEMPATH\View\View.php(226): include('C:\\Users\\Richard Miculob\\Documents\\ReliefTrack\\app\\Views\\dashboard\\index.php')
 8 SYSTEMPATH\View\View.php(229): CodeIgniter\View\View->CodeIgniter\View\{closure}()
 9 SYSTEMPATH\Common.php(1167): CodeIgniter\View\View->render('dashboard/index', [], true)
10 APPPATH\Controllers\Dashboard.php(50): view('dashboard/index', [...])
11 SYSTEMPATH\CodeIgniter.php(933): App\Controllers\Dashboard->index()
12 SYSTEMPATH\CodeIgniter.php(507): CodeIgniter\CodeIgniter->runController(Object(App\Controllers\Dashboard))
13 SYSTEMPATH\CodeIgniter.php(354): CodeIgniter\CodeIgniter->handleRequest(null, Object(Config\Cache), false)
14 SYSTEMPATH\Boot.php(363): CodeIgniter\CodeIgniter->run()
15 SYSTEMPATH\Boot.php(68): CodeIgniter\Boot::runCodeIgniter(Object(CodeIgniter\CodeIgniter))
16 FCPATH\index.php(59): CodeIgniter\Boot::bootWeb(Object(Config\Paths))
17 SYSTEMPATH\rewrite.php(44): require_once('C:\\Users\\Richard Miculob\\Documents\\ReliefTrack\\public\\index.php')
CRITICAL - 2026-03-01 19:23:39 --> [Caused by] mysqli_sql_exception: Unknown column 'bd.quantity_distributed' in 'field list'
in SYSTEMPATH\Database\MySQLi\Connection.php on line 327.
 1 SYSTEMPATH\Database\MySQLi\Connection.php(327): mysqli->query('SELECT `i`.`item_name`, `bd`.`quantity_distributed`, `i`.`unit_type`
FROM `batch_distributions`
JOIN `inventory_batches` `ib` ON `ib`.`id` = `bd`.`batch_id`
JOIN `inventory` `i` ON `i`.`id` = `ib`.`inventory_id`
WHERE `bd`.`resident_id` = \'16\'
AND DATE(bd.distribution_date) = \'2026-03-01\'
 LIMIT 2', 0)
 2 SYSTEMPATH\Database\BaseConnection.php(729): CodeIgniter\Database\MySQLi\Connection->execute('SELECT `i`.`item_name`, `bd`.`quantity_distributed`, `i`.`unit_type`
FROM `batch_distributions`
JOIN `inventory_batches` `ib` ON `ib`.`id` = `bd`.`batch_id`
JOIN `inventory` `i` ON `i`.`id` = `ib`.`inventory_id`
WHERE `bd`.`resident_id` = \'16\'
AND DATE(bd.distribution_date) = \'2026-03-01\'
 LIMIT 2')
 3 SYSTEMPATH\Database\BaseConnection.php(646): CodeIgniter\Database\BaseConnection->simpleQuery('SELECT `i`.`item_name`, `bd`.`quantity_distributed`, `i`.`unit_type`
FROM `batch_distributions`
JOIN `inventory_batches` `ib` ON `ib`.`id` = `bd`.`batch_id`
JOIN `inventory` `i` ON `i`.`id` = `ib`.`inventory_id`
WHERE `bd`.`resident_id` = \'16\'
AND DATE(bd.distribution_date) = \'2026-03-01\'
 LIMIT 2')
 4 SYSTEMPATH\Database\BaseBuilder.php(1649): CodeIgniter\Database\BaseConnection->query('SELECT `i`.`item_name`, `bd`.`quantity_distributed`, `i`.`unit_type`
FROM `batch_distributions`
JOIN `inventory_batches` `ib` ON `ib`.`id` = `bd`.`batch_id`
JOIN `inventory` `i` ON `i`.`id` = `ib`.`inventory_id`
WHERE `bd`.`resident_id` = :bd.resident_id:
AND DATE(bd.distribution_date) = :DATE(bd.distribution_date):
 LIMIT 2', [...], false)
 5 SYSTEMPATH\Model.php(213): CodeIgniter\Database\BaseBuilder->get()
 6 SYSTEMPATH\BaseModel.php(611): CodeIgniter\Model->doFind(false, null)
 7 APPPATH\Views\dashboard\index.php(213): CodeIgniter\BaseModel->find()
 8 SYSTEMPATH\View\View.php(226): include('C:\\Users\\Richard Miculob\\Documents\\ReliefTrack\\app\\Views\\dashboard\\index.php')
 9 SYSTEMPATH\View\View.php(229): CodeIgniter\View\View->CodeIgniter\View\{closure}()
10 SYSTEMPATH\Common.php(1167): CodeIgniter\View\View->render('dashboard/index', [], true)
11 APPPATH\Controllers\Dashboard.php(50): view('dashboard/index', [...])
12 SYSTEMPATH\CodeIgniter.php(933): App\Controllers\Dashboard->index()
13 SYSTEMPATH\CodeIgniter.php(507): CodeIgniter\CodeIgniter->runController(Object(App\Controllers\Dashboard))
14 SYSTEMPATH\CodeIgniter.php(354): CodeIgniter\CodeIgniter->handleRequest(null, Object(Config\Cache), false)
15 SYSTEMPATH\Boot.php(363): CodeIgniter\CodeIgniter->run()
16 SYSTEMPATH\Boot.php(68): CodeIgniter\Boot::runCodeIgniter(Object(CodeIgniter\CodeIgniter))
17 FCPATH\index.php(59): CodeIgniter\Boot::bootWeb(Object(Config\Paths))
18 SYSTEMPATH\rewrite.php(44): require_once('C:\\Users\\Richard Miculob\\Documents\\ReliefTrack\\public\\index.php')
DEBUG - 2026-03-01 19:24:28 --> Session: Class initialized using 'CodeIgniter\Session\Handlers\FileHandler' driver.
ERROR - 2026-03-01 19:24:28 --> mysqli_sql_exception: Unknown column 'bd.quantity_distributed' in 'field list' in C:\Users\Richard Miculob\Documents\ReliefTrack\system\Database\MySQLi\Connection.php:327
Stack trace:
#0 C:\Users\Richard Miculob\Documents\ReliefTrack\system\Database\MySQLi\Connection.php(327): mysqli->query('SELECT `i`.`ite...', 0)
#1 C:\Users\Richard Miculob\Documents\ReliefTrack\system\Database\BaseConnection.php(729): CodeIgniter\Database\MySQLi\Connection->execute('SELECT `i`.`ite...')
#2 C:\Users\Richard Miculob\Documents\ReliefTrack\system\Database\BaseConnection.php(646): CodeIgniter\Database\BaseConnection->simpleQuery('SELECT `i`.`ite...')
#3 C:\Users\Richard Miculob\Documents\ReliefTrack\system\Database\BaseBuilder.php(1649): CodeIgniter\Database\BaseConnection->query('SELECT `i`.`ite...', Array, false)
#4 C:\Users\Richard Miculob\Documents\ReliefTrack\system\Model.php(213): CodeIgniter\Database\BaseBuilder->get()
#5 C:\Users\Richard Miculob\Documents\ReliefTrack\system\BaseModel.php(611): CodeIgniter\Model->doFind(false, NULL)
#6 C:\Users\Richard Miculob\Documents\ReliefTrack\app\Views\dashboard\index.php(213): CodeIgniter\BaseModel->find()
#7 C:\Users\Richard Miculob\Documents\ReliefTrack\system\View\View.php(226): include('C:\\Users\\Richar...')
#8 C:\Users\Richard Miculob\Documents\ReliefTrack\system\View\View.php(229): CodeIgniter\View\View->CodeIgniter\View\{closure}()
#9 C:\Users\Richard Miculob\Documents\ReliefTrack\system\Common.php(1167): CodeIgniter\View\View->render('dashboard/index', Array, true)
#10 C:\Users\Richard Miculob\Documents\ReliefTrack\app\Controllers\Dashboard.php(50): view('dashboard/index', Array)
#11 C:\Users\Richard Miculob\Documents\ReliefTrack\system\CodeIgniter.php(933): App\Controllers\Dashboard->index()
#12 C:\Users\Richard Miculob\Documents\ReliefTrack\system\CodeIgniter.php(507): CodeIgniter\CodeIgniter->runController(Object(App\Controllers\Dashboard))
#13 C:\Users\Richard Miculob\Documents\ReliefTrack\system\CodeIgniter.php(354): CodeIgniter\CodeIgniter->handleRequest(NULL, Object(Config\Cache), false)
#14 C:\Users\Richard Miculob\Documents\ReliefTrack\system\Boot.php(363): CodeIgniter\CodeIgniter->run()
#15 C:\Users\Richard Miculob\Documents\ReliefTrack\system\Boot.php(68): CodeIgniter\Boot::runCodeIgniter(Object(CodeIgniter\CodeIgniter))
#16 C:\Users\Richard Miculob\Documents\ReliefTrack\public\index.php(59): CodeIgniter\Boot::bootWeb(Object(Config\Paths))
#17 C:\Users\Richard Miculob\Documents\ReliefTrack\system\rewrite.php(44): require_once('C:\\Users\\Richar...')
#18 {main}
CRITICAL - 2026-03-01 19:24:28 --> CodeIgniter\Database\Exceptions\DatabaseException: Unknown column 'bd.quantity_distributed' in 'field list'
[Method: GET, Route: dashboard]
in SYSTEMPATH\Database\BaseConnection.php on line 684.
 1 SYSTEMPATH\Database\BaseBuilder.php(1649): CodeIgniter\Database\BaseConnection->query('SELECT `i`.`item_name`, `bd`.`quantity_distributed`, `i`.`unit_type`
FROM `batch_distributions`
JOIN `inventory_batches` `ib` ON `ib`.`id` = `bd`.`batch_id`
JOIN `inventory` `i` ON `i`.`id` = `ib`.`inventory_id`
WHERE `bd`.`resident_id` = :bd.resident_id:
AND DATE(bd.distribution_date) = :DATE(bd.distribution_date):
 LIMIT 2', [...], false)
 2 SYSTEMPATH\Model.php(213): CodeIgniter\Database\BaseBuilder->get()
 3 SYSTEMPATH\BaseModel.php(611): CodeIgniter\Model->doFind(false, null)
 4 APPPATH\Views\dashboard\index.php(213): CodeIgniter\BaseModel->find()
 5 SYSTEMPATH\View\View.php(226): include('C:\\Users\\Richard Miculob\\Documents\\ReliefTrack\\app\\Views\\dashboard\\index.php')
 6 SYSTEMPATH\View\View.php(229): CodeIgniter\View\View->CodeIgniter\View\{closure}()
 7 SYSTEMPATH\Common.php(1167): CodeIgniter\View\View->render('dashboard/index', [], true)
 8 APPPATH\Controllers\Dashboard.php(50): view('dashboard/index', [...])
 9 SYSTEMPATH\CodeIgniter.php(933): App\Controllers\Dashboard->index()
10 SYSTEMPATH\CodeIgniter.php(507): CodeIgniter\CodeIgniter->runController(Object(App\Controllers\Dashboard))
11 SYSTEMPATH\CodeIgniter.php(354): CodeIgniter\CodeIgniter->handleRequest(null, Object(Config\Cache), false)
12 SYSTEMPATH\Boot.php(363): CodeIgniter\CodeIgniter->run()
13 SYSTEMPATH\Boot.php(68): CodeIgniter\Boot::runCodeIgniter(Object(CodeIgniter\CodeIgniter))
14 FCPATH\index.php(59): CodeIgniter\Boot::bootWeb(Object(Config\Paths))
15 SYSTEMPATH\rewrite.php(44): require_once('C:\\Users\\Richard Miculob\\Documents\\ReliefTrack\\public\\index.php')
CRITICAL - 2026-03-01 19:24:28 --> [Caused by] CodeIgniter\Database\Exceptions\DatabaseException: Unknown column 'bd.quantity_distributed' in 'field list'
in SYSTEMPATH\Database\MySQLi\Connection.php on line 332.
 1 SYSTEMPATH\Database\BaseConnection.php(729): CodeIgniter\Database\MySQLi\Connection->execute('SELECT `i`.`item_name`, `bd`.`quantity_distributed`, `i`.`unit_type`
FROM `batch_distributions`
JOIN `inventory_batches` `ib` ON `ib`.`id` = `bd`.`batch_id`
JOIN `inventory` `i` ON `i`.`id` = `ib`.`inventory_id`
WHERE `bd`.`resident_id` = \'16\'
AND DATE(bd.distribution_date) = \'2026-03-01\'
 LIMIT 2')
 2 SYSTEMPATH\Database\BaseConnection.php(646): CodeIgniter\Database\BaseConnection->simpleQuery('SELECT `i`.`item_name`, `bd`.`quantity_distributed`, `i`.`unit_type`
FROM `batch_distributions`
JOIN `inventory_batches` `ib` ON `ib`.`id` = `bd`.`batch_id`
JOIN `inventory` `i` ON `i`.`id` = `ib`.`inventory_id`
WHERE `bd`.`resident_id` = \'16\'
AND DATE(bd.distribution_date) = \'2026-03-01\'
 LIMIT 2')
 3 SYSTEMPATH\Database\BaseBuilder.php(1649): CodeIgniter\Database\BaseConnection->query('SELECT `i`.`item_name`, `bd`.`quantity_distributed`, `i`.`unit_type`
FROM `batch_distributions`
JOIN `inventory_batches` `ib` ON `ib`.`id` = `bd`.`batch_id`
JOIN `inventory` `i` ON `i`.`id` = `ib`.`inventory_id`
WHERE `bd`.`resident_id` = :bd.resident_id:
AND DATE(bd.distribution_date) = :DATE(bd.distribution_date):
 LIMIT 2', [...], false)
 4 SYSTEMPATH\Model.php(213): CodeIgniter\Database\BaseBuilder->get()
 5 SYSTEMPATH\BaseModel.php(611): CodeIgniter\Model->doFind(false, null)
 6 APPPATH\Views\dashboard\index.php(213): CodeIgniter\BaseModel->find()
 7 SYSTEMPATH\View\View.php(226): include('C:\\Users\\Richard Miculob\\Documents\\ReliefTrack\\app\\Views\\dashboard\\index.php')
 8 SYSTEMPATH\View\View.php(229): CodeIgniter\View\View->CodeIgniter\View\{closure}()
 9 SYSTEMPATH\Common.php(1167): CodeIgniter\View\View->render('dashboard/index', [], true)
10 APPPATH\Controllers\Dashboard.php(50): view('dashboard/index', [...])
11 SYSTEMPATH\CodeIgniter.php(933): App\Controllers\Dashboard->index()
12 SYSTEMPATH\CodeIgniter.php(507): CodeIgniter\CodeIgniter->runController(Object(App\Controllers\Dashboard))
13 SYSTEMPATH\CodeIgniter.php(354): CodeIgniter\CodeIgniter->handleRequest(null, Object(Config\Cache), false)
14 SYSTEMPATH\Boot.php(363): CodeIgniter\CodeIgniter->run()
15 SYSTEMPATH\Boot.php(68): CodeIgniter\Boot::runCodeIgniter(Object(CodeIgniter\CodeIgniter))
16 FCPATH\index.php(59): CodeIgniter\Boot::bootWeb(Object(Config\Paths))
17 SYSTEMPATH\rewrite.php(44): require_once('C:\\Users\\Richard Miculob\\Documents\\ReliefTrack\\public\\index.php')
CRITICAL - 2026-03-01 19:24:28 --> [Caused by] mysqli_sql_exception: Unknown column 'bd.quantity_distributed' in 'field list'
in SYSTEMPATH\Database\MySQLi\Connection.php on line 327.
 1 SYSTEMPATH\Database\MySQLi\Connection.php(327): mysqli->query('SELECT `i`.`item_name`, `bd`.`quantity_distributed`, `i`.`unit_type`
FROM `batch_distributions`
JOIN `inventory_batches` `ib` ON `ib`.`id` = `bd`.`batch_id`
JOIN `inventory` `i` ON `i`.`id` = `ib`.`inventory_id`
WHERE `bd`.`resident_id` = \'16\'
AND DATE(bd.distribution_date) = \'2026-03-01\'
 LIMIT 2', 0)
 2 SYSTEMPATH\Database\BaseConnection.php(729): CodeIgniter\Database\MySQLi\Connection->execute('SELECT `i`.`item_name`, `bd`.`quantity_distributed`, `i`.`unit_type`
FROM `batch_distributions`
JOIN `inventory_batches` `ib` ON `ib`.`id` = `bd`.`batch_id`
JOIN `inventory` `i` ON `i`.`id` = `ib`.`inventory_id`
WHERE `bd`.`resident_id` = \'16\'
AND DATE(bd.distribution_date) = \'2026-03-01\'
 LIMIT 2')
 3 SYSTEMPATH\Database\BaseConnection.php(646): CodeIgniter\Database\BaseConnection->simpleQuery('SELECT `i`.`item_name`, `bd`.`quantity_distributed`, `i`.`unit_type`
FROM `batch_distributions`
JOIN `inventory_batches` `ib` ON `ib`.`id` = `bd`.`batch_id`
JOIN `inventory` `i` ON `i`.`id` = `ib`.`inventory_id`
WHERE `bd`.`resident_id` = \'16\'
AND DATE(bd.distribution_date) = \'2026-03-01\'
 LIMIT 2')
 4 SYSTEMPATH\Database\BaseBuilder.php(1649): CodeIgniter\Database\BaseConnection->query('SELECT `i`.`item_name`, `bd`.`quantity_distributed`, `i`.`unit_type`
FROM `batch_distributions`
JOIN `inventory_batches` `ib` ON `ib`.`id` = `bd`.`batch_id`
JOIN `inventory` `i` ON `i`.`id` = `ib`.`inventory_id`
WHERE `bd`.`resident_id` = :bd.resident_id:
AND DATE(bd.distribution_date) = :DATE(bd.distribution_date):
 LIMIT 2', [...], false)
 5 SYSTEMPATH\Model.php(213): CodeIgniter\Database\BaseBuilder->get()
 6 SYSTEMPATH\BaseModel.php(611): CodeIgniter\Model->doFind(false, null)
 7 APPPATH\Views\dashboard\index.php(213): CodeIgniter\BaseModel->find()
 8 SYSTEMPATH\View\View.php(226): include('C:\\Users\\Richard Miculob\\Documents\\ReliefTrack\\app\\Views\\dashboard\\index.php')
 9 SYSTEMPATH\View\View.php(229): CodeIgniter\View\View->CodeIgniter\View\{closure}()
10 SYSTEMPATH\Common.php(1167): CodeIgniter\View\View->render('dashboard/index', [], true)
11 APPPATH\Controllers\Dashboard.php(50): view('dashboard/index', [...])
12 SYSTEMPATH\CodeIgniter.php(933): App\Controllers\Dashboard->index()
13 SYSTEMPATH\CodeIgniter.php(507): CodeIgniter\CodeIgniter->runController(Object(App\Controllers\Dashboard))
14 SYSTEMPATH\CodeIgniter.php(354): CodeIgniter\CodeIgniter->handleRequest(null, Object(Config\Cache), false)
15 SYSTEMPATH\Boot.php(363): CodeIgniter\CodeIgniter->run()
16 SYSTEMPATH\Boot.php(68): CodeIgniter\Boot::runCodeIgniter(Object(CodeIgniter\CodeIgniter))
17 FCPATH\index.php(59): CodeIgniter\Boot::bootWeb(Object(Config\Paths))
18 SYSTEMPATH\rewrite.php(44): require_once('C:\\Users\\Richard Miculob\\Documents\\ReliefTrack\\public\\index.php')
DEBUG - 2026-03-01 19:24:35 --> Session: Class initialized using 'CodeIgniter\Session\Handlers\FileHandler' driver.
DEBUG - 2026-03-01 19:30:50 --> Session: Class initialized using 'CodeIgniter\Session\Handlers\FileHandler' driver.
CRITICAL - 2026-03-01 19:30:51 --> ErrorException: Undefined variable $vulnerable_families
[Method: GET, Route: dashboard]
in APPPATH\Views\dashboard\index.php on line 48.
 1 APPPATH\Views\dashboard\index.php(48): CodeIgniter\Debug\Exceptions->errorHandler(2, 'Undefined variable $vulnerable_families', 'C:\\Users\\Richard Miculob\\Documents\\ReliefTrack\\app\\Views\\dashboard\\index.php', 48)
 2 SYSTEMPATH\View\View.php(226): include('C:\\Users\\Richard Miculob\\Documents\\ReliefTrack\\app\\Views\\dashboard\\index.php')
 3 SYSTEMPATH\View\View.php(229): CodeIgniter\View\View->CodeIgniter\View\{closure}()
 4 SYSTEMPATH\Common.php(1167): CodeIgniter\View\View->render('dashboard/index', [], true)
 5 APPPATH\Controllers\Dashboard.php(50): view('dashboard/index', [...])
 6 SYSTEMPATH\CodeIgniter.php(933): App\Controllers\Dashboard->index()
 7 SYSTEMPATH\CodeIgniter.php(507): CodeIgniter\CodeIgniter->runController(Object(App\Controllers\Dashboard))
 8 SYSTEMPATH\CodeIgniter.php(354): CodeIgniter\CodeIgniter->handleRequest(null, Object(Config\Cache), false)
 9 SYSTEMPATH\Boot.php(363): CodeIgniter\CodeIgniter->run()
10 SYSTEMPATH\Boot.php(68): CodeIgniter\Boot::runCodeIgniter(Object(CodeIgniter\CodeIgniter))
11 FCPATH\index.php(59): CodeIgniter\Boot::bootWeb(Object(Config\Paths))
12 SYSTEMPATH\rewrite.php(44): require_once('C:\\Users\\Richard Miculob\\Documents\\ReliefTrack\\public\\index.php')
DEBUG - 2026-03-01 19:33:33 --> Session: Class initialized using 'CodeIgniter\Session\Handlers\FileHandler' driver.
CRITICAL - 2026-03-01 19:33:33 --> ErrorException: Undefined variable $vulnerable_families
[Method: GET, Route: dashboard]
in APPPATH\Views\dashboard\index.php on line 48.
 1 APPPATH\Views\dashboard\index.php(48): CodeIgniter\Debug\Exceptions->errorHandler(2, 'Undefined variable $vulnerable_families', 'C:\\Users\\Richard Miculob\\Documents\\ReliefTrack\\app\\Views\\dashboard\\index.php', 48)
 2 SYSTEMPATH\View\View.php(226): include('C:\\Users\\Richard Miculob\\Documents\\ReliefTrack\\app\\Views\\dashboard\\index.php')
 3 SYSTEMPATH\View\View.php(229): CodeIgniter\View\View->CodeIgniter\View\{closure}()
 4 SYSTEMPATH\Common.php(1167): CodeIgniter\View\View->render('dashboard/index', [], true)
 5 APPPATH\Controllers\Dashboard.php(50): view('dashboard/index', [...])
 6 SYSTEMPATH\CodeIgniter.php(933): App\Controllers\Dashboard->index()
 7 SYSTEMPATH\CodeIgniter.php(507): CodeIgniter\CodeIgniter->runController(Object(App\Controllers\Dashboard))
 8 SYSTEMPATH\CodeIgniter.php(354): CodeIgniter\CodeIgniter->handleRequest(null, Object(Config\Cache), false)
 9 SYSTEMPATH\Boot.php(363): CodeIgniter\CodeIgniter->run()
10 SYSTEMPATH\Boot.php(68): CodeIgniter\Boot::runCodeIgniter(Object(CodeIgniter\CodeIgniter))
11 FCPATH\index.php(59): CodeIgniter\Boot::bootWeb(Object(Config\Paths))
12 SYSTEMPATH\rewrite.php(44): require_once('C:\\Users\\Richard Miculob\\Documents\\ReliefTrack\\public\\index.php')
DEBUG - 2026-03-01 19:33:36 --> Session: Class initialized using 'CodeIgniter\Session\Handlers\FileHandler' driver.
CRITICAL - 2026-03-01 19:33:36 --> ErrorException: Undefined variable $vulnerable_families
[Method: GET, Route: dashboard]
in APPPATH\Views\dashboard\index.php on line 48.
 1 APPPATH\Views\dashboard\index.php(48): CodeIgniter\Debug\Exceptions->errorHandler(2, 'Undefined variable $vulnerable_families', 'C:\\Users\\Richard Miculob\\Documents\\ReliefTrack\\app\\Views\\dashboard\\index.php', 48)
 2 SYSTEMPATH\View\View.php(226): include('C:\\Users\\Richard Miculob\\Documents\\ReliefTrack\\app\\Views\\dashboard\\index.php')
 3 SYSTEMPATH\View\View.php(229): CodeIgniter\View\View->CodeIgniter\View\{closure}()
 4 SYSTEMPATH\Common.php(1167): CodeIgniter\View\View->render('dashboard/index', [], true)
 5 APPPATH\Controllers\Dashboard.php(50): view('dashboard/index', [...])
 6 SYSTEMPATH\CodeIgniter.php(933): App\Controllers\Dashboard->index()
 7 SYSTEMPATH\CodeIgniter.php(507): CodeIgniter\CodeIgniter->runController(Object(App\Controllers\Dashboard))
 8 SYSTEMPATH\CodeIgniter.php(354): CodeIgniter\CodeIgniter->handleRequest(null, Object(Config\Cache), false)
 9 SYSTEMPATH\Boot.php(363): CodeIgniter\CodeIgniter->run()
10 SYSTEMPATH\Boot.php(68): CodeIgniter\Boot::runCodeIgniter(Object(CodeIgniter\CodeIgniter))
11 FCPATH\index.php(59): CodeIgniter\Boot::bootWeb(Object(Config\Paths))
12 SYSTEMPATH\rewrite.php(44): require_once('C:\\Users\\Richard Miculob\\Documents\\ReliefTrack\\public\\index.php')
DEBUG - 2026-03-01 19:34:59 --> Session: Class initialized using 'CodeIgniter\Session\Handlers\FileHandler' driver.
CRITICAL - 2026-03-01 19:34:59 --> ErrorException: Undefined variable $vulnerable_families
[Method: GET, Route: dashboard]
in APPPATH\Views\dashboard\index.php on line 48.
 1 APPPATH\Views\dashboard\index.php(48): CodeIgniter\Debug\Exceptions->errorHandler(2, 'Undefined variable $vulnerable_families', 'C:\\Users\\Richard Miculob\\Documents\\ReliefTrack\\app\\Views\\dashboard\\index.php', 48)
 2 SYSTEMPATH\View\View.php(226): include('C:\\Users\\Richard Miculob\\Documents\\ReliefTrack\\app\\Views\\dashboard\\index.php')
 3 SYSTEMPATH\View\View.php(229): CodeIgniter\View\View->CodeIgniter\View\{closure}()
 4 SYSTEMPATH\Common.php(1167): CodeIgniter\View\View->render('dashboard/index', [], true)
 5 APPPATH\Controllers\Dashboard.php(50): view('dashboard/index', [...])
 6 SYSTEMPATH\CodeIgniter.php(933): App\Controllers\Dashboard->index()
 7 SYSTEMPATH\CodeIgniter.php(507): CodeIgniter\CodeIgniter->runController(Object(App\Controllers\Dashboard))
 8 SYSTEMPATH\CodeIgniter.php(354): CodeIgniter\CodeIgniter->handleRequest(null, Object(Config\Cache), false)
 9 SYSTEMPATH\Boot.php(363): CodeIgniter\CodeIgniter->run()
10 SYSTEMPATH\Boot.php(68): CodeIgniter\Boot::runCodeIgniter(Object(CodeIgniter\CodeIgniter))
11 FCPATH\index.php(59): CodeIgniter\Boot::bootWeb(Object(Config\Paths))
12 SYSTEMPATH\rewrite.php(44): require_once('C:\\Users\\Richard Miculob\\Documents\\ReliefTrack\\public\\index.php')
DEBUG - 2026-03-01 19:35:21 --> Session: Class initialized using 'CodeIgniter\Session\Handlers\FileHandler' driver.
CRITICAL - 2026-03-01 19:35:21 --> ErrorException: Undefined variable $pending_distribution
[Method: GET, Route: dashboard]
in APPPATH\Views\dashboard\index.php on line 59.
 1 APPPATH\Views\dashboard\index.php(59): CodeIgniter\Debug\Exceptions->errorHandler(2, 'Undefined variable $pending_distribution', 'C:\\Users\\Richard Miculob\\Documents\\ReliefTrack\\app\\Views\\dashboard\\index.php', 59)
 2 SYSTEMPATH\View\View.php(226): include('C:\\Users\\Richard Miculob\\Documents\\ReliefTrack\\app\\Views\\dashboard\\index.php')
 3 SYSTEMPATH\View\View.php(229): CodeIgniter\View\View->CodeIgniter\View\{closure}()
 4 SYSTEMPATH\Common.php(1167): CodeIgniter\View\View->render('dashboard/index', [], true)
 5 APPPATH\Controllers\Dashboard.php(50): view('dashboard/index', [...])
 6 SYSTEMPATH\CodeIgniter.php(933): App\Controllers\Dashboard->index()
 7 SYSTEMPATH\CodeIgniter.php(507): CodeIgniter\CodeIgniter->runController(Object(App\Controllers\Dashboard))
 8 SYSTEMPATH\CodeIgniter.php(354): CodeIgniter\CodeIgniter->handleRequest(null, Object(Config\Cache), false)
 9 SYSTEMPATH\Boot.php(363): CodeIgniter\CodeIgniter->run()
10 SYSTEMPATH\Boot.php(68): CodeIgniter\Boot::runCodeIgniter(Object(CodeIgniter\CodeIgniter))
11 FCPATH\index.php(59): CodeIgniter\Boot::bootWeb(Object(Config\Paths))
12 SYSTEMPATH\rewrite.php(44): require_once('C:\\Users\\Richard Miculob\\Documents\\ReliefTrack\\public\\index.php')
DEBUG - 2026-03-01 19:35:28 --> Session: Class initialized using 'CodeIgniter\Session\Handlers\FileHandler' driver.
CRITICAL - 2026-03-01 19:35:28 --> ErrorException: Undefined variable $pending_distribution
[Method: GET, Route: dashboard]
in APPPATH\Views\dashboard\index.php on line 59.
 1 APPPATH\Views\dashboard\index.php(59): CodeIgniter\Debug\Exceptions->errorHandler(2, 'Undefined variable $pending_distribution', 'C:\\Users\\Richard Miculob\\Documents\\ReliefTrack\\app\\Views\\dashboard\\index.php', 59)
 2 SYSTEMPATH\View\View.php(226): include('C:\\Users\\Richard Miculob\\Documents\\ReliefTrack\\app\\Views\\dashboard\\index.php')
 3 SYSTEMPATH\View\View.php(229): CodeIgniter\View\View->CodeIgniter\View\{closure}()
 4 SYSTEMPATH\Common.php(1167): CodeIgniter\View\View->render('dashboard/index', [], true)
 5 APPPATH\Controllers\Dashboard.php(50): view('dashboard/index', [...])
 6 SYSTEMPATH\CodeIgniter.php(933): App\Controllers\Dashboard->index()
 7 SYSTEMPATH\CodeIgniter.php(507): CodeIgniter\CodeIgniter->runController(Object(App\Controllers\Dashboard))
 8 SYSTEMPATH\CodeIgniter.php(354): CodeIgniter\CodeIgniter->handleRequest(null, Object(Config\Cache), false)
 9 SYSTEMPATH\Boot.php(363): CodeIgniter\CodeIgniter->run()
10 SYSTEMPATH\Boot.php(68): CodeIgniter\Boot::runCodeIgniter(Object(CodeIgniter\CodeIgniter))
11 FCPATH\index.php(59): CodeIgniter\Boot::bootWeb(Object(Config\Paths))
12 SYSTEMPATH\rewrite.php(44): require_once('C:\\Users\\Richard Miculob\\Documents\\ReliefTrack\\public\\index.php')
DEBUG - 2026-03-01 19:38:02 --> Session: Class initialized using 'CodeIgniter\Session\Handlers\FileHandler' driver.
CRITICAL - 2026-03-01 19:38:02 --> ErrorException: Undefined variable $pending_distribution
[Method: GET, Route: dashboard]
in APPPATH\Views\dashboard\index.php on line 59.
 1 APPPATH\Views\dashboard\index.php(59): CodeIgniter\Debug\Exceptions->errorHandler(2, 'Undefined variable $pending_distribution', 'C:\\Users\\Richard Miculob\\Documents\\ReliefTrack\\app\\Views\\dashboard\\index.php', 59)
 2 SYSTEMPATH\View\View.php(226): include('C:\\Users\\Richard Miculob\\Documents\\ReliefTrack\\app\\Views\\dashboard\\index.php')
 3 SYSTEMPATH\View\View.php(229): CodeIgniter\View\View->CodeIgniter\View\{closure}()
 4 SYSTEMPATH\Common.php(1167): CodeIgniter\View\View->render('dashboard/index', [], true)
 5 APPPATH\Controllers\Dashboard.php(50): view('dashboard/index', [...])
 6 SYSTEMPATH\CodeIgniter.php(933): App\Controllers\Dashboard->index()
 7 SYSTEMPATH\CodeIgniter.php(507): CodeIgniter\CodeIgniter->runController(Object(App\Controllers\Dashboard))
 8 SYSTEMPATH\CodeIgniter.php(354): CodeIgniter\CodeIgniter->handleRequest(null, Object(Config\Cache), false)
 9 SYSTEMPATH\Boot.php(363): CodeIgniter\CodeIgniter->run()
10 SYSTEMPATH\Boot.php(68): CodeIgniter\Boot::runCodeIgniter(Object(CodeIgniter\CodeIgniter))
11 FCPATH\index.php(59): CodeIgniter\Boot::bootWeb(Object(Config\Paths))
12 SYSTEMPATH\rewrite.php(44): require_once('C:\\Users\\Richard Miculob\\Documents\\ReliefTrack\\public\\index.php')
DEBUG - 2026-03-01 19:40:57 --> Session: Class initialized using 'CodeIgniter\Session\Handlers\FileHandler' driver.
DEBUG - 2026-03-01 19:54:23 --> Session: Class initialized using 'CodeIgniter\Session\Handlers\FileHandler' driver.
DEBUG - 2026-03-01 20:00:07 --> Session: Class initialized using 'CodeIgniter\Session\Handlers\FileHandler' driver.
DEBUG - 2026-03-01 20:06:01 --> Session: Class initialized using 'CodeIgniter\Session\Handlers\FileHandler' driver.
CRITICAL - 2026-03-01 20:06:01 --> ErrorException: Undefined array key "distributor_name"
[Method: GET, Route: reports]
in APPPATH\Views\reports\distribution.php on line 27.
 1 APPPATH\Views\reports\distribution.php(27): CodeIgniter\Debug\Exceptions->errorHandler(2, 'Undefined array key "distributor_name"', 'C:\\Users\\Richard Miculob\\Documents\\ReliefTrack\\app\\Views\\reports\\distribution.php', 27)
 2 SYSTEMPATH\View\View.php(226): include('C:\\Users\\Richard Miculob\\Documents\\ReliefTrack\\app\\Views\\reports\\distribution.php')
 3 SYSTEMPATH\View\View.php(229): CodeIgniter\View\View->CodeIgniter\View\{closure}()
 4 SYSTEMPATH\Common.php(1167): CodeIgniter\View\View->render('reports/distribution', [], true)
 5 APPPATH\Controllers\Reports.php(30): view('reports/distribution', [...])
 6 SYSTEMPATH\CodeIgniter.php(933): App\Controllers\Reports->index()
 7 SYSTEMPATH\CodeIgniter.php(507): CodeIgniter\CodeIgniter->runController(Object(App\Controllers\Reports))
 8 SYSTEMPATH\CodeIgniter.php(354): CodeIgniter\CodeIgniter->handleRequest(null, Object(Config\Cache), false)
 9 SYSTEMPATH\Boot.php(363): CodeIgniter\CodeIgniter->run()
10 SYSTEMPATH\Boot.php(68): CodeIgniter\Boot::runCodeIgniter(Object(CodeIgniter\CodeIgniter))
11 FCPATH\index.php(59): CodeIgniter\Boot::bootWeb(Object(Config\Paths))
12 SYSTEMPATH\rewrite.php(44): require_once('C:\\Users\\Richard Miculob\\Documents\\ReliefTrack\\public\\index.php')
DEBUG - 2026-03-01 20:06:14 --> Session: Class initialized using 'CodeIgniter\Session\Handlers\FileHandler' driver.
DEBUG - 2026-03-01 20:11:43 --> Session: Class initialized using 'CodeIgniter\Session\Handlers\FileHandler' driver.
DEBUG - 2026-03-01 20:11:44 --> Session: Class initialized using 'CodeIgniter\Session\Handlers\FileHandler' driver.
CRITICAL - 2026-03-01 20:11:44 --> CodeIgniter\View\Exceptions\ViewException: Invalid file: "main.php"
[Method: GET, Route: reports]
in SYSTEMPATH\Exceptions\FrameworkException.php on line 39.
 1 SYSTEMPATH\View\View.php(214): CodeIgniter\Exceptions\FrameworkException::forInvalidFile('main.php')
 2 SYSTEMPATH\View\View.php(242): CodeIgniter\View\View->render('main', [], true)
 3 SYSTEMPATH\Common.php(1167): CodeIgniter\View\View->render('reports/index', [], true)
 4 APPPATH\Controllers\Reports.php(124): view('reports/index', [...])
 5 SYSTEMPATH\CodeIgniter.php(933): App\Controllers\Reports->index()
 6 SYSTEMPATH\CodeIgniter.php(507): CodeIgniter\CodeIgniter->runController(Object(App\Controllers\Reports))
 7 SYSTEMPATH\CodeIgniter.php(354): CodeIgniter\CodeIgniter->handleRequest(null, Object(Config\Cache), false)
 8 SYSTEMPATH\Boot.php(363): CodeIgniter\CodeIgniter->run()
 9 SYSTEMPATH\Boot.php(68): CodeIgniter\Boot::runCodeIgniter(Object(CodeIgniter\CodeIgniter))
10 FCPATH\index.php(59): CodeIgniter\Boot::bootWeb(Object(Config\Paths))
11 SYSTEMPATH\rewrite.php(44): require_once('C:\\Users\\Richard Miculob\\Documents\\ReliefTrack\\public\\index.php')
DEBUG - 2026-03-01 20:12:15 --> Session: Class initialized using 'CodeIgniter\Session\Handlers\FileHandler' driver.
DEBUG - 2026-03-01 20:12:33 --> Session: Class initialized using 'CodeIgniter\Session\Handlers\FileHandler' driver.
DEBUG - 2026-03-01 20:15:26 --> Session: Class initialized using 'CodeIgniter\Session\Handlers\FileHandler' driver.
CRITICAL - 2026-03-01 20:15:26 --> CodeIgniter\Exceptions\BadMethodCallException: Call to undefined method App\Models\ResidentModel::getDistributionByBarangay
[Method: GET, Route: dashboard]
in SYSTEMPATH\Model.php on line 927.
 1 APPPATH\Controllers\Dashboard.php(51): CodeIgniter\Model->__call('getDistributionByBarangay', [...])
 2 SYSTEMPATH\CodeIgniter.php(933): App\Controllers\Dashboard->index()
 3 SYSTEMPATH\CodeIgniter.php(507): CodeIgniter\CodeIgniter->runController(Object(App\Controllers\Dashboard))
 4 SYSTEMPATH\CodeIgniter.php(354): CodeIgniter\CodeIgniter->handleRequest(null, Object(Config\Cache), false)
 5 SYSTEMPATH\Boot.php(363): CodeIgniter\CodeIgniter->run()
 6 SYSTEMPATH\Boot.php(68): CodeIgniter\Boot::runCodeIgniter(Object(CodeIgniter\CodeIgniter))
 7 FCPATH\index.php(59): CodeIgniter\Boot::bootWeb(Object(Config\Paths))
 8 SYSTEMPATH\rewrite.php(44): require_once('C:\\Users\\Richard Miculob\\Documents\\ReliefTrack\\public\\index.php')
DEBUG - 2026-03-01 20:15:48 --> Session: Class initialized using 'CodeIgniter\Session\Handlers\FileHandler' driver.
CRITICAL - 2026-03-01 20:15:48 --> CodeIgniter\Exceptions\BadMethodCallException: Call to undefined method App\Models\ResidentModel::getDistributionByBarangay
[Method: GET, Route: dashboard]
in SYSTEMPATH\Model.php on line 927.
 1 APPPATH\Controllers\Dashboard.php(51): CodeIgniter\Model->__call('getDistributionByBarangay', [...])
 2 SYSTEMPATH\CodeIgniter.php(933): App\Controllers\Dashboard->index()
 3 SYSTEMPATH\CodeIgniter.php(507): CodeIgniter\CodeIgniter->runController(Object(App\Controllers\Dashboard))
 4 SYSTEMPATH\CodeIgniter.php(354): CodeIgniter\CodeIgniter->handleRequest(null, Object(Config\Cache), false)
 5 SYSTEMPATH\Boot.php(363): CodeIgniter\CodeIgniter->run()
 6 SYSTEMPATH\Boot.php(68): CodeIgniter\Boot::runCodeIgniter(Object(CodeIgniter\CodeIgniter))
 7 FCPATH\index.php(59): CodeIgniter\Boot::bootWeb(Object(Config\Paths))
 8 SYSTEMPATH\rewrite.php(44): require_once('C:\\Users\\Richard Miculob\\Documents\\ReliefTrack\\public\\index.php')
DEBUG - 2026-03-01 20:16:31 --> Session: Class initialized using 'CodeIgniter\Session\Handlers\FileHandler' driver.
DEBUG - 2026-03-01 20:24:52 --> Session: Class initialized using 'CodeIgniter\Session\Handlers\FileHandler' driver.
DEBUG - 2026-03-01 20:24:52 --> Session: Class initialized using 'CodeIgniter\Session\Handlers\FileHandler' driver.
DEBUG - 2026-03-01 20:26:51 --> Session: Class initialized using 'CodeIgniter\Session\Handlers\FileHandler' driver.
DEBUG - 2026-03-01 20:27:01 --> Session: Class initialized using 'CodeIgniter\Session\Handlers\FileHandler' driver.
DEBUG - 2026-03-01 20:28:25 --> Session: Class initialized using 'CodeIgniter\Session\Handlers\FileHandler' driver.
DEBUG - 2026-03-01 20:29:36 --> Session: Class initialized using 'CodeIgniter\Session\Handlers\FileHandler' driver.
DEBUG - 2026-03-01 20:30:53 --> Session: Class initialized using 'CodeIgniter\Session\Handlers\FileHandler' driver.
DEBUG - 2026-03-01 20:32:19 --> Session: Class initialized using 'CodeIgniter\Session\Handlers\FileHandler' driver.
DEBUG - 2026-03-01 20:33:10 --> Session: Class initialized using 'CodeIgniter\Session\Handlers\FileHandler' driver.
DEBUG - 2026-03-01 20:33:17 --> Session: Class initialized using 'CodeIgniter\Session\Handlers\FileHandler' driver.
DEBUG - 2026-03-01 20:33:17 --> Session: Class initialized using 'CodeIgniter\Session\Handlers\FileHandler' driver.
DEBUG - 2026-03-01 20:33:21 --> Session: Class initialized using 'CodeIgniter\Session\Handlers\FileHandler' driver.
DEBUG - 2026-03-01 20:33:24 --> Session: Class initialized using 'CodeIgniter\Session\Handlers\FileHandler' driver.
DEBUG - 2026-03-01 20:33:28 --> Session: Class initialized using 'CodeIgniter\Session\Handlers\FileHandler' driver.
DEBUG - 2026-03-01 20:33:28 --> Session: Class initialized using 'CodeIgniter\Session\Handlers\FileHandler' driver.
DEBUG - 2026-03-01 20:33:54 --> Session: Class initialized using 'CodeIgniter\Session\Handlers\FileHandler' driver.
DEBUG - 2026-03-01 20:33:55 --> Session: Class initialized using 'CodeIgniter\Session\Handlers\FileHandler' driver.
DEBUG - 2026-03-01 20:35:37 --> Session: Class initialized using 'CodeIgniter\Session\Handlers\FileHandler' driver.
DEBUG - 2026-03-01 20:36:28 --> Session: Class initialized using 'CodeIgniter\Session\Handlers\FileHandler' driver.
DEBUG - 2026-03-01 20:37:30 --> Session: Class initialized using 'CodeIgniter\Session\Handlers\FileHandler' driver.
DEBUG - 2026-03-01 20:40:30 --> Session: Class initialized using 'CodeIgniter\Session\Handlers\FileHandler' driver.
DEBUG - 2026-03-01 20:41:02 --> Session: Class initialized using 'CodeIgniter\Session\Handlers\FileHandler' driver.
DEBUG - 2026-03-01 20:42:02 --> Session: Class initialized using 'CodeIgniter\Session\Handlers\FileHandler' driver.
CRITICAL - 2026-03-01 20:42:02 --> ErrorException: Undefined array key "resident_name"
[Method: GET, Route: dashboard]
in APPPATH\Views\layout\main.php on line 184.
 1 APPPATH\Views\layout\main.php(184): CodeIgniter\Debug\Exceptions->errorHandler(2, 'Undefined array key "resident_name"', 'C:\\Users\\Richard Miculob\\Documents\\ReliefTrack\\app\\Views\\layout\\main.php', 184)
 2 SYSTEMPATH\View\View.php(226): include('C:\\Users\\Richard Miculob\\Documents\\ReliefTrack\\app\\Views\\layout\\main.php')
 3 SYSTEMPATH\View\View.php(229): CodeIgniter\View\View->CodeIgniter\View\{closure}()
 4 SYSTEMPATH\View\View.php(242): CodeIgniter\View\View->render('layout/main', [], true)
 5 SYSTEMPATH\Common.php(1167): CodeIgniter\View\View->render('dashboard/index', [], true)
 6 APPPATH\Controllers\Dashboard.php(56): view('dashboard/index', [...])
 7 SYSTEMPATH\CodeIgniter.php(933): App\Controllers\Dashboard->index()
 8 SYSTEMPATH\CodeIgniter.php(507): CodeIgniter\CodeIgniter->runController(Object(App\Controllers\Dashboard))
 9 SYSTEMPATH\CodeIgniter.php(354): CodeIgniter\CodeIgniter->handleRequest(null, Object(Config\Cache), false)
10 SYSTEMPATH\Boot.php(363): CodeIgniter\CodeIgniter->run()
11 SYSTEMPATH\Boot.php(68): CodeIgniter\Boot::runCodeIgniter(Object(CodeIgniter\CodeIgniter))
12 FCPATH\index.php(59): CodeIgniter\Boot::bootWeb(Object(Config\Paths))
13 SYSTEMPATH\rewrite.php(44): require_once('C:\\Users\\Richard Miculob\\Documents\\ReliefTrack\\public\\index.php')
DEBUG - 2026-03-01 20:43:18 --> Session: Class initialized using 'CodeIgniter\Session\Handlers\FileHandler' driver.
CRITICAL - 2026-03-01 20:43:25 --> ErrorException: Allowed memory size of 536870912 bytes exhausted (tried to allocate 20480 bytes)
[Method: GET, Route: dashboard]
in SYSTEMPATH\View\View.php on line 427.
 1 [internal function]: CodeIgniter\Debug\Exceptions->shutdownHandler()
DEBUG - 2026-03-01 20:43:39 --> Session: Class initialized using 'CodeIgniter\Session\Handlers\FileHandler' driver.
CRITICAL - 2026-03-01 20:43:40 --> ErrorException: Undefined array key "resident_name"
[Method: GET, Route: dashboard]
in APPPATH\Views\layout\main.php on line 184.
 1 APPPATH\Views\layout\main.php(184): CodeIgniter\Debug\Exceptions->errorHandler(2, 'Undefined array key "resident_name"', 'C:\\Users\\Richard Miculob\\Documents\\ReliefTrack\\app\\Views\\layout\\main.php', 184)
 2 SYSTEMPATH\View\View.php(226): include('C:\\Users\\Richard Miculob\\Documents\\ReliefTrack\\app\\Views\\layout\\main.php')
 3 SYSTEMPATH\View\View.php(229): CodeIgniter\View\View->CodeIgniter\View\{closure}()
 4 SYSTEMPATH\View\View.php(242): CodeIgniter\View\View->render('layout/main', [], true)
 5 SYSTEMPATH\Common.php(1167): CodeIgniter\View\View->render('dashboard/index', [], true)
 6 APPPATH\Controllers\Dashboard.php(56): view('dashboard/index', [...])
 7 SYSTEMPATH\CodeIgniter.php(933): App\Controllers\Dashboard->index()
 8 SYSTEMPATH\CodeIgniter.php(507): CodeIgniter\CodeIgniter->runController(Object(App\Controllers\Dashboard))
 9 SYSTEMPATH\CodeIgniter.php(354): CodeIgniter\CodeIgniter->handleRequest(null, Object(Config\Cache), false)
10 SYSTEMPATH\Boot.php(363): CodeIgniter\CodeIgniter->run()
11 SYSTEMPATH\Boot.php(68): CodeIgniter\Boot::runCodeIgniter(Object(CodeIgniter\CodeIgniter))
12 FCPATH\index.php(59): CodeIgniter\Boot::bootWeb(Object(Config\Paths))
13 SYSTEMPATH\rewrite.php(44): require_once('C:\\Users\\Richard Miculob\\Documents\\ReliefTrack\\public\\index.php')
DEBUG - 2026-03-01 20:43:45 --> Session: Class initialized using 'CodeIgniter\Session\Handlers\FileHandler' driver.
CRITICAL - 2026-03-01 20:43:45 --> ErrorException: Undefined array key "resident_name"
[Method: GET, Route: dashboard]
in APPPATH\Views\layout\main.php on line 184.
 1 APPPATH\Views\layout\main.php(184): CodeIgniter\Debug\Exceptions->errorHandler(2, 'Undefined array key "resident_name"', 'C:\\Users\\Richard Miculob\\Documents\\ReliefTrack\\app\\Views\\layout\\main.php', 184)
 2 SYSTEMPATH\View\View.php(226): include('C:\\Users\\Richard Miculob\\Documents\\ReliefTrack\\app\\Views\\layout\\main.php')
 3 SYSTEMPATH\View\View.php(229): CodeIgniter\View\View->CodeIgniter\View\{closure}()
 4 SYSTEMPATH\View\View.php(242): CodeIgniter\View\View->render('layout/main', [], true)
 5 SYSTEMPATH\Common.php(1167): CodeIgniter\View\View->render('dashboard/index', [], true)
 6 APPPATH\Controllers\Dashboard.php(56): view('dashboard/index', [...])
 7 SYSTEMPATH\CodeIgniter.php(933): App\Controllers\Dashboard->index()
 8 SYSTEMPATH\CodeIgniter.php(507): CodeIgniter\CodeIgniter->runController(Object(App\Controllers\Dashboard))
 9 SYSTEMPATH\CodeIgniter.php(354): CodeIgniter\CodeIgniter->handleRequest(null, Object(Config\Cache), false)
10 SYSTEMPATH\Boot.php(363): CodeIgniter\CodeIgniter->run()
11 SYSTEMPATH\Boot.php(68): CodeIgniter\Boot::runCodeIgniter(Object(CodeIgniter\CodeIgniter))
12 FCPATH\index.php(59): CodeIgniter\Boot::bootWeb(Object(Config\Paths))
13 SYSTEMPATH\rewrite.php(44): require_once('C:\\Users\\Richard Miculob\\Documents\\ReliefTrack\\public\\index.php')
DEBUG - 2026-03-01 20:43:48 --> Session: Class initialized using 'CodeIgniter\Session\Handlers\FileHandler' driver.
CRITICAL - 2026-03-01 20:43:48 --> ErrorException: Undefined array key "resident_name"
[Method: GET, Route: dashboard]
in APPPATH\Views\layout\main.php on line 184.
 1 APPPATH\Views\layout\main.php(184): CodeIgniter\Debug\Exceptions->errorHandler(2, 'Undefined array key "resident_name"', 'C:\\Users\\Richard Miculob\\Documents\\ReliefTrack\\app\\Views\\layout\\main.php', 184)
 2 SYSTEMPATH\View\View.php(226): include('C:\\Users\\Richard Miculob\\Documents\\ReliefTrack\\app\\Views\\layout\\main.php')
 3 SYSTEMPATH\View\View.php(229): CodeIgniter\View\View->CodeIgniter\View\{closure}()
 4 SYSTEMPATH\View\View.php(242): CodeIgniter\View\View->render('layout/main', [], true)
 5 SYSTEMPATH\Common.php(1167): CodeIgniter\View\View->render('dashboard/index', [], true)
 6 APPPATH\Controllers\Dashboard.php(56): view('dashboard/index', [...])
 7 SYSTEMPATH\CodeIgniter.php(933): App\Controllers\Dashboard->index()
 8 SYSTEMPATH\CodeIgniter.php(507): CodeIgniter\CodeIgniter->runController(Object(App\Controllers\Dashboard))
 9 SYSTEMPATH\CodeIgniter.php(354): CodeIgniter\CodeIgniter->handleRequest(null, Object(Config\Cache), false)
10 SYSTEMPATH\Boot.php(363): CodeIgniter\CodeIgniter->run()
11 SYSTEMPATH\Boot.php(68): CodeIgniter\Boot::runCodeIgniter(Object(CodeIgniter\CodeIgniter))
12 FCPATH\index.php(59): CodeIgniter\Boot::bootWeb(Object(Config\Paths))
13 SYSTEMPATH\rewrite.php(44): require_once('C:\\Users\\Richard Miculob\\Documents\\ReliefTrack\\public\\index.php')
DEBUG - 2026-03-01 20:43:57 --> Session: Class initialized using 'CodeIgniter\Session\Handlers\FileHandler' driver.
DEBUG - 2026-03-01 20:44:12 --> Session: Class initialized using 'CodeIgniter\Session\Handlers\FileHandler' driver.
CRITICAL - 2026-03-01 20:44:12 --> ErrorException: Undefined array key "resident_name"
[Method: GET, Route: dashboard]
in APPPATH\Views\dashboard\index.php on line 184.
 1 APPPATH\Views\dashboard\index.php(184): CodeIgniter\Debug\Exceptions->errorHandler(2, 'Undefined array key "resident_name"', 'C:\\Users\\Richard Miculob\\Documents\\ReliefTrack\\app\\Views\\dashboard\\index.php', 184)
 2 SYSTEMPATH\View\View.php(226): include('C:\\Users\\Richard Miculob\\Documents\\ReliefTrack\\app\\Views\\dashboard\\index.php')
 3 SYSTEMPATH\View\View.php(229): CodeIgniter\View\View->CodeIgniter\View\{closure}()
 4 SYSTEMPATH\Common.php(1167): CodeIgniter\View\View->render('dashboard/index', [], true)
 5 APPPATH\Controllers\Dashboard.php(56): view('dashboard/index', [...])
 6 SYSTEMPATH\CodeIgniter.php(933): App\Controllers\Dashboard->index()
 7 SYSTEMPATH\CodeIgniter.php(507): CodeIgniter\CodeIgniter->runController(Object(App\Controllers\Dashboard))
 8 SYSTEMPATH\CodeIgniter.php(354): CodeIgniter\CodeIgniter->handleRequest(null, Object(Config\Cache), false)
 9 SYSTEMPATH\Boot.php(363): CodeIgniter\CodeIgniter->run()
10 SYSTEMPATH\Boot.php(68): CodeIgniter\Boot::runCodeIgniter(Object(CodeIgniter\CodeIgniter))
11 FCPATH\index.php(59): CodeIgniter\Boot::bootWeb(Object(Config\Paths))
12 SYSTEMPATH\rewrite.php(44): require_once('C:\\Users\\Richard Miculob\\Documents\\ReliefTrack\\public\\index.php')
DEBUG - 2026-03-01 20:44:15 --> Session: Class initialized using 'CodeIgniter\Session\Handlers\FileHandler' driver.
DEBUG - 2026-03-01 20:44:15 --> Session: Class initialized using 'CodeIgniter\Session\Handlers\FileHandler' driver.
CRITICAL - 2026-03-01 20:44:15 --> ErrorException: Undefined array key "resident_name"
[Method: GET, Route: dashboard]
in APPPATH\Views\dashboard\index.php on line 184.
 1 APPPATH\Views\dashboard\index.php(184): CodeIgniter\Debug\Exceptions->errorHandler(2, 'Undefined array key "resident_name"', 'C:\\Users\\Richard Miculob\\Documents\\ReliefTrack\\app\\Views\\dashboard\\index.php', 184)
 2 SYSTEMPATH\View\View.php(226): include('C:\\Users\\Richard Miculob\\Documents\\ReliefTrack\\app\\Views\\dashboard\\index.php')
 3 SYSTEMPATH\View\View.php(229): CodeIgniter\View\View->CodeIgniter\View\{closure}()
 4 SYSTEMPATH\Common.php(1167): CodeIgniter\View\View->render('dashboard/index', [], true)
 5 APPPATH\Controllers\Dashboard.php(56): view('dashboard/index', [...])
 6 SYSTEMPATH\CodeIgniter.php(933): App\Controllers\Dashboard->index()
 7 SYSTEMPATH\CodeIgniter.php(507): CodeIgniter\CodeIgniter->runController(Object(App\Controllers\Dashboard))
 8 SYSTEMPATH\CodeIgniter.php(354): CodeIgniter\CodeIgniter->handleRequest(null, Object(Config\Cache), false)
 9 SYSTEMPATH\Boot.php(363): CodeIgniter\CodeIgniter->run()
10 SYSTEMPATH\Boot.php(68): CodeIgniter\Boot::runCodeIgniter(Object(CodeIgniter\CodeIgniter))
11 FCPATH\index.php(59): CodeIgniter\Boot::bootWeb(Object(Config\Paths))
12 SYSTEMPATH\rewrite.php(44): require_once('C:\\Users\\Richard Miculob\\Documents\\ReliefTrack\\public\\index.php')
DEBUG - 2026-03-01 20:44:15 --> Session: Class initialized using 'CodeIgniter\Session\Handlers\FileHandler' driver.
DEBUG - 2026-03-01 20:44:17 --> Session: Class initialized using 'CodeIgniter\Session\Handlers\FileHandler' driver.
CRITICAL - 2026-03-01 20:44:18 --> ErrorException: Undefined array key "resident_name"
[Method: GET, Route: dashboard]
in APPPATH\Views\dashboard\index.php on line 184.
 1 APPPATH\Views\dashboard\index.php(184): CodeIgniter\Debug\Exceptions->errorHandler(2, 'Undefined array key "resident_name"', 'C:\\Users\\Richard Miculob\\Documents\\ReliefTrack\\app\\Views\\dashboard\\index.php', 184)
 2 SYSTEMPATH\View\View.php(226): include('C:\\Users\\Richard Miculob\\Documents\\ReliefTrack\\app\\Views\\dashboard\\index.php')
 3 SYSTEMPATH\View\View.php(229): CodeIgniter\View\View->CodeIgniter\View\{closure}()
 4 SYSTEMPATH\Common.php(1167): CodeIgniter\View\View->render('dashboard/index', [], true)
 5 APPPATH\Controllers\Dashboard.php(56): view('dashboard/index', [...])
 6 SYSTEMPATH\CodeIgniter.php(933): App\Controllers\Dashboard->index()
 7 SYSTEMPATH\CodeIgniter.php(507): CodeIgniter\CodeIgniter->runController(Object(App\Controllers\Dashboard))
 8 SYSTEMPATH\CodeIgniter.php(354): CodeIgniter\CodeIgniter->handleRequest(null, Object(Config\Cache), false)
 9 SYSTEMPATH\Boot.php(363): CodeIgniter\CodeIgniter->run()
10 SYSTEMPATH\Boot.php(68): CodeIgniter\Boot::runCodeIgniter(Object(CodeIgniter\CodeIgniter))
11 FCPATH\index.php(59): CodeIgniter\Boot::bootWeb(Object(Config\Paths))
12 SYSTEMPATH\rewrite.php(44): require_once('C:\\Users\\Richard Miculob\\Documents\\ReliefTrack\\public\\index.php')
DEBUG - 2026-03-01 20:44:29 --> Session: Class initialized using 'CodeIgniter\Session\Handlers\FileHandler' driver.
DEBUG - 2026-03-01 20:44:55 --> Session: Class initialized using 'CodeIgniter\Session\Handlers\FileHandler' driver.
DEBUG - 2026-03-01 20:45:22 --> Session: Class initialized using 'CodeIgniter\Session\Handlers\FileHandler' driver.
DEBUG - 2026-03-01 20:53:07 --> Session: Class initialized using 'CodeIgniter\Session\Handlers\FileHandler' driver.
CRITICAL - 2026-03-01 20:53:07 --> ErrorException: Undefined array key "resident_name"
[Method: GET, Route: dashboard]
in APPPATH\Views\dashboard\index.php on line 197.
 1 APPPATH\Views\dashboard\index.php(197): CodeIgniter\Debug\Exceptions->errorHandler(2, 'Undefined array key "resident_name"', 'C:\\Users\\Richard Miculob\\Documents\\ReliefTrack\\app\\Views\\dashboard\\index.php', 197)
 2 SYSTEMPATH\View\View.php(226): include('C:\\Users\\Richard Miculob\\Documents\\ReliefTrack\\app\\Views\\dashboard\\index.php')
 3 SYSTEMPATH\View\View.php(229): CodeIgniter\View\View->CodeIgniter\View\{closure}()
 4 SYSTEMPATH\Common.php(1167): CodeIgniter\View\View->render('dashboard/index', [], true)
 5 APPPATH\Controllers\Dashboard.php(56): view('dashboard/index', [...])
 6 SYSTEMPATH\CodeIgniter.php(933): App\Controllers\Dashboard->index()
 7 SYSTEMPATH\CodeIgniter.php(507): CodeIgniter\CodeIgniter->runController(Object(App\Controllers\Dashboard))
 8 SYSTEMPATH\CodeIgniter.php(354): CodeIgniter\CodeIgniter->handleRequest(null, Object(Config\Cache), false)
 9 SYSTEMPATH\Boot.php(363): CodeIgniter\CodeIgniter->run()
10 SYSTEMPATH\Boot.php(68): CodeIgniter\Boot::runCodeIgniter(Object(CodeIgniter\CodeIgniter))
11 FCPATH\index.php(59): CodeIgniter\Boot::bootWeb(Object(Config\Paths))
12 SYSTEMPATH\rewrite.php(44): require_once('C:\\Users\\Richard Miculob\\Documents\\ReliefTrack\\public\\index.php')
DEBUG - 2026-03-01 20:53:46 --> Session: Class initialized using 'CodeIgniter\Session\Handlers\FileHandler' driver.
DEBUG - 2026-03-01 20:54:37 --> Session: Class initialized using 'CodeIgniter\Session\Handlers\FileHandler' driver.
DEBUG - 2026-03-01 20:56:01 --> Session: Class initialized using 'CodeIgniter\Session\Handlers\FileHandler' driver.
DEBUG - 2026-03-01 20:56:30 --> Session: Class initialized using 'CodeIgniter\Session\Handlers\FileHandler' driver.
DEBUG - 2026-03-01 21:00:13 --> Session: Class initialized using 'CodeIgniter\Session\Handlers\FileHandler' driver.
DEBUG - 2026-03-01 21:01:13 --> Session: Class initialized using 'CodeIgniter\Session\Handlers\FileHandler' driver.
DEBUG - 2026-03-01 21:01:16 --> Session: Class initialized using 'CodeIgniter\Session\Handlers\FileHandler' driver.
DEBUG - 2026-03-01 21:01:38 --> Session: Class initialized using 'CodeIgniter\Session\Handlers\FileHandler' driver.
DEBUG - 2026-03-01 21:01:55 --> Session: Class initialized using 'CodeIgniter\Session\Handlers\FileHandler' driver.
DEBUG - 2026-03-01 21:01:56 --> Session: Class initialized using 'CodeIgniter\Session\Handlers\FileHandler' driver.
DEBUG - 2026-03-01 21:01:56 --> Session: Class initialized using 'CodeIgniter\Session\Handlers\FileHandler' driver.
DEBUG - 2026-03-01 21:01:57 --> Session: Class initialized using 'CodeIgniter\Session\Handlers\FileHandler' driver.
DEBUG - 2026-03-01 21:05:49 --> Session: Class initialized using 'CodeIgniter\Session\Handlers\FileHandler' driver.
DEBUG - 2026-03-01 21:06:13 --> Session: Class initialized using 'CodeIgniter\Session\Handlers\FileHandler' driver.
DEBUG - 2026-03-01 21:06:56 --> Session: Class initialized using 'CodeIgniter\Session\Handlers\FileHandler' driver.
DEBUG - 2026-03-01 21:07:00 --> Session: Class initialized using 'CodeIgniter\Session\Handlers\FileHandler' driver.
DEBUG - 2026-03-01 21:09:01 --> Session: Class initialized using 'CodeIgniter\Session\Handlers\FileHandler' driver.
DEBUG - 2026-03-01 21:13:23 --> Session: Class initialized using 'CodeIgniter\Session\Handlers\FileHandler' driver.
DEBUG - 2026-03-01 21:16:30 --> Session: Class initialized using 'CodeIgniter\Session\Handlers\FileHandler' driver.
DEBUG - 2026-03-01 21:16:42 --> Session: Class initialized using 'CodeIgniter\Session\Handlers\FileHandler' driver.
DEBUG - 2026-03-01 21:16:51 --> Session: Class initialized using 'CodeIgniter\Session\Handlers\FileHandler' driver.
DEBUG - 2026-03-01 21:19:44 --> Session: Class initialized using 'CodeIgniter\Session\Handlers\FileHandler' driver.
DEBUG - 2026-03-01 21:19:55 --> Session: Class initialized using 'CodeIgniter\Session\Handlers\FileHandler' driver.
DEBUG - 2026-03-01 21:22:53 --> Session: Class initialized using 'CodeIgniter\Session\Handlers\FileHandler' driver.
DEBUG - 2026-03-01 21:23:42 --> Session: Class initialized using 'CodeIgniter\Session\Handlers\FileHandler' driver.
DEBUG - 2026-03-01 21:26:46 --> Session: Class initialized using 'CodeIgniter\Session\Handlers\FileHandler' driver.
DEBUG - 2026-03-01 21:27:11 --> Session: Class initialized using 'CodeIgniter\Session\Handlers\FileHandler' driver.
DEBUG - 2026-03-01 21:27:13 --> Session: Class initialized using 'CodeIgniter\Session\Handlers\FileHandler' driver.
DEBUG - 2026-03-01 21:27:16 --> Session: Class initialized using 'CodeIgniter\Session\Handlers\FileHandler' driver.
DEBUG - 2026-03-01 21:27:17 --> Session: Class initialized using 'CodeIgniter\Session\Handlers\FileHandler' driver.
DEBUG - 2026-03-01 21:27:25 --> Session: Class initialized using 'CodeIgniter\Session\Handlers\FileHandler' driver.
DEBUG - 2026-03-01 21:32:50 --> Session: Class initialized using 'CodeIgniter\Session\Handlers\FileHandler' driver.
DEBUG - 2026-03-01 21:33:01 --> Session: Class initialized using 'CodeIgniter\Session\Handlers\FileHandler' driver.
DEBUG - 2026-03-01 21:33:03 --> Session: Class initialized using 'CodeIgniter\Session\Handlers\FileHandler' driver.
DEBUG - 2026-03-01 21:33:06 --> Session: Class initialized using 'CodeIgniter\Session\Handlers\FileHandler' driver.
DEBUG - 2026-03-01 21:33:09 --> Session: Class initialized using 'CodeIgniter\Session\Handlers\FileHandler' driver.
DEBUG - 2026-03-01 21:33:10 --> Session: Class initialized using 'CodeIgniter\Session\Handlers\FileHandler' driver.
DEBUG - 2026-03-01 21:33:17 --> Session: Class initialized using 'CodeIgniter\Session\Handlers\FileHandler' driver.
DEBUG - 2026-03-01 21:33:18 --> Session: Class initialized using 'CodeIgniter\Session\Handlers\FileHandler' driver.
DEBUG - 2026-03-01 21:33:36 --> Session: Class initialized using 'CodeIgniter\Session\Handlers\FileHandler' driver.
DEBUG - 2026-03-01 21:33:36 --> Session: Class initialized using 'CodeIgniter\Session\Handlers\FileHandler' driver.
DEBUG - 2026-03-01 21:34:06 --> Session: Class initialized using 'CodeIgniter\Session\Handlers\FileHandler' driver.
DEBUG - 2026-03-01 21:34:36 --> Session: Class initialized using 'CodeIgniter\Session\Handlers\FileHandler' driver.
DEBUG - 2026-03-01 21:34:45 --> Session: Class initialized using 'CodeIgniter\Session\Handlers\FileHandler' driver.
DEBUG - 2026-03-01 21:34:45 --> Session: Class initialized using 'CodeIgniter\Session\Handlers\FileHandler' driver.
DEBUG - 2026-03-01 21:39:09 --> Session: Class initialized using 'CodeIgniter\Session\Handlers\FileHandler' driver.
DEBUG - 2026-03-01 21:39:11 --> Session: Class initialized using 'CodeIgniter\Session\Handlers\FileHandler' driver.
DEBUG - 2026-03-01 21:39:11 --> Session: Class initialized using 'CodeIgniter\Session\Handlers\FileHandler' driver.
DEBUG - 2026-03-01 21:39:21 --> Session: Class initialized using 'CodeIgniter\Session\Handlers\FileHandler' driver.
DEBUG - 2026-03-01 21:39:21 --> Session: Class initialized using 'CodeIgniter\Session\Handlers\FileHandler' driver.
DEBUG - 2026-03-01 21:39:29 --> Session: Class initialized using 'CodeIgniter\Session\Handlers\FileHandler' driver.
DEBUG - 2026-03-01 21:39:30 --> Session: Class initialized using 'CodeIgniter\Session\Handlers\FileHandler' driver.
DEBUG - 2026-03-01 21:39:40 --> Session: Class initialized using 'CodeIgniter\Session\Handlers\FileHandler' driver.
DEBUG - 2026-03-01 21:39:45 --> Session: Class initialized using 'CodeIgniter\Session\Handlers\FileHandler' driver.
DEBUG - 2026-03-01 21:39:46 --> Session: Class initialized using 'CodeIgniter\Session\Handlers\FileHandler' driver.
DEBUG - 2026-03-01 21:39:47 --> Session: Class initialized using 'CodeIgniter\Session\Handlers\FileHandler' driver.
DEBUG - 2026-03-01 21:39:48 --> Session: Class initialized using 'CodeIgniter\Session\Handlers\FileHandler' driver.
DEBUG - 2026-03-01 21:43:49 --> Session: Class initialized using 'CodeIgniter\Session\Handlers\FileHandler' driver.
DEBUG - 2026-03-01 21:47:52 --> Session: Class initialized using 'CodeIgniter\Session\Handlers\FileHandler' driver.
DEBUG - 2026-03-01 21:47:53 --> Session: Class initialized using 'CodeIgniter\Session\Handlers\FileHandler' driver.
DEBUG - 2026-03-01 21:50:44 --> Session: Class initialized using 'CodeIgniter\Session\Handlers\FileHandler' driver.
DEBUG - 2026-03-01 21:50:50 --> Session: Class initialized using 'CodeIgniter\Session\Handlers\FileHandler' driver.
DEBUG - 2026-03-01 21:51:10 --> Session: Class initialized using 'CodeIgniter\Session\Handlers\FileHandler' driver.
DEBUG - 2026-03-01 21:52:52 --> Session: Class initialized using 'CodeIgniter\Session\Handlers\FileHandler' driver.
DEBUG - 2026-03-01 21:52:56 --> Session: Class initialized using 'CodeIgniter\Session\Handlers\FileHandler' driver.
DEBUG - 2026-03-01 21:53:00 --> Session: Class initialized using 'CodeIgniter\Session\Handlers\FileHandler' driver.
DEBUG - 2026-03-01 21:53:02 --> Session: Class initialized using 'CodeIgniter\Session\Handlers\FileHandler' driver.
DEBUG - 2026-03-01 21:55:28 --> Session: Class initialized using 'CodeIgniter\Session\Handlers\FileHandler' driver.
DEBUG - 2026-03-01 21:55:34 --> Session: Class initialized using 'CodeIgniter\Session\Handlers\FileHandler' driver.
DEBUG - 2026-03-01 21:57:06 --> Session: Class initialized using 'CodeIgniter\Session\Handlers\FileHandler' driver.
DEBUG - 2026-03-01 21:57:11 --> Session: Class initialized using 'CodeIgniter\Session\Handlers\FileHandler' driver.
DEBUG - 2026-03-01 21:57:13 --> Session: Class initialized using 'CodeIgniter\Session\Handlers\FileHandler' driver.
DEBUG - 2026-03-01 22:01:28 --> Session: Class initialized using 'CodeIgniter\Session\Handlers\FileHandler' driver.
DEBUG - 2026-03-01 22:01:37 --> Session: Class initialized using 'CodeIgniter\Session\Handlers\FileHandler' driver.
DEBUG - 2026-03-01 22:02:07 --> Session: Class initialized using 'CodeIgniter\Session\Handlers\FileHandler' driver.
DEBUG - 2026-03-01 22:02:08 --> Session: Class initialized using 'CodeIgniter\Session\Handlers\FileHandler' driver.
DEBUG - 2026-03-01 22:02:10 --> Session: Class initialized using 'CodeIgniter\Session\Handlers\FileHandler' driver.
DEBUG - 2026-03-01 22:02:12 --> Session: Class initialized using 'CodeIgniter\Session\Handlers\FileHandler' driver.
DEBUG - 2026-03-01 22:02:16 --> Session: Class initialized using 'CodeIgniter\Session\Handlers\FileHandler' driver.
DEBUG - 2026-03-01 22:02:16 --> Session: Class initialized using 'CodeIgniter\Session\Handlers\FileHandler' driver.
DEBUG - 2026-03-01 22:02:19 --> Session: Class initialized using 'CodeIgniter\Session\Handlers\FileHandler' driver.
DEBUG - 2026-03-01 22:02:21 --> Session: Class initialized using 'CodeIgniter\Session\Handlers\FileHandler' driver.
DEBUG - 2026-03-01 22:02:21 --> Session: Class initialized using 'CodeIgniter\Session\Handlers\FileHandler' driver.
